acm_profile,name,searched_at,candidate_name,source_scope,outcome,reviewed_at,evidence
https://awards.acm.org/award-recipients/allman_1511070,"Allman, Eric",2026-09-29T18:35:10.494431+00:00,,docs/csrankings_missing_search_2026-09-29.md#sources,not_found,2026-09-29T18:36:46.656274+00:00,docs/csrankings_missing_search_2026-09-29.md#allman-1511070
https://awards.acm.org/award-recipients/bonifati_4027339,"Bonifati, Angela",2026-09-29T18:35:10.494431+00:00,,docs/csrankings_missing_search_2026-09-29.md#sources,not_found,2026-09-29T18:36:46.656274+00:00,docs/csrankings_missing_search_2026-09-29.md#bonifati-4027339
https://awards.acm.org/award-recipients/cao_8112438,"Cao, Pei",2026-09-29T18:35:10.494431+00:00,,docs/csrankings_missing_search_2026-09-29.md#sources,not_found,2026-09-29T18:36:46.656274+00:00,docs/csrankings_missing_search_2026-09-29.md#cao-8112438
https://awards.acm.org/award-recipients/cappello_5342872,"Cappello, Franck",2026-09-29T18:35:10.494431+00:00,,docs/csrankings_missing_search_2026-09-29.md#sources,not_found,2026-09-29T18:36:46.656274+00:00,docs/csrankings_missing_search_2026-09-29.md#cappello-5342872
https://awards.acm.org/award-recipients/drettakis_3424991,"Drettakis, George",2026-09-29T18:35:10.494431+00:00,,docs/csrankings_missing_search_2026-09-29.md#sources,not_found,2026-09-29T18:36:46.656274+00:00,docs/csrankings_missing_search_2026-09-29.md#drettakis-3424991
https://awards.acm.org/award-recipients/dukkipati_3327860,"Dukkipati, Nandita",2026-09-29T18:35:10.494431+00:00,,docs/csrankings_missing_search_2026-09-29.md#sources,not_found,2026-09-29T18:36:46.656274+00:00,docs/csrankings_missing_search_2026-09-29.md#dukkipati-3327860
https://awards.acm.org/award-recipients/hodges_9356500,"Hodges, Steve",2026-09-29T18:35:10.494431+00:00,,docs/csrankings_missing_search_2026-09-29.md#sources,not_found,2026-09-29T18:36:46.656274+00:00,docs/csrankings_missing_search_2026-09-29.md#hodges-9356500
https://awards.acm.org/award-recipients/markopoulou_1561968,"Markopoulou, Athina",2026-09-29T18:35:10.494431+00:00,,docs/csrankings_missing_search_2026-09-29.md#sources,not_found,2026-09-29T18:36:46.656274+00:00,docs/csrankings_missing_search_2026-09-29.md#markopoulou-1561968
https://awards.acm.org/award-recipients/mei_8219007,"Mei, Tao",2026-09-29T18:35:10.494431+00:00,,docs/csrankings_missing_search_2026-09-29.md#sources,not_found,2026-09-29T18:36:46.656274+00:00,docs/csrankings_missing_search_2026-09-29.md#mei-8219007
https://awards.acm.org/award-recipients/melodia_7974362,"Melodia, Tommaso",2026-09-29T18:35:10.494431+00:00,,docs/csrankings_missing_search_2026-09-29.md#sources,not_found,2026-09-29T18:36:46.656274+00:00,docs/csrankings_missing_search_2026-09-29.md#melodia-7974362
https://awards.acm.org/award-recipients/milojicic_3644218,"Milojicic, Dejan S",2026-09-29T18:35:10.494431+00:00,,docs/csrankings_missing_search_2026-09-29.md#sources,not_found,2026-09-29T18:36:46.656274+00:00,docs/csrankings_missing_search_2026-09-29.md#milojicic-3644218
https://awards.acm.org/award-recipients/musuvathi_4713478,"Musuvathi, Madanlal",2026-09-29T18:35:10.494431+00:00,,docs/csrankings_missing_search_2026-09-29.md#sources,not_found,2026-09-29T18:36:46.656274+00:00,docs/csrankings_missing_search_2026-09-29.md#musuvathi-4713478
https://awards.acm.org/award-recipients/palpanas_NA32961,"Palpanas, Themis",2026-09-29T18:35:10.494431+00:00,,docs/csrankings_missing_search_2026-09-29.md#sources,not_found,2026-09-29T18:36:46.656274+00:00,docs/csrankings_missing_search_2026-09-29.md#palpanas-na32961
https://awards.acm.org/award-recipients/shankar_3285830,"Shankar, Natarajan",2026-09-29T18:35:10.494431+00:00,,docs/csrankings_missing_search_2026-09-29.md#sources,not_found,2026-09-29T18:36:46.656274+00:00,docs/csrankings_missing_search_2026-09-29.md#shankar-3285830
https://awards.acm.org/award-recipients/starbird_5342784,"Starbird, Kate",2026-09-29T18:35:10.494431+00:00,,docs/csrankings_missing_search_2026-09-29.md#sources,not_found,2026-09-29T18:36:46.656274+00:00,docs/csrankings_missing_search_2026-09-29.md#starbird-5342784
https://awards.acm.org/award-recipients/zheng_0370383,"Zheng, Yu",2026-09-29T18:35:10.494431+00:00,,docs/csrankings_missing_search_2026-09-29.md#sources,not_found,2026-09-29T18:36:46.656274+00:00,docs/csrankings_missing_search_2026-09-29.md#zheng-0370383
https://awards.acm.org/award-recipients/chandra_3959079,"Chandra, Satish",2026-09-29T18:35:10.494431+00:00,,docs/csrankings_missing_search_2026-09-29.md#sources,not_found,2026-09-29T18:36:46.656274+00:00,docs/csrankings_missing_search_2026-09-29.md#chandra-3959079
https://awards.acm.org/award-recipients/chen_1945616,"Chen, Wei",2026-09-29T18:35:10.494431+00:00,Wei Chen 0001,docs/csrankings_missing_search_2026-09-29.md#sources,unsupported_match,2026-09-29T18:43:36.076750+00:00,docs/csrankings_missing_search_2026-09-29.md#chen-1945616
https://awards.acm.org/award-recipients/chen_1945616,"Chen, Wei",2026-09-29T18:35:10.494431+00:00,Wei Chen 0021,docs/csrankings_missing_search_2026-09-29.md#sources,unsupported_match,2026-09-29T18:43:36.076750+00:00,docs/csrankings_missing_search_2026-09-29.md#chen-1945616
https://awards.acm.org/award-recipients/chiasserini_6232706,"Chiasserini, Carla Fabiana",2026-09-29T18:35:10.494431+00:00,,docs/csrankings_missing_search_2026-09-29.md#sources,not_found,2026-09-29T18:36:46.656274+00:00,docs/csrankings_missing_search_2026-09-29.md#chiasserini-6232706
https://awards.acm.org/award-recipients/crocker_2161414,"Crocker, Stephen David",2026-09-29T18:35:10.494431+00:00,,docs/csrankings_missing_search_2026-09-29.md#sources,not_found,2026-09-29T18:36:46.656274+00:00,docs/csrankings_missing_search_2026-09-29.md#crocker-2161414
https://awards.acm.org/award-recipients/delp_4732418,"Delp, Edward J",2026-09-29T18:35:10.494431+00:00,,docs/csrankings_missing_search_2026-09-29.md#sources,not_found,2026-09-29T18:36:46.656274+00:00,docs/csrankings_missing_search_2026-09-29.md#delp-4732418
https://awards.acm.org/award-recipients/housley_3073715,"Housley, Russell",2026-09-29T18:35:10.494431+00:00,,docs/csrankings_missing_search_2026-09-29.md#sources,not_found,2026-09-29T18:36:46.656274+00:00,docs/csrankings_missing_search_2026-09-29.md#housley-3073715
https://awards.acm.org/award-recipients/lampe_0157663,"Lampe, Cliff",2026-09-29T18:35:10.494431+00:00,,docs/csrankings_missing_search_2026-09-29.md#sources,not_found,2026-09-29T18:36:46.656274+00:00,docs/csrankings_missing_search_2026-09-29.md#lampe-0157663
https://awards.acm.org/award-recipients/madni_2019240,"Madni, Azad M",2026-09-29T18:35:10.494431+00:00,,docs/csrankings_missing_search_2026-09-29.md#sources,not_found,2026-09-29T18:36:46.656274+00:00,docs/csrankings_missing_search_2026-09-29.md#madni-2019240
https://awards.acm.org/award-recipients/ohearn_3785417,"O'Hearn, Peter W",2026-09-29T18:35:10.494431+00:00,,docs/csrankings_missing_search_2026-09-29.md#sources,not_found,2026-09-29T18:36:46.656274+00:00,docs/csrankings_missing_search_2026-09-29.md#ohearn-3785417
https://awards.acm.org/award-recipients/ozcan_5014857,"Ozcan, Fatma",2026-09-29T18:35:10.494431+00:00,,docs/csrankings_missing_search_2026-09-29.md#sources,not_found,2026-09-29T18:36:46.656274+00:00,docs/csrankings_missing_search_2026-09-29.md#ozcan-5014857
https://awards.acm.org/award-recipients/tian_0870782,"Tian, Qi",2026-09-29T18:35:10.494431+00:00,,docs/csrankings_missing_search_2026-09-29.md#sources,not_found,2026-09-29T18:36:46.656274+00:00,docs/csrankings_missing_search_2026-09-29.md#tian-0870782
https://awards.acm.org/award-recipients/walid_4359859,"Walid, Anwar",2026-09-29T18:35:10.494431+00:00,,docs/csrankings_missing_search_2026-09-29.md#sources,not_found,2026-09-29T18:36:46.656274+00:00,docs/csrankings_missing_search_2026-09-29.md#walid-4359859
https://awards.acm.org/award-recipients/wang_5236294,"Wang, Haixun",2026-09-29T18:35:10.494431+00:00,,docs/csrankings_missing_search_2026-09-29.md#sources,not_found,2026-09-29T18:36:46.656274+00:00,docs/csrankings_missing_search_2026-09-29.md#wang-5236294
https://awards.acm.org/award-recipients/zhao_3018413,"Zhao, Feng",2026-09-29T18:35:10.494431+00:00,,docs/csrankings_missing_search_2026-09-29.md#sources,not_found,2026-09-29T18:36:46.656274+00:00,docs/csrankings_missing_search_2026-09-29.md#zhao-3018413
https://awards.acm.org/award-recipients/zhou_9315680,"Zhou, Jingren",2026-09-29T18:35:10.494431+00:00,,docs/csrankings_missing_search_2026-09-29.md#sources,not_found,2026-09-29T18:36:46.656274+00:00,docs/csrankings_missing_search_2026-09-29.md#zhou-9315680
https://awards.acm.org/award-recipients/zorn_2009520,"Zorn, Benjamin G",2026-09-29T18:35:10.494431+00:00,,docs/csrankings_missing_search_2026-09-29.md#sources,not_found,2026-09-29T18:36:46.656274+00:00,docs/csrankings_missing_search_2026-09-29.md#zorn-2009520
https://awards.acm.org/award-recipients/berners-lee_8087960,"Berners-Lee, Tim",2026-09-29T18:35:10.494431+00:00,,docs/csrankings_missing_search_2026-09-29.md#sources,not_found,2026-09-29T18:36:46.656274+00:00,docs/csrankings_missing_search_2026-09-29.md#berners-lee-8087960
https://awards.acm.org/award-recipients/betz_2947711,"Betz, Vaughn Timothy",2026-09-29T18:35:10.494431+00:00,,docs/csrankings_missing_search_2026-09-29.md#sources,not_found,2026-09-29T18:36:46.656274+00:00,docs/csrankings_missing_search_2026-09-29.md#betz-2947711
https://awards.acm.org/award-recipients/caceres_2640969,"Caceres, Ramon",2026-09-29T18:35:10.494431+00:00,,docs/csrankings_missing_search_2026-09-29.md#sources,not_found,2026-09-29T18:36:46.656274+00:00,docs/csrankings_missing_search_2026-09-29.md#caceres-2640969
https://awards.acm.org/award-recipients/chen_8914317,"Chen, Yingying",2026-09-29T18:35:10.494431+00:00,,docs/csrankings_missing_search_2026-09-29.md#sources,not_found,2026-09-29T18:36:46.656274+00:00,docs/csrankings_missing_search_2026-09-29.md#chen-8914317
https://awards.acm.org/award-recipients/church_5316647,"Church, Kenneth Ward",2026-09-29T18:35:10.494431+00:00,,docs/csrankings_missing_search_2026-09-29.md#sources,not_found,2026-09-29T18:36:46.656274+00:00,docs/csrankings_missing_search_2026-09-29.md#church-5316647
https://awards.acm.org/award-recipients/dong_4269593,"Dong, Xin Luna",2026-09-29T18:35:10.494431+00:00,,docs/csrankings_missing_search_2026-09-29.md#sources,not_found,2026-09-29T18:36:46.656274+00:00,docs/csrankings_missing_search_2026-09-29.md#dong-4269593
https://awards.acm.org/award-recipients/dubey_7622525,"Dubey, Pradeep",2026-09-29T18:35:10.494431+00:00,,docs/csrankings_missing_search_2026-09-29.md#sources,not_found,2026-09-29T18:36:46.656274+00:00,docs/csrankings_missing_search_2026-09-29.md#dubey-7622525
https://awards.acm.org/award-recipients/fitzmaurice_4786307,"Fitzmaurice, George",2026-09-29T18:35:10.494431+00:00,,docs/csrankings_missing_search_2026-09-29.md#sources,not_found,2026-09-29T18:36:46.656274+00:00,docs/csrankings_missing_search_2026-09-29.md#fitzmaurice-4786307
https://awards.acm.org/award-recipients/gao_CR71332,"Gao, Jianfeng",2026-09-29T18:35:10.494431+00:00,,docs/csrankings_missing_search_2026-09-29.md#sources,not_found,2026-09-29T18:36:46.656274+00:00,docs/csrankings_missing_search_2026-09-29.md#gao-cr71332
https://awards.acm.org/award-recipients/gulwani_6080665,"Gulwani, Sumit",2026-09-29T18:35:10.494431+00:00,,docs/csrankings_missing_search_2026-09-29.md#sources,not_found,2026-09-29T18:36:46.656274+00:00,docs/csrankings_missing_search_2026-09-29.md#gulwani-6080665
https://awards.acm.org/award-recipients/hinton_4791679,"Hinton, Geoffrey E",2026-09-29T18:35:10.494431+00:00,,docs/csrankings_missing_search_2026-09-29.md#sources,not_found,2026-09-29T18:36:46.656274+00:00,docs/csrankings_missing_search_2026-09-29.md#hinton-4791679
https://awards.acm.org/award-recipients/lecun_6017366,"LeCun, Yann",2026-09-29T18:35:10.494431+00:00,,docs/csrankings_missing_search_2026-09-29.md#sources,not_found,2026-09-29T18:36:46.656274+00:00,docs/csrankings_missing_search_2026-09-29.md#lecun-6017366
https://awards.acm.org/award-recipients/mcguinness_3903397,"McGuinness, Deborah",2026-09-29T18:35:10.494431+00:00,,docs/csrankings_missing_search_2026-09-29.md#sources,not_found,2026-09-29T18:36:46.656274+00:00,docs/csrankings_missing_search_2026-09-29.md#mcguinness-3903397
https://awards.acm.org/award-recipients/medioni_2091171,"Medioni, Gerard",2026-09-29T18:35:10.494431+00:00,,docs/csrankings_missing_search_2026-09-29.md#sources,not_found,2026-09-29T18:36:46.656274+00:00,docs/csrankings_missing_search_2026-09-29.md#medioni-2091171
https://awards.acm.org/award-recipients/noy_4662698,"Noy, Natasha",2026-09-29T18:35:10.494431+00:00,,docs/csrankings_missing_search_2026-09-29.md#sources,not_found,2026-09-29T18:36:46.656274+00:00,docs/csrankings_missing_search_2026-09-29.md#noy-4662698
https://awards.acm.org/award-recipients/pasareanu_8831415,"Pasareanu, Corina S",2026-09-29T18:35:10.494431+00:00,,docs/csrankings_missing_search_2026-09-29.md#sources,not_found,2026-09-29T18:36:46.656274+00:00,docs/csrankings_missing_search_2026-09-29.md#pasareanu-8831415
https://awards.acm.org/award-recipients/pedram_4222774,"Pedram, Massoud",2026-09-29T18:35:10.494431+00:00,,docs/csrankings_missing_search_2026-09-29.md#sources,not_found,2026-09-29T18:36:46.656274+00:00,docs/csrankings_missing_search_2026-09-29.md#pedram-4222774
https://awards.acm.org/award-recipients/raghunathan_9458945,"Raghunathan, Anand",2026-09-29T18:35:10.494431+00:00,,docs/csrankings_missing_search_2026-09-29.md#sources,not_found,2026-09-29T18:36:46.656274+00:00,docs/csrankings_missing_search_2026-09-29.md#raghunathan-9458945
https://awards.acm.org/award-recipients/ron_4644787,"Ron, Dana",2026-09-29T18:35:10.494431+00:00,,docs/csrankings_missing_search_2026-09-29.md#sources,not_found,2026-09-29T18:36:46.656274+00:00,docs/csrankings_missing_search_2026-09-29.md#ron-4644787
https://awards.acm.org/award-recipients/sankoff_3953999,"Sankoff, David",2026-09-29T18:35:10.494431+00:00,,docs/csrankings_missing_search_2026-09-29.md#sources,not_found,2026-09-29T18:36:46.656274+00:00,docs/csrankings_missing_search_2026-09-29.md#sankoff-3953999
https://awards.acm.org/award-recipients/saroiu_7427693,"Saroiu, Stefan",2026-09-29T18:35:10.494431+00:00,,docs/csrankings_missing_search_2026-09-29.md#sources,not_found,2026-09-29T18:36:46.656274+00:00,docs/csrankings_missing_search_2026-09-29.md#saroiu-7427693
https://awards.acm.org/award-recipients/sriram_7289009,"Sriram, Ram D",2026-09-29T18:35:10.494431+00:00,,docs/csrankings_missing_search_2026-09-29.md#sources,not_found,2026-09-29T18:36:46.656274+00:00,docs/csrankings_missing_search_2026-09-29.md#sriram-7289009
https://awards.acm.org/award-recipients/varma_8117035,"Varma, Manik",2026-09-29T18:35:10.494431+00:00,,docs/csrankings_missing_search_2026-09-29.md#sources,not_found,2026-09-29T18:36:46.656274+00:00,docs/csrankings_missing_search_2026-09-29.md#varma-8117035
https://awards.acm.org/award-recipients/xie_5371976,"Xie, Xing",2026-09-29T18:35:10.494431+00:00,,docs/csrankings_missing_search_2026-09-29.md#sources,not_found,2026-09-29T18:36:46.656274+00:00,docs/csrankings_missing_search_2026-09-29.md#xie-5371976
https://awards.acm.org/award-recipients/atienzaalonso_1847292,"Atienza Alonso, David",2026-09-29T18:35:10.494431+00:00,,docs/csrankings_missing_search_2026-09-29.md#sources,not_found,2026-09-29T18:36:46.656274+00:00,docs/csrankings_missing_search_2026-09-29.md#atienzaalonso-1847292
https://awards.acm.org/award-recipients/beaudouin-lafon_4460754,"Beaudouin-Lafon, Michel",2026-09-29T18:35:10.494431+00:00,,docs/csrankings_missing_search_2026-09-29.md#sources,not_found,2026-09-29T18:36:46.656274+00:00,docs/csrankings_missing_search_2026-09-29.md#beaudouin-lafon-4460754
https://awards.acm.org/award-recipients/chandra_0015439,"Chandra, Ranveer",2026-09-29T18:35:10.494431+00:00,,docs/csrankings_missing_search_2026-09-29.md#sources,not_found,2026-09-29T18:36:46.656274+00:00,docs/csrankings_missing_search_2026-09-29.md#chandra-0015439
https://awards.acm.org/award-recipients/chi_4183398,"Chi, Ed H.",2026-09-29T18:35:10.494431+00:00,,docs/csrankings_missing_search_2026-09-29.md#sources,not_found,2026-09-29T18:36:46.656274+00:00,docs/csrankings_missing_search_2026-09-29.md#chi-4183398
https://awards.acm.org/award-recipients/cortes_5490222,"Cortes, Corinna",2026-09-29T18:35:10.494431+00:00,,docs/csrankings_missing_search_2026-09-29.md#sources,not_found,2026-09-29T18:36:46.656274+00:00,docs/csrankings_missing_search_2026-09-29.md#cortes-5490222
https://awards.acm.org/award-recipients/curtis_1822345,"Curtis, Bill",2026-09-29T18:35:10.494431+00:00,,docs/csrankings_missing_search_2026-09-29.md#sources,not_found,2026-09-29T18:36:46.656274+00:00,docs/csrankings_missing_search_2026-09-29.md#curtis-1822345
https://awards.acm.org/award-recipients/desupinski_4862751,"de Supinski, Bronis R.",2026-09-29T18:35:10.494431+00:00,,docs/csrankings_missing_search_2026-09-29.md#sources,not_found,2026-09-29T18:36:46.656274+00:00,docs/csrankings_missing_search_2026-09-29.md#desupinski-4862751
https://awards.acm.org/award-recipients/deb_9497348,"Deb, Kalyanmoy",2026-09-29T18:35:10.494431+00:00,,docs/csrankings_missing_search_2026-09-29.md#sources,not_found,2026-09-29T18:36:46.656274+00:00,docs/csrankings_missing_search_2026-09-29.md#deb-9497348
https://awards.acm.org/award-recipients/ishii_3185337,"Ishii, Hiroshi",2026-09-29T18:35:10.494431+00:00,,docs/csrankings_missing_search_2026-09-29.md#sources,not_found,2026-09-29T18:36:46.656274+00:00,docs/csrankings_missing_search_2026-09-29.md#ishii-3185337
https://awards.acm.org/award-recipients/li_5842974,"Li, Hang",2026-09-29T18:35:10.494431+00:00,,docs/csrankings_missing_search_2026-09-29.md#sources,not_found,2026-09-29T18:36:46.656274+00:00,docs/csrankings_missing_search_2026-09-29.md#li-5842974
https://awards.acm.org/award-recipients/navarro_UI58921,"Navarro, Gonzalo",2026-09-29T18:35:10.494431+00:00,,docs/csrankings_missing_search_2026-09-29.md#sources,not_found,2026-09-29T18:36:46.656274+00:00,docs/csrankings_missing_search_2026-09-29.md#navarro-ui58921
https://awards.acm.org/award-recipients/pollefeys_C104881,"Pollefeys, Marc",2026-09-29T18:35:10.494431+00:00,,docs/csrankings_missing_search_2026-09-29.md#sources,not_found,2026-09-29T18:36:46.656274+00:00,docs/csrankings_missing_search_2026-09-29.md#pollefeys-c104881
https://awards.acm.org/award-recipients/soatto_7972221,"Soatto, Stefano",2026-09-29T18:35:10.494431+00:00,,docs/csrankings_missing_search_2026-09-29.md#sources,not_found,2026-09-29T18:36:46.656274+00:00,docs/csrankings_missing_search_2026-09-29.md#soatto-7972221
https://awards.acm.org/award-recipients/sullivan_4760472,"Sullivan, Gary J.",2026-09-29T18:35:10.494431+00:00,,docs/csrankings_missing_search_2026-09-29.md#sources,not_found,2026-09-29T18:36:46.656274+00:00,docs/csrankings_missing_search_2026-09-29.md#sullivan-4760472
https://awards.acm.org/award-recipients/teevan_3995073,"Teevan, Jaime",2026-09-29T18:35:10.494431+00:00,,docs/csrankings_missing_search_2026-09-29.md#sources,not_found,2026-09-29T18:36:46.656274+00:00,docs/csrankings_missing_search_2026-09-29.md#teevan-3995073
https://awards.acm.org/award-recipients/toyama_4938668,"Toyama, Kentaro",2026-09-29T18:35:10.494431+00:00,,docs/csrankings_missing_search_2026-09-29.md#sources,not_found,2026-09-29T18:36:46.656274+00:00,docs/csrankings_missing_search_2026-09-29.md#toyama-4938668
https://awards.acm.org/award-recipients/yu_7075850,"Yu, Dong",2026-09-29T18:35:10.494431+00:00,,docs/csrankings_missing_search_2026-09-29.md#sources,not_found,2026-09-29T18:36:46.656274+00:00,docs/csrankings_missing_search_2026-09-29.md#yu-7075850
https://awards.acm.org/award-recipients/nikolaj_6098119,"Bjørner, Nikolaj",2026-09-29T18:35:10.494431+00:00,,docs/csrankings_missing_search_2026-09-29.md#sources,not_found,2026-09-29T18:36:46.656274+00:00,docs/csrankings_missing_search_2026-09-29.md#nikolaj-6098119
https://awards.acm.org/award-recipients/chang_4684536,"Chang, Edward Y",2026-09-29T18:35:10.494431+00:00,,docs/csrankings_missing_search_2026-09-29.md#sources,not_found,2026-09-29T18:36:46.656274+00:00,docs/csrankings_missing_search_2026-09-29.md#chang-4684536
https://awards.acm.org/award-recipients/choudhury_3175955,"Choudhury, Tanzeem",2026-09-29T18:35:10.494431+00:00,,docs/csrankings_missing_search_2026-09-29.md#sources,not_found,2026-09-29T18:36:46.656274+00:00,docs/csrankings_missing_search_2026-09-29.md#choudhury-3175955
https://awards.acm.org/award-recipients/eeckhout_6935601,"Eeckhout, Lieven",2026-09-29T18:35:10.494431+00:00,,docs/csrankings_missing_search_2026-09-29.md#sources,not_found,2026-09-29T18:36:46.656274+00:00,docs/csrankings_missing_search_2026-09-29.md#eeckhout-6935601
https://awards.acm.org/award-recipients/franke_0111101,"Franke, Hubertus",2026-09-29T18:35:10.494431+00:00,,docs/csrankings_missing_search_2026-09-29.md#sources,not_found,2026-09-29T18:36:46.656274+00:00,docs/csrankings_missing_search_2026-09-29.md#franke-0111101
https://awards.acm.org/award-recipients/friedman_3437027,"Friedman, Batya",2026-09-29T18:35:10.494431+00:00,,docs/csrankings_missing_search_2026-09-29.md#sources,not_found,2026-09-29T18:36:46.656274+00:00,docs/csrankings_missing_search_2026-09-29.md#friedman-3437027
https://awards.acm.org/award-recipients/gabrilovich_5181813,"Gabrilovich, Evgeniy",2026-09-29T18:35:10.494431+00:00,,docs/csrankings_missing_search_2026-09-29.md#sources,not_found,2026-09-29T18:36:46.656274+00:00,docs/csrankings_missing_search_2026-09-29.md#gabrilovich-5181813
https://awards.acm.org/award-recipients/gal-ezer_3857372,"Gal-Ezer, Judith",2026-09-29T18:35:10.494431+00:00,,docs/csrankings_missing_search_2026-09-29.md#sources,not_found,2026-09-29T18:36:46.656274+00:00,docs/csrankings_missing_search_2026-09-29.md#gal-ezer-3857372
https://awards.acm.org/award-recipients/jajodia_2061893,"Jajodia, Sushil",2026-09-29T18:35:10.494431+00:00,,docs/csrankings_missing_search_2026-09-29.md#sources,not_found,2026-09-29T18:36:46.656274+00:00,docs/csrankings_missing_search_2026-09-29.md#jajodia-2061893
https://awards.acm.org/award-recipients/lengauer_1628387,"Lengauer, Thomas",2026-09-29T18:35:10.494431+00:00,,docs/csrankings_missing_search_2026-09-29.md#sources,not_found,2026-09-29T18:36:46.656274+00:00,docs/csrankings_missing_search_2026-09-29.md#lengauer-1628387
https://awards.acm.org/award-recipients/liu_2478350,"Liu, Tie-Yan",2026-09-29T18:35:10.494431+00:00,,docs/csrankings_missing_search_2026-09-29.md#sources,not_found,2026-09-29T18:36:46.656274+00:00,docs/csrankings_missing_search_2026-09-29.md#liu-2478350
https://awards.acm.org/award-recipients/miller_2617538,"Miller, Dale A",2026-09-29T18:35:10.494431+00:00,,docs/csrankings_missing_search_2026-09-29.md#sources,not_found,2026-09-29T18:36:46.656274+00:00,docs/csrankings_missing_search_2026-09-29.md#miller-2617538
https://awards.acm.org/award-recipients/mossel_0709865,"Mossel, Elchanan",2026-09-29T18:35:10.494431+00:00,,docs/csrankings_missing_search_2026-09-29.md#sources,not_found,2026-09-29T18:36:46.656274+00:00,docs/csrankings_missing_search_2026-09-29.md#mossel-0709865
https://awards.acm.org/award-recipients/picard_4794384,"Picard, Rosalind Wright",2026-09-29T18:35:10.494431+00:00,,docs/csrankings_missing_search_2026-09-29.md#sources,not_found,2026-09-29T18:36:46.656274+00:00,docs/csrankings_missing_search_2026-09-29.md#picard-4794384
https://awards.acm.org/award-recipients/qadeer_3771219,"Qadeer, Shaz",2026-09-29T18:35:10.494431+00:00,,docs/csrankings_missing_search_2026-09-29.md#sources,not_found,2026-09-29T18:36:46.656274+00:00,docs/csrankings_missing_search_2026-09-29.md#qadeer-3771219
https://awards.acm.org/award-recipients/ricart_1241702,"Ricart, Glenn",2026-09-29T18:35:10.494431+00:00,,docs/csrankings_missing_search_2026-09-29.md#sources,not_found,2026-09-29T18:36:46.656274+00:00,docs/csrankings_missing_search_2026-09-29.md#ricart-1241702
https://awards.acm.org/award-recipients/ross_2879428,"Ross, Robert B",2026-09-29T18:35:10.494431+00:00,,docs/csrankings_missing_search_2026-09-29.md#sources,not_found,2026-09-29T18:36:46.656274+00:00,docs/csrankings_missing_search_2026-09-29.md#ross-2879428
https://awards.acm.org/award-recipients/samarati_NB36699,"Samarati, Pierangela",2026-09-29T18:35:10.494431+00:00,,docs/csrankings_missing_search_2026-09-29.md#sources,not_found,2026-09-29T18:36:46.656274+00:00,docs/csrankings_missing_search_2026-09-29.md#samarati-nb36699
https://awards.acm.org/award-recipients/tehranipoor_3149580,"Tehranipoor, Mark",2026-09-29T18:35:10.494431+00:00,,docs/csrankings_missing_search_2026-09-29.md#sources,not_found,2026-09-29T18:36:46.656274+00:00,docs/csrankings_missing_search_2026-09-29.md#tehranipoor-3149580
https://awards.acm.org/award-recipients/white_6607089,"White, Ryen W",2026-09-29T18:35:10.494431+00:00,,docs/csrankings_missing_search_2026-09-29.md#sources,not_found,2026-09-29T18:36:46.656274+00:00,docs/csrankings_missing_search_2026-09-29.md#white-6607089
https://awards.acm.org/award-recipients/briand_4712363,"Briand, Lionel",2026-09-29T18:35:10.494431+00:00,,docs/csrankings_missing_search_2026-09-29.md#sources,not_found,2026-09-29T18:36:46.656274+00:00,docs/csrankings_missing_search_2026-09-29.md#briand-4712363
https://awards.acm.org/award-recipients/chandrakasan_NA88310,"Chandrakasan, Anantha",2026-09-29T18:35:10.494431+00:00,,docs/csrankings_missing_search_2026-09-29.md#sources,not_found,2026-09-29T18:36:46.656274+00:00,docs/csrankings_missing_search_2026-09-29.md#chandrakasan-na88310
https://awards.acm.org/award-recipients/chang_4541314,"Chang, Yao-Wen",2026-09-29T18:35:10.494431+00:00,,docs/csrankings_missing_search_2026-09-29.md#sources,not_found,2026-09-29T18:36:46.656274+00:00,docs/csrankings_missing_search_2026-09-29.md#chang-4541314
https://awards.acm.org/award-recipients/diffie_8371646,"Diffie, Whitfield",2026-09-29T18:35:10.494431+00:00,,docs/csrankings_missing_search_2026-09-29.md#sources,not_found,2026-09-29T18:36:46.656274+00:00,docs/csrankings_missing_search_2026-09-29.md#diffie-8371646
https://awards.acm.org/award-recipients/edelman_6704154,"Edelman, Alan",2026-09-29T18:35:10.494431+00:00,,docs/csrankings_missing_search_2026-09-29.md#sources,not_found,2026-09-29T18:36:46.656274+00:00,docs/csrankings_missing_search_2026-09-29.md#edelman-6704154
https://awards.acm.org/award-recipients/fox_2449177,"Fox, Dieter",2026-09-29T18:35:10.494431+00:00,,docs/csrankings_missing_search_2026-09-29.md#sources,not_found,2026-09-29T18:36:46.656274+00:00,docs/csrankings_missing_search_2026-09-29.md#fox-2449177
https://awards.acm.org/award-recipients/ghemawat_1482280,"Ghemawat, Sanjay",2026-09-29T18:35:10.494431+00:00,,docs/csrankings_missing_search_2026-09-29.md#sources,not_found,2026-09-29T18:36:46.656274+00:00,docs/csrankings_missing_search_2026-09-29.md#ghemawat-1482280
https://awards.acm.org/award-recipients/gordon_N026872,"Gordon, Andrew D.",2026-09-29T18:35:10.494431+00:00,,docs/csrankings_missing_search_2026-09-29.md#sources,not_found,2026-09-29T18:36:46.656274+00:00,docs/csrankings_missing_search_2026-09-29.md#gordon-n026872
https://awards.acm.org/award-recipients/gribble_5105697,"Gribble, Steven",2026-09-29T18:35:10.494431+00:00,,docs/csrankings_missing_search_2026-09-29.md#sources,not_found,2026-09-29T18:36:46.656274+00:00,docs/csrankings_missing_search_2026-09-29.md#gribble-5105697
https://awards.acm.org/award-recipients/hellman_4055781,"Hellman, Martin",2026-09-29T18:35:10.494431+00:00,,docs/csrankings_missing_search_2026-09-29.md#sources,not_found,2026-09-29T18:36:46.656274+00:00,docs/csrankings_missing_search_2026-09-29.md#hellman-4055781
https://awards.acm.org/award-recipients/higham_5202406,"Higham, Nicholas",2026-09-29T18:35:10.494431+00:00,,docs/csrankings_missing_search_2026-09-29.md#sources,not_found,2026-09-29T18:36:46.656274+00:00,docs/csrankings_missing_search_2026-09-29.md#higham-5202406
https://awards.acm.org/award-recipients/hoare_4622167,"Hoare, C. Antony R.",2026-09-29T18:35:10.494431+00:00,,docs/csrankings_missing_search_2026-09-29.md#sources,not_found,2026-09-29T18:36:46.656274+00:00,docs/csrankings_missing_search_2026-09-29.md#hoare-4622167
https://awards.acm.org/award-recipients/john_3760857,"John, Lizy Kurian",2026-09-29T18:35:10.494431+00:00,,docs/csrankings_missing_search_2026-09-29.md#sources,not_found,2026-09-29T18:36:46.656274+00:00,docs/csrankings_missing_search_2026-09-29.md#john-3760857
https://awards.acm.org/award-recipients/kumar_2505048,"Kumar, Ravi",2026-09-29T18:35:10.494431+00:00,,docs/csrankings_missing_search_2026-09-29.md#sources,not_found,2026-09-29T18:36:46.656274+00:00,docs/csrankings_missing_search_2026-09-29.md#kumar-2505048
https://awards.acm.org/award-recipients/maltz_N015560,"Maltz, David",2026-09-29T18:35:10.494431+00:00,,docs/csrankings_missing_search_2026-09-29.md#sources,not_found,2026-09-29T18:36:46.656274+00:00,docs/csrankings_missing_search_2026-09-29.md#maltz-n015560
https://awards.acm.org/award-recipients/morris_6317538,"Morris, Meredith Ringel",2026-09-29T18:35:10.494431+00:00,,docs/csrankings_missing_search_2026-09-29.md#sources,not_found,2026-09-29T18:36:46.656274+00:00,docs/csrankings_missing_search_2026-09-29.md#morris-6317538
https://awards.acm.org/award-recipients/nagappan_0576124,"Nagappan, Nachiappan",2026-09-29T18:35:10.494431+00:00,,docs/csrankings_missing_search_2026-09-29.md#sources,not_found,2026-09-29T18:36:46.656274+00:00,docs/csrankings_missing_search_2026-09-29.md#nagappan-0576124
https://awards.acm.org/award-recipients/narayanaswami_4658217,"Narayanaswami, Chandra",2026-09-29T18:35:10.494431+00:00,,docs/csrankings_missing_search_2026-09-29.md#sources,not_found,2026-09-29T18:36:46.656274+00:00,docs/csrankings_missing_search_2026-09-29.md#narayanaswami-4658217
https://awards.acm.org/award-recipients/parhi_7136349,"Parhi, Keshab K.",2026-09-29T18:35:10.494431+00:00,,docs/csrankings_missing_search_2026-09-29.md#sources,not_found,2026-09-29T18:36:46.656274+00:00,docs/csrankings_missing_search_2026-09-29.md#parhi-7136349
https://awards.acm.org/award-recipients/resnick_5173331,"Resnick, Paul",2026-09-29T18:35:10.494431+00:00,,docs/csrankings_missing_search_2026-09-29.md#sources,not_found,2026-09-29T18:36:46.656274+00:00,docs/csrankings_missing_search_2026-09-29.md#resnick-5173331
https://awards.acm.org/award-recipients/rosson_2902369,"Rosson, Marybeth",2026-09-29T18:35:10.494431+00:00,,docs/csrankings_missing_search_2026-09-29.md#sources,not_found,2026-09-29T18:36:46.656274+00:00,docs/csrankings_missing_search_2026-09-29.md#rosson-2902369
https://awards.acm.org/award-recipients/thompson_4588371,"Thompson, Kenneth Lane",2026-09-29T18:35:10.494431+00:00,,docs/csrankings_missing_search_2026-09-29.md#sources,not_found,2026-09-29T18:36:46.656274+00:00,docs/csrankings_missing_search_2026-09-29.md#thompson-4588371
https://awards.acm.org/award-recipients/tomkins_0483830,"Tomkins, Andrew",2026-09-29T18:35:10.494431+00:00,,docs/csrankings_missing_search_2026-09-29.md#sources,not_found,2026-09-29T18:36:46.656274+00:00,docs/csrankings_missing_search_2026-09-29.md#tomkins-0483830
https://awards.acm.org/award-recipients/zyda_1609668,"Zyda, Michael J",2026-09-29T18:35:10.494431+00:00,,docs/csrankings_missing_search_2026-09-29.md#sources,not_found,2026-09-29T18:36:46.656274+00:00,docs/csrankings_missing_search_2026-09-29.md#zyda-1609668
https://awards.acm.org/award-recipients/boisvert_1461136,"Boisvert, Ronald F",2026-09-29T18:35:10.494431+00:00,,docs/csrankings_missing_search_2026-09-29.md#sources,not_found,2026-09-29T18:36:46.656274+00:00,docs/csrankings_missing_search_2026-09-29.md#boisvert-1461136
https://awards.acm.org/award-recipients/cachin_4033205,"Cachin, Christian",2026-09-29T18:35:10.494431+00:00,,docs/csrankings_missing_search_2026-09-29.md#sources,not_found,2026-09-29T18:36:46.656274+00:00,docs/csrankings_missing_search_2026-09-29.md#cachin-4033205
https://awards.acm.org/award-recipients/calder_4123469,"Calder, Bradley G",2026-09-29T18:35:10.494431+00:00,,docs/csrankings_missing_search_2026-09-29.md#sources,not_found,2026-09-29T18:36:46.656274+00:00,docs/csrankings_missing_search_2026-09-29.md#calder-4123469
https://awards.acm.org/award-recipients/calvanese_0397786,"Calvanese, Diego",2026-09-29T18:35:10.494431+00:00,,docs/csrankings_missing_search_2026-09-29.md#sources,not_found,2026-09-29T18:36:46.656274+00:00,docs/csrankings_missing_search_2026-09-29.md#calvanese-0397786
https://awards.acm.org/award-recipients/chandy_4104642,"Chandy, Kanianthra Mani",2026-09-29T18:35:10.494431+00:00,,docs/csrankings_missing_search_2026-09-29.md#sources,not_found,2026-09-29T18:36:46.656274+00:00,docs/csrankings_missing_search_2026-09-29.md#chandy-4104642
https://awards.acm.org/award-recipients/cohen_4633822,"Cohen, Philip R",2026-09-29T18:35:10.494431+00:00,,docs/csrankings_missing_search_2026-09-29.md#sources,not_found,2026-09-29T18:36:46.656274+00:00,docs/csrankings_missing_search_2026-09-29.md#cohen-4633822
https://awards.acm.org/award-recipients/ferrari_0528703,"Ferrari, Elena",2026-09-29T18:35:10.494431+00:00,,docs/csrankings_missing_search_2026-09-29.md#sources,not_found,2026-09-29T18:36:46.656274+00:00,docs/csrankings_missing_search_2026-09-29.md#ferrari-0528703
https://awards.acm.org/award-recipients/frincke_3189248,"Frincke, Deborah",2026-09-29T18:35:10.494431+00:00,,docs/csrankings_missing_search_2026-09-29.md#sources,not_found,2026-09-29T18:36:46.656274+00:00,docs/csrankings_missing_search_2026-09-29.md#frincke-3189248
https://awards.acm.org/award-recipients/kolda_5055801,"Kolda, Tamara G",2026-09-29T18:35:10.494431+00:00,,docs/csrankings_missing_search_2026-09-29.md#sources,not_found,2026-09-29T18:36:46.656274+00:00,docs/csrankings_missing_search_2026-09-29.md#kolda-5055801
https://awards.acm.org/award-recipients/mackay_4789780,"Mackay, Wendy Elizabeth",2026-09-29T18:35:10.494431+00:00,,docs/csrankings_missing_search_2026-09-29.md#sources,not_found,2026-09-29T18:36:46.656274+00:00,docs/csrankings_missing_search_2026-09-29.md#mackay-4789780
https://awards.acm.org/award-recipients/najork_3678687,"Najork, Marc",2026-09-29T18:35:10.494431+00:00,,docs/csrankings_missing_search_2026-09-29.md#sources,not_found,2026-09-29T18:36:46.656274+00:00,docs/csrankings_missing_search_2026-09-29.md#najork-3678687
https://awards.acm.org/award-recipients/pinkston_4451597,"Pinkston, Timothy",2026-09-29T18:35:10.494431+00:00,,docs/csrankings_missing_search_2026-09-29.md#sources,not_found,2026-09-29T18:36:46.656274+00:00,docs/csrankings_missing_search_2026-09-29.md#pinkston-4451597
https://awards.acm.org/award-recipients/reuter_2059137,"Reuter, Andreas",2026-09-29T18:35:10.494431+00:00,,docs/csrankings_missing_search_2026-09-29.md#sources,not_found,2026-09-29T18:36:46.656274+00:00,docs/csrankings_missing_search_2026-09-29.md#reuter-2059137
https://awards.acm.org/award-recipients/shor_UJ26384,"Shor, Peter W",2026-09-29T18:35:10.494431+00:00,,docs/csrankings_missing_search_2026-09-29.md#sources,not_found,2026-09-29T18:36:46.656274+00:00,docs/csrankings_missing_search_2026-09-29.md#shor-uj26384
https://awards.acm.org/award-recipients/youssef_1643915,"Youssef, Moustafa",2026-09-29T18:35:10.494431+00:00,,docs/csrankings_missing_search_2026-09-29.md#sources,not_found,2026-09-29T18:36:46.656274+00:00,docs/csrankings_missing_search_2026-09-29.md#youssef-1643915
https://awards.acm.org/award-recipients/zhou_UI17761,"Zhou, Lidong",2026-09-29T18:35:10.494431+00:00,,docs/csrankings_missing_search_2026-09-29.md#sources,not_found,2026-09-29T18:36:46.656274+00:00,docs/csrankings_missing_search_2026-09-29.md#zhou-ui17761
https://awards.acm.org/award-recipients/asanovic_3737731,"Asanovic, Krste",2026-09-29T18:35:10.494431+00:00,,docs/csrankings_missing_search_2026-09-29.md#sources,not_found,2026-09-29T18:36:46.656274+00:00,docs/csrankings_missing_search_2026-09-29.md#asanovic-3737731
https://awards.acm.org/award-recipients/barham_CR73674,"Barham, Paul",2026-09-29T18:35:10.494431+00:00,,docs/csrankings_missing_search_2026-09-29.md#sources,not_found,2026-09-29T18:36:46.656274+00:00,docs/csrankings_missing_search_2026-09-29.md#barham-cr73674
https://awards.acm.org/award-recipients/camenisch_6375022,"Camenisch, Jan",2026-09-29T18:35:10.494431+00:00,,docs/csrankings_missing_search_2026-09-29.md#sources,not_found,2026-09-29T18:36:46.656274+00:00,docs/csrankings_missing_search_2026-09-29.md#camenisch-6375022
https://awards.acm.org/award-recipients/funkhouser_9011235,"Funkhouser, Thomas",2026-09-29T18:35:10.494431+00:00,,docs/csrankings_missing_search_2026-09-29.md#sources,not_found,2026-09-29T18:36:46.656274+00:00,docs/csrankings_missing_search_2026-09-29.md#funkhouser-9011235
https://awards.acm.org/award-recipients/garofalakis_4173290,"Garofalakis, Minos",2026-09-29T18:35:10.494431+00:00,,docs/csrankings_missing_search_2026-09-29.md#sources,not_found,2026-09-29T18:36:46.656274+00:00,docs/csrankings_missing_search_2026-09-29.md#garofalakis-4173290
https://awards.acm.org/award-recipients/gerla_6390231,"Gerla, Mario",2026-09-29T18:35:10.494431+00:00,,docs/csrankings_missing_search_2026-09-29.md#sources,not_found,2026-09-29T18:36:46.656274+00:00,docs/csrankings_missing_search_2026-09-29.md#gerla-6390231
https://awards.acm.org/award-recipients/hertzmann_4551057,"Hertzmann, Aaron",2026-09-29T18:35:10.494431+00:00,,docs/csrankings_missing_search_2026-09-29.md#sources,not_found,2026-09-29T18:36:46.656274+00:00,docs/csrankings_missing_search_2026-09-29.md#hertzmann-4551057
https://awards.acm.org/award-recipients/keeton_4065769,"Keeton, Kimberly",2026-09-29T18:35:10.494431+00:00,,docs/csrankings_missing_search_2026-09-29.md#sources,not_found,2026-09-29T18:36:46.656274+00:00,docs/csrankings_missing_search_2026-09-29.md#keeton-4065769
https://awards.acm.org/award-recipients/leighton_3453302,"Leighton, Tom",2026-09-29T18:35:10.494431+00:00,,docs/csrankings_missing_search_2026-09-29.md#sources,not_found,2026-09-29T18:36:46.656274+00:00,docs/csrankings_missing_search_2026-09-29.md#leighton-3453302
https://awards.acm.org/award-recipients/parulkar_2949303,"Parulkar, Gurudatta",2026-09-29T18:35:10.494431+00:00,,docs/csrankings_missing_search_2026-09-29.md#sources,not_found,2026-09-29T18:36:46.656274+00:00,docs/csrankings_missing_search_2026-09-29.md#parulkar-2949303
https://awards.acm.org/award-recipients/roughan_1189487,"Roughan, Matthew",2026-09-29T18:35:10.494431+00:00,,docs/csrankings_missing_search_2026-09-29.md#sources,not_found,2026-09-29T18:36:46.656274+00:00,docs/csrankings_missing_search_2026-09-29.md#roughan-1189487
https://awards.acm.org/award-recipients/tesauro_3484462,"Tesauro, Gerald",2026-09-29T18:35:10.494431+00:00,,docs/csrankings_missing_search_2026-09-29.md#sources,not_found,2026-09-29T18:36:46.656274+00:00,docs/csrankings_missing_search_2026-09-29.md#tesauro-3484462
https://awards.acm.org/award-recipients/voorhees_3103744,"Voorhees, Ellen M",2026-09-29T18:35:10.494431+00:00,,docs/csrankings_missing_search_2026-09-29.md#sources,not_found,2026-09-29T18:36:46.656274+00:00,docs/csrankings_missing_search_2026-09-29.md#voorhees-3103744
https://awards.acm.org/award-recipients/wigderson_3844537,"Wigderson, Avi",2026-09-29T18:35:10.494431+00:00,,docs/csrankings_missing_search_2026-09-29.md#sources,not_found,2026-09-29T18:36:46.656274+00:00,docs/csrankings_missing_search_2026-09-29.md#wigderson-3844537
https://awards.acm.org/award-recipients/wolman_3324563,"Wolman, Alec",2026-09-29T18:35:10.494431+00:00,,docs/csrankings_missing_search_2026-09-29.md#sources,not_found,2026-09-29T18:36:46.656274+00:00,docs/csrankings_missing_search_2026-09-29.md#wolman-3324563
https://awards.acm.org/award-recipients/cohen_8497887,"Cohen, Edith",2026-09-29T18:35:10.494431+00:00,,docs/csrankings_missing_search_2026-09-29.md#sources,not_found,2026-09-29T18:36:46.656274+00:00,docs/csrankings_missing_search_2026-09-29.md#cohen-8497887
https://awards.acm.org/award-recipients/comaniciu_9798946,"Comaniciu, Dorin",2026-09-29T18:35:10.494431+00:00,,docs/csrankings_missing_search_2026-09-29.md#sources,not_found,2026-09-29T18:36:46.656274+00:00,docs/csrankings_missing_search_2026-09-29.md#comaniciu-9798946
https://awards.acm.org/award-recipients/dray_N948257,"Dray, Susan",2026-09-29T18:35:10.494431+00:00,,docs/csrankings_missing_search_2026-09-29.md#sources,not_found,2026-09-29T18:36:46.656274+00:00,docs/csrankings_missing_search_2026-09-29.md#dray-n948257
https://awards.acm.org/award-recipients/hand_UJ74035,"Hand, Steven Michael",2026-09-29T18:35:10.494431+00:00,,docs/csrankings_missing_search_2026-09-29.md#sources,not_found,2026-09-29T18:36:46.656274+00:00,docs/csrankings_missing_search_2026-09-29.md#hand-uj74035
https://awards.acm.org/award-recipients/kass_C103297,"Kass, Michael",2026-09-29T18:35:10.494431+00:00,,docs/csrankings_missing_search_2026-09-29.md#sources,not_found,2026-09-29T18:36:46.656274+00:00,docs/csrankings_missing_search_2026-09-29.md#kass-c103297
https://awards.acm.org/award-recipients/kesselman_ND94649,"Kesselman, Carl",2026-09-29T18:35:10.494431+00:00,,docs/csrankings_missing_search_2026-09-29.md#sources,not_found,2026-09-29T18:36:46.656274+00:00,docs/csrankings_missing_search_2026-09-29.md#kesselman-nd94649
https://awards.acm.org/award-recipients/knoblock_3469376,"Knoblock, Craig",2026-09-29T18:35:10.494431+00:00,,docs/csrankings_missing_search_2026-09-29.md#sources,not_found,2026-09-29T18:36:46.656274+00:00,docs/csrankings_missing_search_2026-09-29.md#knoblock-3469376
https://awards.acm.org/award-recipients/li_3188992,"Li, Li Erran",2026-09-29T18:35:10.494431+00:00,Li Li,docs/csrankings_missing_search_2026-09-29.md#sources,unsupported_match,2026-09-29T18:43:36.076750+00:00,docs/csrankings_missing_search_2026-09-29.md#li-3188992
https://awards.acm.org/award-recipients/li_3188992,"Li, Li Erran",2026-09-29T18:35:10.494431+00:00,Li Li 0029,docs/csrankings_missing_search_2026-09-29.md#sources,unsupported_match,2026-09-29T18:43:36.076750+00:00,docs/csrankings_missing_search_2026-09-29.md#li-3188992
https://awards.acm.org/award-recipients/li_3188992,"Li, Li Erran",2026-09-29T18:35:10.494431+00:00,Li Li 0040,docs/csrankings_missing_search_2026-09-29.md#sources,unsupported_match,2026-09-29T18:43:36.076750+00:00,docs/csrankings_missing_search_2026-09-29.md#li-3188992
https://awards.acm.org/award-recipients/li_3188992,"Li, Li Erran",2026-09-29T18:35:10.494431+00:00,Li Li 0064,docs/csrankings_missing_search_2026-09-29.md#sources,unsupported_match,2026-09-29T18:43:36.076750+00:00,docs/csrankings_missing_search_2026-09-29.md#li-3188992
https://awards.acm.org/award-recipients/loh_4716668,"Loh, Gabriel H",2026-09-29T18:35:10.494431+00:00,,docs/csrankings_missing_search_2026-09-29.md#sources,not_found,2026-09-29T18:36:46.656274+00:00,docs/csrankings_missing_search_2026-09-29.md#loh-4716668
https://awards.acm.org/award-recipients/lynch_1428184,"Lynch, Clifford A",2026-09-29T18:35:10.494431+00:00,,docs/csrankings_missing_search_2026-09-29.md#sources,not_found,2026-09-29T18:36:46.656274+00:00,docs/csrankings_missing_search_2026-09-29.md#lynch-1428184
https://awards.acm.org/award-recipients/oliver_CL65690,"Oliver, Nuria",2026-09-29T18:35:10.494431+00:00,,docs/csrankings_missing_search_2026-09-29.md#sources,not_found,2026-09-29T18:36:46.656274+00:00,docs/csrankings_missing_search_2026-09-29.md#oliver-cl65690
https://awards.acm.org/award-recipients/rui_C100589,"Rui, Yong",2026-09-29T18:35:10.494431+00:00,,docs/csrankings_missing_search_2026-09-29.md#sources,not_found,2026-09-29T18:36:46.656274+00:00,docs/csrankings_missing_search_2026-09-29.md#rui-c100589
https://awards.acm.org/award-recipients/sipser_1534403,"Sipser, Michael",2026-09-29T18:35:10.494431+00:00,,docs/csrankings_missing_search_2026-09-29.md#sources,not_found,2026-09-29T18:36:46.656274+00:00,docs/csrankings_missing_search_2026-09-29.md#sipser-1534403
https://awards.acm.org/award-recipients/bianchini_3969516,"Bianchini, Ricardo",2026-09-29T18:35:10.494431+00:00,,docs/csrankings_missing_search_2026-09-29.md#sources,not_found,2026-09-29T18:36:46.656274+00:00,docs/csrankings_missing_search_2026-09-29.md#bianchini-3969516
https://awards.acm.org/award-recipients/druin_2936797,"Druin, Allison",2026-09-29T18:35:10.494431+00:00,,docs/csrankings_missing_search_2026-09-29.md#sources,not_found,2026-09-29T18:36:46.656274+00:00,docs/csrankings_missing_search_2026-09-29.md#druin-2936797
https://awards.acm.org/award-recipients/flinn_4792545,"Flinn, Jason",2026-09-29T18:35:10.494431+00:00,,docs/csrankings_missing_search_2026-09-29.md#sources,not_found,2026-09-29T18:36:46.656274+00:00,docs/csrankings_missing_search_2026-09-29.md#flinn-4792545
https://awards.acm.org/award-recipients/gil_6797860,"Gil, Yolanda",2026-09-29T18:35:10.494431+00:00,,docs/csrankings_missing_search_2026-09-29.md#sources,not_found,2026-09-29T18:36:46.656274+00:00,docs/csrankings_missing_search_2026-09-29.md#gil-6797860
https://awards.acm.org/award-recipients/grossman_5209192,"Grossman, Robert L.",2026-09-29T18:35:10.494431+00:00,,docs/csrankings_missing_search_2026-09-29.md#sources,not_found,2026-09-29T18:36:46.656274+00:00,docs/csrankings_missing_search_2026-09-29.md#grossman-5209192
https://awards.acm.org/award-recipients/hey_8598791,"Hey, Anthony",2026-09-29T18:35:10.494431+00:00,,docs/csrankings_missing_search_2026-09-29.md#sources,not_found,2026-09-29T18:36:46.656274+00:00,docs/csrankings_missing_search_2026-09-29.md#hey-8598791
https://awards.acm.org/award-recipients/huang_NC99002,"Huang, Xuedong",2026-09-29T18:35:10.494431+00:00,,docs/csrankings_missing_search_2026-09-29.md#sources,not_found,2026-09-29T18:36:46.656274+00:00,docs/csrankings_missing_search_2026-09-29.md#huang-nc99002
https://awards.acm.org/award-recipients/kannan_0345975,"Kannan, Ravi",2026-09-29T18:35:10.494431+00:00,,docs/csrankings_missing_search_2026-09-29.md#sources,not_found,2026-09-29T18:36:46.656274+00:00,docs/csrankings_missing_search_2026-09-29.md#kannan-0345975
https://awards.acm.org/award-recipients/leino_3322476,"Leino, K. Rustan M.",2026-09-29T18:35:10.494431+00:00,,docs/csrankings_missing_search_2026-09-29.md#sources,not_found,2026-09-29T18:36:46.656274+00:00,docs/csrankings_missing_search_2026-09-29.md#leino-3322476
https://awards.acm.org/award-recipients/lyles_1245539,"Lyles, Joseph Bryan",2026-09-29T18:35:10.494431+00:00,,docs/csrankings_missing_search_2026-09-29.md#sources,not_found,2026-09-29T18:36:46.656274+00:00,docs/csrankings_missing_search_2026-09-29.md#lyles-1245539
https://awards.acm.org/award-recipients/oviatt_N937979,"Oviatt, Sharon",2026-09-29T18:35:10.494431+00:00,,docs/csrankings_missing_search_2026-09-29.md#sources,not_found,2026-09-29T18:36:46.656274+00:00,docs/csrankings_missing_search_2026-09-29.md#oviatt-n937979
https://awards.acm.org/award-recipients/padmanabhan_4354973,"Padmanabhan, Venkata",2026-09-29T18:35:10.494431+00:00,,docs/csrankings_missing_search_2026-09-29.md#sources,not_found,2026-09-29T18:36:46.656274+00:00,docs/csrankings_missing_search_2026-09-29.md#padmanabhan-4354973
https://awards.acm.org/award-recipients/perlman_0754474,"Perlman, Radia",2026-09-29T18:35:10.494431+00:00,,docs/csrankings_missing_search_2026-09-29.md#sources,not_found,2026-09-29T18:36:46.656274+00:00,docs/csrankings_missing_search_2026-09-29.md#perlman-0754474
https://awards.acm.org/award-recipients/ramalingam_3321122,"Ramalingam, Ganesan",2026-09-29T18:35:10.494431+00:00,,docs/csrankings_missing_search_2026-09-29.md#sources,not_found,2026-09-29T18:36:46.656274+00:00,docs/csrankings_missing_search_2026-09-29.md#ramalingam-3321122
https://awards.acm.org/award-recipients/sapatnekar_4427506,"Sapatnekar, Sachin S.",2026-09-29T18:35:10.494431+00:00,,docs/csrankings_missing_search_2026-09-29.md#sources,not_found,2026-09-29T18:36:46.656274+00:00,docs/csrankings_missing_search_2026-09-29.md#sapatnekar-4427506
https://awards.acm.org/award-recipients/sellen_7796964,"Sellen, Abigail",2026-09-29T18:35:10.494431+00:00,,docs/csrankings_missing_search_2026-09-29.md#sources,not_found,2026-09-29T18:36:46.656274+00:00,docs/csrankings_missing_search_2026-09-29.md#sellen-7796964
https://awards.acm.org/award-recipients/sengupta_0287417,"Sengupta, Sudipta",2026-09-29T18:35:10.494431+00:00,,docs/csrankings_missing_search_2026-09-29.md#sources,not_found,2026-09-29T18:36:46.656274+00:00,docs/csrankings_missing_search_2026-09-29.md#sengupta-0287417
https://awards.acm.org/award-recipients/seznec_0977925,"Seznec, Andre",2026-09-29T18:35:10.494431+00:00,,docs/csrankings_missing_search_2026-09-29.md#sources,not_found,2026-09-29T18:36:46.656274+00:00,docs/csrankings_missing_search_2026-09-29.md#seznec-0977925
https://awards.acm.org/award-recipients/veloso_4988599,"Veloso, Manuela",2026-09-29T18:35:10.494431+00:00,,docs/csrankings_missing_search_2026-09-29.md#sources,not_found,2026-09-29T18:36:46.656274+00:00,docs/csrankings_missing_search_2026-09-29.md#veloso-4988599
https://awards.acm.org/award-recipients/chen_3182110,"Chen, Hsinchun",2026-09-29T18:35:10.494431+00:00,,docs/csrankings_missing_search_2026-09-29.md#sources,not_found,2026-09-29T18:36:46.656274+00:00,docs/csrankings_missing_search_2026-09-29.md#chen-3182110
https://awards.acm.org/award-recipients/czerwinski_4071353,"Czerwinski, Mary P.",2026-09-29T18:35:10.494431+00:00,,docs/csrankings_missing_search_2026-09-29.md#sources,not_found,2026-09-29T18:36:46.656274+00:00,docs/csrankings_missing_search_2026-09-29.md#czerwinski-4071353
https://awards.acm.org/award-recipients/fall_4550307,"Fall, Kevin",2026-09-29T18:35:10.494431+00:00,,docs/csrankings_missing_search_2026-09-29.md#sources,not_found,2026-09-29T18:36:46.656274+00:00,docs/csrankings_missing_search_2026-09-29.md#fall-4550307
https://awards.acm.org/award-recipients/guha_1031819,"Guha, Ramanathan",2026-09-29T18:35:10.494431+00:00,,docs/csrankings_missing_search_2026-09-29.md#sources,not_found,2026-09-29T18:36:46.656274+00:00,docs/csrankings_missing_search_2026-09-29.md#guha-1031819
https://awards.acm.org/award-recipients/luby_4157467,"Luby, Michael George",2026-09-29T18:35:10.494431+00:00,,docs/csrankings_missing_search_2026-09-29.md#sources,not_found,2026-09-29T18:36:46.656274+00:00,docs/csrankings_missing_search_2026-09-29.md#luby-4157467
https://awards.acm.org/award-recipients/miller_2751441,"Miller, Victor",2026-09-29T18:35:10.494431+00:00,,docs/csrankings_missing_search_2026-09-29.md#sources,not_found,2026-09-29T18:36:46.656274+00:00,docs/csrankings_missing_search_2026-09-29.md#miller-2751441
https://awards.acm.org/award-recipients/rajamani_4149217,"Rajamani, Sriram",2026-09-29T18:35:10.494431+00:00,,docs/csrankings_missing_search_2026-09-29.md#sources,not_found,2026-09-29T18:36:46.656274+00:00,docs/csrankings_missing_search_2026-09-29.md#rajamani-4149217
https://awards.acm.org/award-recipients/rodriguez_4941866,"Rodriguez, Pablo",2026-09-29T18:35:10.494431+00:00,,docs/csrankings_missing_search_2026-09-29.md#sources,not_found,2026-09-29T18:36:46.656274+00:00,docs/csrankings_missing_search_2026-09-29.md#rodriguez-4941866
https://awards.acm.org/award-recipients/afrati_5120647,"Afrati, Foto",2026-09-29T18:35:10.494431+00:00,,docs/csrankings_missing_search_2026-09-29.md#sources,not_found,2026-09-29T18:36:46.656274+00:00,docs/csrankings_missing_search_2026-09-29.md#afrati-5120647
https://awards.acm.org/award-recipients/bachman_9385610,"Bachman, Charles W",2026-09-29T18:35:10.494431+00:00,,docs/csrankings_missing_search_2026-09-29.md#sources,not_found,2026-09-29T18:36:46.656274+00:00,docs/csrankings_missing_search_2026-09-29.md#bachman-9385610
https://awards.acm.org/award-recipients/dhillon_8822330,"Dhillon, Inderjit",2026-09-29T18:35:10.494431+00:00,,docs/csrankings_missing_search_2026-09-29.md#sources,not_found,2026-09-29T18:36:46.656274+00:00,docs/csrankings_missing_search_2026-09-29.md#dhillon-8822330
https://awards.acm.org/award-recipients/gehrke_4146023,"Gehrke, Johannes",2026-09-29T18:35:10.494431+00:00,,docs/csrankings_missing_search_2026-09-29.md#sources,not_found,2026-09-29T18:36:46.656274+00:00,docs/csrankings_missing_search_2026-09-29.md#gehrke-4146023
https://awards.acm.org/award-recipients/grimson_0490961,"Grimson, Eric",2026-09-29T18:35:10.494431+00:00,,docs/csrankings_missing_search_2026-09-29.md#sources,not_found,2026-09-29T18:36:46.656274+00:00,docs/csrankings_missing_search_2026-09-29.md#grimson-0490961
https://awards.acm.org/award-recipients/horvitz_4722252,"Horvitz, Eric",2026-09-29T18:35:10.494431+00:00,,docs/csrankings_missing_search_2026-09-29.md#sources,not_found,2026-09-29T18:36:46.656274+00:00,docs/csrankings_missing_search_2026-09-29.md#horvitz-4722252
https://awards.acm.org/award-recipients/lamport_1205376,"Lamport, Leslie Barry",2026-09-29T18:35:10.494431+00:00,,docs/csrankings_missing_search_2026-09-29.md#sources,not_found,2026-09-29T18:36:46.656274+00:00,docs/csrankings_missing_search_2026-09-29.md#lamport-1205376
https://awards.acm.org/award-recipients/malik_3144771,"Malik, Sharad",2026-09-29T18:35:10.494431+00:00,,docs/csrankings_missing_search_2026-09-29.md#sources,not_found,2026-09-29T18:36:46.656274+00:00,docs/csrankings_missing_search_2026-09-29.md#malik-3144771
https://awards.acm.org/award-recipients/ranganathan_4587556,"Ranganathan, Parthasarathy",2026-09-29T18:35:10.494431+00:00,,docs/csrankings_missing_search_2026-09-29.md#sources,not_found,2026-09-29T18:36:46.656274+00:00,docs/csrankings_missing_search_2026-09-29.md#ranganathan-4587556
https://awards.acm.org/award-recipients/srikant_UJ17103,"Srikant, Ramakrishnan",2026-09-29T18:35:10.494431+00:00,,docs/csrankings_missing_search_2026-09-29.md#sources,not_found,2026-09-29T18:36:46.656274+00:00,docs/csrankings_missing_search_2026-09-29.md#srikant-uj17103
https://awards.acm.org/award-recipients/syverson_5067587,"Syverson, Paul",2026-09-29T18:35:10.494431+00:00,,docs/csrankings_missing_search_2026-09-29.md#sources,not_found,2026-09-29T18:36:46.656274+00:00,docs/csrankings_missing_search_2026-09-29.md#syverson-5067587
https://awards.acm.org/award-recipients/aggarwal_6102260,"Aggarwal, Charu Chandra",2026-09-29T18:35:10.494431+00:00,,docs/csrankings_missing_search_2026-09-29.md#sources,not_found,2026-09-29T18:36:46.656274+00:00,docs/csrankings_missing_search_2026-09-29.md#aggarwal-6102260
https://awards.acm.org/award-recipients/borgman_2203826,"Borgman, Christine L",2026-09-29T18:35:10.494431+00:00,,docs/csrankings_missing_search_2026-09-29.md#sources,not_found,2026-09-29T18:36:46.656274+00:00,docs/csrankings_missing_search_2026-09-29.md#borgman-2203826
https://awards.acm.org/award-recipients/elliott_4552162,"Elliott, Chip",2026-09-29T18:35:10.494431+00:00,,docs/csrankings_missing_search_2026-09-29.md#sources,not_found,2026-09-29T18:36:46.656274+00:00,docs/csrankings_missing_search_2026-09-29.md#elliott-4552162
https://awards.acm.org/award-recipients/gosling_9843418,"Gosling, James",2026-09-29T18:35:10.494431+00:00,,docs/csrankings_missing_search_2026-09-29.md#sources,not_found,2026-09-29T18:36:46.656274+00:00,docs/csrankings_missing_search_2026-09-29.md#gosling-9843418
https://awards.acm.org/award-recipients/kasik_1266766,"Kasik, David J",2026-09-29T18:35:10.494431+00:00,,docs/csrankings_missing_search_2026-09-29.md#sources,not_found,2026-09-29T18:36:46.656274+00:00,docs/csrankings_missing_search_2026-09-29.md#kasik-1266766
https://awards.acm.org/award-recipients/kumar_2386142,"Kumar, Panganamala",2026-09-29T18:35:10.494431+00:00,,docs/csrankings_missing_search_2026-09-29.md#sources,not_found,2026-09-29T18:36:46.656274+00:00,docs/csrankings_missing_search_2026-09-29.md#kumar-2386142
https://awards.acm.org/award-recipients/lea_3428158,"Lea, Douglas",2026-09-29T18:35:10.494431+00:00,,docs/csrankings_missing_search_2026-09-29.md#sources,not_found,2026-09-29T18:36:46.656274+00:00,docs/csrankings_missing_search_2026-09-29.md#lea-3428158
https://awards.acm.org/award-recipients/maarek_4442703,"Maarek, Yoelle",2026-09-29T18:35:10.494431+00:00,,docs/csrankings_missing_search_2026-09-29.md#sources,not_found,2026-09-29T18:36:46.656274+00:00,docs/csrankings_missing_search_2026-09-29.md#maarek-4442703
https://awards.acm.org/award-recipients/robertson_N024075,"Robertson, S E",2026-09-29T18:35:10.494431+00:00,,docs/csrankings_missing_search_2026-09-29.md#sources,not_found,2026-09-29T18:36:46.656274+00:00,docs/csrankings_missing_search_2026-09-29.md#robertson-n024075
https://awards.acm.org/award-recipients/sellis_2439610,"Sellis, Timoleon",2026-09-29T18:35:10.494431+00:00,,docs/csrankings_missing_search_2026-09-29.md#sources,not_found,2026-09-29T18:36:46.656274+00:00,docs/csrankings_missing_search_2026-09-29.md#sellis-2439610
https://awards.acm.org/award-recipients/yung_N005082,"Yung, Moti",2026-09-29T18:35:10.494431+00:00,,docs/csrankings_missing_search_2026-09-29.md#sources,not_found,2026-09-29T18:36:46.656274+00:00,docs/csrankings_missing_search_2026-09-29.md#yung-n005082
https://awards.acm.org/award-recipients/zhang_5032776,"Zhang, Zhengyou",2026-09-29T18:35:10.494431+00:00,,docs/csrankings_missing_search_2026-09-29.md#sources,not_found,2026-09-29T18:36:46.656274+00:00,docs/csrankings_missing_search_2026-09-29.md#zhang-5032776
https://awards.acm.org/award-recipients/boehm_1686237,"Boehm, Hans",2026-09-29T18:35:10.494431+00:00,,docs/csrankings_missing_search_2026-09-29.md#sources,not_found,2026-09-29T18:36:46.656274+00:00,docs/csrankings_missing_search_2026-09-29.md#boehm-1686237
https://awards.acm.org/award-recipients/boutilier_6612295,"Boutilier, Craig",2026-09-29T18:35:10.494431+00:00,,docs/csrankings_missing_search_2026-09-29.md#sources,not_found,2026-09-29T18:36:46.656274+00:00,docs/csrankings_missing_search_2026-09-29.md#boutilier-6612295
https://awards.acm.org/award-recipients/cattell_1468248,"Cattell, Rick",2026-09-29T18:35:10.494431+00:00,,docs/csrankings_missing_search_2026-09-29.md#sources,not_found,2026-09-29T18:36:46.656274+00:00,docs/csrankings_missing_search_2026-09-29.md#cattell-1468248
https://awards.acm.org/award-recipients/garfinkel_2595445,"Garfinkel, Simson L",2026-09-29T18:35:10.494431+00:00,,docs/csrankings_missing_search_2026-09-29.md#sources,not_found,2026-09-29T18:36:46.656274+00:00,docs/csrankings_missing_search_2026-09-29.md#garfinkel-2595445
https://awards.acm.org/award-recipients/gibson_2521995,"Gibson, Garth A",2026-09-29T18:35:10.494431+00:00,,docs/csrankings_missing_search_2026-09-29.md#sources,not_found,2026-09-29T18:36:46.656274+00:00,docs/csrankings_missing_search_2026-09-29.md#gibson-2521995
https://awards.acm.org/award-recipients/grove_4112884,"Grove, David Paul",2026-09-29T18:35:10.494431+00:00,,docs/csrankings_missing_search_2026-09-29.md#sources,not_found,2026-09-29T18:36:46.656274+00:00,docs/csrankings_missing_search_2026-09-29.md#grove-4112884
https://awards.acm.org/award-recipients/grudin_3028016,"Grudin, Jonathan",2026-09-29T18:35:10.494431+00:00,,docs/csrankings_missing_search_2026-09-29.md#sources,not_found,2026-09-29T18:36:46.656274+00:00,docs/csrankings_missing_search_2026-09-29.md#grudin-3028016
https://awards.acm.org/award-recipients/hershberger_2869725,"Hershberger, John",2026-09-29T18:35:10.494431+00:00,,docs/csrankings_missing_search_2026-09-29.md#sources,not_found,2026-09-29T18:36:46.656274+00:00,docs/csrankings_missing_search_2026-09-29.md#hershberger-2869725
https://awards.acm.org/award-recipients/orourke_1530385,"O'Rourke, Joseph",2026-09-29T18:35:10.494431+00:00,,docs/csrankings_missing_search_2026-09-29.md#sources,not_found,2026-09-29T18:36:46.656274+00:00,docs/csrankings_missing_search_2026-09-29.md#orourke-1530385
https://awards.acm.org/award-recipients/rastogi_N030429,"Rastogi, Rajeev Ramnarain",2026-09-29T18:35:10.494431+00:00,,docs/csrankings_missing_search_2026-09-29.md#sources,not_found,2026-09-29T18:36:46.656274+00:00,docs/csrankings_missing_search_2026-09-29.md#rastogi-n030429
https://awards.acm.org/award-recipients/schreiber_3384971,"Schreiber, Robert",2026-09-29T18:35:10.494431+00:00,,docs/csrankings_missing_search_2026-09-29.md#sources,not_found,2026-09-29T18:36:46.656274+00:00,docs/csrankings_missing_search_2026-09-29.md#schreiber-3384971
https://awards.acm.org/award-recipients/scott_3157930,"Scott, Steven",2026-09-29T18:35:10.494431+00:00,,docs/csrankings_missing_search_2026-09-29.md#sources,not_found,2026-09-29T18:36:46.656274+00:00,docs/csrankings_missing_search_2026-09-29.md#scott-3157930
https://awards.acm.org/award-recipients/sifakis_1701095,"Sifakis, Joseph",2026-09-29T18:35:10.494431+00:00,,docs/csrankings_missing_search_2026-09-29.md#sources,not_found,2026-09-29T18:36:46.656274+00:00,docs/csrankings_missing_search_2026-09-29.md#sifakis-1701095
https://awards.acm.org/award-recipients/valduriez_2852754,"Valduriez, Patrick",2026-09-29T18:35:10.494431+00:00,,docs/csrankings_missing_search_2026-09-29.md#sources,not_found,2026-09-29T18:36:46.656274+00:00,docs/csrankings_missing_search_2026-09-29.md#valduriez-2852754
https://awards.acm.org/award-recipients/ball_3707775,"Ball, Thomas",2026-09-29T18:35:10.494431+00:00,,docs/csrankings_missing_search_2026-09-29.md#sources,not_found,2026-09-29T18:36:46.656274+00:00,docs/csrankings_missing_search_2026-09-29.md#ball-3707775
https://awards.acm.org/award-recipients/ebeling_1915388,"Ebeling, Carl",2026-09-29T18:35:10.494431+00:00,,docs/csrankings_missing_search_2026-09-29.md#sources,not_found,2026-09-29T18:36:46.656274+00:00,docs/csrankings_missing_search_2026-09-29.md#ebeling-1915388
https://awards.acm.org/award-recipients/furnas_2334274,"Furnas, George",2026-09-29T18:35:10.494431+00:00,,docs/csrankings_missing_search_2026-09-29.md#sources,not_found,2026-09-29T18:36:46.656274+00:00,docs/csrankings_missing_search_2026-09-29.md#furnas-2334274
https://awards.acm.org/award-recipients/guo_4838059,"Guo, Baining",2026-09-29T18:35:10.494431+00:00,,docs/csrankings_missing_search_2026-09-29.md#sources,not_found,2026-09-29T18:36:46.656274+00:00,docs/csrankings_missing_search_2026-09-29.md#guo-4838059
https://awards.acm.org/award-recipients/heckerman_UJ73150,"Heckerman, David",2026-09-29T18:35:10.494431+00:00,,docs/csrankings_missing_search_2026-09-29.md#sources,not_found,2026-09-29T18:36:46.656274+00:00,docs/csrankings_missing_search_2026-09-29.md#heckerman-uj73150
https://awards.acm.org/award-recipients/holzmann_1625680,"Holzmann, Gerard J.",2026-09-29T18:35:10.494431+00:00,,docs/csrankings_missing_search_2026-09-29.md#sources,not_found,2026-09-29T18:36:46.656274+00:00,docs/csrankings_missing_search_2026-09-29.md#holzmann-1625680
https://awards.acm.org/award-recipients/hoppe_4601894,"Hoppe, Hugues",2026-09-29T18:35:10.494431+00:00,,docs/csrankings_missing_search_2026-09-29.md#sources,not_found,2026-09-29T18:36:46.656274+00:00,docs/csrankings_missing_search_2026-09-29.md#hoppe-4601894
https://awards.acm.org/award-recipients/karloff_2184786,"Karloff, Howard J",2026-09-29T18:35:10.494431+00:00,,docs/csrankings_missing_search_2026-09-29.md#sources,not_found,2026-09-29T18:36:46.656274+00:00,docs/csrankings_missing_search_2026-09-29.md#karloff-2184786
https://awards.acm.org/award-recipients/keckler_4044954,"Keckler, Stephen",2026-09-29T18:35:10.494431+00:00,,docs/csrankings_missing_search_2026-09-29.md#sources,not_found,2026-09-29T18:36:46.656274+00:00,docs/csrankings_missing_search_2026-09-29.md#keckler-4044954
https://awards.acm.org/award-recipients/key_N019877,"Key, Peter B.",2026-09-29T18:35:10.494431+00:00,,docs/csrankings_missing_search_2026-09-29.md#sources,not_found,2026-09-29T18:36:46.656274+00:00,docs/csrankings_missing_search_2026-09-29.md#key-n019877
https://awards.acm.org/award-recipients/kirkpatrick_CR61160,"Kirkpatrick, Scott",2026-09-29T18:35:10.494431+00:00,,docs/csrankings_missing_search_2026-09-29.md#sources,not_found,2026-09-29T18:36:46.656274+00:00,docs/csrankings_missing_search_2026-09-29.md#kirkpatrick-cr61160
https://awards.acm.org/award-recipients/magnusson_4793956,"Magnusson, Peter",2026-09-29T18:35:10.494431+00:00,,docs/csrankings_missing_search_2026-09-29.md#sources,not_found,2026-09-29T18:36:46.656274+00:00,docs/csrankings_missing_search_2026-09-29.md#magnusson-4793956
https://awards.acm.org/award-recipients/mukherjee_4035622,"Mukherjee, Shubu",2026-09-29T18:35:10.494431+00:00,,docs/csrankings_missing_search_2026-09-29.md#sources,not_found,2026-09-29T18:36:46.656274+00:00,docs/csrankings_missing_search_2026-09-29.md#mukherjee-4035622
https://awards.acm.org/award-recipients/pach_3536786,"Pach, Janos",2026-09-29T18:35:10.494431+00:00,,docs/csrankings_missing_search_2026-09-29.md#sources,not_found,2026-09-29T18:36:46.656274+00:00,docs/csrankings_missing_search_2026-09-29.md#pach-3536786
https://awards.acm.org/award-recipients/sanguinetti_1372366,"Sanguinetti, John",2026-09-29T18:35:10.494431+00:00,,docs/csrankings_missing_search_2026-09-29.md#sources,not_found,2026-09-29T18:36:46.656274+00:00,docs/csrankings_missing_search_2026-09-29.md#sanguinetti-1372366
https://awards.acm.org/award-recipients/singhal_3910767,"Singhal, Amit",2026-09-29T18:35:10.494431+00:00,,docs/csrankings_missing_search_2026-09-29.md#sources,not_found,2026-09-29T18:36:46.656274+00:00,docs/csrankings_missing_search_2026-09-29.md#singhal-3910767
https://awards.acm.org/award-recipients/srivastava_3365632,"Srivastava, Divesh",2026-09-29T18:35:10.494431+00:00,,docs/csrankings_missing_search_2026-09-29.md#sources,not_found,2026-09-29T18:36:46.656274+00:00,docs/csrankings_missing_search_2026-09-29.md#srivastava-3365632
https://awards.acm.org/award-recipients/vahdat_C100426,"Vahdat, Amin",2026-09-29T18:35:10.494431+00:00,,docs/csrankings_missing_search_2026-09-29.md#sources,not_found,2026-09-29T18:36:46.656274+00:00,docs/csrankings_missing_search_2026-09-29.md#vahdat-c100426
https://awards.acm.org/award-recipients/wetherall_4469821,"Wetherall, David",2026-09-29T18:35:10.494431+00:00,,docs/csrankings_missing_search_2026-09-29.md#sources,not_found,2026-09-29T18:36:46.656274+00:00,docs/csrankings_missing_search_2026-09-29.md#wetherall-4469821
https://awards.acm.org/award-recipients/zadeck_1746114,"Zadeck, Frank Kenneth",2026-09-29T18:35:10.494431+00:00,,docs/csrankings_missing_search_2026-09-29.md#sources,not_found,2026-09-29T18:36:46.656274+00:00,docs/csrankings_missing_search_2026-09-29.md#zadeck-1746114
https://awards.acm.org/award-recipients/abramson_2140366,"Abramson, David A",2026-09-29T18:35:10.494431+00:00,,docs/csrankings_missing_search_2026-09-29.md#sources,not_found,2026-09-29T18:36:46.656274+00:00,docs/csrankings_missing_search_2026-09-29.md#abramson-2140366
https://awards.acm.org/award-recipients/barroso_UJ31885,"Barroso, Luiz Andre",2026-09-29T18:35:10.494431+00:00,,docs/csrankings_missing_search_2026-09-29.md#sources,not_found,2026-09-29T18:36:46.656274+00:00,docs/csrankings_missing_search_2026-09-29.md#barroso-uj31885
https://awards.acm.org/award-recipients/burger_4123196,"Burger, Douglas C",2026-09-29T18:35:10.494431+00:00,,docs/csrankings_missing_search_2026-09-29.md#sources,not_found,2026-09-29T18:36:46.656274+00:00,docs/csrankings_missing_search_2026-09-29.md#burger-4123196
https://awards.acm.org/award-recipients/dahlin_4094785,"Dahlin, Michael D",2026-09-29T18:35:10.494431+00:00,,docs/csrankings_missing_search_2026-09-29.md#sources,not_found,2026-09-29T18:36:46.656274+00:00,docs/csrankings_missing_search_2026-09-29.md#dahlin-4094785
https://awards.acm.org/award-recipients/ellis_1446368,"Ellis, Carla S.",2026-09-29T18:35:10.494431+00:00,,docs/csrankings_missing_search_2026-09-29.md#sources,not_found,2026-09-29T18:36:46.656274+00:00,docs/csrankings_missing_search_2026-09-29.md#ellis-1446368
https://awards.acm.org/award-recipients/goodman_5275342,"Goodman, James",2026-09-29T18:35:10.494431+00:00,,docs/csrankings_missing_search_2026-09-29.md#sources,not_found,2026-09-29T18:36:46.656274+00:00,docs/csrankings_missing_search_2026-09-29.md#goodman-5275342
https://awards.acm.org/award-recipients/launchbury_4652509,"Launchbury, John",2026-09-29T18:35:10.494431+00:00,,docs/csrankings_missing_search_2026-09-29.md#sources,not_found,2026-09-29T18:36:46.656274+00:00,docs/csrankings_missing_search_2026-09-29.md#launchbury-4652509
https://awards.acm.org/award-recipients/lyon_4734935,"Lyon, Richard F",2026-09-29T18:35:10.494431+00:00,,docs/csrankings_missing_search_2026-09-29.md#sources,not_found,2026-09-29T18:36:46.656274+00:00,docs/csrankings_missing_search_2026-09-29.md#lyon-4734935
https://awards.acm.org/award-recipients/muthukrishnan_NB36624,"Muthukrishnan, S.",2026-09-29T18:35:10.494431+00:00,,docs/csrankings_missing_search_2026-09-29.md#sources,not_found,2026-09-29T18:36:46.656274+00:00,docs/csrankings_missing_search_2026-09-29.md#muthukrishnan-nb36624
https://awards.acm.org/award-recipients/pereira_5799408,"Pereira, Fernando",2026-09-29T18:35:10.494431+00:00,,docs/csrankings_missing_search_2026-09-29.md#sources,not_found,2026-09-29T18:36:46.656274+00:00,docs/csrankings_missing_search_2026-09-29.md#pereira-5799408
https://awards.acm.org/award-recipients/tompa_1240787,"Tompa, Frank Wm",2026-09-29T18:35:10.494431+00:00,,docs/csrankings_missing_search_2026-09-29.md#sources,not_found,2026-09-29T18:36:46.656274+00:00,docs/csrankings_missing_search_2026-09-29.md#tompa-1240787
https://awards.acm.org/award-recipients/trimberger_2649929,"Trimberger, Stephen",2026-09-29T18:35:10.494431+00:00,,docs/csrankings_missing_search_2026-09-29.md#sources,not_found,2026-09-29T18:36:46.656274+00:00,docs/csrankings_missing_search_2026-09-29.md#trimberger-2649929
https://awards.acm.org/award-recipients/ungar_1458462,"Ungar, David M",2026-09-29T18:35:10.494431+00:00,,docs/csrankings_missing_search_2026-09-29.md#sources,not_found,2026-09-29T18:36:46.656274+00:00,docs/csrankings_missing_search_2026-09-29.md#ungar-1458462
https://awards.acm.org/award-recipients/zhai_4636791,"Zhai, Shumin",2026-09-29T18:35:10.494431+00:00,,docs/csrankings_missing_search_2026-09-29.md#sources,not_found,2026-09-29T18:36:46.656274+00:00,docs/csrankings_missing_search_2026-09-29.md#zhai-4636791
https://awards.acm.org/award-recipients/bacon_4810628,"Bacon, David F",2026-09-29T18:35:10.494431+00:00,,docs/csrankings_missing_search_2026-09-29.md#sources,not_found,2026-09-29T18:36:46.656274+00:00,docs/csrankings_missing_search_2026-09-29.md#bacon-4810628
https://awards.acm.org/award-recipients/baeza-yates_2551737,"Baeza-Yates, Ricardo A",2026-09-29T18:35:10.494431+00:00,,docs/csrankings_missing_search_2026-09-29.md#sources,not_found,2026-09-29T18:36:46.656274+00:00,docs/csrankings_missing_search_2026-09-29.md#baeza-yates-2551737
https://awards.acm.org/award-recipients/bhatkar_1843762,"Bhatkar, Vijay P",2026-09-29T18:35:10.494431+00:00,,docs/csrankings_missing_search_2026-09-29.md#sources,not_found,2026-09-29T18:36:46.656274+00:00,docs/csrankings_missing_search_2026-09-29.md#bhatkar-1843762
https://awards.acm.org/award-recipients/blakeley_2189942,"Blakeley, Jose A",2026-09-29T18:35:10.494431+00:00,,docs/csrankings_missing_search_2026-09-29.md#sources,not_found,2026-09-29T18:36:46.656274+00:00,docs/csrankings_missing_search_2026-09-29.md#blakeley-2189942
https://awards.acm.org/award-recipients/borriello_2947281,"Borriello, Gaetano",2026-09-29T18:35:10.494431+00:00,,docs/csrankings_missing_search_2026-09-29.md#sources,not_found,2026-09-29T18:36:46.656274+00:00,docs/csrankings_missing_search_2026-09-29.md#borriello-2947281
https://awards.acm.org/award-recipients/dale_1569201,"Dale, Nell Boylan",2026-09-29T18:35:10.494431+00:00,,docs/csrankings_missing_search_2026-09-29.md#sources,not_found,2026-09-29T18:36:46.656274+00:00,docs/csrankings_missing_search_2026-09-29.md#dale-1569201
https://awards.acm.org/award-recipients/davie_4274130,"Davie, Bruce",2026-09-29T18:35:10.494431+00:00,,docs/csrankings_missing_search_2026-09-29.md#sources,not_found,2026-09-29T18:36:46.656274+00:00,docs/csrankings_missing_search_2026-09-29.md#davie-4274130
https://awards.acm.org/award-recipients/dean_2879385,"Dean, Jeffrey A",2026-09-29T18:35:10.494431+00:00,,docs/csrankings_missing_search_2026-09-29.md#sources,not_found,2026-09-29T18:36:46.656274+00:00,docs/csrankings_missing_search_2026-09-29.md#dean-2879385
https://awards.acm.org/award-recipients/dean_3342086,"Dean, Thomas L",2026-09-29T18:35:10.494431+00:00,,docs/csrankings_missing_search_2026-09-29.md#sources,not_found,2026-09-29T18:36:46.656274+00:00,docs/csrankings_missing_search_2026-09-29.md#dean-3342086
https://awards.acm.org/award-recipients/erickson_3354016,"Erickson, Thomas D",2026-09-29T18:35:10.494431+00:00,,docs/csrankings_missing_search_2026-09-29.md#sources,not_found,2026-09-29T18:36:46.656274+00:00,docs/csrankings_missing_search_2026-09-29.md#erickson-3354016
https://awards.acm.org/award-recipients/fischer_1311901,"Fischer, Gerhard",2026-09-29T18:35:10.494431+00:00,,docs/csrankings_missing_search_2026-09-29.md#sources,not_found,2026-09-29T18:36:46.656274+00:00,docs/csrankings_missing_search_2026-09-29.md#fischer-1311901
https://awards.acm.org/award-recipients/goldberg_2877256,"Goldberg, Andrew V",2026-09-29T18:35:10.494431+00:00,,docs/csrankings_missing_search_2026-09-29.md#sources,not_found,2026-09-29T18:36:46.656274+00:00,docs/csrankings_missing_search_2026-09-29.md#goldberg-2877256
https://awards.acm.org/award-recipients/hendren_2327567,"Hendren, Laurie J",2026-09-29T18:35:10.494431+00:00,,docs/csrankings_missing_search_2026-09-29.md#sources,not_found,2026-09-29T18:36:46.656274+00:00,docs/csrankings_missing_search_2026-09-29.md#hendren-2327567
https://awards.acm.org/award-recipients/hoelzle_2674646,"Hoelzle, Urs",2026-09-29T18:35:10.494431+00:00,,docs/csrankings_missing_search_2026-09-29.md#sources,not_found,2026-09-29T18:36:46.656274+00:00,docs/csrankings_missing_search_2026-09-29.md#hoelzle-2674646
https://awards.acm.org/award-recipients/kaltofen_1728641,"Kaltofen, Erich L",2026-09-29T18:35:10.494431+00:00,,docs/csrankings_missing_search_2026-09-29.md#sources,not_found,2026-09-29T18:36:46.656274+00:00,docs/csrankings_missing_search_2026-09-29.md#kaltofen-1728641
https://awards.acm.org/award-recipients/riedl_2663490,"Riedl, John T",2026-09-29T18:35:10.494431+00:00,,docs/csrankings_missing_search_2026-09-29.md#sources,not_found,2026-09-29T18:36:46.656274+00:00,docs/csrankings_missing_search_2026-09-29.md#riedl-2663490
https://awards.acm.org/award-recipients/selinger_UK15837,"Selinger, Patricia G.",2026-09-29T18:35:10.494431+00:00,,docs/csrankings_missing_search_2026-09-29.md#sources,not_found,2026-09-29T18:36:46.656274+00:00,docs/csrankings_missing_search_2026-09-29.md#selinger-uk15837
https://awards.acm.org/award-recipients/shyamasundar_4395026,"Shyamasundar, Rudrapatna K",2026-09-29T18:35:10.494431+00:00,,docs/csrankings_missing_search_2026-09-29.md#sources,not_found,2026-09-29T18:36:46.656274+00:00,docs/csrankings_missing_search_2026-09-29.md#shyamasundar-4395026
https://awards.acm.org/award-recipients/thekkath_3725660,"Thekkath, Chandramohan A",2026-09-29T18:35:10.494431+00:00,,docs/csrankings_missing_search_2026-09-29.md#sources,not_found,2026-09-29T18:36:46.656274+00:00,docs/csrankings_missing_search_2026-09-29.md#thekkath-3725660
https://awards.acm.org/award-recipients/wilks_2710333,"Wilks, Yorick",2026-09-29T18:35:10.494431+00:00,,docs/csrankings_missing_search_2026-09-29.md#sources,not_found,2026-09-29T18:36:46.656274+00:00,docs/csrankings_missing_search_2026-09-29.md#wilks-2710333
https://awards.acm.org/award-recipients/winograd_2634855,"Winograd, Terry",2026-09-29T18:35:10.494431+00:00,,docs/csrankings_missing_search_2026-09-29.md#sources,not_found,2026-09-29T18:36:46.656274+00:00,docs/csrankings_missing_search_2026-09-29.md#winograd-2634855
https://awards.acm.org/award-recipients/abadi_1389428,"Abadi, Martin",2026-09-29T18:35:10.494431+00:00,,docs/csrankings_missing_search_2026-09-29.md#sources,not_found,2026-09-29T18:36:46.656274+00:00,docs/csrankings_missing_search_2026-09-29.md#abadi-1389428
https://awards.acm.org/award-recipients/buxton_7390685,"Buxton, William A.S.",2026-09-29T18:35:10.494431+00:00,,docs/csrankings_missing_search_2026-09-29.md#sources,not_found,2026-09-29T18:36:46.656274+00:00,docs/csrankings_missing_search_2026-09-29.md#buxton-7390685
https://awards.acm.org/award-recipients/clarkson_4491536,"Clarkson, Kenneth L",2026-09-29T18:35:10.494431+00:00,,docs/csrankings_missing_search_2026-09-29.md#sources,not_found,2026-09-29T18:36:46.656274+00:00,docs/csrankings_missing_search_2026-09-29.md#clarkson-4491536
https://awards.acm.org/award-recipients/cook_4412276,"Cook, Perry",2026-09-29T18:35:10.494431+00:00,,docs/csrankings_missing_search_2026-09-29.md#sources,not_found,2026-09-29T18:36:46.656274+00:00,docs/csrankings_missing_search_2026-09-29.md#cook-4412276
https://awards.acm.org/award-recipients/cook_N991950,"Cook, Stephen A",2026-09-29T18:35:10.494431+00:00,,docs/csrankings_missing_search_2026-09-29.md#sources,not_found,2026-09-29T18:36:46.656274+00:00,docs/csrankings_missing_search_2026-09-29.md#cook-n991950
https://awards.acm.org/award-recipients/dayal_CR54528,"Dayal, Umeshwar",2026-09-29T18:35:10.494431+00:00,,docs/csrankings_missing_search_2026-09-29.md#sources,not_found,2026-09-29T18:36:46.656274+00:00,docs/csrankings_missing_search_2026-09-29.md#dayal-cr54528
https://awards.acm.org/award-recipients/goemans_4568770,"Goemans, Michel X",2026-09-29T18:35:10.494431+00:00,,docs/csrankings_missing_search_2026-09-29.md#sources,not_found,2026-09-29T18:36:46.656274+00:00,docs/csrankings_missing_search_2026-09-29.md#goemans-4568770
https://awards.acm.org/award-recipients/house_4788345,"House, Charles H",2026-09-29T18:35:10.494431+00:00,,docs/csrankings_missing_search_2026-09-29.md#sources,not_found,2026-09-29T18:36:46.656274+00:00,docs/csrankings_missing_search_2026-09-29.md#house-4788345
https://awards.acm.org/award-recipients/humphrey_1884790,"Humphrey, Watts S",2026-09-29T18:35:10.494431+00:00,,docs/csrankings_missing_search_2026-09-29.md#sources,not_found,2026-09-29T18:36:46.656274+00:00,docs/csrankings_missing_search_2026-09-29.md#humphrey-1884790
https://awards.acm.org/award-recipients/kay_3972189,"Kay, Alan",2026-09-29T18:35:10.494431+00:00,,docs/csrankings_missing_search_2026-09-29.md#sources,not_found,2026-09-29T18:36:46.656274+00:00,docs/csrankings_missing_search_2026-09-29.md#kay-3972189
https://awards.acm.org/award-recipients/levin_1310671,"Levin, Roy",2026-09-29T18:35:10.494431+00:00,,docs/csrankings_missing_search_2026-09-29.md#sources,not_found,2026-09-29T18:36:46.656274+00:00,docs/csrankings_missing_search_2026-09-29.md#levin-1310671
https://awards.acm.org/award-recipients/lowney_1760495,"Lowney, Paul G",2026-09-29T18:35:10.494431+00:00,,docs/csrankings_missing_search_2026-09-29.md#sources,not_found,2026-09-29T18:36:46.656274+00:00,docs/csrankings_missing_search_2026-09-29.md#lowney-1760495
https://awards.acm.org/award-recipients/mckinley_3720018,"McKinley, Kathryn S",2026-09-29T18:35:10.494431+00:00,,docs/csrankings_missing_search_2026-09-29.md#sources,not_found,2026-09-29T18:36:46.656274+00:00,docs/csrankings_missing_search_2026-09-29.md#mckinley-3720018
https://awards.acm.org/award-recipients/meyer_0256073,"Meyer, Bertrand",2026-09-29T18:35:10.494431+00:00,,docs/csrankings_missing_search_2026-09-29.md#sources,not_found,2026-09-29T18:36:46.656274+00:00,docs/csrankings_missing_search_2026-09-29.md#meyer-0256073
https://awards.acm.org/award-recipients/pirahesh_1636471,"Pirahesh, Hamid",2026-09-29T18:35:10.494431+00:00,,docs/csrankings_missing_search_2026-09-29.md#sources,not_found,2026-09-29T18:36:46.656274+00:00,docs/csrankings_missing_search_2026-09-29.md#pirahesh-1636471
https://awards.acm.org/award-recipients/randell_1049162,"Randell, Brian",2026-09-29T18:35:10.494431+00:00,,docs/csrankings_missing_search_2026-09-29.md#sources,not_found,2026-09-29T18:36:46.656274+00:00,docs/csrankings_missing_search_2026-09-29.md#randell-1049162
https://awards.acm.org/award-recipients/rose_2230928,"Rose, Jonathan",2026-09-29T18:35:10.494431+00:00,,docs/csrankings_missing_search_2026-09-29.md#sources,not_found,2026-09-29T18:36:46.656274+00:00,docs/csrankings_missing_search_2026-09-29.md#rose-2230928
https://awards.acm.org/award-recipients/squillante_2571602,"Squillante, Mark S",2026-09-29T18:35:10.494431+00:00,,docs/csrankings_missing_search_2026-09-29.md#sources,not_found,2026-09-29T18:36:46.656274+00:00,docs/csrankings_missing_search_2026-09-29.md#squillante-2571602
https://awards.acm.org/award-recipients/szeliski_2475143,"Szeliski, Richard",2026-09-29T18:35:10.494431+00:00,,docs/csrankings_missing_search_2026-09-29.md#sources,not_found,2026-09-29T18:36:46.656274+00:00,docs/csrankings_missing_search_2026-09-29.md#szeliski-2475143
https://awards.acm.org/award-recipients/terry_1854348,"Terry, Douglas B",2026-09-29T18:35:10.494431+00:00,,docs/csrankings_missing_search_2026-09-29.md#sources,not_found,2026-09-29T18:36:46.656274+00:00,docs/csrankings_missing_search_2026-09-29.md#terry-1854348
https://awards.acm.org/award-recipients/banerjee_1882547,"Banerjee, Utpal",2026-09-29T18:35:10.494431+00:00,,docs/csrankings_missing_search_2026-09-29.md#sources,not_found,2026-09-29T18:36:46.656274+00:00,docs/csrankings_missing_search_2026-09-29.md#banerjee-1882547
https://awards.acm.org/award-recipients/beeri_1289180,"Beeri, Catriel",2026-09-29T18:35:10.494431+00:00,,docs/csrankings_missing_search_2026-09-29.md#sources,not_found,2026-09-29T18:36:46.656274+00:00,docs/csrankings_missing_search_2026-09-29.md#beeri-1289180
https://awards.acm.org/award-recipients/broder_N005132,"Broder, Andrei Z",2026-09-29T18:35:10.494431+00:00,,docs/csrankings_missing_search_2026-09-29.md#sources,not_found,2026-09-29T18:36:46.656274+00:00,docs/csrankings_missing_search_2026-09-29.md#broder-n005132
https://awards.acm.org/award-recipients/cohen_3186095,"Cohen, Michael F.",2026-09-29T18:35:10.494431+00:00,,docs/csrankings_missing_search_2026-09-29.md#sources,not_found,2026-09-29T18:36:46.656274+00:00,docs/csrankings_missing_search_2026-09-29.md#cohen-3186095
https://awards.acm.org/award-recipients/constantine_3358900,"Constantine, Larry",2026-09-29T18:35:10.494431+00:00,,docs/csrankings_missing_search_2026-09-29.md#sources,not_found,2026-09-29T18:36:46.656274+00:00,docs/csrankings_missing_search_2026-09-29.md#constantine-3358900
https://awards.acm.org/award-recipients/downey_4371977,"Downey, Rodney",2026-09-29T18:35:10.494431+00:00,,docs/csrankings_missing_search_2026-09-29.md#sources,not_found,2026-09-29T18:36:46.656274+00:00,docs/csrankings_missing_search_2026-09-29.md#downey-4371977
https://awards.acm.org/award-recipients/feigenbaum_4167235,"Feigenbaum, Edward A",2026-09-29T18:35:10.494431+00:00,,docs/csrankings_missing_search_2026-09-29.md#sources,not_found,2026-09-29T18:36:46.656274+00:00,docs/csrankings_missing_search_2026-09-29.md#feigenbaum-4167235
https://awards.acm.org/award-recipients/gao_1954601,"Gao, Guang",2026-09-29T18:35:10.494431+00:00,,docs/csrankings_missing_search_2026-09-29.md#sources,not_found,2026-09-29T18:36:46.656274+00:00,docs/csrankings_missing_search_2026-09-29.md#gao-1954601
https://awards.acm.org/award-recipients/hull_1920347,"Hull, Richard",2026-09-29T18:35:10.494431+00:00,,docs/csrankings_missing_search_2026-09-29.md#sources,not_found,2026-09-29T18:36:46.656274+00:00,docs/csrankings_missing_search_2026-09-29.md#hull-1920347
https://awards.acm.org/award-recipients/klensin_1101344,"Klensin, John C",2026-09-29T18:35:10.494431+00:00,,docs/csrankings_missing_search_2026-09-29.md#sources,not_found,2026-09-29T18:36:46.656274+00:00,docs/csrankings_missing_search_2026-09-29.md#klensin-1101344
https://awards.acm.org/award-recipients/levoy_2513653,"Levoy, Marc",2026-09-29T18:35:10.494431+00:00,,docs/csrankings_missing_search_2026-09-29.md#sources,not_found,2026-09-29T18:36:46.656274+00:00,docs/csrankings_missing_search_2026-09-29.md#levoy-2513653
https://awards.acm.org/award-recipients/moss_1491653,"Moss, Eliot",2026-09-29T18:35:10.494431+00:00,,docs/csrankings_missing_search_2026-09-29.md#sources,not_found,2026-09-29T18:36:46.656274+00:00,docs/csrankings_missing_search_2026-09-29.md#moss-1491653
https://awards.acm.org/award-recipients/motwani_4305223,"Motwani, Rajeev",2026-09-29T18:35:10.494431+00:00,,docs/csrankings_missing_search_2026-09-29.md#sources,not_found,2026-09-29T18:36:46.656274+00:00,docs/csrankings_missing_search_2026-09-29.md#motwani-4305223
https://awards.acm.org/award-recipients/pausch_3279411,"Pausch, Randy",2026-09-29T18:35:10.494431+00:00,,docs/csrankings_missing_search_2026-09-29.md#sources,not_found,2026-09-29T18:36:46.656274+00:00,docs/csrankings_missing_search_2026-09-29.md#pausch-3279411
https://awards.acm.org/award-recipients/pnueli_4725172,"Pnueli, Amir",2026-09-29T18:35:10.494431+00:00,,docs/csrankings_missing_search_2026-09-29.md#sources,not_found,2026-09-29T18:36:46.656274+00:00,docs/csrankings_missing_search_2026-09-29.md#pnueli-4725172
https://awards.acm.org/award-recipients/requicha_1452523,"Requicha, Aristides",2026-09-29T18:35:10.494431+00:00,,docs/csrankings_missing_search_2026-09-29.md#sources,not_found,2026-09-29T18:36:46.656274+00:00,docs/csrankings_missing_search_2026-09-29.md#requicha-1452523
https://awards.acm.org/award-recipients/thomas_1644756,"Thomas, Donald E",2026-09-29T18:35:10.494431+00:00,,docs/csrankings_missing_search_2026-09-29.md#sources,not_found,2026-09-29T18:36:46.656274+00:00,docs/csrankings_missing_search_2026-09-29.md#thomas-1644756
https://awards.acm.org/award-recipients/zhang_NC44438,"Zhang, HongJiang",2026-09-29T18:35:10.494431+00:00,Hong Jiang 0001,docs/csrankings_missing_search_2026-09-29.md#sources,wrong_person,2026-09-29T18:36:46.656274+00:00,docs/csrankings_missing_search_2026-09-29.md#zhang-nc44438
https://awards.acm.org/award-recipients/chen_3402419,"Chen, Ming-Syan",2026-09-29T18:35:10.494431+00:00,,docs/csrankings_missing_search_2026-09-29.md#sources,not_found,2026-09-29T18:36:46.656274+00:00,docs/csrankings_missing_search_2026-09-29.md#chen-3402419
https://awards.acm.org/award-recipients/dumais_2360550,"Dumais, Susan T",2026-09-29T18:35:10.494431+00:00,,docs/csrankings_missing_search_2026-09-29.md#sources,not_found,2026-09-29T18:36:46.656274+00:00,docs/csrankings_missing_search_2026-09-29.md#dumais-2360550
https://awards.acm.org/award-recipients/fayyad_5186069,"Fayyad, Usama M",2026-09-29T18:35:10.494431+00:00,,docs/csrankings_missing_search_2026-09-29.md#sources,not_found,2026-09-29T18:36:46.656274+00:00,docs/csrankings_missing_search_2026-09-29.md#fayyad-5186069
https://awards.acm.org/award-recipients/greenberg_3415148,"Greenberg, Albert G",2026-09-29T18:35:10.494431+00:00,,docs/csrankings_missing_search_2026-09-29.md#sources,not_found,2026-09-29T18:36:46.656274+00:00,docs/csrankings_missing_search_2026-09-29.md#greenberg-3415148
https://awards.acm.org/award-recipients/halevy_5041603,"Halevy, Alon Yitzchak",2026-09-29T18:35:10.494431+00:00,,docs/csrankings_missing_search_2026-09-29.md#sources,not_found,2026-09-29T18:36:46.656274+00:00,docs/csrankings_missing_search_2026-09-29.md#halevy-5041603
https://awards.acm.org/award-recipients/hearn_1069624,"Hearn, Anthony C",2026-09-29T18:35:10.494431+00:00,,docs/csrankings_missing_search_2026-09-29.md#sources,not_found,2026-09-29T18:36:46.656274+00:00,docs/csrankings_missing_search_2026-09-29.md#hearn-1069624
https://awards.acm.org/award-recipients/jouppi_2003499,"Jouppi, Norman",2026-09-29T18:35:10.494431+00:00,,docs/csrankings_missing_search_2026-09-29.md#sources,not_found,2026-09-29T18:36:46.656274+00:00,docs/csrankings_missing_search_2026-09-29.md#jouppi-2003499
https://awards.acm.org/award-recipients/newell_CL65900,"Newell, Alan",2026-09-29T18:35:10.494431+00:00,,docs/csrankings_missing_search_2026-09-29.md#sources,not_found,2026-09-29T18:36:46.656274+00:00,docs/csrankings_missing_search_2026-09-29.md#newell-cl65900
https://awards.acm.org/award-recipients/norvig_4663209,"Norvig, Peter",2026-09-29T18:35:10.494431+00:00,,docs/csrankings_missing_search_2026-09-29.md#sources,not_found,2026-09-29T18:36:46.656274+00:00,docs/csrankings_missing_search_2026-09-29.md#norvig-4663209
https://awards.acm.org/award-recipients/olsen_2000610,"Olsen, Dan R",2026-09-29T18:35:10.494431+00:00,,docs/csrankings_missing_search_2026-09-29.md#sources,not_found,2026-09-29T18:36:46.656274+00:00,docs/csrankings_missing_search_2026-09-29.md#olsen-2000610
https://awards.acm.org/award-recipients/shum_4767844,"Shum, Heung-Yeung",2026-09-29T18:35:10.494431+00:00,,docs/csrankings_missing_search_2026-09-29.md#sources,not_found,2026-09-29T18:36:46.656274+00:00,docs/csrankings_missing_search_2026-09-29.md#shum-4767844
https://awards.acm.org/award-recipients/spector_CR79707,"Spector, Alfred Z",2026-09-29T18:35:10.494431+00:00,,docs/csrankings_missing_search_2026-09-29.md#sources,not_found,2026-09-29T18:36:46.656274+00:00,docs/csrankings_missing_search_2026-09-29.md#spector-cr79707
https://awards.acm.org/award-recipients/winslett_2577922,"Winslett, Marianne",2026-09-29T18:35:10.494431+00:00,,docs/csrankings_missing_search_2026-09-29.md#sources,not_found,2026-09-29T18:36:46.656274+00:00,docs/csrankings_missing_search_2026-09-29.md#winslett-2577922
https://awards.acm.org/award-recipients/bjorner_1110022,"Bjorner, Dines",2026-09-29T18:35:10.494431+00:00,,docs/csrankings_missing_search_2026-09-29.md#sources,not_found,2026-09-29T18:36:46.656274+00:00,docs/csrankings_missing_search_2026-09-29.md#bjorner-1110022
https://awards.acm.org/award-recipients/bourne_4808457,"Bourne, Stephen",2026-09-29T18:35:10.494431+00:00,,docs/csrankings_missing_search_2026-09-29.md#sources,not_found,2026-09-29T18:36:46.656274+00:00,docs/csrankings_missing_search_2026-09-29.md#bourne-4808457
https://awards.acm.org/award-recipients/brooks_2810307,"Brooks, Rodney A",2026-09-29T18:35:10.494431+00:00,,docs/csrankings_missing_search_2026-09-29.md#sources,not_found,2026-09-29T18:36:46.656274+00:00,docs/csrankings_missing_search_2026-09-29.md#brooks-2810307
https://awards.acm.org/award-recipients/chaudhuri_3419371,"Chaudhuri, Surajit",2026-09-29T18:35:10.494431+00:00,,docs/csrankings_missing_search_2026-09-29.md#sources,not_found,2026-09-29T18:36:46.656274+00:00,docs/csrankings_missing_search_2026-09-29.md#chaudhuri-3419371
https://awards.acm.org/award-recipients/dill_3232592,"Dill, David",2026-09-29T18:35:10.494431+00:00,,docs/csrankings_missing_search_2026-09-29.md#sources,not_found,2026-09-29T18:36:46.656274+00:00,docs/csrankings_missing_search_2026-09-29.md#dill-3232592
https://awards.acm.org/award-recipients/diot_N989889,"Diot, Christophe",2026-09-29T18:35:10.494431+00:00,,docs/csrankings_missing_search_2026-09-29.md#sources,not_found,2026-09-29T18:36:46.656274+00:00,docs/csrankings_missing_search_2026-09-29.md#diot-n989889
https://awards.acm.org/award-recipients/dubois_2626471,"Dubois, Michel",2026-09-29T18:35:10.494431+00:00,,docs/csrankings_missing_search_2026-09-29.md#sources,not_found,2026-09-29T18:36:46.656274+00:00,docs/csrankings_missing_search_2026-09-29.md#dubois-2626471
https://awards.acm.org/award-recipients/lakshman_2112407,"Lakshman, T V",2026-09-29T18:35:10.494431+00:00,,docs/csrankings_missing_search_2026-09-29.md#sources,not_found,2026-09-29T18:36:46.656274+00:00,docs/csrankings_missing_search_2026-09-29.md#lakshman-2112407
https://awards.acm.org/award-recipients/nicol_2343671,"Nicol, David M",2026-09-29T18:35:10.494431+00:00,,docs/csrankings_missing_search_2026-09-29.md#sources,not_found,2026-09-29T18:36:46.656274+00:00,docs/csrankings_missing_search_2026-09-29.md#nicol-2343671
https://awards.acm.org/award-recipients/want_4646733,"Want, Roy",2026-09-29T18:35:10.494431+00:00,,docs/csrankings_missing_search_2026-09-29.md#sources,not_found,2026-09-29T18:36:46.656274+00:00,docs/csrankings_missing_search_2026-09-29.md#want-4646733
https://awards.acm.org/award-recipients/weld_3459088,"Weld, Daniel",2026-09-29T18:35:10.494431+00:00,,docs/csrankings_missing_search_2026-09-29.md#sources,not_found,2026-09-29T18:36:46.656274+00:00,docs/csrankings_missing_search_2026-09-29.md#weld-3459088
https://awards.acm.org/award-recipients/willinger_UJ65469,"Willinger, Walter",2026-09-29T18:35:10.494431+00:00,,docs/csrankings_missing_search_2026-09-29.md#sources,not_found,2026-09-29T18:36:46.656274+00:00,docs/csrankings_missing_search_2026-09-29.md#willinger-uj65469
https://awards.acm.org/award-recipients/wood_2100675,"Wood, David A",2026-09-29T18:35:10.494431+00:00,,docs/csrankings_missing_search_2026-09-29.md#sources,not_found,2026-09-29T18:36:46.656274+00:00,docs/csrankings_missing_search_2026-09-29.md#wood-2100675
https://awards.acm.org/award-recipients/zhang_3886843,"Zhang, Hui",2026-09-29T18:35:10.494431+00:00,Hui Gary Zhang,docs/csrankings_missing_search_2026-09-29.md#sources,wrong_person,2026-09-29T18:36:46.656274+00:00,docs/csrankings_missing_search_2026-09-29.md#zhang-3886843
https://awards.acm.org/award-recipients/zhang_3886843,"Zhang, Hui",2026-09-29T18:35:10.494431+00:00,Hui Zhang 0005,docs/csrankings_missing_search_2026-09-29.md#sources,wrong_person,2026-09-29T18:36:46.656274+00:00,docs/csrankings_missing_search_2026-09-29.md#zhang-3886843
https://awards.acm.org/award-recipients/bubenko_1033935,"Bubenko, Janis A",2026-09-29T18:35:10.494431+00:00,,docs/csrankings_missing_search_2026-09-29.md#sources,not_found,2026-09-29T18:36:46.656274+00:00,docs/csrankings_missing_search_2026-09-29.md#bubenko-1033935
https://awards.acm.org/award-recipients/collins_1005040,"Collins, George E",2026-09-29T18:35:10.494431+00:00,,docs/csrankings_missing_search_2026-09-29.md#sources,not_found,2026-09-29T18:36:46.656274+00:00,docs/csrankings_missing_search_2026-09-29.md#collins-1005040
https://awards.acm.org/award-recipients/emer_2328912,"Emer, Joel",2026-09-29T18:35:10.494431+00:00,,docs/csrankings_missing_search_2026-09-29.md#sources,not_found,2026-09-29T18:36:46.656274+00:00,docs/csrankings_missing_search_2026-09-29.md#emer-2328912
https://awards.acm.org/award-recipients/hill_2155109,"Hill, Mark D.",2026-09-29T18:35:10.494431+00:00,,docs/csrankings_missing_search_2026-09-29.md#sources,not_found,2026-09-29T18:36:46.656274+00:00,docs/csrankings_missing_search_2026-09-29.md#hill-2155109
https://awards.acm.org/award-recipients/larson_1722404,"larson, per-ake",2026-09-29T18:35:10.494431+00:00,,docs/csrankings_missing_search_2026-09-29.md#sources,not_found,2026-09-29T18:36:46.656274+00:00,docs/csrankings_missing_search_2026-09-29.md#larson-1722404
https://awards.acm.org/award-recipients/lee_2941862,"Lee, Peter",2026-09-29T18:35:10.494431+00:00,,docs/csrankings_missing_search_2026-09-29.md#sources,not_found,2026-09-29T18:36:46.656274+00:00,docs/csrankings_missing_search_2026-09-29.md#lee-2941862
https://awards.acm.org/award-recipients/mockapetris_3342151,"Mockapetris, Paul",2026-09-29T18:35:10.494431+00:00,,docs/csrankings_missing_search_2026-09-29.md#sources,not_found,2026-09-29T18:36:46.656274+00:00,docs/csrankings_missing_search_2026-09-29.md#mockapetris-3342151
https://awards.acm.org/award-recipients/peyton-jones_2286110,"Peyton-Jones, Simon L",2026-09-29T18:35:10.494431+00:00,,docs/csrankings_missing_search_2026-09-29.md#sources,not_found,2026-09-29T18:36:46.656274+00:00,docs/csrankings_missing_search_2026-09-29.md#peyton-jones-2286110
https://awards.acm.org/award-recipients/schantz_5183520,"Schantz, Richard",2026-09-29T18:35:10.494431+00:00,,docs/csrankings_missing_search_2026-09-29.md#sources,not_found,2026-09-29T18:36:46.656274+00:00,docs/csrankings_missing_search_2026-09-29.md#schantz-5183520
https://awards.acm.org/award-recipients/schroeder_1238062,"Schroeder, Michael D",2026-09-29T18:35:10.494431+00:00,,docs/csrankings_missing_search_2026-09-29.md#sources,not_found,2026-09-29T18:36:46.656274+00:00,docs/csrankings_missing_search_2026-09-29.md#schroeder-1238062
https://awards.acm.org/award-recipients/vassiliadis_4108874,"Vassiliadis, Stamatis",2026-09-29T18:35:10.494431+00:00,,docs/csrankings_missing_search_2026-09-29.md#sources,not_found,2026-09-29T18:36:46.656274+00:00,docs/csrankings_missing_search_2026-09-29.md#vassiliadis-4108874
https://awards.acm.org/award-recipients/wise_1041425,"Wise, David S",2026-09-29T18:35:10.494431+00:00,,docs/csrankings_missing_search_2026-09-29.md#sources,not_found,2026-09-29T18:36:46.656274+00:00,docs/csrankings_missing_search_2026-09-29.md#wise-1041425
https://awards.acm.org/award-recipients/agrawal_5033774,"Agrawal, Rakesh",2026-09-29T18:35:10.494431+00:00,,docs/csrankings_missing_search_2026-09-29.md#sources,not_found,2026-09-29T18:36:46.656274+00:00,docs/csrankings_missing_search_2026-09-29.md#agrawal-5033774
https://awards.acm.org/award-recipients/bahl_4616751,"Bahl, Victor",2026-09-29T18:35:10.494431+00:00,,docs/csrankings_missing_search_2026-09-29.md#sources,not_found,2026-09-29T18:36:46.656274+00:00,docs/csrankings_missing_search_2026-09-29.md#bahl-4616751
https://awards.acm.org/award-recipients/hailpern_1623560,"Hailpern, Brent T",2026-09-29T18:35:10.494431+00:00,,docs/csrankings_missing_search_2026-09-29.md#sources,not_found,2026-09-29T18:36:46.656274+00:00,docs/csrankings_missing_search_2026-09-29.md#hailpern-1623560
https://awards.acm.org/award-recipients/harrold_3125325,"Harrold, Mary",2026-09-29T18:35:10.494431+00:00,,docs/csrankings_missing_search_2026-09-29.md#sources,not_found,2026-09-29T18:36:46.656274+00:00,docs/csrankings_missing_search_2026-09-29.md#harrold-3125325
https://awards.acm.org/award-recipients/hart_1078831,"Hart, Peter E",2026-09-29T18:35:10.494431+00:00,,docs/csrankings_missing_search_2026-09-29.md#sources,not_found,2026-09-29T18:36:46.656274+00:00,docs/csrankings_missing_search_2026-09-29.md#hart-1078831
https://awards.acm.org/award-recipients/hudak_1966126,"Hudak, Paul",2026-09-29T18:35:10.494431+00:00,,docs/csrankings_missing_search_2026-09-29.md#sources,not_found,2026-09-29T18:36:46.656274+00:00,docs/csrankings_missing_search_2026-09-29.md#hudak-1966126
https://awards.acm.org/award-recipients/jha_4557161,"Jha, Niraj K.",2026-09-29T18:35:10.494431+00:00,,docs/csrankings_missing_search_2026-09-29.md#sources,not_found,2026-09-29T18:36:46.656274+00:00,docs/csrankings_missing_search_2026-09-29.md#jha-4557161
https://awards.acm.org/award-recipients/moran_1239979,"Moran, Thomas",2026-09-29T18:35:10.494431+00:00,,docs/csrankings_missing_search_2026-09-29.md#sources,not_found,2026-09-29T18:36:46.656274+00:00,docs/csrankings_missing_search_2026-09-29.md#moran-1239979
https://awards.acm.org/award-recipients/vanrijsbergen_1908771,"Van Rijsbergen, C J",2026-09-29T18:35:10.494431+00:00,,docs/csrankings_missing_search_2026-09-29.md#sources,not_found,2026-09-29T18:36:46.656274+00:00,docs/csrankings_missing_search_2026-09-29.md#vanrijsbergen-1908771
https://awards.acm.org/award-recipients/agrawal_3049186,"Agrawal, Vishwani D",2026-09-29T18:35:10.494431+00:00,,docs/csrankings_missing_search_2026-09-29.md#sources,not_found,2026-09-29T18:36:46.656274+00:00,docs/csrankings_missing_search_2026-09-29.md#agrawal-3049186
https://awards.acm.org/award-recipients/babaoglu_1684422,"Babaoglu, Ozalp",2026-09-29T18:35:10.494431+00:00,,docs/csrankings_missing_search_2026-09-29.md#sources,not_found,2026-09-29T18:36:46.656274+00:00,docs/csrankings_missing_search_2026-09-29.md#babaoglu-1684422
https://awards.acm.org/award-recipients/dietterich_2692762,"Dietterich, Thomas G",2026-09-29T18:35:10.494431+00:00,,docs/csrankings_missing_search_2026-09-29.md#sources,not_found,2026-09-29T18:36:46.656274+00:00,docs/csrankings_missing_search_2026-09-29.md#dietterich-2692762
https://awards.acm.org/award-recipients/eggers_1922665,"Eggers, Susan",2026-09-29T18:35:10.494431+00:00,,docs/csrankings_missing_search_2026-09-29.md#sources,not_found,2026-09-29T18:36:46.656274+00:00,docs/csrankings_missing_search_2026-09-29.md#eggers-1922665
https://awards.acm.org/award-recipients/gabow_1396977,"Gabow, Harold N",2026-09-29T18:35:10.494431+00:00,,docs/csrankings_missing_search_2026-09-29.md#sources,not_found,2026-09-29T18:36:46.656274+00:00,docs/csrankings_missing_search_2026-09-29.md#gabow-1396977
https://awards.acm.org/award-recipients/goyal_4690640,"Goyal, Ambuj",2026-09-29T18:35:10.494431+00:00,,docs/csrankings_missing_search_2026-09-29.md#sources,not_found,2026-09-29T18:36:46.656274+00:00,docs/csrankings_missing_search_2026-09-29.md#goyal-4690640
https://awards.acm.org/award-recipients/guzman_1110550,"Guzman, Adolfo",2026-09-29T18:35:10.494431+00:00,,docs/csrankings_missing_search_2026-09-29.md#sources,not_found,2026-09-29T18:36:46.656274+00:00,docs/csrankings_missing_search_2026-09-29.md#guzman-1110550
https://awards.acm.org/award-recipients/kellogg_3872595,"Kellogg, Wendy A",2026-09-29T18:35:10.494431+00:00,,docs/csrankings_missing_search_2026-09-29.md#sources,not_found,2026-09-29T18:36:46.656274+00:00,docs/csrankings_missing_search_2026-09-29.md#kellogg-3872595
https://awards.acm.org/award-recipients/lomet_1036250,"Lomet, David B",2026-09-29T18:35:10.494431+00:00,,docs/csrankings_missing_search_2026-09-29.md#sources,not_found,2026-09-29T18:36:46.656274+00:00,docs/csrankings_missing_search_2026-09-29.md#lomet-1036250
https://awards.acm.org/award-recipients/mohan_4674321,"Mohan, C.",2026-09-29T18:35:10.494431+00:00,,docs/csrankings_missing_search_2026-09-29.md#sources,not_found,2026-09-29T18:36:46.656274+00:00,docs/csrankings_missing_search_2026-09-29.md#mohan-4674321
https://awards.acm.org/award-recipients/naughton_3729555,"Naughton, Jeffrey F",2026-09-29T18:35:10.494431+00:00,,docs/csrankings_missing_search_2026-09-29.md#sources,not_found,2026-09-29T18:36:46.656274+00:00,docs/csrankings_missing_search_2026-09-29.md#naughton-3729555
https://awards.acm.org/award-recipients/rau_3746435,"Rau, Bantwal R",2026-09-29T18:35:10.494431+00:00,,docs/csrankings_missing_search_2026-09-29.md#sources,not_found,2026-09-29T18:36:46.656274+00:00,docs/csrankings_missing_search_2026-09-29.md#rau-3746435
https://awards.acm.org/award-recipients/salesin_3176872,"Salesin, David H",2026-09-29T18:35:10.494431+00:00,,docs/csrankings_missing_search_2026-09-29.md#sources,not_found,2026-09-29T18:36:46.656274+00:00,docs/csrankings_missing_search_2026-09-29.md#salesin-3176872
https://awards.acm.org/award-recipients/wilkes_2106466,"Wilkes, John",2026-09-29T18:35:10.494431+00:00,,docs/csrankings_missing_search_2026-09-29.md#sources,not_found,2026-09-29T18:36:46.656274+00:00,docs/csrankings_missing_search_2026-09-29.md#wilkes-2106466
https://awards.acm.org/award-recipients/abraham_1411065,"Abraham, Jacob",2026-09-29T18:35:10.494431+00:00,,docs/csrankings_missing_search_2026-09-29.md#sources,not_found,2026-09-29T18:36:46.656274+00:00,docs/csrankings_missing_search_2026-09-29.md#abraham-1411065
https://awards.acm.org/award-recipients/aiken_1056878,"Aiken, Robert",2026-09-29T18:35:10.494431+00:00,,docs/csrankings_missing_search_2026-09-29.md#sources,not_found,2026-09-29T18:36:46.656274+00:00,docs/csrankings_missing_search_2026-09-29.md#aiken-1056878
https://awards.acm.org/award-recipients/asano_1637115,"Asano, Tetsuo",2026-09-29T18:35:10.494431+00:00,,docs/csrankings_missing_search_2026-09-29.md#sources,not_found,2026-09-29T18:36:46.656274+00:00,docs/csrankings_missing_search_2026-09-29.md#asano-1637115
https://awards.acm.org/award-recipients/bernstein_1334671,"Bernstein, Philip A",2026-09-29T18:35:10.494431+00:00,,docs/csrankings_missing_search_2026-09-29.md#sources,not_found,2026-09-29T18:36:46.656274+00:00,docs/csrankings_missing_search_2026-09-29.md#bernstein-1334671
https://awards.acm.org/award-recipients/birnbaum_4128302,"Birnbaum, Joel S",2026-09-29T18:35:10.494431+00:00,,docs/csrankings_missing_search_2026-09-29.md#sources,not_found,2026-09-29T18:36:46.656274+00:00,docs/csrankings_missing_search_2026-09-29.md#birnbaum-4128302
https://awards.acm.org/award-recipients/breitbart_1464148,"Breitbart, Yuri",2026-09-29T18:35:10.494431+00:00,,docs/csrankings_missing_search_2026-09-29.md#sources,not_found,2026-09-29T18:36:46.656274+00:00,docs/csrankings_missing_search_2026-09-29.md#breitbart-1464148
https://awards.acm.org/award-recipients/clark_1239037,"Clark, David D",2026-09-29T18:35:10.494431+00:00,David Clark,docs/csrankings_missing_search_2026-09-29.md#sources,wrong_person,2026-09-29T18:36:46.656274+00:00,docs/csrankings_missing_search_2026-09-29.md#clark-1239037
https://awards.acm.org/award-recipients/clark_1239037,"Clark, David D",2026-09-29T18:35:10.494431+00:00,David Clark 0001,docs/csrankings_missing_search_2026-09-29.md#sources,wrong_person,2026-09-29T18:36:46.656274+00:00,docs/csrankings_missing_search_2026-09-29.md#clark-1239037
https://awards.acm.org/award-recipients/dekleer_5195433,"de Kleer, Johan",2026-09-29T18:35:10.494431+00:00,,docs/csrankings_missing_search_2026-09-29.md#sources,not_found,2026-09-29T18:36:46.656274+00:00,docs/csrankings_missing_search_2026-09-29.md#dekleer-5195433
https://awards.acm.org/award-recipients/farber_1012145,"Farber, David J.",2026-09-29T18:35:10.494431+00:00,,docs/csrankings_missing_search_2026-09-29.md#sources,not_found,2026-09-29T18:36:46.656274+00:00,docs/csrankings_missing_search_2026-09-29.md#farber-1012145
https://awards.acm.org/award-recipients/ferrari_1139658,"Ferrari, Domenico",2026-09-29T18:35:10.494431+00:00,,docs/csrankings_missing_search_2026-09-29.md#sources,not_found,2026-09-29T18:36:46.656274+00:00,docs/csrankings_missing_search_2026-09-29.md#ferrari-1139658
https://awards.acm.org/award-recipients/floyd_2769651,"Floyd, Sally J",2026-09-29T18:35:10.494431+00:00,,docs/csrankings_missing_search_2026-09-29.md#sources,not_found,2026-09-29T18:36:46.656274+00:00,docs/csrankings_missing_search_2026-09-29.md#floyd-2769651
https://awards.acm.org/award-recipients/gelenbe_4447025,"Gelenbe, Erol",2026-09-29T18:35:10.494431+00:00,,docs/csrankings_missing_search_2026-09-29.md#sources,not_found,2026-09-29T18:36:46.656274+00:00,docs/csrankings_missing_search_2026-09-29.md#gelenbe-4447025
https://awards.acm.org/award-recipients/jaja_1772425,"Jaja, Joseph F",2026-09-29T18:35:10.494431+00:00,,docs/csrankings_missing_search_2026-09-29.md#sources,not_found,2026-09-29T18:36:46.656274+00:00,docs/csrankings_missing_search_2026-09-29.md#jaja-1772425
https://awards.acm.org/award-recipients/kahn_4598637,"Kahn, Robert E",2026-09-29T18:35:10.494431+00:00,,docs/csrankings_missing_search_2026-09-29.md#sources,not_found,2026-09-29T18:36:46.656274+00:00,docs/csrankings_missing_search_2026-09-29.md#kahn-4598637
https://awards.acm.org/award-recipients/kang_4584710,"Kang , Sung Mo",2026-09-29T18:35:10.494431+00:00,,docs/csrankings_missing_search_2026-09-29.md#sources,not_found,2026-09-29T18:36:46.656274+00:00,docs/csrankings_missing_search_2026-09-29.md#kang-4584710
https://awards.acm.org/award-recipients/kieburtz_1119536,"Kieburtz, Richard B",2026-09-29T18:35:10.494431+00:00,,docs/csrankings_missing_search_2026-09-29.md#sources,not_found,2026-09-29T18:36:46.656274+00:00,docs/csrankings_missing_search_2026-09-29.md#kieburtz-1119536
https://awards.acm.org/award-recipients/litwin_1602903,"Litwin, Witold",2026-09-29T18:35:10.494431+00:00,,docs/csrankings_missing_search_2026-09-29.md#sources,not_found,2026-09-29T18:36:46.656274+00:00,docs/csrankings_missing_search_2026-09-29.md#litwin-1602903
https://awards.acm.org/award-recipients/mogul_1720986,"Mogul, Jeffrey C",2026-09-29T18:35:10.494431+00:00,,docs/csrankings_missing_search_2026-09-29.md#sources,not_found,2026-09-29T18:36:46.656274+00:00,docs/csrankings_missing_search_2026-09-29.md#mogul-1720986
https://awards.acm.org/award-recipients/parker_1004340,"Parker, Donn B",2026-09-29T18:35:10.494431+00:00,,docs/csrankings_missing_search_2026-09-29.md#sources,not_found,2026-09-29T18:36:46.656274+00:00,docs/csrankings_missing_search_2026-09-29.md#parker-1004340
https://awards.acm.org/award-recipients/patel_1595982,"Patel, Janak H",2026-09-29T18:35:10.494431+00:00,,docs/csrankings_missing_search_2026-09-29.md#sources,not_found,2026-09-29T18:36:46.656274+00:00,docs/csrankings_missing_search_2026-09-29.md#patel-1595982
https://awards.acm.org/award-recipients/patt_1374941,"Patt, Yale",2026-09-29T18:35:10.494431+00:00,,docs/csrankings_missing_search_2026-09-29.md#sources,not_found,2026-09-29T18:36:46.656274+00:00,docs/csrankings_missing_search_2026-09-29.md#patt-1374941
https://awards.acm.org/award-recipients/pohl_1059500,"Pohl, Ira",2026-09-29T18:35:10.494431+00:00,,docs/csrankings_missing_search_2026-09-29.md#sources,not_found,2026-09-29T18:36:46.656274+00:00,docs/csrankings_missing_search_2026-09-29.md#pohl-1059500
https://awards.acm.org/award-recipients/raghavan_N004671,"Raghavan, Prabhakar",2026-09-29T18:35:10.494431+00:00,,docs/csrankings_missing_search_2026-09-29.md#sources,not_found,2026-09-29T18:36:46.656274+00:00,docs/csrankings_missing_search_2026-09-29.md#raghavan-n004671
https://awards.acm.org/award-recipients/ramakrishnan_3252756,"Ramakrishnan, Raghu",2026-09-29T18:35:10.494431+00:00,,docs/csrankings_missing_search_2026-09-29.md#sources,not_found,2026-09-29T18:36:46.656274+00:00,docs/csrankings_missing_search_2026-09-29.md#ramakrishnan-3252756
https://awards.acm.org/award-recipients/reynolds_1030899,"Reynolds, John C",2026-09-29T18:35:10.494431+00:00,,docs/csrankings_missing_search_2026-09-29.md#sources,not_found,2026-09-29T18:36:46.656274+00:00,docs/csrankings_missing_search_2026-09-29.md#reynolds-1030899
https://awards.acm.org/award-recipients/robertson_1080837,"Robertson, George",2026-09-29T18:35:10.494431+00:00,,docs/csrankings_missing_search_2026-09-29.md#sources,not_found,2026-09-29T18:36:46.656274+00:00,docs/csrankings_missing_search_2026-09-29.md#robertson-1080837
https://awards.acm.org/award-recipients/sabnani_6154314,"Sabnani, Krishan K.",2026-09-29T18:35:10.494431+00:00,,docs/csrankings_missing_search_2026-09-29.md#sources,not_found,2026-09-29T18:36:46.656274+00:00,docs/csrankings_missing_search_2026-09-29.md#sabnani-6154314
https://awards.acm.org/award-recipients/schek_1967272,"Schek, Hans-Joerg",2026-09-29T18:35:10.494431+00:00,,docs/csrankings_missing_search_2026-09-29.md#sources,not_found,2026-09-29T18:36:46.656274+00:00,docs/csrankings_missing_search_2026-09-29.md#schek-1967272
https://awards.acm.org/award-recipients/schlichting_1498310,"Schlichting, Richard D",2026-09-29T18:35:10.494431+00:00,,docs/csrankings_missing_search_2026-09-29.md#sources,not_found,2026-09-29T18:36:46.656274+00:00,docs/csrankings_missing_search_2026-09-29.md#schlichting-1498310
https://awards.acm.org/award-recipients/smith_1240373,"Smith, Alan J",2026-09-29T18:35:10.494431+00:00,,docs/csrankings_missing_search_2026-09-29.md#sources,not_found,2026-09-29T18:36:46.656274+00:00,docs/csrankings_missing_search_2026-09-29.md#smith-1240373
https://awards.acm.org/award-recipients/steinmetz_2492122,"Steinmetz, Ralf",2026-09-29T18:35:10.494431+00:00,,docs/csrankings_missing_search_2026-09-29.md#sources,not_found,2026-09-29T18:36:46.656274+00:00,docs/csrankings_missing_search_2026-09-29.md#steinmetz-2492122
https://awards.acm.org/award-recipients/wolf_1958891,"Wolf, Marilyn",2026-09-29T18:35:10.494431+00:00,,docs/csrankings_missing_search_2026-09-29.md#sources,not_found,2026-09-29T18:36:46.656274+00:00,docs/csrankings_missing_search_2026-09-29.md#wolf-1958891
https://awards.acm.org/award-recipients/zave_1255058,"Zave, Pamela",2026-09-29T18:35:10.494431+00:00,,docs/csrankings_missing_search_2026-09-29.md#sources,not_found,2026-09-29T18:36:46.656274+00:00,docs/csrankings_missing_search_2026-09-29.md#zave-1255058
https://awards.acm.org/award-recipients/banerjee_2526747,"Banerjee, Prithviraj",2026-09-29T18:35:10.494431+00:00,,docs/csrankings_missing_search_2026-09-29.md#sources,not_found,2026-09-29T18:36:46.656274+00:00,docs/csrankings_missing_search_2026-09-29.md#banerjee-2526747
https://awards.acm.org/award-recipients/biermann_1129477,"Biermann, Alan W",2026-09-29T18:35:10.494431+00:00,,docs/csrankings_missing_search_2026-09-29.md#sources,not_found,2026-09-29T18:36:46.656274+00:00,docs/csrankings_missing_search_2026-09-29.md#biermann-1129477
https://awards.acm.org/award-recipients/bokhari_1596477,"Bokhari, Shahid H",2026-09-29T18:35:10.494431+00:00,,docs/csrankings_missing_search_2026-09-29.md#sources,not_found,2026-09-29T18:36:46.656274+00:00,docs/csrankings_missing_search_2026-09-29.md#bokhari-1596477
https://awards.acm.org/award-recipients/card_2489516,"Card, Stuart K.",2026-09-29T18:35:10.494431+00:00,,docs/csrankings_missing_search_2026-09-29.md#sources,not_found,2026-09-29T18:36:46.656274+00:00,docs/csrankings_missing_search_2026-09-29.md#card-2489516
https://awards.acm.org/award-recipients/duncan_1117605,"Duncan, Karen",2026-09-29T18:35:10.494431+00:00,,docs/csrankings_missing_search_2026-09-29.md#sources,not_found,2026-09-29T18:36:46.656274+00:00,docs/csrankings_missing_search_2026-09-29.md#duncan-1117605
https://awards.acm.org/award-recipients/fagin_N951889,"Fagin, Ronald",2026-09-29T18:35:10.494431+00:00,,docs/csrankings_missing_search_2026-09-29.md#sources,not_found,2026-09-29T18:36:46.656274+00:00,docs/csrankings_missing_search_2026-09-29.md#fagin-n951889
https://awards.acm.org/award-recipients/freeman_1034859,"Freeman, Peter A",2026-09-29T18:35:10.494431+00:00,,docs/csrankings_missing_search_2026-09-29.md#sources,not_found,2026-09-29T18:36:46.656274+00:00,docs/csrankings_missing_search_2026-09-29.md#freeman-1034859
https://awards.acm.org/award-recipients/fuchs_2110864,"Fuchs, Wesley Kent",2026-09-29T18:35:10.494431+00:00,,docs/csrankings_missing_search_2026-09-29.md#sources,not_found,2026-09-29T18:36:46.656274+00:00,docs/csrankings_missing_search_2026-09-29.md#fuchs-2110864
https://awards.acm.org/award-recipients/haderle_2651198,"Haderle, Donald J",2026-09-29T18:35:10.494431+00:00,,docs/csrankings_missing_search_2026-09-29.md#sources,not_found,2026-09-29T18:36:46.656274+00:00,docs/csrankings_missing_search_2026-09-29.md#haderle-2651198
https://awards.acm.org/award-recipients/heath_2177665,"Heath, Michael",2026-09-29T18:35:10.494431+00:00,,docs/csrankings_missing_search_2026-09-29.md#sources,not_found,2026-09-29T18:36:46.656274+00:00,docs/csrankings_missing_search_2026-09-29.md#heath-2177665
https://awards.acm.org/award-recipients/kleinrock_1081546,"Kleinrock, Leonard",2026-09-29T18:35:10.494431+00:00,,docs/csrankings_missing_search_2026-09-29.md#sources,not_found,2026-09-29T18:36:46.656274+00:00,docs/csrankings_missing_search_2026-09-29.md#kleinrock-1081546
https://awards.acm.org/award-recipients/lamsweerde_1962265,"Lamsweerde, Axel Van",2026-09-29T18:35:10.494431+00:00,,docs/csrankings_missing_search_2026-09-29.md#sources,not_found,2026-09-29T18:36:46.656274+00:00,docs/csrankings_missing_search_2026-09-29.md#lamsweerde-1962265
https://awards.acm.org/award-recipients/lorie_4303566,"Lorie, Raymond A",2026-09-29T18:35:10.494431+00:00,,docs/csrankings_missing_search_2026-09-29.md#sources,not_found,2026-09-29T18:36:46.656274+00:00,docs/csrankings_missing_search_2026-09-29.md#lorie-4303566
https://awards.acm.org/award-recipients/loveland_1010602,"Loveland, Donald W",2026-09-29T18:35:10.494431+00:00,,docs/csrankings_missing_search_2026-09-29.md#sources,not_found,2026-09-29T18:36:46.656274+00:00,docs/csrankings_missing_search_2026-09-29.md#loveland-1010602
https://awards.acm.org/award-recipients/warren_1844307,"Warren, David S",2026-09-29T18:35:10.494431+00:00,,docs/csrankings_missing_search_2026-09-29.md#sources,not_found,2026-09-29T18:36:46.656274+00:00,docs/csrankings_missing_search_2026-09-29.md#warren-1844307
https://awards.acm.org/award-recipients/williams_1076371,"Williams, Robin",2026-09-29T18:35:10.494431+00:00,,docs/csrankings_missing_search_2026-09-29.md#sources,not_found,2026-09-29T18:36:46.656274+00:00,docs/csrankings_missing_search_2026-09-29.md#williams-1076371
https://awards.acm.org/award-recipients/auslander_1044882,"Auslander, Marc",2026-09-29T18:35:10.494431+00:00,,docs/csrankings_missing_search_2026-09-29.md#sources,not_found,2026-09-29T18:36:46.656274+00:00,docs/csrankings_missing_search_2026-09-29.md#auslander-1044882
https://awards.acm.org/award-recipients/braden_1009208,"Braden, Robert T",2026-09-29T18:35:10.494431+00:00,,docs/csrankings_missing_search_2026-09-29.md#sources,not_found,2026-09-29T18:36:46.656274+00:00,docs/csrankings_missing_search_2026-09-29.md#braden-1009208
https://awards.acm.org/award-recipients/cook_4147260,"Cook, Rob",2026-09-29T18:35:10.494431+00:00,,docs/csrankings_missing_search_2026-09-29.md#sources,not_found,2026-09-29T18:36:46.656274+00:00,docs/csrankings_missing_search_2026-09-29.md#cook-4147260
https://awards.acm.org/award-recipients/deblasi_3515723,"DeBlasi, Joseph S",2026-09-29T18:35:10.494431+00:00,,docs/csrankings_missing_search_2026-09-29.md#sources,not_found,2026-09-29T18:36:46.656274+00:00,docs/csrankings_missing_search_2026-09-29.md#deblasi-3515723
https://awards.acm.org/award-recipients/fateman_1117654,"Fateman, Richard J",2026-09-29T18:35:10.494431+00:00,,docs/csrankings_missing_search_2026-09-29.md#sources,not_found,2026-09-29T18:36:46.656274+00:00,docs/csrankings_missing_search_2026-09-29.md#fateman-1117654
https://awards.acm.org/award-recipients/geschke_1240134,"Geschke, Charles M",2026-09-29T18:35:10.494431+00:00,,docs/csrankings_missing_search_2026-09-29.md#sources,not_found,2026-09-29T18:36:46.656274+00:00,docs/csrankings_missing_search_2026-09-29.md#geschke-1240134
https://awards.acm.org/award-recipients/ghezzi_1434422,"Ghezzi, Carlo",2026-09-29T18:35:10.494431+00:00,,docs/csrankings_missing_search_2026-09-29.md#sources,not_found,2026-09-29T18:36:46.656274+00:00,docs/csrankings_missing_search_2026-09-29.md#ghezzi-1434422
https://awards.acm.org/award-recipients/glass_1532894,"Glass, Robert L",2026-09-29T18:35:10.494431+00:00,,docs/csrankings_missing_search_2026-09-29.md#sources,not_found,2026-09-29T18:36:46.656274+00:00,docs/csrankings_missing_search_2026-09-29.md#glass-1532894
https://awards.acm.org/award-recipients/ibaraki_1089572,"Ibaraki, Toshihide",2026-09-29T18:35:10.494431+00:00,,docs/csrankings_missing_search_2026-09-29.md#sources,not_found,2026-09-29T18:36:46.656274+00:00,docs/csrankings_missing_search_2026-09-29.md#ibaraki-1089572
,John D Gannon,2026-09-29T18:35:10.494431+00:00,,docs/csrankings_missing_search_2026-09-29.md#sources,not_found,2026-09-29T18:36:46.656274+00:00,docs/csrankings_missing_search_2026-09-29.md#name--ohn----annon
https://awards.acm.org/award-recipients/lewis_1144468,"Lewis, Philip M",2026-09-29T18:35:10.494431+00:00,,docs/csrankings_missing_search_2026-09-29.md#sources,not_found,2026-09-29T18:36:46.656274+00:00,docs/csrankings_missing_search_2026-09-29.md#lewis-1144468
https://awards.acm.org/award-recipients/macqueen_1475888,"MacQueen, David",2026-09-29T18:35:10.494431+00:00,,docs/csrankings_missing_search_2026-09-29.md#sources,not_found,2026-09-29T18:36:46.656274+00:00,docs/csrankings_missing_search_2026-09-29.md#macqueen-1475888
https://awards.acm.org/award-recipients/martin_2161529,"Martin, C. Dianne",2026-09-29T18:35:10.494431+00:00,,docs/csrankings_missing_search_2026-09-29.md#sources,not_found,2026-09-29T18:36:46.656274+00:00,docs/csrankings_missing_search_2026-09-29.md#martin-2161529
https://awards.acm.org/award-recipients/masinter_3814811,"Masinter, Larry M",2026-09-29T18:35:10.494431+00:00,,docs/csrankings_missing_search_2026-09-29.md#sources,not_found,2026-09-29T18:36:46.656274+00:00,docs/csrankings_missing_search_2026-09-29.md#masinter-3814811
https://awards.acm.org/award-recipients/mills_1036540,"Mills, David L",2026-09-29T18:35:10.494431+00:00,,docs/csrankings_missing_search_2026-09-29.md#sources,not_found,2026-09-29T18:36:46.656274+00:00,docs/csrankings_missing_search_2026-09-29.md#mills-1036540
https://awards.acm.org/award-recipients/pradhan_1390087,"Pradhan, Dhiraj",2026-09-29T18:35:10.494431+00:00,,docs/csrankings_missing_search_2026-09-29.md#sources,not_found,2026-09-29T18:36:46.656274+00:00,docs/csrankings_missing_search_2026-09-29.md#pradhan-1390087
https://awards.acm.org/award-recipients/samuelson_3933272,"Samuelson, Pamela",2026-09-29T18:35:10.494431+00:00,,docs/csrankings_missing_search_2026-09-29.md#sources,not_found,2026-09-29T18:36:46.656274+00:00,docs/csrankings_missing_search_2026-09-29.md#samuelson-3933272
https://awards.acm.org/award-recipients/tan_4326757,"Tan, Chung Jen",2026-09-29T18:35:10.494431+00:00,,docs/csrankings_missing_search_2026-09-29.md#sources,not_found,2026-09-29T18:36:46.656274+00:00,docs/csrankings_missing_search_2026-09-29.md#tan-4326757
https://awards.acm.org/award-recipients/torii_3055183,"Torii, Koji",2026-09-29T18:35:10.494431+00:00,,docs/csrankings_missing_search_2026-09-29.md#sources,not_found,2026-09-29T18:36:46.656274+00:00,docs/csrankings_missing_search_2026-09-29.md#torii-3055183
https://awards.acm.org/award-recipients/waltz_1508100,"Waltz, David L",2026-09-29T18:35:10.494431+00:00,,docs/csrankings_missing_search_2026-09-29.md#sources,not_found,2026-09-29T18:36:46.656274+00:00,docs/csrankings_missing_search_2026-09-29.md#waltz-1508100
https://awards.acm.org/award-recipients/warnock_4021408,"Warnock, John",2026-09-29T18:35:10.494431+00:00,,docs/csrankings_missing_search_2026-09-29.md#sources,not_found,2026-09-29T18:36:46.656274+00:00,docs/csrankings_missing_search_2026-09-29.md#warnock-4021408
https://awards.acm.org/award-recipients/yonezawa_1476860,"Yonezawa, Akinori",2026-09-29T18:35:10.494431+00:00,,docs/csrankings_missing_search_2026-09-29.md#sources,not_found,2026-09-29T18:36:46.656274+00:00,docs/csrankings_missing_search_2026-09-29.md#yonezawa-1476860
https://awards.acm.org/award-recipients/browne_1027143,"Browne, James C",2026-09-29T18:35:10.494431+00:00,,docs/csrankings_missing_search_2026-09-29.md#sources,not_found,2026-09-29T18:36:46.656274+00:00,docs/csrankings_missing_search_2026-09-29.md#browne-1027143
https://awards.acm.org/award-recipients/chen_2463263,"Chen, Peter P",2026-09-29T18:35:10.494431+00:00,,docs/csrankings_missing_search_2026-09-29.md#sources,not_found,2026-09-29T18:36:46.656274+00:00,docs/csrankings_missing_search_2026-09-29.md#chen-2463263
https://awards.acm.org/award-recipients/clarke_1395003,"Clarke, Lori",2026-09-29T18:35:10.494431+00:00,,docs/csrankings_missing_search_2026-09-29.md#sources,not_found,2026-09-29T18:36:46.656274+00:00,docs/csrankings_missing_search_2026-09-29.md#clarke-1395003
https://awards.acm.org/award-recipients/ellis_3975695,"Ellis, Clarence A",2026-09-29T18:35:10.494431+00:00,,docs/csrankings_missing_search_2026-09-29.md#sources,not_found,2026-09-29T18:36:46.656274+00:00,docs/csrankings_missing_search_2026-09-29.md#ellis-3975695
https://awards.acm.org/award-recipients/gabriel_3666336,"Gabriel, Richard P.",2026-09-29T18:35:10.494431+00:00,,docs/csrankings_missing_search_2026-09-29.md#sources,not_found,2026-09-29T18:36:46.656274+00:00,docs/csrankings_missing_search_2026-09-29.md#gabriel-3666336
https://awards.acm.org/award-recipients/gupta_1257229,"Gupta, Gopal Krishna",2026-09-29T18:35:10.494431+00:00,Gopal Gupta,docs/csrankings_missing_search_2026-09-29.md#sources,wrong_person,2026-09-29T18:36:46.656274+00:00,docs/csrankings_missing_search_2026-09-29.md#gupta-1257229
https://awards.acm.org/award-recipients/gupta_1257229,"Gupta, Gopal Krishna",2026-09-29T18:35:10.494431+00:00,Gopal Gupta 0001,docs/csrankings_missing_search_2026-09-29.md#sources,wrong_person,2026-09-29T18:36:46.656274+00:00,docs/csrankings_missing_search_2026-09-29.md#gupta-1257229
https://awards.acm.org/award-recipients/horning_1051440,"Horning, James Jay",2026-09-29T18:35:10.494431+00:00,,docs/csrankings_missing_search_2026-09-29.md#sources,not_found,2026-09-29T18:36:46.656274+00:00,docs/csrankings_missing_search_2026-09-29.md#horning-1051440
https://awards.acm.org/award-recipients/jones_4210456,"Jones, Neil",2026-09-29T18:35:10.494431+00:00,,docs/csrankings_missing_search_2026-09-29.md#sources,not_found,2026-09-29T18:36:46.656274+00:00,docs/csrankings_missing_search_2026-09-29.md#jones-4210456
https://awards.acm.org/award-recipients/joshi_1047992,"Joshi, Aravind K",2026-09-29T18:35:10.494431+00:00,,docs/csrankings_missing_search_2026-09-29.md#sources,not_found,2026-09-29T18:36:46.656274+00:00,docs/csrankings_missing_search_2026-09-29.md#joshi-1047992
https://awards.acm.org/award-recipients/kandel_1140078,"Kandel, Abraham",2026-09-29T18:35:10.494431+00:00,,docs/csrankings_missing_search_2026-09-29.md#sources,not_found,2026-09-29T18:36:46.656274+00:00,docs/csrankings_missing_search_2026-09-29.md#kandel-1140078
https://awards.acm.org/award-recipients/kent_1575380,"Kent, Stephen T",2026-09-29T18:35:10.494431+00:00,,docs/csrankings_missing_search_2026-09-29.md#sources,not_found,2026-09-29T18:36:46.656274+00:00,docs/csrankings_missing_search_2026-09-29.md#kent-1575380
https://awards.acm.org/award-recipients/notkin_1526847,"Notkin, David S",2026-09-29T18:35:10.494431+00:00,,docs/csrankings_missing_search_2026-09-29.md#sources,not_found,2026-09-29T18:36:46.656274+00:00,docs/csrankings_missing_search_2026-09-29.md#notkin-1526847
https://awards.acm.org/award-recipients/nycum_1456367,"Nycum, Susan H",2026-09-29T18:35:10.494431+00:00,,docs/csrankings_missing_search_2026-09-29.md#sources,not_found,2026-09-29T18:36:46.656274+00:00,docs/csrankings_missing_search_2026-09-29.md#nycum-1456367
https://awards.acm.org/award-recipients/osterweil_3140399,"Osterweil, Leon J",2026-09-29T18:35:10.494431+00:00,,docs/csrankings_missing_search_2026-09-29.md#sources,not_found,2026-09-29T18:36:46.656274+00:00,docs/csrankings_missing_search_2026-09-29.md#osterweil-3140399
https://awards.acm.org/award-recipients/rangan_3841665,"Rangan, Venkat P",2026-09-29T18:35:10.494431+00:00,,docs/csrankings_missing_search_2026-09-29.md#sources,not_found,2026-09-29T18:36:46.656274+00:00,docs/csrankings_missing_search_2026-09-29.md#rangan-3841665
https://awards.acm.org/award-recipients/richards_3250446,"Richards, John T",2026-09-29T18:35:10.494431+00:00,,docs/csrankings_missing_search_2026-09-29.md#sources,not_found,2026-09-29T18:36:46.656274+00:00,docs/csrankings_missing_search_2026-09-29.md#richards-3250446
https://awards.acm.org/award-recipients/rowe_1080860,"Rowe, Lawrence A",2026-09-29T18:35:10.494431+00:00,,docs/csrankings_missing_search_2026-09-29.md#sources,not_found,2026-09-29T18:36:46.656274+00:00,docs/csrankings_missing_search_2026-09-29.md#rowe-1080860
https://awards.acm.org/award-recipients/selman_1182401,"Selman, Alan",2026-09-29T18:35:10.494431+00:00,,docs/csrankings_missing_search_2026-09-29.md#sources,not_found,2026-09-29T18:36:46.656274+00:00,docs/csrankings_missing_search_2026-09-29.md#selman-1182401
https://awards.acm.org/award-recipients/sequin_1723501,"Sequin, Carlo H",2026-09-29T18:35:10.494431+00:00,,docs/csrankings_missing_search_2026-09-29.md#sources,not_found,2026-09-29T18:36:46.656274+00:00,docs/csrankings_missing_search_2026-09-29.md#sequin-1723501
https://awards.acm.org/award-recipients/siegel_1435668,"Siegel, H. J.",2026-09-29T18:35:10.494431+00:00,,docs/csrankings_missing_search_2026-09-29.md#sources,not_found,2026-09-29T18:36:46.656274+00:00,docs/csrankings_missing_search_2026-09-29.md#siegel-1435668
https://awards.acm.org/award-recipients/turner_1244433,"Turner, Albert J",2026-09-29T18:35:10.494431+00:00,,docs/csrankings_missing_search_2026-09-29.md#sources,not_found,2026-09-29T18:36:46.656274+00:00,docs/csrankings_missing_search_2026-09-29.md#turner-1244433
https://awards.acm.org/award-recipients/wing_1654391,"Wing, Jeannette M.",2026-09-29T18:35:10.494431+00:00,,docs/csrankings_missing_search_2026-09-29.md#sources,not_found,2026-09-29T18:36:46.656274+00:00,docs/csrankings_missing_search_2026-09-29.md#wing-1654391
https://awards.acm.org/award-recipients/zweben_1290964,"Zweben, Stuart",2026-09-29T18:35:10.494431+00:00,,docs/csrankings_missing_search_2026-09-29.md#sources,not_found,2026-09-29T18:36:46.656274+00:00,docs/csrankings_missing_search_2026-09-29.md#zweben-1290964
https://awards.acm.org/award-recipients/akyildiz_2743755,"akyildiz, ian f",2026-09-29T18:35:10.494431+00:00,,docs/csrankings_missing_search_2026-09-29.md#sources,not_found,2026-09-29T18:36:46.656274+00:00,docs/csrankings_missing_search_2026-09-29.md#akyildiz-2743755
https://awards.acm.org/award-recipients/ebaer_1063148,"Baer, Jean-Loup",2026-09-29T18:35:10.494431+00:00,,docs/csrankings_missing_search_2026-09-29.md#sources,not_found,2026-09-29T18:36:46.656274+00:00,docs/csrankings_missing_search_2026-09-29.md#ebaer-1063148
https://awards.acm.org/award-recipients/basili_1045137,"Basili, Victor",2026-09-29T18:35:10.494431+00:00,,docs/csrankings_missing_search_2026-09-29.md#sources,not_found,2026-09-29T18:36:46.656274+00:00,docs/csrankings_missing_search_2026-09-29.md#basili-1045137
https://awards.acm.org/award-recipients/bate_1033521,"Bate, Roger R",2026-09-29T18:35:10.494431+00:00,,docs/csrankings_missing_search_2026-09-29.md#sources,not_found,2026-09-29T18:36:46.656274+00:00,docs/csrankings_missing_search_2026-09-29.md#bate-1033521
https://awards.acm.org/award-recipients/chlamtac_1888304,"Chlamtac, Imrich",2026-09-29T18:35:10.494431+00:00,,docs/csrankings_missing_search_2026-09-29.md#sources,not_found,2026-09-29T18:36:46.656274+00:00,docs/csrankings_missing_search_2026-09-29.md#chlamtac-1888304
https://awards.acm.org/award-recipients/croft_1539394,"Croft, Bruce",2026-09-29T18:35:10.494431+00:00,,docs/csrankings_missing_search_2026-09-29.md#sources,not_found,2026-09-29T18:36:46.656274+00:00,docs/csrankings_missing_search_2026-09-29.md#croft-1539394
https://awards.acm.org/award-recipients/davis_1044965,"Davis, Gordon B",2026-09-29T18:35:10.494431+00:00,,docs/csrankings_missing_search_2026-09-29.md#sources,not_found,2026-09-29T18:36:46.656274+00:00,docs/csrankings_missing_search_2026-09-29.md#davis-1044965
https://awards.acm.org/award-recipients/freeman_1001833,"Freeman, Herbert",2026-09-29T18:35:10.494431+00:00,,docs/csrankings_missing_search_2026-09-29.md#sources,not_found,2026-09-29T18:36:46.656274+00:00,docs/csrankings_missing_search_2026-09-29.md#freeman-1001833
https://awards.acm.org/award-recipients/garcia-molina_1583368,"Garcia-Molina, Hector",2026-09-29T18:35:10.494431+00:00,,docs/csrankings_missing_search_2026-09-29.md#sources,not_found,2026-09-29T18:36:46.656274+00:00,docs/csrankings_missing_search_2026-09-29.md#garcia-molina-1583368
https://awards.acm.org/award-recipients/greif_1243609,"Greif, Irene",2026-09-29T18:35:10.494431+00:00,,docs/csrankings_missing_search_2026-09-29.md#sources,not_found,2026-09-29T18:36:46.656274+00:00,docs/csrankings_missing_search_2026-09-29.md#greif-1243609
https://awards.acm.org/award-recipients/gurevich_2256485,"Gurevich, Yuri",2026-09-29T18:35:10.494431+00:00,,docs/csrankings_missing_search_2026-09-29.md#sources,not_found,2026-09-29T18:36:46.656274+00:00,docs/csrankings_missing_search_2026-09-29.md#gurevich-2256485
,J D Couger,2026-09-29T18:35:10.494431+00:00,,docs/csrankings_missing_search_2026-09-29.md#sources,not_found,2026-09-29T18:36:46.656274+00:00,docs/csrankings_missing_search_2026-09-29.md#name------ouger
https://awards.acm.org/award-recipients/lawson_1018555,"Lawson, H W",2026-09-29T18:35:10.494431+00:00,,docs/csrankings_missing_search_2026-09-29.md#sources,not_found,2026-09-29T18:36:46.656274+00:00,docs/csrankings_missing_search_2026-09-29.md#lawson-1018555
https://awards.acm.org/award-recipients/lee_1683903,"Lee, Der-Tsai",2026-09-29T18:35:10.494431+00:00,,docs/csrankings_missing_search_2026-09-29.md#sources,not_found,2026-09-29T18:36:46.656274+00:00,docs/csrankings_missing_search_2026-09-29.md#lee-1683903
https://awards.acm.org/award-recipients/miller_1010750,"Miller, Raymond",2026-09-29T18:35:10.494431+00:00,,docs/csrankings_missing_search_2026-09-29.md#sources,not_found,2026-09-29T18:36:46.656274+00:00,docs/csrankings_missing_search_2026-09-29.md#miller-1010750
https://awards.acm.org/award-recipients/perrott_3842507,"Perrott, Ron",2026-09-29T18:35:10.494431+00:00,,docs/csrankings_missing_search_2026-09-29.md#sources,not_found,2026-09-29T18:36:46.656274+00:00,docs/csrankings_missing_search_2026-09-29.md#perrott-3842507
https://awards.acm.org/award-recipients/pippenger_1421585,"Pippenger, Nicholas",2026-09-29T18:35:10.494431+00:00,,docs/csrankings_missing_search_2026-09-29.md#sources,not_found,2026-09-29T18:36:46.656274+00:00,docs/csrankings_missing_search_2026-09-29.md#pippenger-1421585
https://awards.acm.org/award-recipients/pratt_1324086,"Pratt, Vaughan Ronald",2026-09-29T18:35:10.494431+00:00,,docs/csrankings_missing_search_2026-09-29.md#sources,not_found,2026-09-29T18:36:46.656274+00:00,docs/csrankings_missing_search_2026-09-29.md#pratt-1324086
,Raymond Reiter,2026-09-29T18:35:10.494431+00:00,,docs/csrankings_missing_search_2026-09-29.md#sources,not_found,2026-09-29T18:36:46.656274+00:00,docs/csrankings_missing_search_2026-09-29.md#name--aymond--eiter
https://awards.acm.org/award-recipients/schneck_1045616,"Schneck, Paul",2026-09-29T18:35:10.494431+00:00,,docs/csrankings_missing_search_2026-09-29.md#sources,not_found,2026-09-29T18:36:46.656274+00:00,docs/csrankings_missing_search_2026-09-29.md#schneck-1045616
https://awards.acm.org/award-recipients/sevcik_1127315,"Sevcik, Kenneth C",2026-09-29T18:35:10.494431+00:00,,docs/csrankings_missing_search_2026-09-29.md#sources,not_found,2026-09-29T18:36:46.656274+00:00,docs/csrankings_missing_search_2026-09-29.md#sevcik-1127315
https://awards.acm.org/award-recipients/shaw_1096734,"Shaw, Alan C",2026-09-29T18:35:10.494431+00:00,,docs/csrankings_missing_search_2026-09-29.md#sources,not_found,2026-09-29T18:36:46.656274+00:00,docs/csrankings_missing_search_2026-09-29.md#shaw-1096734
https://awards.acm.org/award-recipients/steiglitz_2779957,"Steiglitz, Kenneth",2026-09-29T18:35:10.494431+00:00,,docs/csrankings_missing_search_2026-09-29.md#sources,not_found,2026-09-29T18:36:46.656274+00:00,docs/csrankings_missing_search_2026-09-29.md#steiglitz-2779957
https://awards.acm.org/award-recipients/wilensky_1570597,"Wilensky, Robert",2026-09-29T18:35:10.494431+00:00,,docs/csrankings_missing_search_2026-09-29.md#sources,not_found,2026-09-29T18:36:46.656274+00:00,docs/csrankings_missing_search_2026-09-29.md#wilensky-1570597
https://awards.acm.org/award-recipients/zanella_1025881,"Zanella, Paolo",2026-09-29T18:35:10.494431+00:00,,docs/csrankings_missing_search_2026-09-29.md#sources,not_found,2026-09-29T18:36:46.656274+00:00,docs/csrankings_missing_search_2026-09-29.md#zanella-1025881
https://awards.acm.org/award-recipients/adrion_1176312,"Adrion, William Richards",2026-09-29T18:35:10.494431+00:00,,docs/csrankings_missing_search_2026-09-29.md#sources,not_found,2026-09-29T18:36:46.656274+00:00,docs/csrankings_missing_search_2026-09-29.md#adrion-1176312
https://awards.acm.org/award-recipients/ahuja_1711084,"Ahuja, Narendra",2026-09-29T18:35:10.494431+00:00,,docs/csrankings_missing_search_2026-09-29.md#sources,not_found,2026-09-29T18:36:46.656274+00:00,docs/csrankings_missing_search_2026-09-29.md#ahuja-1711084
https://awards.acm.org/award-recipients/akeley_2777811,"Akeley, Kurt B",2026-09-29T18:35:10.494431+00:00,,docs/csrankings_missing_search_2026-09-29.md#sources,not_found,2026-09-29T18:36:46.656274+00:00,docs/csrankings_missing_search_2026-09-29.md#akeley-2777811
https://awards.acm.org/award-recipients/borg_4980071,"Borg, Anita",2026-09-29T18:35:10.494431+00:00,,docs/csrankings_missing_search_2026-09-29.md#sources,not_found,2026-09-29T18:36:46.656274+00:00,docs/csrankings_missing_search_2026-09-29.md#borg-4980071
https://awards.acm.org/award-recipients/chandrasekaran_1123546,"Chandrasekaran, B.",2026-09-29T18:35:10.494431+00:00,B. Chandrasekaran 0002,docs/csrankings_missing_search_2026-09-29.md#sources,wrong_person,2026-09-29T18:36:46.656274+00:00,docs/csrankings_missing_search_2026-09-29.md#chandrasekaran-1123546
https://awards.acm.org/award-recipients/chandrasekaran_1123546,"Chandrasekaran, B.",2026-09-29T18:35:10.494431+00:00,Balakrishnan Chandrasekaran 0002,docs/csrankings_missing_search_2026-09-29.md#sources,wrong_person,2026-09-29T18:36:46.656274+00:00,docs/csrankings_missing_search_2026-09-29.md#chandrasekaran-1123546
https://awards.acm.org/award-recipients/dodd_4584082,"Dodd, George",2026-09-29T18:35:10.494431+00:00,,docs/csrankings_missing_search_2026-09-29.md#sources,not_found,2026-09-29T18:36:46.656274+00:00,docs/csrankings_missing_search_2026-09-29.md#dodd-4584082
https://awards.acm.org/award-recipients/encarnacao_1154509,"Encarnacao, Jose L.",2026-09-29T18:35:10.494431+00:00,,docs/csrankings_missing_search_2026-09-29.md#sources,not_found,2026-09-29T18:36:46.656274+00:00,docs/csrankings_missing_search_2026-09-29.md#encarnacao-1154509
https://awards.acm.org/award-recipients/frailey_1054683,"Frailey, Dennis",2026-09-29T18:35:10.494431+00:00,,docs/csrankings_missing_search_2026-09-29.md#sources,not_found,2026-09-29T18:36:46.656274+00:00,docs/csrankings_missing_search_2026-09-29.md#frailey-1054683
https://awards.acm.org/award-recipients/graham_1013218,"Graham, Robert M",2026-09-29T18:35:10.494431+00:00,,docs/csrankings_missing_search_2026-09-29.md#sources,not_found,2026-09-29T18:36:46.656274+00:00,docs/csrankings_missing_search_2026-09-29.md#graham-1013218
https://awards.acm.org/award-recipients/harrison_1013374,"Harrison, Michael A",2026-09-29T18:35:10.494431+00:00,,docs/csrankings_missing_search_2026-09-29.md#sources,not_found,2026-09-29T18:36:46.656274+00:00,docs/csrankings_missing_search_2026-09-29.md#harrison-1013374
https://awards.acm.org/award-recipients/heidelberger_1759711,"Heidelberger, Philip",2026-09-29T18:35:10.494431+00:00,,docs/csrankings_missing_search_2026-09-29.md#sources,not_found,2026-09-29T18:36:46.656274+00:00,docs/csrankings_missing_search_2026-09-29.md#heidelberger-1759711
https://awards.acm.org/award-recipients/jaffe_1816776,"Jaffe, Jeffrey",2026-09-29T18:35:10.494431+00:00,,docs/csrankings_missing_search_2026-09-29.md#sources,not_found,2026-09-29T18:36:46.656274+00:00,docs/csrankings_missing_search_2026-09-29.md#jaffe-1816776
https://awards.acm.org/award-recipients/jones_5056346,"Jones, Anita K",2026-09-29T18:35:10.494431+00:00,,docs/csrankings_missing_search_2026-09-29.md#sources,not_found,2026-09-29T18:36:46.656274+00:00,docs/csrankings_missing_search_2026-09-29.md#jones-5056346
https://awards.acm.org/award-recipients/klawe_1960913,"Klawe, Maria",2026-09-29T18:35:10.494431+00:00,,docs/csrankings_missing_search_2026-09-29.md#sources,not_found,2026-09-29T18:36:46.656274+00:00,docs/csrankings_missing_search_2026-09-29.md#klawe-1960913
https://awards.acm.org/award-recipients/landweber_1036110,"Landweber, Lawrence H",2026-09-29T18:35:10.494431+00:00,,docs/csrankings_missing_search_2026-09-29.md#sources,not_found,2026-09-29T18:36:46.656274+00:00,docs/csrankings_missing_search_2026-09-29.md#landweber-1036110
,Larry Stockmeyer,2026-09-29T18:35:10.494431+00:00,,docs/csrankings_missing_search_2026-09-29.md#sources,not_found,2026-09-29T18:36:46.656274+00:00,docs/csrankings_missing_search_2026-09-29.md#name--arry--tockmeyer
https://awards.acm.org/award-recipients/lesk_1118207,"Lesk, Michael E",2026-09-29T18:35:10.494431+00:00,,docs/csrankings_missing_search_2026-09-29.md#sources,not_found,2026-09-29T18:36:46.656274+00:00,docs/csrankings_missing_search_2026-09-29.md#lesk-1118207
https://awards.acm.org/award-recipients/muntz_2656122,"Muntz, Richard R",2026-09-29T18:35:10.494431+00:00,,docs/csrankings_missing_search_2026-09-29.md#sources,not_found,2026-09-29T18:36:46.656274+00:00,docs/csrankings_missing_search_2026-09-29.md#muntz-2656122
https://awards.acm.org/award-recipients/nance_1074814,"Nance, Richard E",2026-09-29T18:35:10.494431+00:00,,docs/csrankings_missing_search_2026-09-29.md#sources,not_found,2026-09-29T18:36:46.656274+00:00,docs/csrankings_missing_search_2026-09-29.md#nance-1074814
https://awards.acm.org/award-recipients/nishizeki_3042207,"Nishizeki, Takao",2026-09-29T18:35:10.494431+00:00,,docs/csrankings_missing_search_2026-09-29.md#sources,not_found,2026-09-29T18:36:46.656274+00:00,docs/csrankings_missing_search_2026-09-29.md#nishizeki-3042207
https://awards.acm.org/award-recipients/preas_2878536,"Preas, Bryan",2026-09-29T18:35:10.494431+00:00,,docs/csrankings_missing_search_2026-09-29.md#sources,not_found,2026-09-29T18:36:46.656274+00:00,docs/csrankings_missing_search_2026-09-29.md#preas-2878536
https://awards.acm.org/award-recipients/rao_1788686,"Rao, TRN",2026-09-29T18:35:10.494431+00:00,,docs/csrankings_missing_search_2026-09-29.md#sources,not_found,2026-09-29T18:36:46.656274+00:00,docs/csrankings_missing_search_2026-09-29.md#rao-1788686
https://awards.acm.org/award-recipients/rice_1062546,"Rice, John",2026-09-29T18:35:10.494431+00:00,,docs/csrankings_missing_search_2026-09-29.md#sources,not_found,2026-09-29T18:36:46.656274+00:00,docs/csrankings_missing_search_2026-09-29.md#rice-1062546
https://awards.acm.org/award-recipients/rosenberg_1037498,"Rosenberg, Arnold",2026-09-29T18:35:10.494431+00:00,,docs/csrankings_missing_search_2026-09-29.md#sources,not_found,2026-09-29T18:36:46.656274+00:00,docs/csrankings_missing_search_2026-09-29.md#rosenberg-1037498
https://awards.acm.org/award-recipients/vernon_1777267,"Vernon, Mary K",2026-09-29T18:35:10.494431+00:00,,docs/csrankings_missing_search_2026-09-29.md#sources,not_found,2026-09-29T18:36:46.656274+00:00,docs/csrankings_missing_search_2026-09-29.md#vernon-1777267
https://awards.acm.org/award-recipients/vitter_1852276,"Vitter, Jeffrey S.",2026-09-29T18:35:10.494431+00:00,,docs/csrankings_missing_search_2026-09-29.md#sources,not_found,2026-09-29T18:36:46.656274+00:00,docs/csrankings_missing_search_2026-09-29.md#vitter-1852276
https://awards.acm.org/award-recipients/wasserman_1068543,"Wasserman, Anthony I",2026-09-29T18:35:10.494431+00:00,,docs/csrankings_missing_search_2026-09-29.md#sources,not_found,2026-09-29T18:36:46.656274+00:00,docs/csrankings_missing_search_2026-09-29.md#wasserman-1068543
https://awards.acm.org/award-recipients/wegman_3183738,"Wegman, Mark",2026-09-29T18:35:10.494431+00:00,,docs/csrankings_missing_search_2026-09-29.md#sources,not_found,2026-09-29T18:36:46.656274+00:00,docs/csrankings_missing_search_2026-09-29.md#wegman-3183738
https://awards.acm.org/award-recipients/weingarten_3747433,"Weingarten, Fred W",2026-09-29T18:35:10.494431+00:00,,docs/csrankings_missing_search_2026-09-29.md#sources,not_found,2026-09-29T18:36:46.656274+00:00,docs/csrankings_missing_search_2026-09-29.md#weingarten-3747433
https://awards.acm.org/award-recipients/yovits_1134352,"Yovits, Marshall C",2026-09-29T18:35:10.494431+00:00,,docs/csrankings_missing_search_2026-09-29.md#sources,not_found,2026-09-29T18:36:46.656274+00:00,docs/csrankings_missing_search_2026-09-29.md#yovits-1134352
https://awards.acm.org/award-recipients/abrahams_1012285,"Abrahams, Paul W",2026-09-29T18:35:10.494431+00:00,,docs/csrankings_missing_search_2026-09-29.md#sources,not_found,2026-09-29T18:36:46.656274+00:00,docs/csrankings_missing_search_2026-09-29.md#abrahams-1012285
https://awards.acm.org/award-recipients/ashenhurst_1004811,"Ashenhurst, R L",2026-09-29T18:35:10.494431+00:00,,docs/csrankings_missing_search_2026-09-29.md#sources,not_found,2026-09-29T18:36:46.656274+00:00,docs/csrankings_missing_search_2026-09-29.md#ashenhurst-1004811
https://awards.acm.org/award-recipients/bernstein_2486959,"Bernstein, Lawrence",2026-09-29T18:35:10.494431+00:00,,docs/csrankings_missing_search_2026-09-29.md#sources,not_found,2026-09-29T18:36:46.656274+00:00,docs/csrankings_missing_search_2026-09-29.md#bernstein-2486959
https://awards.acm.org/award-recipients/booch_2030153,"Booch, Grady Ernest",2026-09-29T18:35:10.494431+00:00,,docs/csrankings_missing_search_2026-09-29.md#sources,not_found,2026-09-29T18:36:46.656274+00:00,docs/csrankings_missing_search_2026-09-29.md#booch-2030153
https://awards.acm.org/award-recipients/brandin_1065960,"Brandin, David H",2026-09-29T18:35:10.494431+00:00,,docs/csrankings_missing_search_2026-09-29.md#sources,not_found,2026-09-29T18:36:46.656274+00:00,docs/csrankings_missing_search_2026-09-29.md#brandin-1065960
https://awards.acm.org/award-recipients/carpenter_1507284,"Carpenter, Loren C",2026-09-29T18:35:10.494431+00:00,,docs/csrankings_missing_search_2026-09-29.md#sources,not_found,2026-09-29T18:36:46.656274+00:00,docs/csrankings_missing_search_2026-09-29.md#carpenter-1507284
https://awards.acm.org/award-recipients/catmull_1244219,"Catmull, Edwin",2026-09-29T18:35:10.494431+00:00,,docs/csrankings_missing_search_2026-09-29.md#sources,not_found,2026-09-29T18:36:46.656274+00:00,docs/csrankings_missing_search_2026-09-29.md#catmull-1244219
,Chris S Wallace,2026-09-29T18:35:10.494431+00:00,Christopher Stewart,docs/csrankings_missing_search_2026-09-29.md#sources,wrong_person,2026-09-29T18:36:46.656274+00:00,docs/csrankings_missing_search_2026-09-29.md#name--hris----allace
https://awards.acm.org/award-recipients/denning_1239516,"Denning, Dorothy E",2026-09-29T18:35:10.494431+00:00,,docs/csrankings_missing_search_2026-09-29.md#sources,not_found,2026-09-29T18:36:46.656274+00:00,docs/csrankings_missing_search_2026-09-29.md#denning-1239516
https://awards.acm.org/award-recipients/dewitt_1251768,"DeWitt, David",2026-09-29T18:35:10.494431+00:00,,docs/csrankings_missing_search_2026-09-29.md#sources,not_found,2026-09-29T18:36:46.656274+00:00,docs/csrankings_missing_search_2026-09-29.md#dewitt-1251768
https://awards.acm.org/award-recipients/druffel_2047611,"Druffel, Larry",2026-09-29T18:35:10.494431+00:00,,docs/csrankings_missing_search_2026-09-29.md#sources,not_found,2026-09-29T18:36:46.656274+00:00,docs/csrankings_missing_search_2026-09-29.md#druffel-2047611
https://awards.acm.org/award-recipients/engeler_1192251,"Engeler, Erwin",2026-09-29T18:35:10.494431+00:00,,docs/csrankings_missing_search_2026-09-29.md#sources,not_found,2026-09-29T18:36:46.656274+00:00,docs/csrankings_missing_search_2026-09-29.md#engeler-1192251
https://awards.acm.org/award-recipients/feldman_1240498,"Feldman, Stuart",2026-09-29T18:35:10.494431+00:00,,docs/csrankings_missing_search_2026-09-29.md#sources,not_found,2026-09-29T18:36:46.656274+00:00,docs/csrankings_missing_search_2026-09-29.md#feldman-1240498
https://awards.acm.org/award-recipients/garey_1074483,"Garey, Michael R",2026-09-29T18:35:10.494431+00:00,,docs/csrankings_missing_search_2026-09-29.md#sources,not_found,2026-09-29T18:36:46.656274+00:00,docs/csrankings_missing_search_2026-09-29.md#garey-1074483
https://awards.acm.org/award-recipients/ginsberg_1241975,"Ginsberg, Myron",2026-09-29T18:35:10.494431+00:00,,docs/csrankings_missing_search_2026-09-29.md#sources,not_found,2026-09-29T18:36:46.656274+00:00,docs/csrankings_missing_search_2026-09-29.md#ginsberg-1241975
https://awards.acm.org/award-recipients/goodenough_1028323,"Goodenough, John B",2026-09-29T18:35:10.494431+00:00,,docs/csrankings_missing_search_2026-09-29.md#sources,not_found,2026-09-29T18:36:46.656274+00:00,docs/csrankings_missing_search_2026-09-29.md#goodenough-1028323
https://awards.acm.org/award-recipients/grosch_1000512,"Grosch, Herbert R J",2026-09-29T18:35:10.494431+00:00,,docs/csrankings_missing_search_2026-09-29.md#sources,not_found,2026-09-29T18:36:46.656274+00:00,docs/csrankings_missing_search_2026-09-29.md#grosch-1000512
,Harold J Highland,2026-09-29T18:35:10.494431+00:00,,docs/csrankings_missing_search_2026-09-29.md#sources,not_found,2026-09-29T18:36:46.656274+00:00,docs/csrankings_missing_search_2026-09-29.md#name--arold----ighland
https://awards.acm.org/award-recipients/herzog_1035435,"Herzog, Bertram",2026-09-29T18:35:10.494431+00:00,,docs/csrankings_missing_search_2026-09-29.md#sources,not_found,2026-09-29T18:36:46.656274+00:00,docs/csrankings_missing_search_2026-09-29.md#herzog-1035435
https://awards.acm.org/award-recipients/hoffman_1028737,"Hoffman, Lance J",2026-09-29T18:35:10.494431+00:00,,docs/csrankings_missing_search_2026-09-29.md#sources,not_found,2026-09-29T18:36:46.656274+00:00,docs/csrankings_missing_search_2026-09-29.md#hoffman-1028737
https://awards.acm.org/award-recipients/johnson_1325893,"Johnson, David S",2026-09-29T18:35:10.494431+00:00,David O. Johnson,docs/csrankings_missing_search_2026-09-29.md#sources,wrong_person,2026-09-29T18:36:46.656274+00:00,docs/csrankings_missing_search_2026-09-29.md#johnson-1325893
https://awards.acm.org/award-recipients/johnson_1325893,"Johnson, David S",2026-09-29T18:35:10.494431+00:00,David Orville Johnson,docs/csrankings_missing_search_2026-09-29.md#sources,wrong_person,2026-09-29T18:36:46.656274+00:00,docs/csrankings_missing_search_2026-09-29.md#johnson-1325893
https://awards.acm.org/award-recipients/jones_1076850,"Jones, Cliff B",2026-09-29T18:35:10.494431+00:00,,docs/csrankings_missing_search_2026-09-29.md#sources,not_found,2026-09-29T18:36:46.656274+00:00,docs/csrankings_missing_search_2026-09-29.md#jones-1076850
https://awards.acm.org/award-recipients/kennedy_1099712,"Kennedy, Kenneth W",2026-09-29T18:35:10.494431+00:00,,docs/csrankings_missing_search_2026-09-29.md#sources,not_found,2026-09-29T18:36:46.656274+00:00,docs/csrankings_missing_search_2026-09-29.md#kennedy-1099712
https://awards.acm.org/award-recipients/kim_3331865,"Kim, Won",2026-09-29T18:35:10.494431+00:00,,docs/csrankings_missing_search_2026-09-29.md#sources,not_found,2026-09-29T18:36:46.656274+00:00,docs/csrankings_missing_search_2026-09-29.md#kim-3331865
https://awards.acm.org/award-recipients/ladner_1193366,"Ladner, Richard E.",2026-09-29T18:35:10.494431+00:00,,docs/csrankings_missing_search_2026-09-29.md#sources,not_found,2026-09-29T18:36:46.656274+00:00,docs/csrankings_missing_search_2026-09-29.md#ladner-1193366
https://awards.acm.org/award-recipients/leveson_1540475,"Leveson, Nancy",2026-09-29T18:35:10.494431+00:00,,docs/csrankings_missing_search_2026-09-29.md#sources,not_found,2026-09-29T18:36:46.656274+00:00,docs/csrankings_missing_search_2026-09-29.md#leveson-1540475
https://awards.acm.org/award-recipients/nievergelt_1043728,"Nievergelt, J",2026-09-29T18:35:10.494431+00:00,,docs/csrankings_missing_search_2026-09-29.md#sources,not_found,2026-09-29T18:36:46.656274+00:00,docs/csrankings_missing_search_2026-09-29.md#nievergelt-1043728
https://awards.acm.org/award-recipients/oettinger_1003284,"Oettinger, Anthony",2026-09-29T18:35:10.494431+00:00,,docs/csrankings_missing_search_2026-09-29.md#sources,not_found,2026-09-29T18:36:46.656274+00:00,docs/csrankings_missing_search_2026-09-29.md#oettinger-1003284
https://awards.acm.org/award-recipients/rada_3846565,"Rada, Roy F",2026-09-29T18:35:10.494431+00:00,,docs/csrankings_missing_search_2026-09-29.md#sources,not_found,2026-09-29T18:36:46.656274+00:00,docs/csrankings_missing_search_2026-09-29.md#rada-3846565
https://awards.acm.org/award-recipients/rosenkrantz_1051721,"Rosenkrantz, Daniel J",2026-09-29T18:35:10.494431+00:00,,docs/csrankings_missing_search_2026-09-29.md#sources,not_found,2026-09-29T18:36:46.656274+00:00,docs/csrankings_missing_search_2026-09-29.md#rosenkrantz-1051721
https://awards.acm.org/award-recipients/salton_2316166,"Salton, Gerard",2026-09-29T18:35:10.494431+00:00,,docs/csrankings_missing_search_2026-09-29.md#sources,not_found,2026-09-29T18:36:46.656274+00:00,docs/csrankings_missing_search_2026-09-29.md#salton-2316166
https://awards.acm.org/award-recipients/snyder_1237882,"Snyder, Larry",2026-09-29T18:35:10.494431+00:00,,docs/csrankings_missing_search_2026-09-29.md#sources,not_found,2026-09-29T18:36:46.656274+00:00,docs/csrankings_missing_search_2026-09-29.md#snyder-1237882
https://awards.acm.org/award-recipients/suzuki_1247055,"Suzuki, Norihisa",2026-09-29T18:35:10.494431+00:00,,docs/csrankings_missing_search_2026-09-29.md#sources,not_found,2026-09-29T18:36:46.656274+00:00,docs/csrankings_missing_search_2026-09-29.md#suzuki-1247055
https://awards.acm.org/award-recipients/ullman_1054360,"Ullman, Jeffrey D",2026-09-29T18:35:10.494431+00:00,,docs/csrankings_missing_search_2026-09-29.md#sources,not_found,2026-09-29T18:36:46.656274+00:00,docs/csrankings_missing_search_2026-09-29.md#ullman-1054360
https://awards.acm.org/award-recipients/wegner_1068550,"Wegner, Peter",2026-09-29T18:35:10.494431+00:00,,docs/csrankings_missing_search_2026-09-29.md#sources,not_found,2026-09-29T18:36:46.656274+00:00,docs/csrankings_missing_search_2026-09-29.md#wegner-1068550
https://awards.acm.org/award-recipients/white_1242262,"White, John R.",2026-09-29T18:35:10.494431+00:00,,docs/csrankings_missing_search_2026-09-29.md#sources,not_found,2026-09-29T18:36:46.656274+00:00,docs/csrankings_missing_search_2026-09-29.md#white-1242262
https://awards.acm.org/award-recipients/whitted_1831023,"Whitted, J Turner",2026-09-29T18:35:10.494431+00:00,,docs/csrankings_missing_search_2026-09-29.md#sources,not_found,2026-09-29T18:36:46.656274+00:00,docs/csrankings_missing_search_2026-09-29.md#whitted-1831023
https://awards.acm.org/award-recipients/wiederhold_1020734,"Wiederhold, Gio",2026-09-29T18:35:10.494431+00:00,,docs/csrankings_missing_search_2026-09-29.md#sources,not_found,2026-09-29T18:36:46.656274+00:00,docs/csrankings_missing_search_2026-09-29.md#wiederhold-1020734
https://awards.acm.org/award-recipients/wong_1145432,"Wong, Chak-Kuen",2026-09-29T18:35:10.494431+00:00,,docs/csrankings_missing_search_2026-09-29.md#sources,not_found,2026-09-29T18:36:46.656274+00:00,docs/csrankings_missing_search_2026-09-29.md#wong-1145432
https://awards.acm.org/award-recipients/young_1473552,"Young, Paul",2026-09-29T18:35:10.494431+00:00,,docs/csrankings_missing_search_2026-09-29.md#sources,not_found,2026-09-29T18:36:46.656274+00:00,docs/csrankings_missing_search_2026-09-29.md#young-1473552
https://awards.acm.org/award-recipients/adams_1021609,"Adams, James M",2026-09-29T18:35:10.494431+00:00,,docs/csrankings_missing_search_2026-09-29.md#sources,not_found,2026-09-29T18:36:46.656274+00:00,docs/csrankings_missing_search_2026-09-29.md#adams-1021609
https://awards.acm.org/award-recipients/allen_1012327,"Allen, Frances",2026-09-29T18:35:10.494431+00:00,,docs/csrankings_missing_search_2026-09-29.md#sources,not_found,2026-09-29T18:36:46.656274+00:00,docs/csrankings_missing_search_2026-09-29.md#allen-1012327
https://awards.acm.org/award-recipients/alt_1000199,"Alt, Franz L",2026-09-29T18:35:10.494431+00:00,,docs/csrankings_missing_search_2026-09-29.md#sources,not_found,2026-09-29T18:36:46.656274+00:00,docs/csrankings_missing_search_2026-09-29.md#alt-1000199
https://awards.acm.org/award-recipients/atchison_1168636,"Atchison, William F.",2026-09-29T18:35:10.494431+00:00,,docs/csrankings_missing_search_2026-09-29.md#sources,not_found,2026-09-29T18:36:46.656274+00:00,docs/csrankings_missing_search_2026-09-29.md#atchison-1168636
https://awards.acm.org/award-recipients/austing_1043397,"Austing, Richard H",2026-09-29T18:35:10.494431+00:00,,docs/csrankings_missing_search_2026-09-29.md#sources,not_found,2026-09-29T18:36:46.656274+00:00,docs/csrankings_missing_search_2026-09-29.md#austing-1043397
https://awards.acm.org/award-recipients/batcher_1044908,"Batcher, Kenneth E",2026-09-29T18:35:10.494431+00:00,,docs/csrankings_missing_search_2026-09-29.md#sources,not_found,2026-09-29T18:36:46.656274+00:00,docs/csrankings_missing_search_2026-09-29.md#batcher-1044908
https://awards.acm.org/award-recipients/bell_1145655,"Bell, C Gordon",2026-09-29T18:35:10.494431+00:00,,docs/csrankings_missing_search_2026-09-29.md#sources,not_found,2026-09-29T18:36:46.656274+00:00,docs/csrankings_missing_search_2026-09-29.md#bell-1145655
https://awards.acm.org/award-recipients/blasgen_1420736,"Blasgen, Michael W",2026-09-29T18:35:10.494431+00:00,,docs/csrankings_missing_search_2026-09-29.md#sources,not_found,2026-09-29T18:36:46.656274+00:00,docs/csrankings_missing_search_2026-09-29.md#blasgen-1420736
,Bob O Evans,2026-09-29T18:35:10.494431+00:00,,docs/csrankings_missing_search_2026-09-29.md#sources,not_found,2026-09-29T18:36:46.656274+00:00,docs/csrankings_missing_search_2026-09-29.md#name--ob----vans
https://awards.acm.org/award-recipients/bobrow_1039502,"Bobrow, Daniel",2026-09-29T18:35:10.494431+00:00,,docs/csrankings_missing_search_2026-09-29.md#sources,not_found,2026-09-29T18:36:46.656274+00:00,docs/csrankings_missing_search_2026-09-29.md#bobrow-1039502
https://awards.acm.org/award-recipients/boggs_1486315,"Boggs, David R.",2026-09-29T18:35:10.494431+00:00,,docs/csrankings_missing_search_2026-09-29.md#sources,not_found,2026-09-29T18:36:46.656274+00:00,docs/csrankings_missing_search_2026-09-29.md#boggs-1486315
https://awards.acm.org/award-recipients/borman_1120344,"Borman, Lorraine",2026-09-29T18:35:10.494431+00:00,,docs/csrankings_missing_search_2026-09-29.md#sources,not_found,2026-09-29T18:36:46.656274+00:00,docs/csrankings_missing_search_2026-09-29.md#borman-1120344
https://awards.acm.org/award-recipients/bradshaw_1002732,"Bradshaw, Charles L",2026-09-29T18:35:10.494431+00:00,,docs/csrankings_missing_search_2026-09-29.md#sources,not_found,2026-09-29T18:36:46.656274+00:00,docs/csrankings_missing_search_2026-09-29.md#bradshaw-1002732
https://awards.acm.org/award-recipients/bricklin_2836799,"Bricklin, Daniel S",2026-09-29T18:35:10.494431+00:00,,docs/csrankings_missing_search_2026-09-29.md#sources,not_found,2026-09-29T18:36:46.656274+00:00,docs/csrankings_missing_search_2026-09-29.md#bricklin-2836799
https://awards.acm.org/award-recipients/brooks_1002187,"Brooks, Frederick",2026-09-29T18:35:10.494431+00:00,,docs/csrankings_missing_search_2026-09-29.md#sources,not_found,2026-09-29T18:36:46.656274+00:00,docs/csrankings_missing_search_2026-09-29.md#brooks-1002187
https://awards.acm.org/award-recipients/brotz_2046019,"Brotz, Douglas K",2026-09-29T18:35:10.494431+00:00,,docs/csrankings_missing_search_2026-09-29.md#sources,not_found,2026-09-29T18:36:46.656274+00:00,docs/csrankings_missing_search_2026-09-29.md#brotz-2046019
https://awards.acm.org/award-recipients/burton_1914241,"Burton, Richard R.",2026-09-29T18:35:10.494431+00:00,,docs/csrankings_missing_search_2026-09-29.md#sources,not_found,2026-09-29T18:36:46.656274+00:00,docs/csrankings_missing_search_2026-09-29.md#burton-1914241
https://awards.acm.org/award-recipients/canning_1002781,"Canning, Richard G",2026-09-29T18:35:10.494431+00:00,,docs/csrankings_missing_search_2026-09-29.md#sources,not_found,2026-09-29T18:36:46.656274+00:00,docs/csrankings_missing_search_2026-09-29.md#canning-1002781
https://awards.acm.org/award-recipients/carlson_1362268,"Carlson, Walter",2026-09-29T18:35:10.494431+00:00,,docs/csrankings_missing_search_2026-09-29.md#sources,not_found,2026-09-29T18:36:46.656274+00:00,docs/csrankings_missing_search_2026-09-29.md#carlson-1362268
https://awards.acm.org/award-recipients/cerf_1083211,"Cerf, Vinton",2026-09-29T18:35:10.494431+00:00,,docs/csrankings_missing_search_2026-09-29.md#sources,not_found,2026-09-29T18:36:46.656274+00:00,docs/csrankings_missing_search_2026-09-29.md#cerf-1083211
https://awards.acm.org/award-recipients/chamberlin_1060045,"Chamberlin, Donald",2026-09-29T18:35:10.494431+00:00,,docs/csrankings_missing_search_2026-09-29.md#sources,not_found,2026-09-29T18:36:46.656274+00:00,docs/csrankings_missing_search_2026-09-29.md#chamberlin-1060045
https://awards.acm.org/award-recipients/codd_1000892,"Codd, Edgar F",2026-09-29T18:35:10.494431+00:00,,docs/csrankings_missing_search_2026-09-29.md#sources,not_found,2026-09-29T18:36:46.656274+00:00,docs/csrankings_missing_search_2026-09-29.md#codd-1000892
https://awards.acm.org/award-recipients/coffman_1016856,"Coffman, Ed",2026-09-29T18:35:10.494431+00:00,,docs/csrankings_missing_search_2026-09-29.md#sources,not_found,2026-09-29T18:36:46.656274+00:00,docs/csrankings_missing_search_2026-09-29.md#coffman-1016856
https://awards.acm.org/award-recipients/corbato_1009471,"Corbato, Fernando J",2026-09-29T18:35:10.494431+00:00,,docs/csrankings_missing_search_2026-09-29.md#sources,not_found,2026-09-29T18:36:46.656274+00:00,docs/csrankings_missing_search_2026-09-29.md#corbato-1009471
https://awards.acm.org/award-recipients/cragon_1079995,"Cragon, Harvey G",2026-09-29T18:35:10.494431+00:00,,docs/csrankings_missing_search_2026-09-29.md#sources,not_found,2026-09-29T18:36:46.656274+00:00,docs/csrankings_missing_search_2026-09-29.md#cragon-1079995
https://awards.acm.org/award-recipients/dauria_1042845,"D'Auria, Thomas A",2026-09-29T18:35:10.494431+00:00,,docs/csrankings_missing_search_2026-09-29.md#sources,not_found,2026-09-29T18:36:46.656274+00:00,docs/csrankings_missing_search_2026-09-29.md#dauria-1042845
,David John Wheeler,2026-09-29T18:35:10.494431+00:00,,docs/csrankings_missing_search_2026-09-29.md#sources,not_found,2026-09-29T18:36:46.656274+00:00,docs/csrankings_missing_search_2026-09-29.md#name--avid--ohn--heeler
https://awards.acm.org/award-recipients/dennis_1022664,"Dennis, Jack",2026-09-29T18:35:10.494431+00:00,,docs/csrankings_missing_search_2026-09-29.md#sources,not_found,2026-09-29T18:36:46.656274+00:00,docs/csrankings_missing_search_2026-09-29.md#dennis-1022664
https://awards.acm.org/award-recipients/deutsch_2925352,"Deutsch, L Peter",2026-09-29T18:35:10.494431+00:00,,docs/csrankings_missing_search_2026-09-29.md#sources,not_found,2026-09-29T18:36:46.656274+00:00,docs/csrankings_missing_search_2026-09-29.md#deutsch-2925352
https://awards.acm.org/award-recipients/dijkstra_1053701,"Dijkstra, Edsger W",2026-09-29T18:35:10.494431+00:00,,docs/csrankings_missing_search_2026-09-29.md#sources,not_found,2026-09-29T18:36:46.656274+00:00,docs/csrankings_missing_search_2026-09-29.md#dijkstra-1053701
https://awards.acm.org/award-recipients/dunwell_5032361,"Dunwell, Stephen",2026-09-29T18:35:10.494431+00:00,,docs/csrankings_missing_search_2026-09-29.md#sources,not_found,2026-09-29T18:36:46.656274+00:00,docs/csrankings_missing_search_2026-09-29.md#dunwell-5032361
https://awards.acm.org/award-recipients/engel_1104827,"Engel, Gerald L",2026-09-29T18:35:10.494431+00:00,,docs/csrankings_missing_search_2026-09-29.md#sources,not_found,2026-09-29T18:36:46.656274+00:00,docs/csrankings_missing_search_2026-09-29.md#engel-1104827
https://awards.acm.org/award-recipients/esbin_1090935,"Esbin, John H",2026-09-29T18:35:10.494431+00:00,,docs/csrankings_missing_search_2026-09-29.md#sources,not_found,2026-09-29T18:36:46.656274+00:00,docs/csrankings_missing_search_2026-09-29.md#esbin-1090935
https://awards.acm.org/award-recipients/feng_1112010,"Feng, Tse-Yun",2026-09-29T18:35:10.494431+00:00,,docs/csrankings_missing_search_2026-09-29.md#sources,not_found,2026-09-29T18:36:46.656274+00:00,docs/csrankings_missing_search_2026-09-29.md#feng-1112010
https://awards.acm.org/award-recipients/finerman_1598512,"Finerman, Aaron",2026-09-29T18:35:10.494431+00:00,,docs/csrankings_missing_search_2026-09-29.md#sources,not_found,2026-09-29T18:36:46.656274+00:00,docs/csrankings_missing_search_2026-09-29.md#finerman-1598512
https://awards.acm.org/award-recipients/floyd_3720707,"Floyd, Robert W.",2026-09-29T18:35:10.494431+00:00,,docs/csrankings_missing_search_2026-09-29.md#sources,not_found,2026-09-29T18:36:46.656274+00:00,docs/csrankings_missing_search_2026-09-29.md#floyd-3720707
https://awards.acm.org/award-recipients/flynn_1033000,"Flynn, Michael J",2026-09-29T18:35:10.494431+00:00,,docs/csrankings_missing_search_2026-09-29.md#sources,not_found,2026-09-29T18:36:46.656274+00:00,docs/csrankings_missing_search_2026-09-29.md#flynn-1033000
https://awards.acm.org/award-recipients/frankston_1237718,"Frankston, Robert M",2026-09-29T18:35:10.494431+00:00,,docs/csrankings_missing_search_2026-09-29.md#sources,not_found,2026-09-29T18:36:46.656274+00:00,docs/csrankings_missing_search_2026-09-29.md#frankston-1237718
https://awards.acm.org/award-recipients/friedman_1251891,"Friedman, Frank L",2026-09-29T18:35:10.494431+00:00,,docs/csrankings_missing_search_2026-09-29.md#sources,not_found,2026-09-29T18:36:46.656274+00:00,docs/csrankings_missing_search_2026-09-29.md#friedman-1251891
https://awards.acm.org/award-recipients/galler_1009877,"Galler, Bernard A",2026-09-29T18:35:10.494431+00:00,,docs/csrankings_missing_search_2026-09-29.md#sources,not_found,2026-09-29T18:36:46.656274+00:00,docs/csrankings_missing_search_2026-09-29.md#galler-1009877
https://awards.acm.org/award-recipients/gear_1039577,"Gear, Charles W",2026-09-29T18:35:10.494431+00:00,,docs/csrankings_missing_search_2026-09-29.md#sources,not_found,2026-09-29T18:36:46.656274+00:00,docs/csrankings_missing_search_2026-09-29.md#gear-1039577
https://awards.acm.org/award-recipients/goldberg_1110519,"Goldberg, Adele",2026-09-29T18:35:10.494431+00:00,,docs/csrankings_missing_search_2026-09-29.md#sources,not_found,2026-09-29T18:36:46.656274+00:00,docs/csrankings_missing_search_2026-09-29.md#goldberg-1110519
https://awards.acm.org/award-recipients/gotlieb_1000942,"Gotlieb, Calvin C.",2026-09-29T18:35:10.494431+00:00,,docs/csrankings_missing_search_2026-09-29.md#sources,not_found,2026-09-29T18:36:46.656274+00:00,docs/csrankings_missing_search_2026-09-29.md#gotlieb-1000942
https://awards.acm.org/award-recipients/graham_1043579,"Graham, Susan L",2026-09-29T18:35:10.494431+00:00,,docs/csrankings_missing_search_2026-09-29.md#sources,not_found,2026-09-29T18:36:46.656274+00:00,docs/csrankings_missing_search_2026-09-29.md#graham-1043579
https://awards.acm.org/award-recipients/gray_3649936,"Gray, Jim",2026-09-29T18:35:10.494431+00:00,,docs/csrankings_missing_search_2026-09-29.md#sources,not_found,2026-09-29T18:36:46.656274+00:00,docs/csrankings_missing_search_2026-09-29.md#gray-3649936
https://awards.acm.org/award-recipients/green_1063429,"Green, Cordell",2026-09-29T18:35:10.494431+00:00,,docs/csrankings_missing_search_2026-09-29.md#sources,not_found,2026-09-29T18:36:46.656274+00:00,docs/csrankings_missing_search_2026-09-29.md#green-1063429
https://awards.acm.org/award-recipients/gries_1028422,"Gries, David Joseph",2026-09-29T18:35:10.494431+00:00,,docs/csrankings_missing_search_2026-09-29.md#sources,not_found,2026-09-29T18:36:46.656274+00:00,docs/csrankings_missing_search_2026-09-29.md#gries-1028422
https://awards.acm.org/award-recipients/hammer_1013325,"Hammer, Carl",2026-09-29T18:35:10.494431+00:00,,docs/csrankings_missing_search_2026-09-29.md#sources,not_found,2026-09-29T18:36:46.656274+00:00,docs/csrankings_missing_search_2026-09-29.md#hammer-1013325
https://awards.acm.org/award-recipients/hamming_1000652,"Hamming, Richard W",2026-09-29T18:35:10.494431+00:00,,docs/csrankings_missing_search_2026-09-29.md#sources,not_found,2026-09-29T18:36:46.656274+00:00,docs/csrankings_missing_search_2026-09-29.md#hamming-1000652
https://awards.acm.org/award-recipients/harris_1087477,"Harris, Fred H",2026-09-29T18:35:10.494431+00:00,,docs/csrankings_missing_search_2026-09-29.md#sources,not_found,2026-09-29T18:36:46.656274+00:00,docs/csrankings_missing_search_2026-09-29.md#harris-1087477
https://awards.acm.org/award-recipients/hartmanis_1059260,"Hartmanis, Juris",2026-09-29T18:35:10.494431+00:00,,docs/csrankings_missing_search_2026-09-29.md#sources,not_found,2026-09-29T18:36:46.656274+00:00,docs/csrankings_missing_search_2026-09-29.md#hartmanis-1059260
https://awards.acm.org/award-recipients/hillis_4558874,"Hillis, William Daniel",2026-09-29T18:35:10.494431+00:00,,docs/csrankings_missing_search_2026-09-29.md#sources,not_found,2026-09-29T18:36:46.656274+00:00,docs/csrankings_missing_search_2026-09-29.md#hillis-4558874
https://awards.acm.org/award-recipients/hull_5090634,"Hull, Tom",2026-09-29T18:35:10.494431+00:00,,docs/csrankings_missing_search_2026-09-29.md#sources,not_found,2026-09-29T18:36:46.656274+00:00,docs/csrankings_missing_search_2026-09-29.md#hull-5090634
https://awards.acm.org/award-recipients/hume_4213526,"Hume, J N",2026-09-29T18:35:10.494431+00:00,,docs/csrankings_missing_search_2026-09-29.md#sources,not_found,2026-09-29T18:36:46.656274+00:00,docs/csrankings_missing_search_2026-09-29.md#hume-4213526
https://awards.acm.org/award-recipients/huskey_1000678,"Huskey, Harry D",2026-09-29T18:35:10.494431+00:00,,docs/csrankings_missing_search_2026-09-29.md#sources,not_found,2026-09-29T18:36:46.656274+00:00,docs/csrankings_missing_search_2026-09-29.md#huskey-1000678
,J Presper Eckert,2026-09-29T18:35:10.494431+00:00,,docs/csrankings_missing_search_2026-09-29.md#sources,not_found,2026-09-29T18:36:46.656274+00:00,docs/csrankings_missing_search_2026-09-29.md#name----resper--ckert
https://awards.acm.org/award-recipients/kahan_1023746,"Kahan, William",2026-09-29T18:35:10.494431+00:00,,docs/csrankings_missing_search_2026-09-29.md#sources,not_found,2026-09-29T18:36:46.656274+00:00,docs/csrankings_missing_search_2026-09-29.md#kahan-1023746
https://awards.acm.org/award-recipients/kaplan_1244318,"Kaplan, Ronald M",2026-09-29T18:35:10.494431+00:00,,docs/csrankings_missing_search_2026-09-29.md#sources,not_found,2026-09-29T18:36:46.656274+00:00,docs/csrankings_missing_search_2026-09-29.md#kaplan-1244318
https://awards.acm.org/award-recipients/knuth_1013846,"Knuth, Donald E",2026-09-29T18:35:10.494431+00:00,,docs/csrankings_missing_search_2026-09-29.md#sources,not_found,2026-09-29T18:36:46.656274+00:00,docs/csrankings_missing_search_2026-09-29.md#knuth-1013846
https://awards.acm.org/award-recipients/kuck_1018449,"Kuck, David J",2026-09-29T18:35:10.494431+00:00,,docs/csrankings_missing_search_2026-09-29.md#sources,not_found,2026-09-29T18:36:46.656274+00:00,docs/csrankings_missing_search_2026-09-29.md#kuck-1018449
https://awards.acm.org/award-recipients/kurtz_1404417,"Kurtz, Thomas E",2026-09-29T18:35:10.494431+00:00,,docs/csrankings_missing_search_2026-09-29.md#sources,not_found,2026-09-29T18:36:46.656274+00:00,docs/csrankings_missing_search_2026-09-29.md#kurtz-1404417
https://awards.acm.org/award-recipients/kurzweil_2921211,"Kurzweil, Ray",2026-09-29T18:35:10.494431+00:00,,docs/csrankings_missing_search_2026-09-29.md#sources,not_found,2026-09-29T18:36:46.656274+00:00,docs/csrankings_missing_search_2026-09-29.md#kurzweil-2921211
https://awards.acm.org/award-recipients/lampson_1142421,"Lampson, Butler W",2026-09-29T18:35:10.494431+00:00,,docs/csrankings_missing_search_2026-09-29.md#sources,not_found,2026-09-29T18:36:46.656274+00:00,docs/csrankings_missing_search_2026-09-29.md#lampson-1142421
https://awards.acm.org/award-recipients/lavenberg_1174150,"Lavenberg, Stephen S",2026-09-29T18:35:10.494431+00:00,,docs/csrankings_missing_search_2026-09-29.md#sources,not_found,2026-09-29T18:36:46.656274+00:00,docs/csrankings_missing_search_2026-09-29.md#lavenberg-1174150
https://awards.acm.org/award-recipients/lederberg_1048305,"Lederberg, Joshua",2026-09-29T18:35:10.494431+00:00,,docs/csrankings_missing_search_2026-09-29.md#sources,not_found,2026-09-29T18:36:46.656274+00:00,docs/csrankings_missing_search_2026-09-29.md#lederberg-1048305
https://awards.acm.org/award-recipients/lee_1187137,"Lee, John A",2026-09-29T18:35:10.494431+00:00,,docs/csrankings_missing_search_2026-09-29.md#sources,not_found,2026-09-29T18:36:46.656274+00:00,docs/csrankings_missing_search_2026-09-29.md#lee-1187137
https://awards.acm.org/award-recipients/lehman_1008853,"Lehman, Meir",2026-09-29T18:35:10.494431+00:00,,docs/csrankings_missing_search_2026-09-29.md#sources,not_found,2026-09-29T18:36:46.656274+00:00,docs/csrankings_missing_search_2026-09-29.md#lehman-1008853
https://awards.acm.org/award-recipients/lindsay_1238732,"Lindsay, Bruce",2026-09-29T18:35:10.494431+00:00,,docs/csrankings_missing_search_2026-09-29.md#sources,not_found,2026-09-29T18:36:46.656274+00:00,docs/csrankings_missing_search_2026-09-29.md#lindsay-1238732
https://awards.acm.org/award-recipients/little_1152974,"Little, Joyce Currie",2026-09-29T18:35:10.494431+00:00,,docs/csrankings_missing_search_2026-09-29.md#sources,not_found,2026-09-29T18:36:46.656274+00:00,docs/csrankings_missing_search_2026-09-29.md#little-1152974
https://awards.acm.org/award-recipients/liu_1746825,"Liu, C.L.",2026-09-29T18:35:10.494431+00:00,,docs/csrankings_missing_search_2026-09-29.md#sources,not_found,2026-09-29T18:36:46.656274+00:00,docs/csrankings_missing_search_2026-09-29.md#liu-1746825
https://awards.acm.org/award-recipients/lynn_1121771,"Lynn, M Stuart",2026-09-29T18:35:10.494431+00:00,,docs/csrankings_missing_search_2026-09-29.md#sources,not_found,2026-09-29T18:36:46.656274+00:00,docs/csrankings_missing_search_2026-09-29.md#lynn-1121771
https://awards.acm.org/award-recipients/maisel_1705730,"Maisel, Herbert",2026-09-29T18:35:10.494431+00:00,,docs/csrankings_missing_search_2026-09-29.md#sources,not_found,2026-09-29T18:36:46.656274+00:00,docs/csrankings_missing_search_2026-09-29.md#maisel-1705730
https://awards.acm.org/award-recipients/manna_1207521,"Manna, Zohar",2026-09-29T18:35:10.494431+00:00,,docs/csrankings_missing_search_2026-09-29.md#sources,not_found,2026-09-29T18:36:46.656274+00:00,docs/csrankings_missing_search_2026-09-29.md#manna-1207521
https://awards.acm.org/award-recipients/mccarthy_1118322,"McCarthy, John",2026-09-29T18:35:10.494431+00:00,,docs/csrankings_missing_search_2026-09-29.md#sources,not_found,2026-09-29T18:36:46.656274+00:00,docs/csrankings_missing_search_2026-09-29.md#mccarthy-1118322
https://awards.acm.org/award-recipients/mccluskey_1007814,"McCluskey, Edward",2026-09-29T18:35:10.494431+00:00,,docs/csrankings_missing_search_2026-09-29.md#sources,not_found,2026-09-29T18:36:46.656274+00:00,docs/csrankings_missing_search_2026-09-29.md#mccluskey-1007814
https://awards.acm.org/award-recipients/mccracken_1003201,"McCracken, Daniel D",2026-09-29T18:35:10.494431+00:00,,docs/csrankings_missing_search_2026-09-29.md#sources,not_found,2026-09-29T18:36:46.656274+00:00,docs/csrankings_missing_search_2026-09-29.md#mccracken-1003201
https://awards.acm.org/award-recipients/mcjones_1169911,"McJones, Paul R",2026-09-29T18:35:10.494431+00:00,,docs/csrankings_missing_search_2026-09-29.md#sources,not_found,2026-09-29T18:36:46.656274+00:00,docs/csrankings_missing_search_2026-09-29.md#mcjones-1169911
https://awards.acm.org/award-recipients/milner_1569367,"Milner, A J",2026-09-29T18:35:10.494431+00:00,,docs/csrankings_missing_search_2026-09-29.md#sources,not_found,2026-09-29T18:36:46.656274+00:00,docs/csrankings_missing_search_2026-09-29.md#milner-1569367
https://awards.acm.org/award-recipients/minker_1010784,"Minker, Jack",2026-09-29T18:35:10.494431+00:00,,docs/csrankings_missing_search_2026-09-29.md#sources,not_found,2026-09-29T18:36:46.656274+00:00,docs/csrankings_missing_search_2026-09-29.md#minker-1010784
https://awards.acm.org/award-recipients/neumann_1006303,"Neumann, Peter G",2026-09-29T18:35:10.494431+00:00,,docs/csrankings_missing_search_2026-09-29.md#sources,not_found,2026-09-29T18:36:46.656274+00:00,docs/csrankings_missing_search_2026-09-29.md#neumann-1006303
https://awards.acm.org/award-recipients/newborn_1210657,"Newborn, Monroe",2026-09-29T18:35:10.494431+00:00,,docs/csrankings_missing_search_2026-09-29.md#sources,not_found,2026-09-29T18:36:46.656274+00:00,docs/csrankings_missing_search_2026-09-29.md#newborn-1210657
https://awards.acm.org/award-recipients/owicki_1219047,"Owicki, Susan S",2026-09-29T18:35:10.494431+00:00,,docs/csrankings_missing_search_2026-09-29.md#sources,not_found,2026-09-29T18:36:46.656274+00:00,docs/csrankings_missing_search_2026-09-29.md#owicki-1219047
https://awards.acm.org/award-recipients/parnas_1043744,"Parnas, David Lorge",2026-09-29T18:35:10.494431+00:00,,docs/csrankings_missing_search_2026-09-29.md#sources,not_found,2026-09-29T18:36:46.656274+00:00,docs/csrankings_missing_search_2026-09-29.md#parnas-1043744
https://awards.acm.org/award-recipients/patterson_2316693,"Patterson, David",2026-09-29T18:35:10.494431+00:00,,docs/csrankings_missing_search_2026-09-29.md#sources,not_found,2026-09-29T18:36:46.656274+00:00,docs/csrankings_missing_search_2026-09-29.md#patterson-2316693
,Peter Elias,2026-09-29T18:35:10.494431+00:00,,docs/csrankings_missing_search_2026-09-29.md#sources,not_found,2026-09-29T18:36:46.656274+00:00,docs/csrankings_missing_search_2026-09-29.md#name--eter--lias
https://awards.acm.org/award-recipients/poucher_1761550,"Poucher, William B",2026-09-29T18:35:10.494431+00:00,,docs/csrankings_missing_search_2026-09-29.md#sources,not_found,2026-09-29T18:36:46.656274+00:00,docs/csrankings_missing_search_2026-09-29.md#poucher-1761550
https://awards.acm.org/award-recipients/ralston_1005818,"Ralston, Anthony",2026-09-29T18:35:10.494431+00:00,,docs/csrankings_missing_search_2026-09-29.md#sources,not_found,2026-09-29T18:36:46.656274+00:00,docs/csrankings_missing_search_2026-09-29.md#ralston-1005818
,Roger M Needham,2026-09-29T18:35:10.494431+00:00,,docs/csrankings_missing_search_2026-09-29.md#sources,not_found,2026-09-29T18:36:46.656274+00:00,docs/csrankings_missing_search_2026-09-29.md#name--oger----eedham
https://awards.acm.org/award-recipients/rosenfeld_1037506,"Rosenfeld, Azriel",2026-09-29T18:35:10.494431+00:00,,docs/csrankings_missing_search_2026-09-29.md#sources,not_found,2026-09-29T18:36:46.656274+00:00,docs/csrankings_missing_search_2026-09-29.md#rosenfeld-1037506
https://awards.acm.org/award-recipients/rulifson_1481993,"Rulifson, Jeff",2026-09-29T18:35:10.494431+00:00,,docs/csrankings_missing_search_2026-09-29.md#sources,not_found,2026-09-29T18:36:46.656274+00:00,docs/csrankings_missing_search_2026-09-29.md#rulifson-1481993
https://awards.acm.org/award-recipients/sammet_1004423,"Sammet, Jean E",2026-09-29T18:35:10.494431+00:00,,docs/csrankings_missing_search_2026-09-29.md#sources,not_found,2026-09-29T18:36:46.656274+00:00,docs/csrankings_missing_search_2026-09-29.md#sammet-1004423
https://awards.acm.org/award-recipients/simon_1031467,"Simon, Herbert A",2026-09-29T18:35:10.494431+00:00,,docs/csrankings_missing_search_2026-09-29.md#sources,not_found,2026-09-29T18:36:46.656274+00:00,docs/csrankings_missing_search_2026-09-29.md#simon-1031467
https://awards.acm.org/award-recipients/simons_2101418,"Simons, Barbara B",2026-09-29T18:35:10.494431+00:00,,docs/csrankings_missing_search_2026-09-29.md#sources,not_found,2026-09-29T18:36:46.656274+00:00,docs/csrankings_missing_search_2026-09-29.md#simons-2101418
https://awards.acm.org/award-recipients/sloan_1304641,"Sloan, Martha",2026-09-29T18:35:10.494431+00:00,,docs/csrankings_missing_search_2026-09-29.md#sources,not_found,2026-09-29T18:36:46.656274+00:00,docs/csrankings_missing_search_2026-09-29.md#sloan-1304641
https://awards.acm.org/award-recipients/slutz_1111400,"Slutz, Donald R",2026-09-29T18:35:10.494431+00:00,,docs/csrankings_missing_search_2026-09-29.md#sources,not_found,2026-09-29T18:36:46.656274+00:00,docs/csrankings_missing_search_2026-09-29.md#slutz-1111400
https://awards.acm.org/award-recipients/smith_1148832,"Smith, Burton",2026-09-29T18:35:10.494431+00:00,,docs/csrankings_missing_search_2026-09-29.md#sources,not_found,2026-09-29T18:36:46.656274+00:00,docs/csrankings_missing_search_2026-09-29.md#smith-1148832
https://awards.acm.org/award-recipients/stearns_1081900,"Stearns, Richard E",2026-09-29T18:35:10.494431+00:00,,docs/csrankings_missing_search_2026-09-29.md#sources,not_found,2026-09-29T18:36:46.656274+00:00,docs/csrankings_missing_search_2026-09-29.md#stearns-1081900
https://awards.acm.org/award-recipients/steel_1486257,"Steel, Thomas B",2026-09-29T18:35:10.494431+00:00,,docs/csrankings_missing_search_2026-09-29.md#sources,not_found,2026-09-29T18:36:46.656274+00:00,docs/csrankings_missing_search_2026-09-29.md#steel-1486257
https://awards.acm.org/award-recipients/steele_1261585,"Steele, Guy L",2026-09-29T18:35:10.494431+00:00,,docs/csrankings_missing_search_2026-09-29.md#sources,not_found,2026-09-29T18:36:46.656274+00:00,docs/csrankings_missing_search_2026-09-29.md#steele-1261585
https://awards.acm.org/award-recipients/stone_8310369,"Stone, Harold",2026-09-29T18:35:10.494431+00:00,,docs/csrankings_missing_search_2026-09-29.md#sources,not_found,2026-09-29T18:36:46.656274+00:00,docs/csrankings_missing_search_2026-09-29.md#stone-8310369
https://awards.acm.org/award-recipients/stonebraker_1172121,"Stonebraker, Michael",2026-09-29T18:35:10.494431+00:00,,docs/csrankings_missing_search_2026-09-29.md#sources,not_found,2026-09-29T18:36:46.656274+00:00,docs/csrankings_missing_search_2026-09-29.md#stonebraker-1172121
https://awards.acm.org/award-recipients/strecker_1174465,"Strecker, William",2026-09-29T18:35:10.494431+00:00,,docs/csrankings_missing_search_2026-09-29.md#sources,not_found,2026-09-29T18:36:46.656274+00:00,docs/csrankings_missing_search_2026-09-29.md#strecker-1174465
https://awards.acm.org/award-recipients/stroustrup_1652833,"Stroustrup, Bjarne",2026-09-29T18:35:10.494431+00:00,,docs/csrankings_missing_search_2026-09-29.md#sources,not_found,2026-09-29T18:36:46.656274+00:00,docs/csrankings_missing_search_2026-09-29.md#stroustrup-1652833
https://awards.acm.org/award-recipients/suppes_1094853,"Suppes, Patrick",2026-09-29T18:35:10.494431+00:00,,docs/csrankings_missing_search_2026-09-29.md#sources,not_found,2026-09-29T18:36:46.656274+00:00,docs/csrankings_missing_search_2026-09-29.md#suppes-1094853
https://awards.acm.org/award-recipients/sutherland_3467412,"Sutherland, Ivan",2026-09-29T18:35:10.494431+00:00,,docs/csrankings_missing_search_2026-09-29.md#sources,not_found,2026-09-29T18:36:46.656274+00:00,docs/csrankings_missing_search_2026-09-29.md#sutherland-3467412
https://awards.acm.org/award-recipients/taft_2615318,"Taft, Edward A",2026-09-29T18:35:10.494431+00:00,,docs/csrankings_missing_search_2026-09-29.md#sources,not_found,2026-09-29T18:36:46.656274+00:00,docs/csrankings_missing_search_2026-09-29.md#taft-2615318
https://awards.acm.org/award-recipients/taylor_1076264,"Taylor, Robert W",2026-09-29T18:35:10.494431+00:00,,docs/csrankings_missing_search_2026-09-29.md#sources,not_found,2026-09-29T18:36:46.656274+00:00,docs/csrankings_missing_search_2026-09-29.md#taylor-1076264
https://awards.acm.org/award-recipients/thacker_1336106,"Thacker, Charles P",2026-09-29T18:35:10.494431+00:00,,docs/csrankings_missing_search_2026-09-29.md#sources,not_found,2026-09-29T18:36:46.656274+00:00,docs/csrankings_missing_search_2026-09-29.md#thacker-1336106
https://awards.acm.org/award-recipients/traiger_N012401,"Traiger, Irv",2026-09-29T18:35:10.494431+00:00,,docs/csrankings_missing_search_2026-09-29.md#sources,not_found,2026-09-29T18:36:46.656274+00:00,docs/csrankings_missing_search_2026-09-29.md#traiger-n012401
https://awards.acm.org/award-recipients/traub_1015205,"Traub, Joseph",2026-09-29T18:35:10.494431+00:00,,docs/csrankings_missing_search_2026-09-29.md#sources,not_found,2026-09-29T18:36:46.656274+00:00,docs/csrankings_missing_search_2026-09-29.md#traub-1015205
https://awards.acm.org/award-recipients/tucker_1098797,"Tucker, Allen",2026-09-29T18:35:10.494431+00:00,,docs/csrankings_missing_search_2026-09-29.md#sources,not_found,2026-09-29T18:36:46.656274+00:00,docs/csrankings_missing_search_2026-09-29.md#tucker-1098797
https://awards.acm.org/award-recipients/ware_1000876,"Ware, Willis H",2026-09-29T18:35:10.494431+00:00,,docs/csrankings_missing_search_2026-09-29.md#sources,not_found,2026-09-29T18:36:46.656274+00:00,docs/csrankings_missing_search_2026-09-29.md#ware-1000876
https://awards.acm.org/award-recipients/wecker_1143205,"Wecker, Stuart",2026-09-29T18:35:10.494431+00:00,,docs/csrankings_missing_search_2026-09-29.md#sources,not_found,2026-09-29T18:36:46.656274+00:00,docs/csrankings_missing_search_2026-09-29.md#wecker-1143205
https://awards.acm.org/award-recipients/wegbreit_1073675,"Wegbreit, Ben",2026-09-29T18:35:10.494431+00:00,,docs/csrankings_missing_search_2026-09-29.md#sources,not_found,2026-09-29T18:36:46.656274+00:00,docs/csrankings_missing_search_2026-09-29.md#wegbreit-1073675
https://awards.acm.org/award-recipients/weiss_1004613,"Weiss, Eric A",2026-09-29T18:35:10.494431+00:00,,docs/csrankings_missing_search_2026-09-29.md#sources,not_found,2026-09-29T18:36:46.656274+00:00,docs/csrankings_missing_search_2026-09-29.md#weiss-1004613
https://awards.acm.org/award-recipients/wilkes_1001395,"Wilkes, Maurice V.",2026-09-29T18:35:10.494431+00:00,,docs/csrankings_missing_search_2026-09-29.md#sources,not_found,2026-09-29T18:36:46.656274+00:00,docs/csrankings_missing_search_2026-09-29.md#wilkes-1001395
https://awards.acm.org/award-recipients/winograd_1345305,"Winograd, Shmuel",2026-09-29T18:35:10.494431+00:00,,docs/csrankings_missing_search_2026-09-29.md#sources,not_found,2026-09-29T18:36:46.656274+00:00,docs/csrankings_missing_search_2026-09-29.md#winograd-1345305
https://awards.acm.org/award-recipients/wirth_1025774,"Wirth, Niklaus E",2026-09-29T18:35:10.494431+00:00,,docs/csrankings_missing_search_2026-09-29.md#sources,not_found,2026-09-29T18:36:46.656274+00:00,docs/csrankings_missing_search_2026-09-29.md#wirth-1025774
https://awards.acm.org/award-recipients/wolfson_1111640,"Wolfson, Seymour J",2026-09-29T18:35:10.494431+00:00,,docs/csrankings_missing_search_2026-09-29.md#sources,not_found,2026-09-29T18:36:46.656274+00:00,docs/csrankings_missing_search_2026-09-29.md#wolfson-1111640
https://awards.acm.org/award-recipients/wulf_1025840,"Wulf, William A",2026-09-29T18:35:10.494431+00:00,,docs/csrankings_missing_search_2026-09-29.md#sources,not_found,2026-09-29T18:36:46.656274+00:00,docs/csrankings_missing_search_2026-09-29.md#wulf-1025840
https://awards.acm.org/award-recipients/zadeh_1006543,"Zadeh, L A",2026-09-29T18:35:10.494431+00:00,,docs/csrankings_missing_search_2026-09-29.md#sources,not_found,2026-09-29T18:36:46.656274+00:00,docs/csrankings_missing_search_2026-09-29.md#zadeh-1006543
https://awards.acm.org/award-recipients/bennett_1202470,"Bennett, Charles Henry",2026-09-29T18:35:10.494431+00:00,,docs/csrankings_missing_search_2026-09-29.md#sources,not_found,2026-09-29T18:36:46.656274+00:00,docs/csrankings_missing_search_2026-09-29.md#bennett-1202470
https://awards.acm.org/award-recipients/barto_9471663,"Barto, Andrew",2026-09-29T18:35:10.494431+00:00,,docs/csrankings_missing_search_2026-09-29.md#sources,not_found,2026-09-29T18:36:46.656274+00:00,docs/csrankings_missing_search_2026-09-29.md#barto-9471663
https://awards.acm.org/award-recipients/metcalfe_3968158,"Metcalfe, Robert Melancton",2026-09-29T18:35:10.494431+00:00,,docs/csrankings_missing_search_2026-09-29.md#sources,not_found,2026-09-29T18:36:46.656274+00:00,docs/csrankings_missing_search_2026-09-29.md#metcalfe-3968158
https://awards.acm.org/award-recipients/naur_1024454,"Naur, Peter",2026-09-29T18:35:10.494431+00:00,,docs/csrankings_missing_search_2026-09-29.md#sources,not_found,2026-09-29T18:36:46.656274+00:00,docs/csrankings_missing_search_2026-09-29.md#naur-1024454
https://awards.acm.org/award-recipients/dahl_6917600,"Dahl, Ole-Johan",2026-09-29T18:35:10.494431+00:00,,docs/csrankings_missing_search_2026-09-29.md#sources,not_found,2026-09-29T18:36:46.656274+00:00,docs/csrankings_missing_search_2026-09-29.md#dahl-6917600
https://awards.acm.org/award-recipients/nygaard_5916220,"Nygaard, Kristen",2026-09-29T18:35:10.494431+00:00,,docs/csrankings_missing_search_2026-09-29.md#sources,not_found,2026-09-29T18:36:46.656274+00:00,docs/csrankings_missing_search_2026-09-29.md#nygaard-5916220
https://awards.acm.org/award-recipients/engelbart_5078811,"Engelbart, Douglas",2026-09-29T18:35:10.494431+00:00,,docs/csrankings_missing_search_2026-09-29.md#sources,not_found,2026-09-29T18:36:46.656274+00:00,docs/csrankings_missing_search_2026-09-29.md#engelbart-5078811
https://awards.acm.org/award-recipients/cocke_2083115,"Cocke, John",2026-09-29T18:35:10.494431+00:00,,docs/csrankings_missing_search_2026-09-29.md#sources,not_found,2026-09-29T18:36:46.656274+00:00,docs/csrankings_missing_search_2026-09-29.md#cocke-2083115
https://awards.acm.org/award-recipients/ritchie_1506389,"Ritchie, Dennis M.",2026-09-29T18:35:10.494431+00:00,,docs/csrankings_missing_search_2026-09-29.md#sources,not_found,2026-09-29T18:36:46.656274+00:00,docs/csrankings_missing_search_2026-09-29.md#ritchie-1506389
https://awards.acm.org/award-recipients/iverson_9147499,"Iverson, Kenneth E.",2026-09-29T18:35:10.494431+00:00,,docs/csrankings_missing_search_2026-09-29.md#sources,not_found,2026-09-29T18:36:46.656274+00:00,docs/csrankings_missing_search_2026-09-29.md#iverson-9147499
https://awards.acm.org/award-recipients/backus_0703524,"Backus, John",2026-09-29T18:35:10.494431+00:00,,docs/csrankings_missing_search_2026-09-29.md#sources,not_found,2026-09-29T18:36:46.656274+00:00,docs/csrankings_missing_search_2026-09-29.md#backus-0703524
https://awards.acm.org/award-recipients/newell_3167755,"Newell, Allen",2026-09-29T18:35:10.494431+00:00,,docs/csrankings_missing_search_2026-09-29.md#sources,not_found,2026-09-29T18:36:46.656274+00:00,docs/csrankings_missing_search_2026-09-29.md#newell-3167755
https://awards.acm.org/award-recipients/wilkinson_0671216,"Wilkinson, J. H.",2026-09-29T18:35:10.494431+00:00,,docs/csrankings_missing_search_2026-09-29.md#sources,not_found,2026-09-29T18:36:46.656274+00:00,docs/csrankings_missing_search_2026-09-29.md#wilkinson-0671216
https://awards.acm.org/award-recipients/perlis_0132439,"Perlis, A. J.",2026-09-29T18:35:10.494431+00:00,,docs/csrankings_missing_search_2026-09-29.md#sources,not_found,2026-09-29T18:36:46.656274+00:00,docs/csrankings_missing_search_2026-09-29.md#perlis-0132439
