name,profile,crawl_date,affiliation,interests,citations,h_index,i10_index,citations_since_5y_ago,h_index_since_5y_ago,i10_index_since_5y_ago,first_citation_year,citation_by_year
Adam Wierman,https://scholar.google.com/citations?user=4OvOdSgAAAAJ,2026-09-24,"Carl F Braun Professor of Computing+Mathematical Sciences, Caltech","[""Sustainable Computing"", ""Heavy Tails"", ""Online Algorithms"", ""Stochastic Networks"", ""Performance Evaluation""]",15884,66,185,8019,52,160,2004,"{""2004"":52,""2005"":50,""2006"":55,""2007"":117,""2008"":122,""2009"":135,""2010"":176,""2011"":233,""2012"":423,""2013"":552,""2014"":683,""2015"":824,""2016"":896,""2017"":860,""2018"":859,""2019"":854,""2020"":823,""2021"":976,""2022"":1039,""2023"":1337,""2024"":1340,""2025"":1686,""2026"":1606}"
Aggelos Kiayias,https://scholar.google.com/citations?user=P_L_vZAAAAAJ,2026-09-24,"School of Informatics, University of Edinburgh, & IOG","[""Cryptography"", ""Security""]",20584,64,188,11863,49,132,2004,"{""2004"":110,""2005"":149,""2006"":212,""2007"":157,""2008"":195,""2009"":264,""2010"":264,""2011"":200,""2012"":255,""2013"":224,""2014"":345,""2015"":376,""2016"":497,""2017"":659,""2018"":1060,""2019"":1569,""2020"":1898,""2021"":2102,""2022"":2247,""2023"":2120,""2024"":1902,""2025"":2324,""2026"":1145}"
Alessandro (Alex) Orso,https://scholar.google.com/citations?user=wCfYkMkAAAAJ,2026-09-24,"Dean of Engineering and Professor of CS and ECE, University of Georgia","[""Software Engineering"", ""Programming Languages"", ""Security""]",16982,69,137,5488,38,88,2002,"{""2002"":56,""2003"":123,""2004"":128,""2005"":214,""2006"":260,""2007"":396,""2008"":429,""2009"":485,""2010"":610,""2011"":599,""2012"":722,""2013"":805,""2014"":899,""2015"":825,""2016"":935,""2017"":903,""2018"":988,""2019"":956,""2020"":927,""2021"":896,""2022"":849,""2023"":954,""2024"":965,""2025"":1039,""2026"":777}"
Alistair Moffat,https://scholar.google.com/citations?user=r3xSME0AAAAJ,2026-09-24,"School of Computing and Information Systems, The University of Melbourne","[""Compression"", ""indexing"", ""retrieval"", ""search"", ""information systems""]",25503,68,220,6243,36,101,1994,"{""1994"":87,""1995"":143,""1996"":140,""1997"":260,""1998"":273,""1999"":307,""2000"":344,""2001"":444,""2002"":510,""2003"":565,""2004"":617,""2005"":653,""2006"":779,""2007"":908,""2008"":932,""2009"":963,""2010"":954,""2011"":919,""2012"":1050,""2013"":934,""2014"":914,""2015"":897,""2016"":1047,""2017"":1107,""2018"":1015,""2019"":1009,""2020"":916,""2021"":983,""2022"":1028,""2023"":1076,""2024"":1189,""2025"":1121,""2026"":844}"
Angela Bonifati,https://scholar.google.com/citations?user=0RdtBlUAAAAJ,2026-09-24,"Distinguished Professor of Computer Science, Lyon 1 University, Senior Member of the French IUF","[""Graph Databases"", ""Data Integration"", ""Artificial Intelligence"", ""Big Data Analytics""]",8105,44,96,3930,28,67,2000,"{""2000"":24,""2001"":79,""2002"":103,""2003"":124,""2004"":157,""2005"":145,""2006"":179,""2007"":184,""2008"":201,""2009"":206,""2010"":202,""2011"":184,""2012"":204,""2013"":206,""2014"":251,""2015"":262,""2016"":201,""2017"":207,""2018"":250,""2019"":321,""2020"":315,""2021"":371,""2022"":530,""2023"":530,""2024"":784,""2025"":1002,""2026"":690}"
Antonio Torralba,https://scholar.google.com/citations?user=8cxDHS4AAAAJ,2026-09-24,"Professor of Computer Science, MIT","[""vision"", ""computer vision""]",179384,166,363,106310,133,321,2006,"{""2006"":551,""2007"":825,""2008"":1132,""2009"":1607,""2010"":2238,""2011"":2672,""2012"":3154,""2013"":3819,""2014"":4459,""2015"":5008,""2016"":6238,""2017"":7328,""2018"":8642,""2019"":10938,""2020"":12513,""2021"":14562,""2022"":16644,""2023"":17921,""2024"":20180,""2025"":20701,""2026"":16216}"
Ariel Procaccia,https://scholar.google.com/citations?user=8ZpV-lkAAAAJ,2026-09-24,"Alfred and Rebecca Lin Professor of Computer Science, Harvard University","[""Artificial Intelligence"", ""Algorithmic Game Theory"", ""Computational Social Choice""]",18801,70,184,10606,53,147,2008,"{""2008"":134,""2009"":131,""2010"":172,""2011"":248,""2012"":351,""2013"":354,""2014"":545,""2015"":758,""2016"":917,""2017"":827,""2018"":958,""2019"":1175,""2020"":1237,""2021"":1430,""2022"":1577,""2023"":1619,""2024"":1842,""2025"":2058,""2026"":2059}"
Baoquan Chen,https://scholar.google.com/citations?user=iHWtrEAAAAAJ,2026-09-24,"Peking University, ACM/IEEE Fellow","[""computer graphics"", ""computer vision"", ""visualization"", ""multimedia"", ""human computer interaction""]",23124,77,197,14850,55,162,2002,"{""2002"":67,""2003"":88,""2004"":101,""2005"":167,""2006"":143,""2007"":153,""2008"":191,""2009"":159,""2010"":188,""2011"":226,""2012"":285,""2013"":385,""2014"":465,""2015"":549,""2016"":559,""2017"":667,""2018"":832,""2019"":1219,""2020"":1595,""2021"":2085,""2022"":2244,""2023"":2426,""2024"":2795,""2025"":3008,""2026"":2281}"
Cristina Conati,https://scholar.google.com/citations?user=Ytp9oFQAAAAJ,2026-09-24,"Professor of Computer Science, University of British Columbia","[""AI"", ""Human-Centred AI"", ""User Modeling"", ""AI-driven personalization"", ""Affective Computing""]",15304,61,159,6236,38,111,1999,"{""1999"":51,""2000"":72,""2001"":102,""2002"":96,""2003"":116,""2004"":207,""2005"":248,""2006"":270,""2007"":370,""2008"":378,""2009"":517,""2010"":477,""2011"":444,""2012"":512,""2013"":592,""2014"":599,""2015"":594,""2016"":640,""2017"":579,""2018"":580,""2019"":622,""2020"":757,""2021"":721,""2022"":725,""2023"":939,""2024"":1146,""2025"":1385,""2026"":1270}"
Cynthia Rudin,https://scholar.google.com/citations?user=mezKJyoAAAAJ,2026-09-24,"Professor of Computer Science, ECE, Statistics, and Biostatistics & Bioinformatics, Duke University","[""machine learning"", ""interpretability"", ""data science""]",47478,73,184,40224,62,153,2011,"{""2011"":138,""2012"":152,""2013"":195,""2014"":232,""2015"":360,""2016"":351,""2017"":492,""2018"":803,""2019"":1371,""2020"":2309,""2021"":3592,""2022"":4930,""2023"":5979,""2024"":7045,""2025"":9196,""2026"":9426}"
Dejan Milojicic,https://scholar.google.com/citations?user=4VqLAT8AAAAJ,2026-09-24,Hewlett Packard Labs,"[""Distributed Systems"", ""Operating Systems"", ""Cloud Computing"", ""Systems Software"", ""HPC""]",14055,51,173,5313,30,86,1997,"{""1997"":39,""1998"":62,""1999"":45,""2000"":135,""2001"":148,""2002"":210,""2003"":289,""2004"":345,""2005"":422,""2006"":386,""2007"":375,""2008"":331,""2009"":358,""2010"":366,""2011"":402,""2012"":469,""2013"":456,""2014"":444,""2015"":479,""2016"":459,""2017"":472,""2018"":508,""2019"":587,""2020"":702,""2021"":781,""2022"":874,""2023"":1003,""2024"":936,""2025"":1024,""2026"":675}"
Deming Chen,https://scholar.google.com/citations?user=A_A_LrsAAAAJ,2026-09-24,Abel Bliss Professor. University of Illinois at Urbana-Champaign,"[""High-level Synthesis"", ""Hybrid Cloud"", ""FPGAs"", ""Machine Learning"", ""Hardware Security""]",19451,68,213,12892,48,158,2005,"{""2005"":75,""2006"":77,""2007"":109,""2008"":137,""2009"":217,""2010"":238,""2011"":248,""2012"":331,""2013"":377,""2014"":414,""2015"":480,""2016"":489,""2017"":535,""2018"":538,""2019"":890,""2020"":1228,""2021"":1837,""2022"":1935,""2023"":1877,""2024"":2214,""2025"":2556,""2026"":2457}"
Denys Poshyvanyk,https://scholar.google.com/citations?user=gyLFs0IAAAAJ,2026-09-24,"Chancellor Professor of Computer Science, William & Mary","[""software engineering"", ""software analytics"", ""software evolution"", ""software maintenance"", ""program""]",27161,94,216,13826,63,179,2007,"{""2007"":85,""2008"":128,""2009"":204,""2010"":312,""2011"":405,""2012"":599,""2013"":827,""2014"":946,""2015"":998,""2016"":1286,""2017"":1506,""2018"":1943,""2019"":1912,""2020"":1949,""2021"":2071,""2022"":2249,""2023"":2407,""2024"":2495,""2025"":2623,""2026"":1968}"
Eytan Adar,https://scholar.google.com/citations?user=4tMapHYAAAAJ,2026-09-24,"Professor, University of Michigan","[""Human Computer Interaction"", ""HCI"", ""Human-AI Interaction"", ""Visualization"", ""Social Media""]",22401,65,123,6944,41,88,2001,"{""2001"":72,""2002"":178,""2003"":246,""2004"":358,""2005"":465,""2006"":573,""2007"":654,""2008"":749,""2009"":893,""2010"":893,""2011"":952,""2012"":961,""2013"":1051,""2014"":1081,""2015"":993,""2016"":1020,""2017"":968,""2018"":990,""2019"":990,""2020"":1035,""2021"":1033,""2022"":1092,""2023"":1176,""2024"":1308,""2025"":1376,""2026"":950}"
Franck Cappello,https://scholar.google.com/citations?user=z5u02kIAAAAJ,2026-09-24,"Argonne National Laboratory. IEEE Fellow, ACM Fellow.","[""Parallel Processing"", ""High Performance Computing"", ""Fault Tolerance"", ""Data Compression""]",21663,72,274,8869,43,181,2002,"{""2002"":61,""2003"":126,""2004"":175,""2005"":284,""2006"":330,""2007"":361,""2008"":448,""2009"":531,""2010"":610,""2011"":624,""2012"":793,""2013"":881,""2014"":920,""2015"":1028,""2016"":969,""2017"":978,""2018"":1036,""2019"":1129,""2020"":1191,""2021"":1218,""2022"":1196,""2023"":1368,""2024"":1553,""2025"":1924,""2026"":1598}"
Gail-Joon Ahn,https://scholar.google.com/citations?user=_dzO69sAAAAJ,2026-09-24,Arizona State University,"[""Security and Privacy""]",19342,70,200,6573,39,112,2001,"{""2001"":56,""2002"":70,""2003"":170,""2004"":195,""2005"":220,""2006"":333,""2007"":292,""2008"":347,""2009"":389,""2010"":374,""2011"":498,""2012"":622,""2013"":833,""2014"":1024,""2015"":1058,""2016"":1192,""2017"":1195,""2018"":1150,""2019"":1255,""2020"":1259,""2021"":1271,""2022"":1307,""2023"":1187,""2024"":1092,""2025"":1011,""2026"":697}"
George Candea,https://scholar.google.com/citations?user=Yd-SGH8AAAAJ,2026-09-24,"Professor of Computer Science, EPFL (Lausanne, Switzerland)","[""Computer Systems"", ""Performance"", ""Reliability"", ""Security""]",10607,51,87,2829,30,53,2002,"{""2002"":55,""2003"":130,""2004"":133,""2005"":214,""2006"":202,""2007"":263,""2008"":277,""2009"":257,""2010"":309,""2011"":398,""2012"":390,""2013"":525,""2014"":579,""2015"":671,""2016"":674,""2017"":641,""2018"":637,""2019"":605,""2020"":699,""2021"":552,""2022"":485,""2023"":502,""2024"":499,""2025"":451,""2026"":340}"
George Drettakis,https://scholar.google.com/citations?user=LGo5J4IAAAAJ,2026-09-24,Inria Center at Université Côte d’Azur/GRAPHDECO,"[""Computer Graphics"", ""Rendering"", ""Neural Rendering"", ""Gaussian Splatting"", ""Global Illumination""]",26082,63,141,17911,35,70,1997,"{""1997"":74,""1998"":126,""1999"":195,""2000"":188,""2001"":173,""2002"":262,""2003"":383,""2004"":335,""2005"":431,""2006"":364,""2007"":357,""2008"":363,""2009"":400,""2010"":333,""2011"":326,""2012"":319,""2013"":286,""2014"":335,""2015"":299,""2016"":377,""2017"":403,""2018"":406,""2019"":503,""2020"":607,""2021"":625,""2022"":704,""2023"":842,""2024"":3021,""2025"":6196,""2026"":6467}"
Edward Suh,https://scholar.google.com/citations?user=neO3vFYAAAAJ,2026-09-24,NVIDIA / Cornell University,"[""Computer Architecture"", ""Security"", ""EDA"", ""Machine Learning""]",19065,51,113,7911,40,92,2004,"{""2004"":139,""2005"":212,""2006"":235,""2007"":309,""2008"":360,""2009"":410,""2010"":540,""2011"":570,""2012"":603,""2013"":720,""2014"":770,""2015"":827,""2016"":917,""2017"":981,""2018"":1065,""2019"":1072,""2020"":1234,""2021"":1265,""2022"":1255,""2023"":1317,""2024"":1267,""2025"":1501,""2026"":1300}"
Hai Jin,https://scholar.google.com/citations?user=o02W0aEAAAAJ,2026-09-24,Huazhong University of Science and Technology,"[""Parallel and Distributed Computing"", ""Computer Architecture"", ""Cloud Computing"", ""P2P""]",49190,99,874,30102,78,580,2005,"{""2005"":124,""2006"":230,""2007"":284,""2008"":401,""2009"":443,""2010"":640,""2011"":765,""2012"":927,""2013"":1224,""2014"":1342,""2015"":1676,""2016"":1830,""2017"":1824,""2018"":1975,""2019"":2241,""2020"":2630,""2021"":3380,""2022"":3968,""2023"":4800,""2024"":6049,""2025"":7114,""2026"":4730}"
Hanghang Tong,https://scholar.google.com/citations?user=RaINcuUAAAAJ,2026-09-24,University of Illinois at Urbana-Champaign,"[""Large Scale Data Mining"", ""Graph Mining"", ""Social Networks"", ""Healthcare"", ""Multimedia""]",31846,82,384,20562,62,323,2007,"{""2007"":87,""2008"":181,""2009"":230,""2010"":284,""2011"":398,""2012"":517,""2013"":598,""2014"":711,""2015"":920,""2016"":1049,""2017"":1347,""2018"":1442,""2019"":1538,""2020"":1698,""2021"":1900,""2022"":2359,""2023"":3048,""2024"":3836,""2025"":5067,""2026"":4308}"
Hui Xiong,https://scholar.google.com/citations?user=cVDF1tkAAAAJ,2026-09-24,Rutgers University/Baidu/HKUST,"[""Artificial Intelligence"", ""data mining"", ""business intelligence"", ""mobile computing""]",74519,108,596,57550,84,511,2008,"{""2008"":312,""2009"":395,""2010"":442,""2011"":573,""2012"":632,""2013"":924,""2014"":985,""2015"":1221,""2016"":1567,""2017"":1732,""2018"":2239,""2019"":2445,""2020"":2784,""2021"":4027,""2022"":5814,""2023"":8079,""2024"":11123,""2025"":15604,""2026"":12760}"
Javier Esparza,https://scholar.google.com/citations?user=c9qgPSYAAAAJ,2026-09-24,"Professor of Computer Science, Technical University of Munich","[""Verification"", ""Automata Theory"", ""Concurrency Theory"", ""Logic in Computer Science""]",14266,59,134,2732,28,65,1993,"{""1993"":45,""1994"":39,""1995"":86,""1996"":174,""1997"":192,""1998"":250,""1999"":170,""2000"":277,""2001"":302,""2002"":367,""2003"":420,""2004"":405,""2005"":526,""2006"":460,""2007"":530,""2008"":623,""2009"":611,""2010"":565,""2011"":517,""2012"":573,""2013"":624,""2014"":541,""2015"":507,""2016"":553,""2017"":492,""2018"":537,""2019"":428,""2020"":457,""2021"":530,""2022"":516,""2023"":412,""2024"":472,""2025"":449,""2026"":351}"
Jian Ma,https://scholar.google.com/citations?user=nDw9v78AAAAJ,2026-09-24,"Ray and Stephanie Lane Professor, School of Computer Science, Carnegie Mellon University","[""AI for Biology"", ""Computational Biology"", ""Biomedical AI"", ""Single-cell Epigenomics""]",21550,63,134,12537,53,112,2007,"{""2007"":94,""2008"":223,""2009"":207,""2010"":185,""2011"":239,""2012"":289,""2013"":423,""2014"":603,""2015"":767,""2016"":887,""2017"":925,""2018"":1148,""2019"":1302,""2020"":1453,""2021"":1903,""2022"":1985,""2023"":1882,""2024"":2057,""2025"":2585,""2026"":2098}"
Jiaya Jia,https://scholar.google.com/citations?user=XPAkzTEAAAAJ,2026-09-24,"Chair Professor, HKUST; Adjunct Prof., CUHK","[""Artificial Intelligence"", ""Computer Vision"", ""Deep Learning""]",119189,128,304,90322,110,265,2009,"{""2009"":435,""2010"":657,""2011"":752,""2012"":885,""2013"":1050,""2014"":1370,""2015"":1761,""2016"":2191,""2017"":2764,""2018"":3606,""2019"":5358,""2020"":6845,""2021"":10117,""2022"":12554,""2023"":15279,""2024"":18141,""2025"":19842,""2026"":14339}"
Jun Zhu,https://scholar.google.com/citations?user=axsP38wAAAAJ,2026-09-24,"Professor of Computer Science, Tsinghua University; ACM/IEEE/AAAI Fellow","[""Machine Learning"", ""Bayesian Methods"", ""Deep Generative Models"", ""Adversarial Robustness"", ""Reinforcement""]",74727,111,413,65748,100,362,2012,"{""2012"":287,""2013"":288,""2014"":435,""2015"":465,""2016"":536,""2017"":691,""2018"":1159,""2019"":1748,""2020"":2680,""2021"":3675,""2022"":4814,""2023"":7767,""2024"":13195,""2025"":18737,""2026"":17311}"
Junfeng Yang,https://scholar.google.com/citations?user=JJ9AvbAAAAAJ,2026-09-24,"Professor of Computer Science, Columbia University","[""Operating systems"", ""software reliability"", ""concurrency"", ""and security.""]",14654,51,109,9509,38,96,2005,"{""2005"":71,""2006"":101,""2007"":143,""2008"":157,""2009"":163,""2010"":190,""2011"":184,""2012"":230,""2013"":287,""2014"":292,""2015"":350,""2016"":329,""2017"":318,""2018"":462,""2019"":717,""2020"":981,""2021"":1059,""2022"":1192,""2023"":1490,""2024"":1730,""2025"":2130,""2026"":1904}"
Kate Starbird,https://scholar.google.com/citations?user=C6KSF5gAAAAJ,2026-09-24,"Professor, Human Centered Design & Engineering, University of Washington","[""Crisis Informatics"", ""Crowdsourcing"", ""Crowdwork"", ""CSCW"", ""Human Computer Interaction""]",13474,48,93,6776,42,82,2010,"{""2010"":67,""2011"":175,""2012"":318,""2013"":393,""2014"":557,""2015"":662,""2016"":668,""2017"":791,""2018"":919,""2019"":919,""2020"":1045,""2021"":1084,""2022"":1125,""2023"":1064,""2024"":1069,""2025"":1376,""2026"":1050}"
Ke Yi,https://scholar.google.com/citations?user=dWcZPFEAAAAJ,2026-09-24,HKUST,"[""Database theory and systems""]",8729,53,118,3280,30,78,2005,"{""2005"":50,""2006"":53,""2007"":68,""2008"":118,""2009"":187,""2010"":343,""2011"":376,""2012"":445,""2013"":455,""2014"":430,""2015"":468,""2016"":443,""2017"":443,""2018"":470,""2019"":493,""2020"":485,""2021"":435,""2022"":480,""2023"":589,""2024"":632,""2025"":675,""2026"":464}"
Ken-ichi Kawarabayashi,https://scholar.google.com/citations?user=DWERCmsAAAAJ,2026-09-24,"National Institute of Informatics, The University of Tokyo","[""Graph Theory"", ""Graph Algorithms"", ""Combinatorics"", ""Discrete Mathematics"", ""Combinatorial optimization""]",16487,57,227,10169,37,129,2005,"{""2005"":70,""2006"":56,""2007"":103,""2008"":141,""2009"":228,""2010"":209,""2011"":234,""2012"":342,""2013"":346,""2014"":268,""2015"":373,""2016"":454,""2017"":562,""2018"":675,""2019"":857,""2020"":1164,""2021"":1324,""2022"":1636,""2023"":1737,""2024"":1887,""2025"":2009,""2026"":1571}"
Kian-Lee Tan,https://scholar.google.com/citations?user=JQ-sxKYAAAAJ,2026-09-24,National University of Singapore,"[""Databases"", ""Analytics"", ""Performance""]",26601,81,310,6859,39,112,1997,"{""1997"":79,""1998"":88,""1999"":126,""2000"":165,""2001"":179,""2002"":233,""2003"":366,""2004"":457,""2005"":568,""2006"":741,""2007"":820,""2008"":806,""2009"":1114,""2010"":1158,""2011"":1042,""2012"":1067,""2013"":995,""2014"":993,""2015"":1163,""2016"":1249,""2017"":1284,""2018"":1568,""2019"":1511,""2020"":1466,""2021"":1470,""2022"":1261,""2023"":1213,""2024"":1219,""2025"":1035,""2026"":660}"
Kwang-Ting (Tim) Cheng,https://scholar.google.com/citations?user=-SgpaF8AAAAJ,2026-09-24,"Chair Professor of ECE and CSE, HKUST","[""Design"", ""Automation"", ""and Test for Integrated Circuits"", ""Computer Vision"", ""Medical Image Analysis""]",36667,95,514,15495,57,207,1991,"{""1991"":117,""1992"":140,""1993"":205,""1994"":212,""1995"":329,""1996"":406,""1997"":360,""1998"":415,""1999"":421,""2000"":480,""2001"":491,""2002"":536,""2003"":686,""2004"":663,""2005"":778,""2006"":875,""2007"":936,""2008"":929,""2009"":893,""2010"":951,""2011"":879,""2012"":942,""2013"":836,""2014"":884,""2015"":920,""2016"":914,""2017"":910,""2018"":1026,""2019"":1176,""2020"":1363,""2021"":1628,""2022"":1916,""2023"":2172,""2024"":2820,""2025"":3671,""2026"":3259}"
Li Xiong,https://scholar.google.com/citations?user=jJ8BLgsAAAAJ,2026-09-24,"Samuel Dobbs Professor, Computer Science, Emory University","[""Machine learning"", ""privacy enhancing technology"", ""AI for health"", ""mobility data""]",29230,58,180,20611,46,133,2004,"{""2004"":82,""2005"":155,""2006"":204,""2007"":285,""2008"":350,""2009"":403,""2010"":489,""2011"":443,""2012"":494,""2013"":474,""2014"":480,""2015"":571,""2016"":588,""2017"":652,""2018"":751,""2019"":789,""2020"":1234,""2021"":1877,""2022"":2514,""2023"":3086,""2024"":3662,""2025"":4905,""2026"":4411}"
Luca Carloni,https://scholar.google.com/citations?user=sEAoh3MAAAAJ,2026-09-24,"Professor and Chair of Computer Science, Columbia University","[""System-on-Chip"", ""Heterogeneous Computing"", ""Open-Source Hardware"", ""Design Automation"", ""Engineering""]",12100,58,165,3959,32,84,2002,"{""2002"":39,""2003"":84,""2004"":152,""2005"":193,""2006"":266,""2007"":269,""2008"":352,""2009"":427,""2010"":480,""2011"":527,""2012"":545,""2013"":573,""2014"":541,""2015"":597,""2016"":608,""2017"":629,""2018"":558,""2019"":566,""2020"":546,""2021"":612,""2022"":696,""2023"":649,""2024"":677,""2025"":836,""2026"":485}"
Lujo Bauer,https://scholar.google.com/citations?user=5cJzDZEAAAAJ,2026-09-24,Carnegie Mellon University,"[""Computer Security"", ""Usable Security and Privacy"", ""Societal Computing""]",17418,66,126,8503,47,94,2004,"{""2004"":58,""2005"":95,""2006"":139,""2007"":176,""2008"":246,""2009"":257,""2010"":237,""2011"":288,""2012"":365,""2013"":401,""2014"":484,""2015"":619,""2016"":733,""2017"":887,""2018"":1105,""2019"":1256,""2020"":1397,""2021"":1503,""2022"":1492,""2023"":1529,""2024"":1502,""2025"":1446,""2026"":1021}"
Madanlal Musuvathi,https://scholar.google.com/citations?user=6ENuGyoAAAAJ,2026-09-24,Microsoft Research,"[""Concurrency and Parallelism"", ""Program Verification"", ""Algorithms"", ""Systems"", ""Model Checking""]",10044,48,106,3636,32,61,2004,"{""2004"":53,""2005"":117,""2006"":118,""2007"":166,""2008"":192,""2009"":245,""2010"":348,""2011"":417,""2012"":449,""2013"":493,""2014"":460,""2015"":565,""2016"":567,""2017"":558,""2018"":509,""2019"":529,""2020"":508,""2021"":596,""2022"":488,""2023"":614,""2024"":603,""2025"":716,""2026"":618}"
Marco Dorigo,https://scholar.google.com/citations?user=PwYT6EMAAAAJ,2026-09-24,"FNRS Research Director, IRIDIA, Université Libre de Bruxelles","[""Swarm Intelligence"", ""Swarm Robotics"", ""Metaheuristics"", ""Computational Intelligence""]",159701,122,402,38231,69,225,1998,"{""1998"":460,""1999"":650,""2000"":917,""2001"":1175,""2002"":1937,""2003"":2274,""2004"":3187,""2005"":4102,""2006"":5258,""2007"":5686,""2008"":6530,""2009"":7569,""2010"":7312,""2011"":7007,""2012"":7420,""2013"":8037,""2014"":7239,""2015"":7007,""2016"":7076,""2017"":6763,""2018"":7083,""2019"":6733,""2020"":6743,""2021"":6705,""2022"":6887,""2023"":6813,""2024"":6291,""2025"":6808,""2026"":4706}"
Michael Gleicher,https://scholar.google.com/citations?user=kDkH9UkAAAAJ,2026-09-24,"Professor of Computer Sciences, University of Wisconsin - Madison","[""Computer Graphics"", ""Visualization"", ""Robotics""]",22417,72,185,6870,44,122,1993,"{""1993"":65,""1994"":50,""1995"":71,""1996"":54,""1997"":65,""1998"":106,""1999"":96,""2000"":170,""2001"":201,""2002"":280,""2003"":342,""2004"":498,""2005"":570,""2006"":689,""2007"":644,""2008"":788,""2009"":684,""2010"":779,""2011"":778,""2012"":792,""2013"":770,""2014"":877,""2015"":795,""2016"":956,""2017"":920,""2018"":1055,""2019"":1051,""2020"":1101,""2021"":1067,""2022"":1215,""2023"":1183,""2024"":1260,""2025"":1231,""2026"":874}"
Mohamed Mokbel,https://scholar.google.com/citations?user=GHz1ZVIAAAAJ,2026-09-24,"ACM Fellow, IEEE Fellow, Distinguished McKnight University Professor, Univ. of Minnesota","[""Database Systems"", ""GIS"", ""Spatial Databases"", ""Spatial Big Data"", ""Mobile Data Management""]",17320,59,174,3618,30,80,2004,"{""2004"":64,""2005"":215,""2006"":285,""2007"":314,""2008"":403,""2009"":592,""2010"":602,""2011"":651,""2012"":696,""2013"":848,""2014"":1001,""2015"":1338,""2016"":1385,""2017"":1397,""2018"":1390,""2019"":1194,""2020"":1131,""2021"":872,""2022"":731,""2023"":567,""2024"":590,""2025"":507,""2026"":351}"
Natarajan Shankar,https://scholar.google.com/citations?user=qVzY4XYAAAAJ,2026-09-24,SRI International Computer Science Laboratory,"[""Computational Logic"", ""Automated Reasoning"", ""Formal Methods"", ""Computer-Aided Verification"", ""Programming Languages""]",14866,58,136,1948,20,46,1992,"{""1992"":49,""1993"":75,""1994"":136,""1995"":293,""1996"":413,""1997"":391,""1998"":522,""1999"":540,""2000"":517,""2001"":521,""2002"":530,""2003"":609,""2004"":576,""2005"":681,""2006"":629,""2007"":669,""2008"":588,""2009"":466,""2010"":456,""2011"":411,""2012"":372,""2013"":428,""2014"":441,""2015"":387,""2016"":392,""2017"":343,""2018"":382,""2019"":384,""2020"":347,""2021"":353,""2022"":358,""2023"":369,""2024"":326,""2025"":293,""2026"":248}"
Nenad Medvidovic,https://scholar.google.com/citations?user=kqW_-2gAAAAJ,2026-09-24,"Professor of Computer Science, University of Southern California","[""Software Engineering"", ""Software Architecture"", ""Distributed Systems""]",20027,63,185,2682,27,53,1997,"{""1997"":68,""1998"":155,""1999"":251,""2000"":424,""2001"":482,""2002"":641,""2003"":685,""2004"":939,""2005"":922,""2006"":1007,""2007"":978,""2008"":970,""2009"":931,""2010"":1008,""2011"":919,""2012"":888,""2013"":816,""2014"":815,""2015"":721,""2016"":723,""2017"":713,""2018"":771,""2019"":636,""2020"":540,""2021"":554,""2022"":543,""2023"":426,""2024"":413,""2025"":411,""2026"":335}"
Noam Nisan,https://scholar.google.com/citations?user=zXQZPnMAAAAJ,2026-09-24,"Professor of Computer Science, Hebrew University of Jerusalem","[""Algorithmic Game Theory"", ""Game Theory"", ""Complexity"", ""Mechanism Design"", ""Auction Theory""]",39242,80,158,9513,45,108,1992,"{""1992"":105,""1993"":142,""1994"":191,""1995"":167,""1996"":235,""1997"":285,""1998"":302,""1999"":329,""2000"":384,""2001"":461,""2002"":539,""2003"":716,""2004"":841,""2005"":974,""2006"":1001,""2007"":1190,""2008"":1181,""2009"":1444,""2010"":1491,""2011"":1547,""2012"":1548,""2013"":1611,""2014"":1798,""2015"":1782,""2016"":1733,""2017"":1719,""2018"":1720,""2019"":1787,""2020"":1646,""2021"":1681,""2022"":1559,""2023"":1492,""2024"":1738,""2025"":1642,""2026"":1398}"
Oded Regev,https://scholar.google.com/citations?user=3-gk0ioAAAAJ,2026-09-24,Professor of Computer Science,"[""Theoretical Computer Science""]",26779,61,105,13159,42,77,2004,"{""2004"":100,""2005"":138,""2006"":201,""2007"":255,""2008"":409,""2009"":412,""2010"":464,""2011"":531,""2012"":613,""2013"":704,""2014"":965,""2015"":957,""2016"":1223,""2017"":1319,""2018"":1591,""2019"":1565,""2020"":1749,""2021"":1722,""2022"":1870,""2023"":2021,""2024"":2369,""2025"":2764,""2026"":2390}"
Odest Chadwicke Jenkins,https://scholar.google.com/citations?user=dp5LnVAAAAAJ,2026-09-24,University of Michigan,"[""Robotics"", ""Mobile Manipulation"", ""Robot Perception"", ""Human-Robot Interaction"", ""Chad Jenkins""]",7306,44,106,2369,25,59,2002,"{""2002"":21,""2003"":41,""2004"":115,""2005"":106,""2006"":151,""2007"":186,""2008"":228,""2009"":293,""2010"":275,""2011"":277,""2012"":267,""2013"":296,""2014"":342,""2015"":336,""2016"":368,""2017"":336,""2018"":350,""2019"":403,""2020"":428,""2021"":386,""2022"":391,""2023"":468,""2024"":418,""2025"":401,""2026"":300}"
Paolo Ferragina,https://scholar.google.com/citations?user=3EILU3MAAAAJ,2026-09-24,"Professor of Algorithms, Dept. Computer Science, University of Pisa","[""Algorithms and Data Structures"", ""Data Compression"", ""Information Retrieval"", ""Web Search and Mining"", ""Big Data""]",14893,47,115,5632,28,61,1998,"{""1998"":51,""1999"":72,""2000"":72,""2001"":109,""2002"":114,""2003"":143,""2004"":207,""2005"":254,""2006"":267,""2007"":392,""2008"":444,""2009"":453,""2010"":423,""2011"":446,""2012"":470,""2013"":553,""2014"":621,""2015"":621,""2016"":640,""2017"":660,""2018"":708,""2019"":582,""2020"":698,""2021"":750,""2022"":799,""2023"":916,""2024"":1103,""2025"":1272,""2026"":781}"
Pei Cao,https://scholar.google.com/citations?user=JHwivywAAAAJ,2026-09-24,Google Inc. and Stanford University,"[""Computer Systems"", ""Web"", ""Networks""]",18702,33,44,1701,13,14,1995,"{""1995"":55,""1996"":103,""1997"":134,""1998"":174,""1999"":359,""2000"":428,""2001"":678,""2002"":734,""2003"":833,""2004"":1023,""2005"":998,""2006"":966,""2007"":1045,""2008"":999,""2009"":909,""2010"":884,""2011"":851,""2012"":872,""2013"":768,""2014"":702,""2015"":588,""2016"":609,""2017"":529,""2018"":511,""2019"":476,""2020"":422,""2021"":401,""2022"":330,""2023"":289,""2024"":279,""2025"":229,""2026"":173}"
Peter Müller,https://scholar.google.com/citations?user=ttxZRHEAAAAJ,2026-09-24,ETH Zurich,"[""Program Verification"", ""Formal Methods"", ""Programming Methodology""]",9721,49,136,3666,31,71,2000,"{""2000"":43,""2001"":65,""2002"":115,""2003"":94,""2004"":153,""2005"":233,""2006"":295,""2007"":412,""2008"":333,""2009"":366,""2010"":293,""2011"":353,""2012"":374,""2013"":403,""2014"":280,""2015"":354,""2016"":286,""2017"":330,""2018"":368,""2019"":365,""2020"":408,""2021"":452,""2022"":499,""2023"":604,""2024"":695,""2025"":866,""2026"":543}"
Rajkumar Buyya,https://scholar.google.com/citations?user=7xN6JqYAAAAJ,2026-09-24,"School of Computing and Information Systems, Uni of Melbourne; Fellow of ACM, IEEE, Academia Europea","[""Cloud Computing"", ""Data Centers"", ""Edge Computing"", ""Internet of Things"", ""Quantum Computing""]",174615,183,901,66504,121,634,2002,"{""2002"":459,""2003"":688,""2004"":885,""2005"":1401,""2006"":1849,""2007"":1970,""2008"":2323,""2009"":2936,""2010"":3393,""2011"":4239,""2012"":5414,""2013"":6668,""2014"":8126,""2015"":8965,""2016"":9832,""2017"":10853,""2018"":11861,""2019"":11970,""2020"":11642,""2021"":12145,""2022"":11294,""2023"":10668,""2024"":11156,""2025"":12353,""2026"":8687}"
Ratul Mahajan,https://scholar.google.com/citations?user=Sh1yq5QAAAAJ,2026-09-24,University of Washington,"[""Computer systems and networks""]",25418,72,128,6634,40,96,2002,"{""2002"":102,""2003"":285,""2004"":409,""2005"":534,""2006"":543,""2007"":622,""2008"":634,""2009"":746,""2010"":809,""2011"":937,""2012"":1116,""2013"":1201,""2014"":1303,""2015"":1490,""2016"":1530,""2017"":1519,""2018"":1679,""2019"":1509,""2020"":1526,""2021"":1399,""2022"":1181,""2023"":963,""2024"":1092,""2025"":1078,""2026"":919}"
Rebecca N. Wright,https://scholar.google.com/citations?user=L-xeJPoAAAAJ,2026-09-24,Barnard College,"[""cybersecurity"", ""privacy"", ""distributed computing""]",6248,37,67,1511,18,29,1996,"{""1996"":31,""1997"":22,""1998"":37,""1999"":62,""2000"":69,""2001"":67,""2002"":70,""2003"":93,""2004"":114,""2005"":142,""2006"":189,""2007"":247,""2008"":296,""2009"":281,""2010"":283,""2011"":256,""2012"":234,""2013"":286,""2014"":258,""2015"":238,""2016"":233,""2017"":219,""2018"":270,""2019"":307,""2020"":322,""2021"":378,""2022"":265,""2023"":279,""2024"":257,""2025"":226,""2026"":106}"
Sheelagh Carpendale,https://scholar.google.com/citations?user=43LLX2kAAAAJ,2026-09-24,"Professor & Canada Research Chair, Computing Science, Simon Fraser University","[""Information Visualization"", ""Data Visualization"", ""Interaction Design"", ""Human Computer Interaction"", ""Collaborative Visualization""]",23502,81,253,7392,43,149,2003,"{""2003"":89,""2004"":142,""2005"":172,""2006"":327,""2007"":378,""2008"":506,""2009"":600,""2010"":766,""2011"":901,""2012"":1082,""2013"":1135,""2014"":1288,""2015"":1288,""2016"":1414,""2017"":1326,""2018"":1388,""2019"":1363,""2020"":1375,""2021"":1332,""2022"":1282,""2023"":1329,""2024"":1268,""2025"":1275,""2026"":903}"
Stephanie Weirich,https://scholar.google.com/citations?user=-vC_l2kAAAAJ,2026-09-24,"Professor of Computer Science, University of Pennsylvania","[""Programming Languages"", ""Functional programming"", ""Type Systems"", ""Dependent types"", ""Generic programming""]",5689,37,73,1229,18,37,1999,"{""1999"":31,""2000"":65,""2001"":78,""2002"":122,""2003"":81,""2004"":121,""2005"":163,""2006"":229,""2007"":238,""2008"":222,""2009"":250,""2010"":235,""2011"":228,""2012"":264,""2013"":233,""2014"":241,""2015"":236,""2016"":208,""2017"":272,""2018"":295,""2019"":338,""2020"":220,""2021"":238,""2022"":212,""2023"":171,""2024"":179,""2025"":208,""2026"":221}"
Steve Hodges,https://scholar.google.com/citations?user=7-H0ry4AAAAJ,2026-09-24,Lancaster University 📄= pub; 💡= patent ; 🏆/🏅= award,"[""ubiquitous computing"", ""pervasive computing"", ""HCI"", ""physical computing"", ""IoT""]",31265,80,209,10453,48,139,2003,"{""2003"":97,""2004"":94,""2005"":85,""2006"":74,""2007"":128,""2008"":201,""2009"":311,""2010"":434,""2011"":484,""2012"":934,""2013"":1576,""2014"":1927,""2015"":2171,""2016"":2299,""2017"":2412,""2018"":2488,""2019"":2351,""2020"":2331,""2021"":2178,""2022"":2117,""2023"":1660,""2024"":1781,""2025"":1678,""2026"":1024}"
Sven Apel,https://scholar.google.com/citations?user=_4ssMloAAAAJ,2026-09-24,"Professor of Computer Science, Saarland University, Saarland Informatics Campus","[""Software Engineering"", ""Program Comprehension"", ""AI4SE"", ""Software Analytics"", ""Empirical Methods""]",21491,78,228,8447,49,157,2006,"{""2006"":64,""2007"":169,""2008"":324,""2009"":559,""2010"":534,""2011"":670,""2012"":833,""2013"":986,""2014"":1018,""2015"":920,""2016"":1155,""2017"":1447,""2018"":1336,""2019"":1487,""2020"":1342,""2021"":1471,""2022"":1407,""2023"":1567,""2024"":1375,""2025"":1414,""2026"":1203}"
Swarat Chaudhuri,https://scholar.google.com/citations?user=9j6RBYQAAAAJ,2026-09-24,"UT Austin, Google DeepMind","[""Automated Reasoning"", ""Machine Learning"", ""Formal Methods"", ""Programming Languages""]",11415,47,96,7436,35,79,2009,"{""2009"":34,""2010"":42,""2011"":92,""2012"":244,""2013"":276,""2014"":339,""2015"":337,""2016"":347,""2017"":381,""2018"":448,""2019"":571,""2020"":752,""2021"":814,""2022"":885,""2023"":990,""2024"":1019,""2025"":1505,""2026"":2206}"
Sylvia Ratnasamy,https://scholar.google.com/citations?user=sAdDcvQAAAAJ,2026-09-24,"Professor of Computer Science, UC Berkeley",[],52710,72,116,9787,40,79,2002,"{""2002"":456,""2003"":1068,""2004"":1780,""2005"":2213,""2006"":2315,""2007"":2461,""2008"":2204,""2009"":2264,""2010"":2162,""2011"":1986,""2012"":2063,""2013"":2333,""2014"":2491,""2015"":2751,""2016"":3021,""2017"":2837,""2018"":2863,""2019"":2584,""2020"":2317,""2021"":2170,""2022"":1851,""2023"":1715,""2024"":1591,""2025"":1458,""2026"":998}"
Tadayoshi Kohno,https://scholar.google.com/citations?user=s_YDrrgAAAAJ,2026-09-24,"Professor and McDevitt Chair in Computer Science, Ethics, and Society at Georgetown University","[""Security and Privacy"", ""Usable Privacy and Security"", ""Security and Society"", ""Tech Policy"", ""Mixed Reality""]",37752,85,211,16995,61,171,2004,"{""2004"":125,""2005"":176,""2006"":260,""2007"":343,""2008"":447,""2009"":613,""2010"":748,""2011"":930,""2012"":1062,""2013"":1188,""2014"":1384,""2015"":1542,""2016"":1852,""2017"":2021,""2018"":2279,""2019"":2488,""2020"":2731,""2021"":2802,""2022"":2886,""2023"":2790,""2024"":2889,""2025"":3166,""2026"":2441}"
Tao Mei,https://scholar.google.com/citations?user=7Yq4wf4AAAAJ,2026-09-24,Founder of HiDream.ai; Fellow of CAE/ACM/IEEE/IAPR,"[""Multimedia"", ""Computer Vision"", ""Generative AI"", ""Artificial Intelligence""]",52340,110,360,35852,88,296,2009,"{""2009"":204,""2010"":334,""2011"":377,""2012"":477,""2013"":638,""2014"":722,""2015"":838,""2016"":1169,""2017"":1727,""2018"":2107,""2019"":3313,""2020"":4234,""2021"":5549,""2022"":6157,""2023"":6796,""2024"":6788,""2025"":6424,""2026"":4061}"
Themis Palpanas,https://scholar.google.com/citations?user=qUBdmWgAAAAJ,2026-09-24,"Distinguished Professor, University Paris Cite, ACM Fellow, French University Institute (IUF) Fellow","[""data management"", ""data science"", ""data/time series"", ""anomaly detection"", ""high-dimensional similarity""]",15594,66,223,8606,49,167,2005,"{""2005"":63,""2006"":78,""2007"":136,""2008"":136,""2009"":158,""2010"":191,""2011"":202,""2012"":343,""2013"":335,""2014"":426,""2015"":524,""2016"":639,""2017"":722,""2018"":810,""2019"":834,""2020"":1163,""2021"":1023,""2022"":1084,""2023"":1271,""2024"":1397,""2025"":2080,""2026"":1722}"
Theodore (Ted) S. Rappaport,https://scholar.google.com/citations?user=aLOSzWwAAAAJ,2026-09-24,"NYU WIRELESS Founder; Lee/Weber Chair of ECE; Prof. of CS; Prof. of Radiology, New York University","[""wireless"", ""communications"", ""antennas"", ""propagation"", ""6G""]",130664,138,431,36981,81,265,1996,"{""1996"":440,""1997"":574,""1998"":777,""1999"":816,""2000"":1195,""2001"":1340,""2002"":1898,""2003"":2154,""2004"":2528,""2005"":3096,""2006"":3329,""2007"":3556,""2008"":3343,""2009"":3599,""2010"":3657,""2011"":3533,""2012"":3803,""2013"":3846,""2014"":4432,""2015"":5120,""2016"":6518,""2017"":7938,""2018"":8126,""2019"":8013,""2020"":7553,""2021"":7489,""2022"":7116,""2023"":6252,""2024"":5895,""2025"":5795,""2026"":4421}"
Tommaso Melodia,https://scholar.google.com/citations?user=WzLpSRkAAAAJ,2026-09-24,Institute for Intelligent Networked Systems at Northeastern University,"[""Open RAN"", ""Spectrum Sharing"", ""5G/6G"", ""AI/ML"", ""Internet of Things""]",32384,77,288,15502,59,215,2006,"{""2006"":177,""2007"":358,""2008"":626,""2009"":778,""2010"":1059,""2011"":1154,""2012"":1346,""2013"":1448,""2014"":1356,""2015"":1415,""2016"":1370,""2017"":1357,""2018"":1349,""2019"":1339,""2020"":1406,""2021"":1637,""2022"":1849,""2023"":2352,""2024"":2694,""2025"":3727,""2026"":3193}"
Wolfgang Heidrich,https://scholar.google.com/citations?user=IQSbom0AAAAJ,2026-09-24,"Professor of CS & ECE, KAUST; Fellow of NAI, ACM, IEEE, Optica","[""computational imaging"", ""vision"", ""graphics"", ""optics"", ""inverse problems""]",28789,84,246,11814,52,161,1999,"{""1999"":89,""2000"":133,""2001"":174,""2002"":302,""2003"":391,""2004"":361,""2005"":436,""2006"":414,""2007"":558,""2008"":511,""2009"":665,""2010"":736,""2011"":716,""2012"":840,""2013"":957,""2014"":1039,""2015"":1139,""2016"":1190,""2017"":1286,""2018"":1322,""2019"":1499,""2020"":1668,""2021"":1831,""2022"":1870,""2023"":2081,""2024"":2056,""2025"":2316,""2026"":1641}"
Wolfgang Lehner,https://scholar.google.com/citations?user=YYzvyMQAAAAJ,2026-09-24,Dresden University of Technology (TUD) / Aalborg University (AAU),"[""query optimization"", ""main-memory database systems"", ""HW/SW-CoDesign""]",13807,56,280,5227,35,134,1999,"{""1999"":58,""2000"":61,""2001"":88,""2002"":78,""2003"":86,""2004"":87,""2005"":95,""2006"":123,""2007"":165,""2008"":170,""2009"":233,""2010"":228,""2011"":312,""2012"":316,""2013"":495,""2014"":615,""2015"":794,""2016"":696,""2017"":762,""2018"":933,""2019"":960,""2020"":1015,""2021"":974,""2022"":1044,""2023"":975,""2024"":930,""2025"":793,""2026"":507}"
Xiaohua JIA,https://scholar.google.com/citations?user=L5iEhq0AAAAJ,2026-09-24,"ACM Fellow, IEEE Fellow, City University of Hong Kong","[""Computer Science""]",24185,78,402,10625,54,246,2000,"{""2000"":62,""2001"":78,""2002"":152,""2003"":169,""2004"":238,""2005"":354,""2006"":394,""2007"":437,""2008"":573,""2009"":612,""2010"":695,""2011"":727,""2012"":847,""2013"":824,""2014"":828,""2015"":985,""2016"":994,""2017"":1026,""2018"":1028,""2019"":1097,""2020"":1094,""2021"":1229,""2022"":1330,""2023"":1557,""2024"":2067,""2025"":2625,""2026"":1803}"
Yan Solihin,https://scholar.google.com/citations?user=sUQFclgAAAAJ,2026-09-24,"Professor of Computer Science at UCF, Director for Cybersecurity and Privacy","[""Computer Architecture"", ""Cybersecurity and Privacy""]",10181,48,142,3285,31,91,2003,"{""2003"":35,""2004"":53,""2005"":80,""2006"":126,""2007"":207,""2008"":238,""2009"":337,""2010"":404,""2011"":511,""2012"":462,""2013"":506,""2014"":463,""2015"":457,""2016"":556,""2017"":515,""2018"":604,""2019"":588,""2020"":634,""2021"":585,""2022"":597,""2023"":542,""2024"":536,""2025"":618,""2026"":405}"
Yu Zheng,https://scholar.google.com/citations?user=juUcdgYAAAAJ,2026-09-24,"Vice President of JD.COM, Head of AI Institute in Soutwest Jiaotong University, IEEE/ACM Fellow","[""Urban Computing"", ""Artificial Intelligence"", ""Spatio-temporal Data Mining"", ""Ubiquitous Computing""]",72389,120,322,38613,96,293,2010,"{""2010"":270,""2011"":573,""2012"":1077,""2013"":1630,""2014"":2272,""2015"":3017,""2016"":3828,""2017"":4323,""2018"":5250,""2019"":5398,""2020"":5581,""2021"":5589,""2022"":5606,""2023"":6141,""2024"":7047,""2025"":8352,""2026"":5829}"
Y. Raymond Fu,https://scholar.google.com/citations?user=h-JEcQ8AAAAJ,2026-09-24,"NEU, COE Distinguished Professor; MAE, Fellow of NAI, AAAS, ACM, IEEE, AAAI","[""machine learning"", ""computer vision"", ""image processing"", ""human computer interaction"", ""multimedia""]",63457,110,435,44408,85,343,2008,"{""2008"":180,""2009"":308,""2010"":367,""2011"":502,""2012"":529,""2013"":621,""2014"":941,""2015"":1175,""2016"":1497,""2017"":2110,""2018"":2447,""2019"":3382,""2020"":4665,""2021"":6251,""2022"":6872,""2023"":8044,""2024"":8668,""2025"":9012,""2026"":5535}"
Zi (Helen) Huang,https://scholar.google.com/citations?user=iAWMsgEAAAAJ,2026-09-24,University of Queensland,"[""Multimedia Search"", ""Domain Adaptation & Generalisation"", ""Database"", ""Recommender System""]",21683,78,236,14893,64,188,2010,"{""2010"":90,""2011"":90,""2012"":140,""2013"":260,""2014"":308,""2015"":472,""2016"":674,""2017"":811,""2018"":1018,""2019"":1219,""2020"":1490,""2021"":1807,""2022"":2039,""2023"":2556,""2024"":2853,""2025"":3189,""2026"":2424}"
Abhik Roychoudhury,https://scholar.google.com/citations?user=UxFWSJIAAAAJ,2026-09-26,"Professor of Computer Science, National University of Singapore","[""AI for Code"", ""Security"", ""Program Analysis"", ""LLM Agent""]",20320,69,177,12751,50,117,2003,"{""2003"":83,""2004"":85,""2005"":117,""2006"":121,""2007"":119,""2008"":164,""2009"":193,""2010"":221,""2011"":228,""2012"":313,""2013"":399,""2014"":502,""2015"":506,""2016"":577,""2017"":643,""2018"":899,""2019"":1040,""2020"":1053,""2021"":1297,""2022"":1542,""2023"":1754,""2024"":2274,""2025"":3018,""2026"":2858}"
Arindam Banerjee,https://scholar.google.com/citations?user=RY7cuPAAAAAJ,2026-09-24,"Founder Professor, Dept of Computer Science, University of Illinois Urbana-Champaign","[""Machine Learning"", ""Data Mining""]",56215,78,214,29758,51,153,2005,"{""2005"":159,""2006"":219,""2007"":274,""2008"":437,""2009"":525,""2010"":791,""2011"":892,""2012"":1324,""2013"":1432,""2014"":1769,""2015"":1987,""2016"":2553,""2017"":2620,""2018"":3150,""2019"":3507,""2020"":3934,""2021"":4624,""2022"":4985,""2023"":4952,""2024"":5000,""2025"":5526,""2026"":4611}"
Ashish Goel,https://scholar.google.com/citations?user=B_rKfusAAAAJ,2026-09-24,"Professor of Management Science and Engineering, and by courtesy, Computer Science, Stanford University","[""Design and Analysis of Algorithms"", ""Social Networks"", ""Internet Commerce"", ""Large Scale Democracy"", ""Network Analysis""]",29122,60,179,7524,30,85,2000,"{""2000"":88,""2001"":90,""2002"":183,""2003"":211,""2004"":337,""2005"":433,""2006"":477,""2007"":656,""2008"":674,""2009"":684,""2010"":733,""2011"":860,""2012"":1030,""2013"":1418,""2014"":1744,""2015"":1898,""2016"":2141,""2017"":2045,""2018"":1971,""2019"":1889,""2020"":1629,""2021"":1618,""2022"":1387,""2023"":1296,""2024"":1188,""2025"":1155,""2026"":864}"
Bashar Nuseibeh,https://scholar.google.com/citations?user=aUQ8O9gAAAAJ,2026-09-26,"City St George's, University of London","[""Software engineering"", ""requirements engineering"", ""security and privacy"", ""digital forensics"", ""adaptive""]",21314,68,228,4980,35,120,1994,"{""1994"":84,""1995"":178,""1996"":206,""1997"":213,""1998"":229,""1999"":299,""2000"":309,""2001"":304,""2002"":347,""2003"":403,""2004"":489,""2005"":588,""2006"":651,""2007"":702,""2008"":729,""2009"":842,""2010"":814,""2011"":891,""2012"":854,""2013"":841,""2014"":988,""2015"":801,""2016"":812,""2017"":880,""2018"":832,""2019"":876,""2020"":758,""2021"":841,""2022"":903,""2023"":899,""2024"":816,""2025"":876,""2026"":631}"
Benjamin Zorn,https://scholar.google.com/citations?user=mpar-iAAAAAJ,2026-09-26,"Microsoft Research, Redmond","[""Programming languages"", ""reliability"", ""security"", ""performance""]",11113,56,124,2669,25,52,1987,"{""1987"":45,""1988"":70,""1989"":73,""1990"":56,""1991"":47,""1992"":65,""1993"":85,""1994"":123,""1995"":139,""1996"":103,""1997"":133,""1998"":172,""1999"":166,""2000"":193,""2001"":156,""2002"":240,""2003"":145,""2004"":179,""2005"":189,""2006"":245,""2007"":226,""2008"":222,""2009"":214,""2010"":308,""2011"":302,""2012"":367,""2013"":422,""2014"":456,""2015"":499,""2016"":516,""2017"":586,""2018"":531,""2019"":491,""2020"":502,""2021"":455,""2022"":401,""2023"":422,""2024"":473,""2025"":565,""2026"":347}"
Brian Curless,https://scholar.google.com/citations?user=tlh8i7gAAAAJ,2026-09-24,"Professor of Computer Science & Engineering, University of Washington","[""Computer Graphics"", ""Computer Vision"", ""Human-Computer Interaction""]",42756,69,107,11901,45,93,2000,"{""2000"":154,""2001"":302,""2002"":417,""2003"":658,""2004"":809,""2005"":1027,""2006"":1099,""2007"":1288,""2008"":1242,""2009"":1436,""2010"":1681,""2011"":1777,""2012"":1847,""2013"":2087,""2014"":2131,""2015"":2163,""2016"":2148,""2017"":2086,""2018"":1927,""2019"":1862,""2020"":1905,""2021"":1912,""2022"":1914,""2023"":2078,""2024"":2235,""2025"":2217,""2026"":1516}"
Carla Fabiana Chiasserini,https://scholar.google.com/citations?user=np0OO24AAAAJ,2026-09-24,"Full Professor, Politecnico di Torino, Italy","[""Mobile networks""]",15739,62,286,5441,32,131,2001,"{""2001"":52,""2002"":107,""2003"":152,""2004"":295,""2005"":477,""2006"":475,""2007"":493,""2008"":504,""2009"":512,""2010"":576,""2011"":550,""2012"":606,""2013"":621,""2014"":640,""2015"":556,""2016"":813,""2017"":626,""2018"":696,""2019"":656,""2020"":667,""2021"":863,""2022"":800,""2023"":856,""2024"":990,""2025"":1124,""2026"":799}"
Clark Barrett,https://scholar.google.com/citations?user=BtwmZfQAAAAJ,2026-09-24,Stanford University,"[""Formal Methods"", ""Satisfiability Modulo Theories"", ""Automated Reasoning"", ""Verification"", ""Security""]",28878,63,184,18999,47,155,2002,"{""2002"":88,""2003"":76,""2004"":166,""2005"":225,""2006"":240,""2007"":214,""2008"":257,""2009"":240,""2010"":305,""2011"":364,""2012"":395,""2013"":442,""2014"":475,""2015"":632,""2016"":691,""2017"":800,""2018"":1006,""2019"":1299,""2020"":1527,""2021"":1866,""2022"":2087,""2023"":2488,""2024"":3162,""2025"":4287,""2026"":5074}"
Claudio T. Silva,https://scholar.google.com/citations?user=YIwiAAsAAAAJ,2026-09-26,New York University,"[""Visualization"", ""Graphics"", ""Urban Computing"", ""Geometry Processing"", ""Sports Analytics""]",31933,80,342,10933,49,164,2000,"{""2000"":134,""2001"":261,""2002"":322,""2003"":502,""2004"":553,""2005"":631,""2006"":750,""2007"":786,""2008"":919,""2009"":947,""2010"":1004,""2011"":1150,""2012"":1164,""2013"":1148,""2014"":1181,""2015"":1278,""2016"":1388,""2017"":1356,""2018"":1526,""2019"":1634,""2020"":1644,""2021"":1739,""2022"":1906,""2023"":1746,""2024"":1961,""2025"":2118,""2026"":1455}"
Cliff Lampe,https://scholar.google.com/citations?user=aT8oqcoAAAAJ,2026-09-26,"Professor, School of Information University of Michigan","[""social media"", ""computer-mediated communication"", ""computer-supported cooperative work"", ""HCI"", ""groupware""]",48709,58,116,13619,44,79,2008,"{""2008"":357,""2009"":621,""2010"":1093,""2011"":1611,""2012"":2136,""2013"":2620,""2014"":3443,""2015"":3888,""2016"":4184,""2017"":3880,""2018"":3582,""2019"":3187,""2020"":3273,""2021"":2926,""2022"":2576,""2023"":2278,""2024"":2264,""2025"":2113,""2026"":1457}"
Dana Randall,https://scholar.google.com/citations?user=6wCEmNYAAAAJ,2026-09-26,Georgia Institute of Technology,"[""Algorithms"", ""Theoretical Computer Science""]",2800,29,54,962,17,25,1996,"{""1996"":10,""1997"":13,""1998"":20,""1999"":20,""2000"":35,""2001"":40,""2002"":48,""2003"":61,""2004"":50,""2005"":57,""2006"":86,""2007"":85,""2008"":95,""2009"":94,""2010"":59,""2011"":81,""2012"":92,""2013"":75,""2014"":64,""2015"":85,""2016"":90,""2017"":94,""2018"":152,""2019"":149,""2020"":119,""2021"":125,""2022"":121,""2023"":160,""2024"":187,""2025"":190,""2026"":179}"
Derek Dreyer,https://scholar.google.com/citations?user=1_c89uMAAAAJ,2026-09-24,"Max Planck Institute for Software Systems (MPI-SWS), Saarland Informatics Campus","[""Programming languages"", ""type systems"", ""semantics"", ""verification""]",8862,50,75,5622,40,64,2004,"{""2004"":26,""2005"":35,""2006"":30,""2007"":59,""2008"":42,""2009"":69,""2010"":92,""2011"":93,""2012"":123,""2013"":119,""2014"":164,""2015"":198,""2016"":216,""2017"":415,""2018"":420,""2019"":562,""2020"":470,""2021"":708,""2022"":705,""2023"":910,""2024"":1024,""2025"":1202,""2026"":1063}"
Dhabaleswar K. Panda,https://scholar.google.com/citations?user=7FXtL98AAAAJ,2026-09-26,"Professor of Computer Science, The Ohio State University","[""High Performance Computing"", ""Deep Learning"", ""Big Data"", ""Cloud Computing"", ""Exascale Computing""]",23371,74,459,5802,35,170,1996,"{""1996"":130,""1997"":154,""1998"":233,""1999"":169,""2000"":244,""2001"":196,""2002"":213,""2003"":340,""2004"":530,""2005"":586,""2006"":630,""2007"":707,""2008"":666,""2009"":853,""2010"":806,""2011"":773,""2012"":884,""2013"":983,""2014"":1183,""2015"":1103,""2016"":1190,""2017"":1149,""2018"":1085,""2019"":1190,""2020"":1105,""2021"":1096,""2022"":1016,""2023"":1001,""2024"":970,""2025"":1045,""2026"":671}"
Diane J Cook,https://scholar.google.com/citations?user=VpfWvTUAAAAJ,2026-09-24,Washington State University,"[""artificial intelligence"", ""machine learning"", ""smart environments""]",45070,94,363,16521,57,185,2002,"{""2002"":135,""2003"":237,""2004"":258,""2005"":415,""2006"":421,""2007"":538,""2008"":643,""2009"":808,""2010"":1063,""2011"":1249,""2012"":1410,""2013"":1776,""2014"":2057,""2015"":2307,""2016"":2496,""2017"":2796,""2018"":2965,""2019"":2866,""2020"":3090,""2021"":2937,""2022"":3006,""2023"":2805,""2024"":2928,""2025"":2828,""2026"":2010}"
Edward Delp,https://scholar.google.com/citations?user=qxs5pc4AAAAJ,2026-09-24,Purdue University,"[""signal processing"", ""video processing"", ""image processing"", ""digital watermarking"", ""pattern recognition""]",35385,90,507,10281,43,220,1988,"{""1988"":94,""1989"":86,""1990"":167,""1991"":156,""1992"":198,""1993"":229,""1994"":285,""1995"":227,""1996"":272,""1997"":250,""1998"":326,""1999"":395,""2000"":420,""2001"":493,""2002"":616,""2003"":658,""2004"":932,""2005"":912,""2006"":1158,""2007"":1033,""2008"":905,""2009"":1028,""2010"":1107,""2011"":960,""2012"":1114,""2013"":1133,""2014"":1186,""2015"":1181,""2016"":1179,""2017"":1333,""2018"":1332,""2019"":1573,""2020"":1488,""2021"":1841,""2022"":1939,""2023"":1796,""2024"":1810,""2025"":1810,""2026"":1076}"
Falko Dressler,https://scholar.google.com/citations?user=sK8213AAAAAJ,2026-09-24,Technische Universität Berlin,"[""internet of things"", ""vehicular networks"", ""5G/6G"", ""edge computing"", ""molecular communication""]",22344,70,343,9678,45,199,2005,"{""2005"":70,""2006"":94,""2007"":159,""2008"":235,""2009"":326,""2010"":456,""2011"":625,""2012"":695,""2013"":921,""2014"":1000,""2015"":1130,""2016"":1232,""2017"":1192,""2018"":1403,""2019"":1600,""2020"":1293,""2021"":1467,""2022"":1447,""2023"":1653,""2024"":1726,""2025"":1868,""2026"":1503}"
Fatma Ozcan,https://scholar.google.com/citations?user=JzoifEMAAAAJ,2026-09-26,Google,"[""Big data"", ""query processing and optimization""]",6267,39,98,2510,24,55,1996,"{""1996"":18,""1997"":29,""1998"":38,""1999"":56,""2000"":72,""2001"":97,""2002"":99,""2003"":106,""2004"":116,""2005"":104,""2006"":149,""2007"":137,""2008"":172,""2009"":159,""2010"":149,""2011"":142,""2012"":136,""2013"":188,""2014"":168,""2015"":211,""2016"":263,""2017"":249,""2018"":270,""2019"":286,""2020"":266,""2021"":316,""2022"":325,""2023"":347,""2024"":367,""2025"":585,""2026"":565}"
Feng Zhao,https://scholar.google.com/citations?user=4C46Y8EAAAAJ,2026-09-26,Microsoft Research,"[""sensor network"", ""mobile"", ""wireless"", ""energy"", ""embedded""]",26962,76,210,3703,33,76,2001,"{""2001"":74,""2002"":112,""2003"":318,""2004"":411,""2005"":645,""2006"":899,""2007"":1049,""2008"":1048,""2009"":1174,""2010"":1267,""2011"":1333,""2012"":1570,""2013"":1571,""2014"":1719,""2015"":1700,""2016"":1693,""2017"":1626,""2018"":1634,""2019"":1401,""2020"":1196,""2021"":997,""2022"":904,""2023"":590,""2024"":501,""2025"":468,""2026"":242}"
Fred Chong,https://scholar.google.com/citations?user=U6OVPVMAAAAJ,2026-09-24,"Seymour Goodman Professor, UChicago; and Chief Scientist for Quantum Software, Infleqtion","[""Computer Architecture"", ""Quantum Computing""]",15647,64,190,9551,52,145,1998,"{""1998"":62,""1999"":52,""2000"":48,""2001"":55,""2002"":71,""2003"":73,""2004"":94,""2005"":157,""2006"":237,""2007"":241,""2008"":234,""2009"":239,""2010"":244,""2011"":221,""2012"":268,""2013"":303,""2014"":324,""2015"":349,""2016"":349,""2017"":461,""2018"":454,""2019"":577,""2020"":745,""2021"":980,""2022"":1286,""2023"":1592,""2024"":1763,""2025"":2306,""2026"":1611}"
Guoliang Li,https://scholar.google.com/citations?user=Pi89P8kAAAAJ,2026-09-26,"Professor, Tsinghua University (ACM Fellow, IEEE Fellow)","[""Database"", ""Data+AI"", ""Data Agent"", ""Big Data"", ""Data Cleaning & Integration""]",28492,91,310,19163,69,274,2008,"{""2008"":85,""2009"":141,""2010"":216,""2011"":279,""2012"":374,""2013"":491,""2014"":506,""2015"":661,""2016"":833,""2017"":1161,""2018"":1324,""2019"":1399,""2020"":1652,""2021"":1873,""2022"":2044,""2023"":2324,""2024"":3501,""2025"":4772,""2026"":4599}"
Guoliang Xing,https://scholar.google.com/citations?user=kI5JKs8AAAAJ,2026-09-26,The Chinese University of Hong Kong,"[""Embedded AI"", ""AI for Health"", ""Autonomous Driving"", ""Cyber-Physical Systems"", ""Wireless Networks""]",15544,63,189,5381,38,111,2004,"{""2004"":54,""2005"":183,""2006"":299,""2007"":320,""2008"":393,""2009"":447,""2010"":554,""2011"":583,""2012"":706,""2013"":744,""2014"":896,""2015"":939,""2016"":916,""2017"":859,""2018"":699,""2019"":742,""2020"":681,""2021"":565,""2022"":614,""2023"":726,""2024"":989,""2025"":1369,""2026"":1113}"
Haixun Wang,https://scholar.google.com/citations?user=Q1mcglAAAAAJ,2026-09-26,"VP of Engineering, Head of AI at EvenUp","[""Machine Learning"", ""Data and knowledge engineering"", ""NLP""]",26969,81,256,6490,40,121,2002,"{""2002"":70,""2003"":136,""2004"":267,""2005"":404,""2006"":547,""2007"":591,""2008"":699,""2009"":854,""2010"":951,""2011"":1044,""2012"":1249,""2013"":1409,""2014"":1683,""2015"":1822,""2016"":1762,""2017"":1669,""2018"":1654,""2019"":1685,""2020"":1635,""2021"":1563,""2022"":1389,""2023"":1151,""2024"":1035,""2025"":859,""2026"":489}"
Irwin King,https://scholar.google.com/citations?user=MXvC7tkAAAAJ,2026-09-24,The Chinese University of Hong Kong,"[""social computing"", ""machine learning"", ""AI"", ""graph neural networks"", ""NLP""]",48119,100,434,28187,80,295,2004,"{""2004"":129,""2005"":138,""2006"":158,""2007"":203,""2008"":242,""2009"":380,""2010"":517,""2011"":700,""2012"":967,""2013"":1315,""2014"":1601,""2015"":1879,""2016"":2037,""2017"":2000,""2018"":2081,""2019"":2409,""2020"":2687,""2021"":3101,""2022"":3486,""2023"":4088,""2024"":4877,""2025"":6839,""2026"":5698}"
Jeffrey Heer,https://scholar.google.com/citations?user=vlgs4G4AAAAJ,2026-09-24,University of Washington,"[""Visualization"", ""Visual Analytics"", ""Human-Computer Interaction"", ""HCI"", ""Human-AI Interaction""]",42025,94,187,19274,68,156,2005,"{""2005"":107,""2006"":206,""2007"":259,""2008"":406,""2009"":503,""2010"":571,""2011"":822,""2012"":1033,""2013"":1431,""2014"":1778,""2015"":1916,""2016"":2296,""2017"":2280,""2018"":2554,""2019"":2693,""2020"":3122,""2021"":3129,""2022"":3224,""2023"":3325,""2024"":3212,""2025"":3512,""2026"":2854}"
Jingren Zhou,https://scholar.google.com/citations?user=64zxhRUAAAAJ,2026-09-26,"Alibaba Group, Microsoft","[""Cloud Computing"", ""Large Scale Distributed Systems"", ""Machine Learning"", ""Query Processing"", ""Query""]",91202,113,384,86259,104,364,2012,"{""2012"":275,""2013"":283,""2014"":363,""2015"":403,""2016"":425,""2017"":440,""2018"":510,""2019"":539,""2020"":775,""2021"":1231,""2022"":1653,""2023"":3041,""2024"":9438,""2025"":28668,""2026"":41984}"
Justin Zobel,https://scholar.google.com/citations?user=uEHvqE8AAAAJ,2026-09-26,"Computing and Information Systems, University of Melbourne","[""Algorithms"", ""research methods"", ""information retrieval"", ""indexing"", ""search""]",30189,77,231,8421,33,91,1994,"{""1994"":85,""1995"":105,""1996"":92,""1997"":143,""1998"":193,""1999"":235,""2000"":309,""2001"":325,""2002"":380,""2003"":498,""2004"":562,""2005"":724,""2006"":855,""2007"":1083,""2008"":1119,""2009"":1150,""2010"":1133,""2011"":1230,""2012"":1221,""2013"":1215,""2014"":1164,""2015"":1117,""2016"":1176,""2017"":1174,""2018"":1219,""2019"":1304,""2020"":1305,""2021"":1301,""2022"":1403,""2023"":1347,""2024"":1567,""2025"":1529,""2026"":1272}"
Lei Chen,https://scholar.google.com/citations?user=gtglwgYAAAAJ,2026-09-24,Hong Kong University of Science and Technology,"[""Human Powered Machine Learning"", ""Databases"", ""Data Mining""]",41628,99,642,23552,73,486,2006,"{""2006"":112,""2007"":122,""2008"":241,""2009"":421,""2010"":615,""2011"":651,""2012"":854,""2013"":1011,""2014"":1237,""2015"":1476,""2016"":1720,""2017"":1974,""2018"":2125,""2019"":2471,""2020"":2750,""2021"":2485,""2022"":3056,""2023"":3585,""2024"":4384,""2025"":5601,""2026"":4393}"
Luca de Alfaro,https://scholar.google.com/citations?user=gkACFVcAAAAJ,2026-09-24,"Professor, Computer Science and Engineering, UC Santa Cruz","[""Data Science"", ""Game Theory"", ""System Verification""]",13771,53,104,2771,23,51,1997,"{""1997"":36,""1998"":70,""1999"":81,""2000"":86,""2001"":114,""2002"":203,""2003"":338,""2004"":352,""2005"":494,""2006"":529,""2007"":530,""2008"":612,""2009"":626,""2010"":756,""2011"":734,""2012"":685,""2013"":645,""2014"":671,""2015"":646,""2016"":499,""2017"":518,""2018"":484,""2019"":527,""2020"":476,""2021"":503,""2022"":552,""2023"":538,""2024"":455,""2025"":441,""2026"":281}"
Maarten de Rijke,https://scholar.google.com/citations?user=AVDkgFIAAAAJ,2026-09-24,University of Amsterdam & ICAI,"[""Information retrieval"", ""Recommender systems""]",49208,101,668,21970,70,415,1999,"{""1999"":136,""2000"":110,""2001"":207,""2002"":222,""2003"":334,""2004"":448,""2005"":656,""2006"":844,""2007"":1099,""2008"":1129,""2009"":1236,""2010"":1364,""2011"":1384,""2012"":1525,""2013"":1556,""2014"":1706,""2015"":1670,""2016"":1939,""2017"":2016,""2018"":2112,""2019"":2223,""2020"":2468,""2021"":2938,""2022"":3130,""2023"":3498,""2024"":3957,""2025"":4625,""2026"":3781}"
Marc Alexa,https://scholar.google.com/citations?user=KNwXLLsAAAAJ,2026-09-24,"Professor of Computer Science, TU Berlin","[""Computer Graphics"", ""Geometric Modeling"", ""Geometry Processing""]",23161,60,133,6567,31,78,2002,"{""2002"":87,""2003"":224,""2004"":497,""2005"":657,""2006"":912,""2007"":969,""2008"":943,""2009"":935,""2010"":895,""2011"":969,""2012"":928,""2013"":1013,""2014"":1010,""2015"":1108,""2016"":1030,""2017"":987,""2018"":1060,""2019"":956,""2020"":1052,""2021"":1074,""2022"":1134,""2023"":1090,""2024"":1075,""2025"":1249,""2026"":940}"
Marcelo Arenas,https://scholar.google.com/citations?user=YHR0wkkAAAAJ,2026-09-24,"Professor of Computer Science, Pontificia Universidad Católica de Chile and IMFD Chile.","[""Database theory"", ""logic in computer science"", ""graph databases""]",13816,55,114,4226,30,64,2002,"{""2002"":71,""2003"":155,""2004"":248,""2005"":310,""2006"":300,""2007"":418,""2008"":400,""2009"":488,""2010"":475,""2011"":506,""2012"":542,""2013"":676,""2014"":670,""2015"":637,""2016"":714,""2017"":602,""2018"":656,""2019"":727,""2020"":707,""2021"":695,""2022"":751,""2023"":744,""2024"":799,""2025"":688,""2026"":546}"
Marsha Chechik,https://scholar.google.com/citations?user=CYfxRVIAAAAJ,2026-09-24,"Professor of Computer Science, University of Toronto","[""software engineering"", ""software verification"", ""modeling"", ""formal methods"", ""assurance and dependability""]",9270,51,186,2611,26,86,2001,"{""2001"":64,""2002"":81,""2003"":116,""2004"":111,""2005"":142,""2006"":178,""2007"":193,""2008"":277,""2009"":285,""2010"":317,""2011"":314,""2012"":393,""2013"":426,""2014"":440,""2015"":514,""2016"":557,""2017"":551,""2018"":518,""2019"":519,""2020"":484,""2021"":462,""2022"":437,""2023"":428,""2024"":481,""2025"":456,""2026"":341}"
Michael Donald Bailey,https://scholar.google.com/citations?user=sMnocAYAAAAJ,2026-09-24,Georgia Institute of Technology,"[""Software Systems""]",17242,53,86,8817,40,63,2005,"{""2005"":60,""2006"":90,""2007"":79,""2008"":136,""2009"":183,""2010"":218,""2011"":268,""2012"":245,""2013"":305,""2014"":426,""2015"":631,""2016"":715,""2017"":872,""2018"":1098,""2019"":1476,""2020"":1434,""2021"":1649,""2022"":1440,""2023"":1567,""2024"":1533,""2025"":1536,""2026"":1088}"
Michal Feldman,https://scholar.google.com/citations?user=VpLQu7oAAAAJ,2026-09-24,"Professor of Computer Science, Tel Aviv University","[""Algorithmic game theory"", ""economics and computation"", ""algorithms""]",9246,48,120,3789,32,86,2004,"{""2004"":70,""2005"":150,""2006"":200,""2007"":237,""2008"":318,""2009"":384,""2010"":358,""2011"":342,""2012"":355,""2013"":292,""2014"":300,""2015"":324,""2016"":367,""2017"":375,""2018"":356,""2019"":423,""2020"":419,""2021"":435,""2022"":484,""2023"":574,""2024"":747,""2025"":814,""2026"":730}"
Mira Mezini,https://scholar.google.com/citations?user=ESQUnJEAAAAJ,2026-09-26,"Professor of Computer Science, TU Darmstadt, Germany","[""Programming Languages"", ""Software Engineering"", ""Program Analysis"", ""Software Security"", ""Reactive Programming""]",13179,61,181,3616,31,80,1999,"{""1999"":44,""2000"":83,""2001"":83,""2002"":144,""2003"":170,""2004"":255,""2005"":389,""2006"":575,""2007"":546,""2008"":544,""2009"":526,""2010"":561,""2011"":536,""2012"":526,""2013"":534,""2014"":537,""2015"":502,""2016"":497,""2017"":534,""2018"":556,""2019"":639,""2020"":619,""2021"":724,""2022"":602,""2023"":633,""2024"":658,""2025"":569,""2026"":428}"
Mohan Kankanhalli,https://scholar.google.com/citations?user=6Lx_eowAAAAJ,2026-09-24,"Professor of Computer Science, National University of Singapore","[""Multimedia"", ""Computer Vision"", ""Trustworthy AI""]",32068,85,382,17992,56,227,1999,"{""1999"":110,""2000"":168,""2001"":161,""2002"":198,""2003"":324,""2004"":320,""2005"":366,""2006"":444,""2007"":497,""2008"":485,""2009"":491,""2010"":578,""2011"":591,""2012"":594,""2013"":661,""2014"":768,""2015"":848,""2016"":788,""2017"":1018,""2018"":1049,""2019"":1411,""2020"":1669,""2021"":2089,""2022"":2482,""2023"":2567,""2024"":3336,""2025"":4366,""2026"":3113}"
Naren Ramakrishnan,https://scholar.google.com/citations?user=fMJwG7MAAAAJ,2026-09-26,"University Distinguished Professor of Computer Science, Virginia Tech","[""AI/ML"", ""Recommender Systems"", ""Computational Epidemiology"", ""Visual Analytics""]",17477,73,286,7898,43,159,2000,"{""2000"":58,""2001"":49,""2002"":173,""2003"":167,""2004"":183,""2005"":224,""2006"":201,""2007"":209,""2008"":239,""2009"":292,""2010"":253,""2011"":307,""2012"":404,""2013"":341,""2014"":458,""2015"":573,""2016"":814,""2017"":858,""2018"":1077,""2019"":1091,""2020"":1314,""2021"":1548,""2022"":1429,""2023"":1336,""2024"":1254,""2025"":1293,""2026"":1030}"
Nate Foster,https://scholar.google.com/citations?user=AH5j40kAAAAJ,2026-09-24,"Professor of Computer and Communication Sciences, EPFL","[""Programming Languages"", ""Formal Verification"", ""Computer Networking"", ""Systems""]",26845,49,82,7797,34,64,2007,"{""2007"":95,""2008"":125,""2009"":219,""2010"":345,""2011"":477,""2012"":745,""2013"":1329,""2014"":1919,""2015"":2193,""2016"":2607,""2017"":2332,""2018"":2307,""2019"":2198,""2020"":1817,""2021"":1791,""2022"":1552,""2023"":1271,""2024"":1214,""2025"":1140,""2026"":826}"
Niklas Elmqvist,https://scholar.google.com/citations?user=LoQXe24AAAAJ,2026-09-24,"Villum Investigator and Professor of Computer Science, Aarhus University","[""visualization"", ""human-computer interaction"", ""visual analytics"", ""human-centered AI""]",13521,66,179,6732,45,144,2007,"{""2007"":37,""2008"":55,""2009"":108,""2010"":175,""2011"":207,""2012"":332,""2013"":455,""2014"":530,""2015"":621,""2016"":627,""2017"":671,""2018"":870,""2019"":892,""2020"":1022,""2021"":971,""2022"":993,""2023"":1214,""2024"":1180,""2025"":1317,""2026"":1048}"
Peter O'Hearn,https://scholar.google.com/citations?user=NonivoUAAAAJ,2026-09-26,University College London,"[""Programming Languages"", ""Verification"", ""Program Analysis"", ""Theory""]",15479,52,92,4530,30,53,1995,"{""1995"":57,""1996"":76,""1997"":73,""1998"":45,""1999"":81,""2000"":116,""2001"":113,""2002"":176,""2003"":197,""2004"":249,""2005"":330,""2006"":339,""2007"":499,""2008"":612,""2009"":760,""2010"":655,""2011"":718,""2012"":611,""2013"":661,""2014"":614,""2015"":625,""2016"":463,""2017"":618,""2018"":588,""2019"":710,""2020"":654,""2021"":680,""2022"":707,""2023"":776,""2024"":859,""2025"":805,""2026"":702}"
Qi Tian,https://scholar.google.com/citations?user=61b6eYkAAAAJ,2026-09-26,"Chief AI Scientist at Huawei CBG & Director of Guangming Laboratory, Shenzhen, China","[""Multimedia"", ""Computer Vision"", ""Multimedia Information Retrieval"", ""AI for Science""]",119344,144,755,93908,123,569,2011,"{""2011"":374,""2012"":537,""2013"":753,""2014"":1139,""2015"":1520,""2016"":1791,""2017"":2451,""2018"":3250,""2019"":5009,""2020"":6533,""2021"":9719,""2022"":11739,""2023"":14987,""2024"":19062,""2025"":22114,""2026"":16167}"
Rasmus Pagh,https://scholar.google.com/citations?user=VO4oS8UAAAAJ,2026-09-26,"Professor of computer science, University of Copenhagen","[""algorithms and data structures"", ""randomized algorithms"", ""differential privacy"", ""machine learning algorithms""]",23487,49,102,17805,31,81,2005,"{""2005"":60,""2006"":88,""2007"":128,""2008"":168,""2009"":184,""2010"":198,""2011"":197,""2012"":227,""2013"":299,""2014"":354,""2015"":434,""2016"":422,""2017"":539,""2018"":554,""2019"":557,""2020"":972,""2021"":1627,""2022"":2186,""2023"":2697,""2024"":3058,""2025"":4139,""2026"":3954}"
Satish Chandra,https://scholar.google.com/citations?user=4p8fJSgAAAAJ,2026-09-24,"Meta Platforms, Inc.","[""machine learning"", ""programming languages"", ""software engineering"", ""program analysis""]",9159,51,102,4538,33,66,1995,"{""1995"":29,""1996"":50,""1997"":38,""1998"":62,""1999"":47,""2000"":35,""2001"":51,""2002"":47,""2003"":51,""2004"":67,""2005"":83,""2006"":93,""2007"":162,""2008"":147,""2009"":174,""2010"":179,""2011"":182,""2012"":208,""2013"":225,""2014"":321,""2015"":331,""2016"":361,""2017"":324,""2018"":356,""2019"":407,""2020"":470,""2021"":697,""2022"":765,""2023"":762,""2024"":790,""2025"":810,""2026"":708}"
Scott E. Hudson,https://scholar.google.com/citations?user=6YU6_QoAAAAJ,2026-09-24,"Professor of Human-Computer Interaction, Carnegie Mellon University","[""Human-Computer Interaction""]",22422,83,231,6156,45,138,1989,"{""1989"":72,""1990"":89,""1991"":138,""1992"":100,""1993"":153,""1994"":144,""1995"":156,""1996"":204,""1997"":156,""1998"":163,""1999"":169,""2000"":207,""2001"":240,""2002"":228,""2003"":348,""2004"":425,""2005"":463,""2006"":503,""2007"":543,""2008"":534,""2009"":661,""2010"":725,""2011"":717,""2012"":683,""2013"":753,""2014"":853,""2015"":1021,""2016"":993,""2017"":1098,""2018"":1046,""2019"":1164,""2020"":1131,""2021"":1060,""2022"":995,""2023"":1095,""2024"":1167,""2025"":1128,""2026"":704}"
Stefano Leonardi,https://scholar.google.com/citations?user=p5LCHHEAAAAJ,2026-09-26,"Professor of Computer Science, Sapienza University of Rome","[""Approximation and Oline Algorithms"", ""Algorithmic Game Theory"", ""Economics and Computation""]",9802,53,150,2865,28,74,1997,"{""1997"":32,""1998"":57,""1999"":83,""2000"":65,""2001"":113,""2002"":89,""2003"":166,""2004"":174,""2005"":176,""2006"":259,""2007"":389,""2008"":360,""2009"":356,""2010"":437,""2011"":394,""2012"":379,""2013"":414,""2014"":420,""2015"":429,""2016"":399,""2017"":457,""2018"":435,""2019"":338,""2020"":353,""2021"":355,""2022"":422,""2023"":438,""2024"":556,""2025"":533,""2026"":548}"
Sudip Misra,https://scholar.google.com/citations?user=h33l-A8AAAAJ,2026-09-26,"FACM, FIEEE, FAAIA, FNAE, FNASc, FIET, INAE Chair Professor, IIT Kharagpur","[""Intelligent Sensing"", ""Wireless Sensor Networks"", ""Internet of Things""]",21771,70,384,10980,49,230,2009,"{""2009"":78,""2010"":162,""2011"":260,""2012"":320,""2013"":379,""2014"":646,""2015"":920,""2016"":1141,""2017"":1343,""2018"":1707,""2019"":1668,""2020"":1871,""2021"":2208,""2022"":2119,""2023"":2047,""2024"":1954,""2025"":1691,""2026"":940}"
Sudipto Guha,https://scholar.google.com/citations?user=zHCTHbYAAAAJ,2026-09-24,`,"[""Algorithms"", ""Data Streams"", ""Databases"", ""Stochastic Optimization"", ""Machine Learning""]",27827,65,109,5010,32,66,1999,"{""1999"":135,""2000"":200,""2001"":362,""2002"":520,""2003"":793,""2004"":893,""2005"":1149,""2006"":1219,""2007"":1220,""2008"":1220,""2009"":1304,""2010"":1263,""2011"":1316,""2012"":1274,""2013"":1305,""2014"":1214,""2015"":1207,""2016"":1247,""2017"":1141,""2018"":1247,""2019"":1110,""2020"":1093,""2021"":1009,""2022"":982,""2023"":897,""2024"":797,""2025"":791,""2026"":534}"
Susanne Bødker,https://scholar.google.com/citations?user=tO-dGhkAAAAJ,2026-09-24,"Professor of Computer Science, Aarhus University","[""Human-Computer Interaction"", ""HCI"", ""CSCW"", ""Interaction design"", ""Participatory design""]",23738,60,126,7039,37,79,1991,"{""1991"":103,""1992"":60,""1993"":112,""1994"":146,""1995"":151,""1996"":183,""1997"":242,""1998"":263,""1999"":336,""2000"":329,""2001"":349,""2002"":448,""2003"":505,""2004"":559,""2005"":538,""2006"":578,""2007"":672,""2008"":670,""2009"":699,""2010"":705,""2011"":703,""2012"":765,""2013"":736,""2014"":828,""2015"":705,""2016"":852,""2017"":877,""2018"":1019,""2019"":917,""2020"":966,""2021"":1050,""2022"":1098,""2023"":1078,""2024"":1240,""2025"":1429,""2026"":1129}"
Thad Starner,https://scholar.google.com/citations?user=qr8Vo9IAAAAJ,2026-09-26,"Professor of Computing, Georgia Institute of Technology","[""Wearable Computing"", ""Artificial Intelligence"", ""Augmented Reality"", ""Human Computer Interaction""]",45128,96,322,10384,49,200,1995,"{""1995"":119,""1996"":176,""1997"":231,""1998"":301,""1999"":417,""2000"":432,""2001"":484,""2002"":625,""2003"":697,""2004"":983,""2005"":1094,""2006"":1240,""2007"":1336,""2008"":1418,""2009"":1534,""2010"":1692,""2011"":1574,""2012"":1713,""2013"":1835,""2014"":2109,""2015"":2313,""2016"":2301,""2017"":2431,""2018"":2362,""2019"":2370,""2020"":2344,""2021"":2195,""2022"":2167,""2023"":1701,""2024"":1786,""2025"":1676,""2026"":855}"
Tim Menzies,https://scholar.google.com/citations?user=7htTUTgmLtUC,2026-09-26,"Professor, North Carolina State University, Computer Science, ACM Fellow, IEEE Fellow, ASE Fellow","[""automated software engineering"", ""defect prediction"", ""ai4se"", ""se4ai"", ""software cost estimation""]",26582,76,326,11295,53,174,1995,"{""1995"":72,""1996"":72,""1997"":90,""1998"":76,""1999"":102,""2000"":138,""2001"":157,""2002"":194,""2003"":206,""2004"":156,""2005"":217,""2006"":232,""2007"":311,""2008"":439,""2009"":480,""2010"":557,""2011"":579,""2012"":736,""2013"":840,""2014"":852,""2015"":1012,""2016"":1239,""2017"":1137,""2018"":1596,""2019"":1760,""2020"":1725,""2021"":2072,""2022"":2127,""2023"":2026,""2024"":1806,""2025"":1796,""2026"":1459}"
Wei Chen,https://scholar.google.com/citations?user=hlEPkxAAAAAJ,2026-09-24,"Microsoft Research, ACM/IEEE Fellow","[""Social and information networks"", ""online learning"", ""networked game theory and economics"", ""distributed""]",21393,53,126,8886,38,89,2001,"{""2001"":58,""2002"":63,""2003"":86,""2004"":102,""2005"":119,""2006"":121,""2007"":141,""2008"":146,""2009"":164,""2010"":251,""2011"":290,""2012"":461,""2013"":659,""2014"":941,""2015"":1072,""2016"":1274,""2017"":1303,""2018"":1575,""2019"":1650,""2020"":1757,""2021"":1686,""2022"":1614,""2023"":1487,""2024"":1443,""2025"":1522,""2026"":1129}"
Aditya Akella,https://scholar.google.com/citations?user=d_rxnzAAAAAJ,2026-09-26,"Professor, Computer Science, UT Austin","[""Computer Networks"", ""Networking"", ""Computer Systems"", ""Systems"", ""Communications""]",39044,72,171,13407,45,130,2004,"{""2004"":106,""2005"":187,""2006"":221,""2007"":245,""2008"":264,""2009"":354,""2010"":564,""2011"":733,""2012"":1119,""2013"":1736,""2014"":2250,""2015"":2816,""2016"":3109,""2017"":3047,""2018"":3084,""2019"":2893,""2020"":2575,""2021"":2518,""2022"":2252,""2023"":2147,""2024"":2259,""2025"":2499,""2026"":1729}"
Albrecht Schmidt,https://scholar.google.com/citations?user=qM5jR7YAAAAJ,2026-09-26,"Professor of Computer Science, LMU Munich","[""Human Computer Interaction"", ""human centered AI"", ""Interaction Design"", ""Intelligent User interfaces"", ""AR""]",52469,92,507,27858,55,293,2001,"{""2001"":193,""2002"":254,""2003"":498,""2004"":571,""2005"":716,""2006"":751,""2007"":950,""2008"":905,""2009"":1055,""2010"":1175,""2011"":1176,""2012"":1364,""2013"":1553,""2014"":1745,""2015"":1764,""2016"":1745,""2017"":1830,""2018"":1827,""2019"":1964,""2020"":1872,""2021"":1883,""2022"":1938,""2023"":3000,""2024"":4913,""2025"":6786,""2026"":8930}"
A. S. Szalay,https://scholar.google.com/citations?user=rUiWchkAAAAJ,2026-09-26,"Blooomberg Distinguished Professor, Johns Hopkins University","[""Astrophysics"", ""astronomy"", ""cosmology"", ""computer science"", ""statistics""]",136989,125,344,36416,70,184,1995,"{""1995"":411,""1996"":295,""1997"":358,""1998"":487,""1999"":524,""2000"":665,""2001"":1076,""2002"":1470,""2003"":1959,""2004"":2604,""2005"":3202,""2006"":3988,""2007"":4154,""2008"":5202,""2009"":5532,""2010"":5748,""2011"":6473,""2012"":7239,""2013"":6255,""2014"":5775,""2015"":5983,""2016"":5951,""2017"":5366,""2018"":5423,""2019"":5483,""2020"":4898,""2021"":5377,""2022"":5405,""2023"":5463,""2024"":6415,""2025"":7340,""2026"":6403}"
Anand Raghunathan,https://scholar.google.com/citations?user=OP7F8jEAAAAJ,2026-09-26,"Silicon Valley Chair Professor of Electrical and Computer Engineering, Purdue University","[""AI Hardware"", ""Efficient machine learning"", ""System-on-Chips"", ""Embedded Systems""]",29939,90,334,9162,49,153,1997,"{""1997"":85,""1998"":137,""1999"":159,""2000"":226,""2001"":212,""2002"":285,""2003"":462,""2004"":535,""2005"":615,""2006"":627,""2007"":794,""2008"":835,""2009"":738,""2010"":767,""2011"":775,""2012"":944,""2013"":1017,""2014"":1092,""2015"":1267,""2016"":1485,""2017"":1547,""2018"":2052,""2019"":1833,""2020"":1884,""2021"":1860,""2022"":1768,""2023"":1505,""2024"":1480,""2025"":1595,""2026"":949}"
Andreas Krause,https://scholar.google.com/citations?user=eDHv58AAAAAJ,2026-09-26,"Professor of Computer Science, ETH Zurich","[""Machine Learning"", ""Artificial Intelligence"", ""Computational Sustainability"", ""Submodularity"", ""Bayesian Optimization""]",61756,119,384,36598,92,346,2007,"{""2007"":199,""2008"":321,""2009"":493,""2010"":616,""2011"":824,""2012"":1037,""2013"":1315,""2014"":1719,""2015"":1901,""2016"":2357,""2017"":2658,""2018"":3130,""2019"":3719,""2020"":4317,""2021"":4963,""2022"":5391,""2023"":6134,""2024"":6495,""2025"":7089,""2026"":6497}"
Anja Feldmann,https://scholar.google.com/citations?user=mSK3340AAAAJ,2026-09-26,"Direktor, Max Planck Institut für Informatik, Saarland Informatics Campus, Saarland University","[""Networking"", ""Network Measurement"", ""Network Management"", ""Computer Networks""]",24351,81,202,4961,41,105,1998,"{""1998"":129,""1999"":287,""2000"":346,""2001"":478,""2002"":607,""2003"":670,""2004"":730,""2005"":761,""2006"":664,""2007"":684,""2008"":728,""2009"":862,""2010"":953,""2011"":1035,""2012"":1121,""2013"":1202,""2014"":1169,""2015"":1131,""2016"":1150,""2017"":1161,""2018"":1031,""2019"":1022,""2020"":958,""2021"":1001,""2022"":941,""2023"":839,""2024"":830,""2025"":807,""2026"":525}"
Ben Raphael,https://scholar.google.com/citations?user=GhvZjJUAAAAJ,2026-09-26,"Professor of Computer Science, Princeton University","[""Bioinformatics"", ""Computational Biology"", ""Genomics"", ""Computational Cancer Biology""]",81592,77,157,43520,63,126,2009,"{""2009"":238,""2010"":266,""2011"":430,""2012"":847,""2013"":1343,""2014"":2344,""2015"":3487,""2016"":4477,""2017"":4997,""2018"":5288,""2019"":5948,""2020"":7190,""2021"":8146,""2022"":7600,""2023"":6854,""2024"":6955,""2025"":7849,""2026"":6103}"
Björn Schuller,https://scholar.google.com/citations?user=TxKNCSoAAAAJ,2026-09-26,"Professor, Technische Universität München (TUM) / Imperial College London & CSO, audEERING","[""Health Informatics"", ""Digital Health"", ""AI"", ""Affective Computing"", ""Computer Audition""]",89776,132,957,52174,104,723,2008,"{""2008"":247,""2009"":440,""2010"":766,""2011"":1105,""2012"":1134,""2013"":2061,""2014"":2211,""2015"":2986,""2016"":3129,""2017"":4064,""2018"":5442,""2019"":6305,""2020"":6464,""2021"":7556,""2022"":8669,""2023"":8511,""2024"":9070,""2025"":10734,""2026"":7513}"
Chandra Chekuri,https://scholar.google.com/citations?user=7j3itaMAAAAJ,2026-09-26,"Professor of Computer Science, University of Illinois, Urbana-Champaign","[""Design and Analysis of Algorithms"", ""Combinatorial Optimization"", ""Graphs and Networks"", ""Mathematical""]",16139,62,136,4783,32,93,1998,"{""1998"":64,""1999"":100,""2000"":107,""2001"":142,""2002"":178,""2003"":246,""2004"":298,""2005"":332,""2006"":442,""2007"":456,""2008"":478,""2009"":498,""2010"":477,""2011"":616,""2012"":615,""2013"":665,""2014"":675,""2015"":693,""2016"":745,""2017"":704,""2018"":886,""2019"":804,""2020"":826,""2021"":767,""2022"":829,""2023"":751,""2024"":802,""2025"":846,""2026"":782}"
Christopher Kruegel,https://scholar.google.com/citations?user=f0NoTC0AAAAJ,2026-09-26,"University of California, Santa Barbara and Cisco, Inc.","[""Computer Security"", ""Security""]",58225,124,290,19425,72,224,2004,"{""2004"":173,""2005"":298,""2006"":554,""2007"":752,""2008"":1154,""2009"":1292,""2010"":1557,""2011"":2181,""2012"":2311,""2013"":2650,""2014"":3246,""2015"":3325,""2016"":3525,""2017"":3713,""2018"":3945,""2019"":3906,""2020"":3585,""2021"":3456,""2022"":3192,""2023"":3361,""2024"":3358,""2025"":3419,""2026"":2626}"
Corina Pasareanu,https://scholar.google.com/citations?user=pwIuivQAAAAJ,2026-09-26,CMU/Amazon/ex-NASA Ames,"[""Symbolic execution"", ""compositional verification"", ""abstraction""]",15794,61,160,4872,39,106,2000,"{""2000"":52,""2001"":142,""2002"":189,""2003"":200,""2004"":316,""2005"":412,""2006"":409,""2007"":439,""2008"":471,""2009"":506,""2010"":541,""2011"":543,""2012"":624,""2013"":718,""2014"":754,""2015"":753,""2016"":646,""2017"":653,""2018"":709,""2019"":851,""2020"":825,""2021"":751,""2022"":838,""2023"":842,""2024"":874,""2025"":831,""2026"":728}"
Dana Ron,https://scholar.google.com/citations?user=f5vfsVkAAAAJ,2026-09-26,Tel Aviv University,"[""Computer Science""]",14017,55,121,3666,33,76,1995,"{""1995"":50,""1996"":49,""1997"":66,""1998"":95,""1999"":93,""2000"":124,""2001"":158,""2002"":235,""2003"":299,""2004"":323,""2005"":333,""2006"":392,""2007"":430,""2008"":491,""2009"":421,""2010"":679,""2011"":524,""2012"":521,""2013"":515,""2014"":511,""2015"":508,""2016"":622,""2017"":575,""2018"":651,""2019"":708,""2020"":718,""2021"":675,""2022"":611,""2023"":604,""2024"":569,""2025"":680,""2026"":527}"
David Lo,https://scholar.google.com/citations?user=Ra4bt-oAAAAJ,2026-09-26,"Professor of Computer Science, Singapore Management University","[""AI4SE"", ""Software Analytics"", ""SE4AI"", ""Software Maintenance"", ""Software Engineering""]",53669,118,603,38689,97,536,2010,"{""2010"":147,""2011"":242,""2012"":286,""2013"":521,""2014"":816,""2015"":1071,""2016"":1374,""2017"":1560,""2018"":2262,""2019"":3026,""2020"":3188,""2021"":4040,""2022"":4893,""2023"":5466,""2024"":6867,""2025"":9013,""2026"":8303}"
David Sankoff,https://scholar.google.com/citations?user=-4VIi-UAAAAJ,2026-09-26,University of Ottawa,"[""Applied probability"", ""bioinformatics"", ""genomics"", ""algorithms""]",40684,85,283,8039,40,101,1987,"{""1987"":144,""1988"":215,""1989"":257,""1990"":293,""1991"":307,""1992"":380,""1993"":377,""1994"":437,""1995"":426,""1996"":419,""1997"":496,""1998"":642,""1999"":706,""2000"":859,""2001"":743,""2002"":855,""2003"":918,""2004"":1000,""2005"":1189,""2006"":1101,""2007"":1239,""2008"":1257,""2009"":1336,""2010"":1329,""2011"":1317,""2012"":1381,""2013"":1302,""2014"":1412,""2015"":1244,""2016"":1401,""2017"":1456,""2018"":1351,""2019"":1414,""2020"":1449,""2021"":1549,""2022"":1519,""2023"":1321,""2024"":1392,""2025"":1363,""2026"":893}"
Deborah L. McGuinness,https://scholar.google.com/citations?user=PLJ0L4QAAAAJ,2026-09-26,"Tetherless World Chair, Prof. Computer, Cognitive, Web Sciences, Industrial &Systems Engineering, RPI","[""Semantic Web"", ""Ontologies"", ""Knowledge Graphs"", ""Explainable AI"", ""Web Science""]",60874,82,282,10358,40,106,1996,"{""1996"":159,""1997"":137,""1998"":206,""1999"":182,""2000"":211,""2001"":390,""2002"":581,""2003"":1003,""2004"":1516,""2005"":2025,""2006"":3077,""2007"":3401,""2008"":3374,""2009"":3419,""2010"":3349,""2011"":3146,""2012"":3026,""2013"":2881,""2014"":2713,""2015"":2488,""2016"":2325,""2017"":2122,""2018"":2076,""2019"":1976,""2020"":1961,""2021"":1709,""2022"":1818,""2023"":1809,""2024"":1822,""2025"":1853,""2026"":1335}"
Elaine Shi,https://scholar.google.com/citations?user=rejzeocAAAAJ,2026-09-26,Carnegie Mellon University,"[""Cryptography"", ""Algorithms"", ""Security"", ""Distributed Systems""]",43568,88,192,19396,68,174,2005,"{""2005"":109,""2006"":235,""2007"":284,""2008"":413,""2009"":375,""2010"":515,""2011"":686,""2012"":813,""2013"":1067,""2014"":1337,""2015"":1780,""2016"":2138,""2017"":2804,""2018"":3506,""2019"":3858,""2020"":3885,""2021"":3584,""2022"":3538,""2023"":3428,""2024"":3322,""2025"":3458,""2026"":2057}"
Emmett Witchel,https://scholar.google.com/citations?user=k4oSgRkAAAAJ,2026-09-26,"Professor of Computer Science, The University of Texas at Austin","[""Operating systems"", ""Architecture"", ""Security""]",10737,46,73,3471,26,45,1996,"{""1996"":37,""1997"":76,""1998"":75,""1999"":73,""2000"":106,""2001"":102,""2002"":136,""2003"":155,""2004"":159,""2005"":170,""2006"":191,""2007"":231,""2008"":270,""2009"":294,""2010"":339,""2011"":364,""2012"":400,""2013"":449,""2014"":472,""2015"":479,""2016"":535,""2017"":477,""2018"":478,""2019"":490,""2020"":582,""2021"":560,""2022"":583,""2023"":584,""2024"":592,""2025"":684,""2026"":466}"
Fedor V. Fomin,https://scholar.google.com/citations?user=96ZXvOsAAAAJ,2026-09-26,"Professor of Computer Science, University of Bergen","[""Theoretical Computer Science"", ""Parameterized Complexity"", ""Graph Algorithms"", ""Discrete Mathematics""]",20660,67,245,8520,36,155,2003,"{""2003"":73,""2004"":101,""2005"":180,""2006"":271,""2007"":208,""2008"":409,""2009"":519,""2010"":576,""2011"":622,""2012"":678,""2013"":751,""2014"":815,""2015"":818,""2016"":925,""2017"":1057,""2018"":1196,""2019"":1221,""2020"":1336,""2021"":1304,""2022"":1397,""2023"":1465,""2024"":1376,""2025"":1565,""2026"":1398}"
Geoffrey Hinton,https://scholar.google.com/citations?user=JicYPdAAAAAJ,2026-09-26,"Emeritus Prof. Computer Science, University of Toronto","[""machine learning"", ""psychology"", ""artificial intelligence"", ""cognitive science"", ""computer science""]",1090084,195,549,625039,134,403,1990,"{""1990"":3490,""1991"":3772,""1992"":4040,""1993"":4450,""1994"":4377,""1995"":3947,""1996"":3810,""1997"":3637,""1998"":3671,""1999"":3541,""2000"":3202,""2001"":3354,""2002"":3639,""2003"":3653,""2004"":3332,""2005"":3800,""2006"":4056,""2007"":4440,""2008"":4243,""2009"":4608,""2010"":5033,""2011"":5484,""2012"":6603,""2013"":9781,""2014"":12561,""2015"":18526,""2016"":29859,""2017"":43631,""2018"":63673,""2019"":81036,""2020"":90698,""2021"":101574,""2022"":103870,""2023"":106754,""2024"":110312,""2025"":119113,""2026"":83337}"
George Fitzmaurice,https://scholar.google.com/citations?user=u0JtLz0AAAAJ,2026-09-26,"Director, Research, Autodesk Research","[""Human Computer Interaction""]",22188,81,231,7509,43,162,1997,"{""1997"":57,""1998"":94,""1999"":123,""2000"":121,""2001"":172,""2002"":169,""2003"":258,""2004"":319,""2005"":326,""2006"":367,""2007"":380,""2008"":347,""2009"":512,""2010"":645,""2011"":567,""2012"":689,""2013"":773,""2014"":1054,""2015"":1117,""2016"":1172,""2017"":1177,""2018"":1148,""2019"":1363,""2020"":1279,""2021"":1340,""2022"":1246,""2023"":1233,""2024"":1375,""2025"":1403,""2026"":905}"
Gerard Medioni,https://scholar.google.com/citations?user=b0k2tTgAAAAJ,2026-09-26,USC,[],39322,93,362,9734,41,130,1988,"{""1988"":145,""1989"":224,""1990"":229,""1991"":268,""1992"":383,""1993"":318,""1994"":409,""1995"":429,""1996"":457,""1997"":478,""1998"":503,""1999"":435,""2000"":500,""2001"":515,""2002"":634,""2003"":675,""2004"":787,""2005"":778,""2006"":855,""2007"":1027,""2008"":1056,""2009"":1106,""2010"":1055,""2011"":1120,""2012"":1213,""2013"":1336,""2014"":1421,""2015"":1513,""2016"":1721,""2017"":1687,""2018"":1801,""2019"":2005,""2020"":1929,""2021"":1990,""2022"":2000,""2023"":1778,""2024"":1662,""2025"":1489,""2026"":808}"
H. T. Kung,https://scholar.google.com/citations?user=iLQqwosAAAAJ,2026-09-26,"Professor, Harvard University","[""Machine learning accelerators"", ""high-performance computing"", ""computer & wireless networks"", ""complexity"", ""database systems""]",51162,83,273,10053,33,87,1987,"{""1987"":900,""1988"":1208,""1989"":1115,""1990"":1131,""1991"":1078,""1992"":955,""1993"":889,""1994"":786,""1995"":752,""1996"":625,""1997"":601,""1998"":576,""1999"":430,""2000"":430,""2001"":407,""2002"":526,""2003"":679,""2004"":924,""2005"":1225,""2006"":1218,""2007"":1453,""2008"":1513,""2009"":1553,""2010"":1679,""2011"":1446,""2012"":1533,""2013"":1510,""2014"":1466,""2015"":1350,""2016"":1284,""2017"":1228,""2018"":1303,""2019"":1387,""2020"":1557,""2021"":1518,""2022"":1573,""2023"":1567,""2024"":1613,""2025"":1877,""2026"":1899}"
Haibo Chen,https://scholar.google.com/citations?user=qd9xSkYAAAAJ,2026-09-26,"FACM & FIEEE, Distinguished Professor, Shanghai Jiao Tong University","[""Operating Systems"", ""MLSys"", ""Distributed Systems""]",16132,66,221,10270,52,179,2009,"{""2009"":80,""2010"":109,""2011"":146,""2012"":233,""2013"":316,""2014"":383,""2015"":506,""2016"":605,""2017"":724,""2018"":744,""2019"":897,""2020"":961,""2021"":1209,""2022"":1219,""2023"":1374,""2024"":1781,""2025"":2489,""2026"":2172}"
Jeffrey S. Foster,https://scholar.google.com/citations?user=QWPwfsgAAAAJ,2026-09-26,"Computer Science, Tufts University","[""Programming Languages"", ""Software Engineering"", ""Security""]",10955,50,93,2649,28,68,2000,"{""2000"":44,""2001"":86,""2002"":134,""2003"":168,""2004"":247,""2005"":297,""2006"":341,""2007"":350,""2008"":448,""2009"":372,""2010"":385,""2011"":453,""2012"":450,""2013"":499,""2014"":594,""2015"":601,""2016"":608,""2017"":538,""2018"":557,""2019"":488,""2020"":480,""2021"":485,""2022"":426,""2023"":512,""2024"":464,""2025"":421,""2026"":341}"
Jianfeng Gao,https://scholar.google.com/citations?user=CQ1cqKkAAAAJ,2026-09-26,"Microsoft Research, Redmond","[""natural language processing"", ""information retrieval"", ""machine learning"", ""deep learning""]",156075,150,626,126308,137,520,2009,"{""2009"":429,""2010"":576,""2011"":603,""2012"":656,""2013"":700,""2014"":862,""2015"":1020,""2016"":1726,""2017"":2727,""2018"":4228,""2019"":5869,""2020"":8369,""2021"":11081,""2022"":14241,""2023"":18183,""2024"":24623,""2025"":31789,""2026"":26159}"
Noah Snavely,https://scholar.google.com/citations?user=Db4BCX8AAAAJ,2026-09-26,Cornell University and Google DeepMind,"[""Computer Vision"", ""Computer Graphics"", ""Ducks""]",48574,85,154,28843,69,129,2007,"{""2007"":143,""2008"":291,""2009"":453,""2010"":788,""2011"":944,""2012"":1102,""2013"":1326,""2014"":1488,""2015"":1763,""2016"":1809,""2017"":1761,""2018"":2091,""2019"":2412,""2020"":2884,""2021"":3534,""2022"":4027,""2023"":4922,""2024"":5574,""2025"":5955,""2026"":4810}"
Ken Koedinger,https://scholar.google.com/citations?user=_8DDVkAAAAAJ,2026-09-26,"HCII, Carnegie Mellon University","[""Educational Data Mining"", ""Artificial Intelligence in Education"", ""Learning Engineering"", ""Intelligent Tutoring Systems""]",56897,108,422,23314,65,270,1998,"{""1998"":166,""1999"":160,""2000"":234,""2001"":347,""2002"":319,""2003"":546,""2004"":556,""2005"":727,""2006"":841,""2007"":1011,""2008"":1170,""2009"":1279,""2010"":1591,""2011"":1533,""2012"":1812,""2013"":2299,""2014"":2338,""2015"":2316,""2016"":2507,""2017"":2492,""2018"":2661,""2019"":2670,""2020"":2477,""2021"":2539,""2022"":2726,""2023"":3191,""2024"":3962,""2025"":5480,""2026"":5266}"
Kenneth Church,https://scholar.google.com/citations?user=E6aqGvYAAAAJ,2026-09-26,VecML,"[""Natural Language Processing"", ""Corpora"", ""Speech""]",34126,75,172,8535,36,94,1990,"{""1990"":113,""1991"":128,""1992"":229,""1993"":293,""1994"":450,""1995"":439,""1996"":503,""1997"":624,""1998"":621,""1999"":547,""2000"":616,""2001"":556,""2002"":715,""2003"":727,""2004"":803,""2005"":818,""2006"":828,""2007"":967,""2008"":1038,""2009"":931,""2010"":1148,""2011"":1115,""2012"":1189,""2013"":1239,""2014"":1431,""2015"":1215,""2016"":1245,""2017"":1053,""2018"":1047,""2019"":1079,""2020"":1122,""2021"":1233,""2022"":1366,""2023"":1420,""2024"":1604,""2025"":1744,""2026"":1133}"
Kilian Weinberger,https://scholar.google.com/citations?user=8RVWMycAAAAJ,2026-09-26,Cornell University,"[""machine learning"", ""deep learning"", ""metric learning"", ""computer vision""]",165124,100,212,123936,80,178,2010,"{""2010"":488,""2011"":625,""2012"":764,""2013"":1035,""2014"":1229,""2015"":1480,""2016"":1959,""2017"":2884,""2018"":5950,""2019"":9422,""2020"":13238,""2021"":16873,""2022"":19247,""2023"":20705,""2024"":22378,""2025"":24614,""2026"":20095}"
Kwan-Liu Ma,https://scholar.google.com/citations?user=LgL2HpkAAAAJ,2026-09-26,"Professor of Computer Science, University of California at Davis","[""Visualization"", ""Computer Graphics"", ""High Performance Computing"", ""Human Computer Interaction""]",28263,89,429,8278,45,217,1999,"{""1999"":73,""2000"":95,""2001"":214,""2002"":270,""2003"":330,""2004"":353,""2005"":544,""2006"":635,""2007"":570,""2008"":757,""2009"":674,""2010"":860,""2011"":1135,""2012"":1219,""2013"":1227,""2014"":1302,""2015"":1524,""2016"":1558,""2017"":1388,""2018"":1562,""2019"":1429,""2020"":1522,""2021"":1487,""2022"":1376,""2023"":1547,""2024"":1380,""2025"":1456,""2026"":1021}"
Maria-Florina Balcan,https://scholar.google.com/citations?user=LWlN_BUAAAAJ,2026-09-26,"Professor, School of Computer Science, Carnegie Mellon University","[""Machine Learning"", ""Algorithmic Game Theory"", ""Theoretical Computer Science.""]",13232,58,152,6766,41,120,2006,"{""2006"":54,""2007"":108,""2008"":154,""2009"":219,""2010"":222,""2011"":276,""2012"":322,""2013"":395,""2014"":388,""2015"":489,""2016"":526,""2017"":733,""2018"":650,""2019"":818,""2020"":974,""2021"":1047,""2022"":1104,""2023"":1092,""2024"":1355,""2025"":1184,""2026"":970}"
Massoud Pedram,https://scholar.google.com/citations?user=FHiQmOoAAAAJ,2026-09-26,"Charles Lee Powell Professor of Electrical Engineering & Computer Science, Univ of Southern","[""Energy Efficient Electronics"", ""Power-aware computing"", ""Energy Harvesting and Storage Systems"", ""Computer Aided Design of VLSI Circui""]",41207,101,614,10984,49,265,1994,"{""1994"":114,""1995"":270,""1996"":416,""1997"":570,""1998"":561,""1999"":678,""2000"":652,""2001"":630,""2002"":711,""2003"":817,""2004"":875,""2005"":985,""2006"":1018,""2007"":1160,""2008"":1190,""2009"":1052,""2010"":1152,""2011"":1192,""2012"":1457,""2013"":1519,""2014"":1685,""2015"":1787,""2016"":1900,""2017"":1691,""2018"":1865,""2019"":1830,""2020"":1863,""2021"":1875,""2022"":1979,""2023"":1897,""2024"":1896,""2025"":1897,""2026"":1434}"
Michael Backes,https://scholar.google.com/citations?user=ZVS3KOEAAAAJ,2026-09-26,Chairman and Founding Director of the CISPA Helmholtz Center for Information Security,"[""Security"", ""privacy"", ""cryptography"", ""AI""]",39345,100,384,24654,73,241,2003,"{""2003"":208,""2004"":337,""2005"":345,""2006"":520,""2007"":318,""2008"":427,""2009"":494,""2010"":464,""2011"":711,""2012"":694,""2013"":864,""2014"":846,""2015"":893,""2016"":887,""2017"":1093,""2018"":1435,""2019"":1733,""2020"":1899,""2021"":2563,""2022"":2885,""2023"":3498,""2024"":4851,""2025"":5940,""2026"":4856}"
Mikhail (Misha) Belkin,https://scholar.google.com/citations?user=Iwd9DdkAAAAJ,2026-09-26,"Professor of Data Science, Halıcıoğlu Data Science Institute, CSE, UCSD, Amazon Scholar","[""Machine Learning"", ""Learning Theory"", ""Artificial Intelligence"", ""Interpolation"", ""Feature learning""]",44298,57,107,19149,48,94,2004,"{""2004"":161,""2005"":319,""2006"":524,""2007"":677,""2008"":918,""2009"":1206,""2010"":1354,""2011"":1448,""2012"":1637,""2013"":1751,""2014"":1700,""2015"":1809,""2016"":1914,""2017"":1852,""2018"":2125,""2019"":2442,""2020"":2905,""2021"":2991,""2022"":3174,""2023"":3302,""2024"":3321,""2025"":3343,""2026"":3006}"
Z. Morley Mao,https://scholar.google.com/citations?user=Ba_Ci9UAAAAJ,2026-09-26,University of Michigan,"[""ML Systems"", ""Security for ML system"", ""cybersecurity"", ""mobile computing"", ""distributed systems""]",31246,89,252,10709,50,172,2001,"{""2001"":82,""2002"":128,""2003"":204,""2004"":312,""2005"":456,""2006"":508,""2007"":504,""2008"":545,""2009"":683,""2010"":673,""2011"":932,""2012"":1082,""2013"":1456,""2014"":1659,""2015"":1829,""2016"":1931,""2017"":2005,""2018"":1893,""2019"":1711,""2020"":1654,""2021"":1610,""2022"":1706,""2023"":1631,""2024"":1926,""2025"":2170,""2026"":1646}"
Natasha Noy,https://scholar.google.com/citations?user=FE08ALAAAAAJ,2026-09-26,Google,"[""dataset search"", ""semantic web"", ""structured data"", ""artificial intelligence""]",49320,74,191,15911,35,79,2001,"{""2001"":187,""2002"":400,""2003"":690,""2004"":1101,""2005"":1512,""2006"":1908,""2007"":1922,""2008"":2068,""2009"":2187,""2010"":2116,""2011"":2044,""2012"":1991,""2013"":2053,""2014"":1998,""2015"":2035,""2016"":1924,""2017"":1638,""2018"":1608,""2019"":1541,""2020"":1529,""2021"":1400,""2022"":1402,""2023"":1389,""2024"":1369,""2025"":3335,""2026"":7000}"
Nicole Immorlica,https://scholar.google.com/citations?user=_1hCq3UAAAAJ,2026-09-26,Yale University and Microsoft Research,"[""economics and computation"", ""market design"", ""social networks"", ""microeconomics"", ""information design""]",14900,54,121,5787,37,90,2005,"{""2005"":115,""2006"":197,""2007"":279,""2008"":383,""2009"":409,""2010"":488,""2011"":459,""2012"":580,""2013"":585,""2014"":679,""2015"":751,""2016"":730,""2017"":750,""2018"":756,""2019"":907,""2020"":884,""2021"":925,""2022"":899,""2023"":915,""2024"":937,""2025"":1067,""2026"":1036}"
Nikhil Bansal,https://scholar.google.com/citations?user=3Lmd6AMAAAAJ,2026-09-26,University of Michigan,"[""Algorithm Design"", ""Theoretical Computer Science"", ""Discrete Math""]",13417,60,151,4216,34,95,2002,"{""2002"":52,""2003"":133,""2004"":224,""2005"":268,""2006"":294,""2007"":289,""2008"":391,""2009"":483,""2010"":495,""2011"":554,""2012"":604,""2013"":635,""2014"":691,""2015"":625,""2016"":634,""2017"":615,""2018"":640,""2019"":640,""2020"":682,""2021"":692,""2022"":732,""2023"":735,""2024"":646,""2025"":657,""2026"":751}"
Phoebe Sengers,https://scholar.google.com/citations?user=6c5cf1wAAAAJ,2026-09-26,"Professor, Information Science and Science & Technology Studies, Cornell","[""rural infrastructure"", ""speculation"", ""STS"", ""critically reflective HCI"", ""design for social impact""]",15795,52,97,6199,37,65,2002,"{""2002"":61,""2003"":69,""2004"":108,""2005"":114,""2006"":177,""2007"":218,""2008"":376,""2009"":446,""2010"":432,""2011"":552,""2012"":507,""2013"":641,""2014"":669,""2015"":748,""2016"":719,""2017"":811,""2018"":914,""2019"":854,""2020"":838,""2021"":876,""2022"":1005,""2023"":1023,""2024"":1097,""2025"":1176,""2026"":1018}"
Pradeep Dubey,https://scholar.google.com/citations?user=-ad5RSQAAAAJ,2026-09-26,Intel Corporation,"[""Emergng applications and architecture""]",19960,73,163,5669,38,79,1998,"{""1998"":59,""1999"":79,""2000"":97,""2001"":131,""2002"":174,""2003"":156,""2004"":237,""2005"":269,""2006"":246,""2007"":279,""2008"":358,""2009"":582,""2010"":677,""2011"":747,""2012"":932,""2013"":955,""2014"":1092,""2015"":1162,""2016"":1143,""2017"":1134,""2018"":1206,""2019"":1166,""2020"":1101,""2021"":1113,""2022"":935,""2023"":824,""2024"":938,""2025"":1038,""2026"":820}"
Ram Duvvuru Sriram,https://scholar.google.com/citations?user=W4t8B20AAAAJ,2026-09-26,National Institute of Standards and Technology,"[""Artificial Intelligence"", ""Computer Aided Design"", ""Product Lifecycle Managment"", ""Medical Informatics"", ""Software""]",14204,62,181,2665,22,59,1987,"{""1987"":62,""1988"":96,""1989"":91,""1990"":95,""1991"":86,""1992"":147,""1993"":125,""1994"":161,""1995"":155,""1996"":140,""1997"":149,""1998"":184,""1999"":138,""2000"":202,""2001"":230,""2002"":190,""2003"":273,""2004"":272,""2005"":428,""2006"":367,""2007"":417,""2008"":472,""2009"":493,""2010"":502,""2011"":534,""2012"":572,""2013"":590,""2014"":609,""2015"":653,""2016"":586,""2017"":593,""2018"":552,""2019"":549,""2020"":527,""2021"":481,""2022"":498,""2023"":413,""2024"":442,""2025"":525,""2026"":303}"
Ramón Cáceres,https://scholar.google.com/citations?user=rWMibvIAAAAJ,2026-09-26,Retired,"[""Computer science""]",16354,50,82,2507,16,24,1994,"{""1994"":70,""1995"":106,""1996"":115,""1997"":132,""1998"":162,""1999"":248,""2000"":286,""2001"":327,""2002"":393,""2003"":378,""2004"":361,""2005"":391,""2006"":374,""2007"":406,""2008"":323,""2009"":382,""2010"":446,""2011"":525,""2012"":644,""2013"":833,""2014"":902,""2015"":983,""2016"":1020,""2017"":1008,""2018"":1071,""2019"":915,""2020"":727,""2021"":643,""2022"":546,""2023"":452,""2024"":345,""2025"":282,""2026"":239}"
Roger B. Dannenberg,https://scholar.google.com/citations?user=whacJzwAAAAJ,2026-09-26,"Professor of Computer Science, Carnegie Mellon University","[""Computer Music""]",12177,58,175,3449,29,91,1989,"{""1989"":35,""1990"":57,""1991"":102,""1992"":123,""1993"":172,""1994"":189,""1995"":216,""1996"":249,""1997"":163,""1998"":158,""1999"":115,""2000"":151,""2001"":176,""2002"":201,""2003"":247,""2004"":309,""2005"":332,""2006"":302,""2007"":385,""2008"":384,""2009"":332,""2010"":352,""2011"":406,""2012"":429,""2013"":397,""2014"":394,""2015"":378,""2016"":348,""2017"":295,""2018"":302,""2019"":311,""2020"":408,""2021"":719,""2022"":448,""2023"":444,""2024"":502,""2025"":683,""2026"":642}"
Rolf Drechsler,https://scholar.google.com/citations?user=9v_MAAIAAAAJ,2026-09-26,"Professor at University of Bremen, Director DFKI Bremen, Germany","[""algorithms"", ""data structures"", ""system design"", ""verification"", ""test""]",25523,74,588,9485,39,269,1995,"{""1995"":131,""1996"":164,""1997"":220,""1998"":169,""1999"":260,""2000"":201,""2001"":311,""2002"":351,""2003"":281,""2004"":345,""2005"":368,""2006"":390,""2007"":446,""2008"":459,""2009"":557,""2010"":732,""2011"":629,""2012"":698,""2013"":868,""2014"":1011,""2015"":813,""2016"":1148,""2017"":1063,""2018"":1259,""2019"":1358,""2020"":1434,""2021"":1385,""2022"":1583,""2023"":1733,""2024"":1597,""2025"":1783,""2026"":1397}"
Joseph Seffi Naor,https://scholar.google.com/citations?user=xGbDr7YAAAAJ,2026-09-26,Technion,[],19879,69,165,5287,35,91,1991,"{""1991"":58,""1992"":64,""1993"":105,""1994"":125,""1995"":129,""1996"":130,""1997"":175,""1998"":183,""1999"":140,""2000"":222,""2001"":222,""2002"":225,""2003"":268,""2004"":330,""2005"":382,""2006"":435,""2007"":467,""2008"":537,""2009"":556,""2010"":587,""2011"":618,""2012"":642,""2013"":646,""2014"":865,""2015"":842,""2016"":932,""2017"":1036,""2018"":1080,""2019"":1034,""2020"":1037,""2021"":937,""2022"":974,""2023"":862,""2024"":892,""2025"":899,""2026"":721}"
Shai Ben-David,https://scholar.google.com/citations?user=kezPqwoAAAAJ,2026-09-26,"Univerity of Waterloo, Canada","[""Theoretical computer science"", ""Machine Learning"", ""Clustering"", ""Mathematical logic""]",35494,56,122,21949,36,82,1998,"{""1998"":106,""1999"":101,""2000"":78,""2001"":108,""2002"":148,""2003"":144,""2004"":151,""2005"":207,""2006"":239,""2007"":289,""2008"":300,""2009"":346,""2010"":406,""2011"":411,""2012"":464,""2013"":503,""2014"":474,""2015"":616,""2016"":776,""2017"":957,""2018"":1380,""2019"":1919,""2020"":2598,""2021"":2997,""2022"":3271,""2023"":4102,""2024"":4351,""2025"":4220,""2026"":2995}"
Sharad Mehrotra,https://scholar.google.com/citations?user=MTZaRW4AAAAJ,2026-09-26,"Distinguished Professor of Computer Science, Univ. of California, Irvine","[""Databases"", ""Data Management"", ""IoT Data Management"", ""Cloud Computing"", ""Security and Privacy""]",28947,70,241,4548,31,87,1997,"{""1997"":126,""1998"":167,""1999"":263,""2000"":366,""2001"":543,""2002"":654,""2003"":757,""2004"":915,""2005"":1165,""2006"":1213,""2007"":1211,""2008"":1226,""2009"":1402,""2010"":1325,""2011"":1146,""2012"":1300,""2013"":1410,""2014"":1393,""2015"":1363,""2016"":1352,""2017"":1254,""2018"":1115,""2019"":1054,""2020"":1019,""2021"":907,""2022"":910,""2023"":766,""2024"":669,""2025"":768,""2026"":527}"
Shrikanth (Shri) Narayanan,https://scholar.google.com/citations?user=8EDHmYkAAAAJ,2026-09-26,"University Professor and Niki & Max Nikias Chair in Engineering, University of Southern California","[""signal processing"", ""speech/language"", ""emotions"", ""biosignals/behavior"", ""multimedia""]",66078,115,840,28235,65,480,2002,"{""2002"":186,""2003"":283,""2004"":323,""2005"":489,""2006"":640,""2007"":773,""2008"":1092,""2009"":1247,""2010"":1496,""2011"":2063,""2012"":1830,""2013"":2458,""2014"":2600,""2015"":2909,""2016"":3168,""2017"":3361,""2018"":3683,""2019"":3903,""2020"":4045,""2021"":4423,""2022"":4613,""2023"":4723,""2024"":5009,""2025"":5255,""2026"":4168}"
Stefan Saroiu,https://scholar.google.com/citations?user=7Z0Z6VsAAAAJ,2026-09-26,Microsoft,"[""Mobile computing"", ""Security"", ""Distributed Systems"", ""Operating Systems"", ""Networking""]",19803,47,87,3143,30,55,2002,"{""2002"":134,""2003"":405,""2004"":742,""2005"":846,""2006"":896,""2007"":835,""2008"":884,""2009"":871,""2010"":911,""2011"":904,""2012"":911,""2013"":1008,""2014"":1081,""2015"":1127,""2016"":1088,""2017"":1110,""2018"":1005,""2019"":883,""2020"":748,""2021"":712,""2022"":664,""2023"":524,""2024"":500,""2025"":455,""2026"":287}"
Steffen Staab,https://scholar.google.com/citations?user=QvpcUn8AAAAJ,2026-09-26,"WAIS, University of Southampton, UK & Analytic Computing, Universität Stuttgart, DE","[""Artificial Intelligence"", ""Knowledge Graphs"", ""Simulation Science"", ""Intelligent User Interfaces"", ""Web Sci""]",51414,100,378,13462,37,154,2000,"{""2000"":200,""2001"":450,""2002"":684,""2003"":1140,""2004"":1591,""2005"":2138,""2006"":2457,""2007"":2503,""2008"":2440,""2009"":2438,""2010"":2593,""2011"":2526,""2012"":2322,""2013"":2055,""2014"":1966,""2015"":1888,""2016"":1803,""2017"":1535,""2018"":1524,""2019"":1418,""2020"":1316,""2021"":1588,""2022"":1737,""2023"":2002,""2024"":2527,""2025"":2935,""2026"":2664}"
Sumit Gulwani,https://scholar.google.com/citations?user=fZinJ_AAAAAJ,2026-09-26,"Distinguished Scientist, Microsoft","[""Program Synthesis"", ""Artificial Intelligence"", ""End-User Programming"", ""Computer-aided Education""]",22455,79,221,11124,51,179,2007,"{""2007"":60,""2008"":78,""2009"":209,""2010"":330,""2011"":366,""2012"":548,""2013"":670,""2014"":900,""2015"":1013,""2016"":1056,""2017"":1436,""2018"":1254,""2019"":1419,""2020"":1679,""2021"":1671,""2022"":1972,""2023"":1680,""2024"":2029,""2025"":2210,""2026"":1550}"
Tim Roughgarden,https://scholar.google.com/citations?user=0lcJYs8AAAAJ,2026-09-26,Columbia University,"[""Algorithms"", ""Game Theory"", ""Networks"", ""Blockchain Protocols""]",45932,81,194,14938,50,147,2003,"{""2003"":185,""2004"":352,""2005"":438,""2006"":505,""2007"":736,""2008"":879,""2009"":1034,""2010"":1221,""2011"":1498,""2012"":1649,""2013"":2124,""2014"":2570,""2015"":2814,""2016"":2963,""2017"":2989,""2018"":2835,""2019"":2900,""2020"":2538,""2021"":2479,""2022"":2468,""2023"":2437,""2024"":2660,""2025"":2646,""2026"":2231}"
Trent Jaeger,https://scholar.google.com/citations?user=LpwdzeEAAAAJ,2026-09-26,"Professor of Computer Science and Engineering, UC Riverside","[""Software and Systems Security""]",13323,58,171,3978,32,89,1997,"{""1997"":34,""1998"":69,""1999"":90,""2000"":63,""2001"":105,""2002"":113,""2003"":117,""2004"":155,""2005"":238,""2006"":334,""2007"":445,""2008"":513,""2009"":567,""2010"":652,""2011"":629,""2012"":627,""2013"":552,""2014"":560,""2015"":543,""2016"":523,""2017"":557,""2018"":473,""2019"":605,""2020"":653,""2021"":659,""2022"":643,""2023"":698,""2024"":775,""2025"":754,""2026"":437}"
Vaughn Betz,https://scholar.google.com/citations?user=bMdDigQAAAAJ,2026-09-26,University of Toronto,"[""FPGAs"", ""Computer Aided Design"", ""Deep Learning"", ""Hardware Acceleration"", ""VLSI""]",14635,53,183,5072,36,107,1999,"{""1999"":86,""2000"":111,""2001"":134,""2002"":162,""2003"":286,""2004"":281,""2005"":380,""2006"":387,""2007"":456,""2008"":463,""2009"":508,""2010"":490,""2011"":482,""2012"":443,""2013"":433,""2014"":551,""2015"":580,""2016"":607,""2017"":627,""2018"":611,""2019"":614,""2020"":638,""2021"":664,""2022"":735,""2023"":983,""2024"":1001,""2025"":982,""2026"":704}"
Vineet Bafna,https://scholar.google.com/citations?user=zr2I_WMAAAAJ,2026-09-26,"Professor of Computer Science & Engineering, UCSD","[""Bioinformatics Algorithms"", ""Cancer Genomics""]",52951,84,201,14505,53,134,2000,"{""2000"":164,""2001"":1071,""2002"":1657,""2003"":1629,""2004"":1688,""2005"":1601,""2006"":1632,""2007"":1761,""2008"":1991,""2009"":1952,""2010"":2131,""2011"":2112,""2012"":2095,""2013"":2192,""2014"":2101,""2015"":2030,""2016"":1911,""2017"":1939,""2018"":1896,""2019"":1986,""2020"":1938,""2021"":2145,""2022"":2364,""2023"":2279,""2024"":2330,""2025"":2901,""2026"":2471}"
Wei-Ying Ma,https://scholar.google.com/citations?user=SToCbu8AAAAJ,2026-09-26,Tsinghua University,"[""AI for Science"", ""Large Language Model"", ""Web Search"", ""Data Mining"", ""Recommender System""]",70265,125,488,16454,44,199,1999,"{""1999"":247,""2000"":283,""2001"":392,""2002"":490,""2003"":691,""2004"":1027,""2005"":1382,""2006"":1687,""2007"":2182,""2008"":2619,""2009"":3059,""2010"":3404,""2011"":3406,""2012"":3810,""2013"":4023,""2014"":3887,""2015"":3785,""2016"":3428,""2017"":3299,""2018"":3351,""2019"":3197,""2020"":3146,""2021"":2894,""2022"":2592,""2023"":2062,""2024"":2092,""2025"":3019,""2026"":3792}"
Wenjing Lou,https://scholar.google.com/citations?user=hM8uAwoAAAAJ,2026-09-26,"W. C. English Endowed Professor, IEEE Fellow, Virginia Tech, USA","[""Cyber Security"", ""Wireless Networks"", ""Wireless Security"", ""Network Security"", ""Cloud Computing""]",46885,91,265,13888,57,180,2006,"{""2006"":150,""2007"":240,""2008"":344,""2009"":416,""2010"":627,""2011"":947,""2012"":1490,""2013"":2260,""2014"":3238,""2015"":3849,""2016"":4240,""2017"":3952,""2018"":3899,""2019"":3677,""2020"":3111,""2021"":2844,""2022"":2663,""2023"":2371,""2024"":2426,""2025"":2251,""2026"":1310}"
Wenliang Du,https://scholar.google.com/citations?user=1aMkcasAAAAJ,2026-09-26,Syracuse University,"[""Security"", ""Computer Security""]",18828,59,117,3480,30,73,2004,"{""2004"":218,""2005"":532,""2006"":826,""2007"":1000,""2008"":1174,""2009"":1090,""2010"":1106,""2011"":935,""2012"":914,""2013"":927,""2014"":935,""2015"":899,""2016"":1029,""2017"":939,""2018"":865,""2019"":876,""2020"":787,""2021"":712,""2022"":642,""2023"":486,""2024"":520,""2025"":591,""2026"":526}"
XiaoFeng Wang,https://scholar.google.com/citations?user=pONu-5EAAAAJ,2026-09-26,"Member, ACM SIGSAC Executive Committee","[""AI-Centered Security"", ""Systems Security and Privacy"", ""Healthcare Privacy"", ""Incentive Engineering""]",23028,80,202,13380,61,170,2006,"{""2006"":75,""2007"":83,""2008"":84,""2009"":113,""2010"":129,""2011"":261,""2012"":344,""2013"":407,""2014"":597,""2015"":724,""2016"":914,""2017"":1057,""2018"":1267,""2019"":1520,""2020"":1778,""2021"":1895,""2022"":1983,""2023"":2142,""2024"":2453,""2025"":2695,""2026"":2194}"
Xin Luna Dong,https://scholar.google.com/citations?user=uGsKvHoAAAAJ,2026-09-26,"ACM / IEEE Fellow, Principal Scientist at Meta","[""Knowledge graph"", ""Data quality"", ""NLP"", ""Search""]",18090,64,120,7676,46,98,2005,"{""2005"":101,""2006"":182,""2007"":292,""2008"":382,""2009"":416,""2010"":515,""2011"":511,""2012"":531,""2013"":499,""2014"":594,""2015"":850,""2016"":1020,""2017"":1027,""2018"":1054,""2019"":1082,""2020"":1118,""2021"":1227,""2022"":1229,""2023"":1248,""2024"":1375,""2025"":1378,""2026"":1195}"
Xing Xie 谢幸,https://scholar.google.com/citations?user=5EQfAFIAAAAJ,2026-09-26,"Assistant Managing Director, Microsoft Research Asia, ACM Fellow, IEEE Fellow, CCF Fellow","[""Data mining"", ""Recommender systems"", ""Social computing"", ""Responsible AI"", ""AI and Society""]",95957,134,497,63931,108,415,2007,"{""2007"":240,""2008"":365,""2009"":421,""2010"":648,""2011"":998,""2012"":1513,""2013"":1967,""2014"":2447,""2015"":2863,""2016"":3172,""2017"":3412,""2018"":3902,""2019"":4226,""2020"":5105,""2021"":6268,""2022"":7127,""2023"":9001,""2024"":13125,""2025"":16631,""2026"":11618}"
Yann LeCun,https://scholar.google.com/citations?user=WLN3QrAAAAAJ,2026-09-26,"Executive Chairman AMI Labs & Jacob T Schwarz Professor, Courant Institute, New York University","[""AI"", ""machine learning"", ""computer vision"", ""robotics"", ""image compression""]",498392,176,505,303338,130,405,2008,"{""2008"":1268,""2009"":1452,""2010"":1678,""2011"":2049,""2012"":2429,""2013"":3357,""2014"":4681,""2015"":7778,""2016"":13696,""2017"":21263,""2018"":31544,""2019"":39779,""2020"":44568,""2021"":48980,""2022"":49533,""2023"":50330,""2024"":52379,""2025"":57451,""2026"":44491}"
Yingying Chen,https://scholar.google.com/citations?user=jCZaWOEAAAAJ,2026-09-26,"Fellow of AAAS, NAI, ACM and IEEE, Distinguished Professor and Dept. Chair, Rutgers University","[""AI-enabled mobile sensing & computing"", ""cyber security"", ""smart healthcare"", ""IoT"", ""secure AI/ML systems""]",22274,84,254,12352,63,195,2009,"{""2009"":92,""2010"":145,""2011"":192,""2012"":251,""2013"":355,""2014"":568,""2015"":779,""2016"":1099,""2017"":1304,""2018"":1609,""2019"":1563,""2020"":1737,""2021"":1915,""2022"":2286,""2023"":2186,""2024"":2443,""2025"":2304,""2026"":1213}"
Yoshua Bengio,https://scholar.google.com/citations?user=kukA0LcAAAAJ,2026-09-26,"Professor of computer science, University of Montreal, Mila, IVADO, CIFAR","[""Machine learning"", ""deep learning"", ""artificial intelligence""]",1161518,259,1111,775723,210,954,2013,"{""2013"":4315,""2014"":7262,""2015"":13502,""2016"":25217,""2017"":41759,""2018"":67901,""2019"":90485,""2020"":108211,""2021"":121325,""2022"":123622,""2023"":128644,""2024"":136758,""2025"":152931,""2026"":112083}"
Zhu Han,https://scholar.google.com/citations?user=ty7wIXoAAAAJ,2026-09-26,University of Houston,"[""Game Theory"", ""Wireless Networking"", ""Security"", ""Data Science"", ""Smart Grid""]",125920,166,1506,79335,126,1227,2008,"{""2008"":356,""2009"":718,""2010"":1009,""2011"":1422,""2012"":1727,""2013"":2339,""2014"":2960,""2015"":3516,""2016"":4434,""2017"":5285,""2018"":6480,""2019"":7351,""2020"":7951,""2021"":8830,""2022"":10631,""2023"":12175,""2024"":15285,""2025"":18475,""2026"":13806}"
Ahmed E. Hassan,https://scholar.google.com/citations?user=9hwXx34AAAAJ,2026-09-27,"Mustafa Prize Laureate, ACM/IEEE/NSERC Steacie Fellow, ACM Influential/IEEE Distinguished Educator","[""Mining Software Repositories"", ""Software Analytics"", ""Empirical Software Engineering"", ""Software""]",44363,112,467,23884,80,364,2005,"{""2005"":131,""2006"":155,""2007"":179,""2008"":198,""2009"":260,""2010"":424,""2011"":500,""2012"":745,""2013"":1036,""2014"":1303,""2015"":1527,""2016"":2037,""2017"":2222,""2018"":2702,""2019"":3270,""2020"":3219,""2021"":3896,""2022"":3804,""2023"":3673,""2024"":4010,""2025"":4431,""2026"":4028}"
Alex Pothen,https://scholar.google.com/citations?user=_Fah5fwAAAAJ,2026-09-27,"Professor of Computer Science, Purdue University","[""Combinatorial Scientific Computing"", ""Parallel Computing"", ""Graph Algorithms"", ""Bioinformatics""]",9680,41,89,2080,22,39,1990,"{""1990"":46,""1991"":41,""1992"":97,""1993"":124,""1994"":159,""1995"":163,""1996"":150,""1997"":196,""1998"":130,""1999"":115,""2000"":116,""2001"":142,""2002"":96,""2003"":111,""2004"":166,""2005"":213,""2006"":257,""2007"":268,""2008"":309,""2009"":304,""2010"":240,""2011"":302,""2012"":354,""2013"":406,""2014"":426,""2015"":406,""2016"":485,""2017"":405,""2018"":397,""2019"":428,""2020"":355,""2021"":349,""2022"":342,""2023"":333,""2024"":342,""2025"":353,""2026"":361}"
Alfons Kemper,https://scholar.google.com/citations?user=B8TzQFQAAAAJ,2026-09-27,"Professor Computer Science, TUM","[""database systems""]",20786,70,227,8588,42,103,1988,"{""1988"":77,""1989"":56,""1990"":65,""1991"":78,""1992"":79,""1993"":132,""1994"":118,""1995"":148,""1996"":152,""1997"":139,""1998"":152,""1999"":175,""2000"":183,""2001"":148,""2002"":170,""2003"":204,""2004"":267,""2005"":273,""2006"":296,""2007"":273,""2008"":313,""2009"":420,""2010"":474,""2011"":535,""2012"":494,""2013"":693,""2014"":695,""2015"":707,""2016"":756,""2017"":785,""2018"":838,""2019"":908,""2020"":1146,""2021"":1300,""2022"":1416,""2023"":1487,""2024"":1562,""2025"":1565,""2026"":1226}"
Anima Anandkumar,https://scholar.google.com/citations?user=bEcLezcAAAAJ,2026-09-26,California Institute of Technology and NVIDIA,"[""Machine Learning and Artificial Intelligence""]",83375,109,354,75664,99,324,2013,"{""2013"":277,""2014"":466,""2015"":554,""2016"":692,""2017"":747,""2018"":996,""2019"":1406,""2020"":1817,""2021"":2746,""2022"":4799,""2023"":8787,""2024"":15114,""2025"":21287,""2026"":22629}"
Ashutosh Sabharwal,https://scholar.google.com/citations?user=MiqMO-kAAAAJ,2026-09-27,"Ernest D. Butcher Professor, Department of Electrical and Computer Engineering","[""Wireless Communications"", ""Wireless Platforms"", ""Digital Health"", ""Medical Devices"", ""Quantitative""]",24695,63,210,6933,36,98,2002,"{""2002"":75,""2003"":152,""2004"":319,""2005"":454,""2006"":587,""2007"":680,""2008"":775,""2009"":717,""2010"":762,""2011"":656,""2012"":787,""2013"":953,""2014"":1111,""2015"":1410,""2016"":1683,""2017"":1934,""2018"":1495,""2019"":1561,""2020"":1368,""2021"":1185,""2022"":1135,""2023"":1135,""2024"":1265,""2025"":1290,""2026"":914}"
Bill Curtis,https://scholar.google.com/citations?user=D5IKxV8AAAAJ,2026-09-27,CAST Software,"[""software engineering"", ""human-computer interaction"", ""software management"", ""workforce management"", ""coaching behavior""]",24161,49,101,2669,17,28,1987,"{""1987"":72,""1988"":111,""1989"":153,""1990"":150,""1991"":212,""1992"":292,""1993"":329,""1994"":411,""1995"":544,""1996"":610,""1997"":522,""1998"":614,""1999"":607,""2000"":583,""2001"":661,""2002"":807,""2003"":735,""2004"":755,""2005"":901,""2006"":905,""2007"":804,""2008"":767,""2009"":813,""2010"":812,""2011"":826,""2012"":843,""2013"":828,""2014"":795,""2015"":747,""2016"":721,""2017"":679,""2018"":635,""2019"":624,""2020"":496,""2021"":514,""2022"":458,""2023"":448,""2024"":408,""2025"":440,""2026"":401}"
Boaz Barak,https://scholar.google.com/citations?user=I0fbJ6cAAAAJ,2026-09-26,Harvard University,"[""Computer Science"", ""Computational Complexity"", ""Algorithms"", ""Cryptography"", ""Optimization""]",29954,65,112,17274,45,95,2003,"{""2003"":128,""2004"":159,""2005"":192,""2006"":265,""2007"":289,""2008"":345,""2009"":372,""2010"":531,""2011"":615,""2012"":758,""2013"":880,""2014"":1003,""2015"":1069,""2016"":1210,""2017"":1048,""2018"":1110,""2019"":1135,""2020"":1192,""2021"":1339,""2022"":1584,""2023"":1898,""2024"":2269,""2025"":4246,""2026"":5901}"
Bronis R. de Supinski,https://scholar.google.com/citations?user=iuEBM58AAAAJ,2026-09-27,Lawrence Livermore National Laboratory,[],14250,65,167,3715,31,82,2003,"{""2003"":38,""2004"":55,""2005"":71,""2006"":114,""2007"":162,""2008"":236,""2009"":285,""2010"":372,""2011"":513,""2012"":650,""2013"":808,""2014"":940,""2015"":1088,""2016"":1082,""2017"":1080,""2018"":933,""2019"":1071,""2020"":835,""2021"":782,""2022"":685,""2023"":633,""2024"":613,""2025"":606,""2026"":395}"
C.-C. Jay Kuo,https://scholar.google.com/citations?user=81d60okAAAAJ,2026-09-27,"Ming Hsieh Chair Professor in ECE-Systems, University of Southern California","[""Multimedia"", ""Visual Computing"", ""Video Coding"", ""Green AI"", ""Green Learning""]",57017,112,759,19390,68,299,1995,"{""1995"":171,""1996"":226,""1997"":352,""1998"":396,""1999"":525,""2000"":542,""2001"":645,""2002"":829,""2003"":962,""2004"":1068,""2005"":1287,""2006"":1494,""2007"":1504,""2008"":1713,""2009"":1828,""2010"":2022,""2011"":1816,""2012"":1834,""2013"":2008,""2014"":2045,""2015"":2045,""2016"":1994,""2017"":2149,""2018"":2222,""2019"":2491,""2020"":2522,""2021"":3038,""2022"":3388,""2023"":3769,""2024"":3825,""2025"":3357,""2026"":1998}"
Constantinos Daskalakis,https://scholar.google.com/citations?user=iTv2cOgAAAAJ,2026-09-27,"Professor of Computer Science, MIT","[""theoretical computer science"", ""economics"", ""probability theory"", ""learning"", ""statistics""]",14840,64,144,8465,44,127,2007,"{""2007"":78,""2008"":205,""2009"":212,""2010"":255,""2011"":287,""2012"":273,""2013"":338,""2014"":355,""2015"":474,""2016"":513,""2017"":551,""2018"":668,""2019"":888,""2020"":1043,""2021"":1209,""2022"":1402,""2023"":1387,""2024"":1462,""2025"":1627,""2026"":1373}"
Corinna Cortes,https://scholar.google.com/citations?user=U_IVY50AAAAJ,2026-09-27,"Google Research, NY","[""Machine Learning"", ""Datamining""]",117334,62,147,55721,43,102,2002,"{""2002"":444,""2003"":619,""2004"":643,""2005"":979,""2006"":1146,""2007"":1306,""2008"":1437,""2009"":1666,""2010"":1807,""2011"":2111,""2012"":2705,""2013"":3300,""2014"":3956,""2015"":4407,""2016"":4698,""2017"":5318,""2018"":6565,""2019"":7577,""2020"":8501,""2021"":9249,""2022"":8918,""2023"":9077,""2024"":9451,""2025"":10637,""2026"":8385}"
Craig Gotsman,https://scholar.google.com/citations?user=0JRBzUEAAAAJ,2026-09-27,"Distinguished Professor and Former Dean, Ying Wu College of Computing, NJIT","[""Computer Graphics""]",13479,63,131,2102,25,58,1997,"{""1997"":41,""1998"":65,""1999"":84,""2000"":126,""2001"":157,""2002"":240,""2003"":347,""2004"":418,""2005"":557,""2006"":603,""2007"":623,""2008"":641,""2009"":645,""2010"":633,""2011"":634,""2012"":727,""2013"":674,""2014"":660,""2015"":647,""2016"":605,""2017"":560,""2018"":558,""2019"":426,""2020"":445,""2021"":427,""2022"":385,""2023"":352,""2024"":339,""2025"":351,""2026"":248}"
David Atienza,https://scholar.google.com/citations?user=H1JXhMIAAAAJ,2026-09-26,"Professor of Electrical and Computer Engineering, EPFL","[""Embedded systems"", ""Thermal management"", ""HW/SW codesign"", ""Edge AI"", ""Internet of Things""]",14608,62,267,6452,38,164,2006,"{""2006"":79,""2007"":121,""2008"":184,""2009"":299,""2010"":454,""2011"":590,""2012"":549,""2013"":715,""2014"":723,""2015"":755,""2016"":726,""2017"":610,""2018"":717,""2019"":738,""2020"":725,""2021"":818,""2022"":1003,""2023"":959,""2024"":1120,""2025"":1480,""2026"":1049}"
Denis Zorin,https://scholar.google.com/citations?user=cagVT0AAAAAJ,2026-09-27,"Professor of Computer Science and Mathematics, Courant Institute, NYU","[""Computer Graphics"", ""Geometry Processing"", ""Scientific Computing"", ""Computational Fabrication""]",18814,71,157,7336,43,114,1998,"{""1998"":57,""1999"":87,""2000"":202,""2001"":246,""2002"":370,""2003"":446,""2004"":499,""2005"":482,""2006"":595,""2007"":560,""2008"":473,""2009"":470,""2010"":486,""2011"":515,""2012"":587,""2013"":477,""2014"":579,""2015"":597,""2016"":653,""2017"":669,""2018"":622,""2019"":758,""2020"":803,""2021"":1002,""2022"":1208,""2023"":1212,""2024"":1249,""2025"":1461,""2026"":1194}"
Dong Yu,https://scholar.google.com/citations?user=tMY31_gAAAAJ,2026-09-27,ACM/IEEE/ISCA Fellow,"[""automatic speech recognition"", ""speech processing"", ""natural language processing"", ""AGI/ASI""]",86032,114,509,46196,86,409,2009,"{""2009"":222,""2010"":297,""2011"":371,""2012"":513,""2013"":1170,""2014"":2369,""2015"":3114,""2016"":4581,""2017"":5099,""2018"":6751,""2019"":7127,""2020"":7344,""2021"":7561,""2022"":7301,""2023"":7100,""2024"":7189,""2025"":9082,""2026"":7918}"
Ed H. Chi,https://scholar.google.com/citations?user=VuWl-KUAAAAJ,2026-09-27,Google DeepMind,"[""Machine Learning"", ""Recommenders"", ""Dialog Systems"", ""HCI"", ""Social Computing""]",130756,106,282,109941,75,200,2004,"{""2004"":331,""2005"":328,""2006"":417,""2007"":476,""2008"":534,""2009"":746,""2010"":947,""2011"":1273,""2012"":1478,""2013"":1573,""2014"":1700,""2015"":1625,""2016"":1597,""2017"":1436,""2018"":1439,""2019"":1712,""2020"":1990,""2021"":2427,""2022"":3323,""2023"":8835,""2024"":21370,""2025"":37110,""2026"":36349}"
Eric Xing,https://scholar.google.com/citations?user=5pKTRxEAAAAJ,2026-09-27,"President at Mohamed bin Zayed University of AI, Professor of Computer Science, Carnegie Mellon U","[""Machine Learning"", ""Artificial Intelligence"", ""AI/ML Systems"", ""Statistics"", ""AI4Science""]",105917,139,563,71242,106,428,2005,"{""2005"":275,""2006"":370,""2007"":424,""2008"":516,""2009"":628,""2010"":833,""2011"":1114,""2012"":1637,""2013"":1927,""2014"":2481,""2015"":2589,""2016"":2922,""2017"":3119,""2018"":4114,""2019"":4905,""2020"":5783,""2021"":6736,""2022"":7222,""2023"":8643,""2024"":13195,""2025"":17781,""2026"":17549}"
Farinaz Koushanfar,https://scholar.google.com/citations?user=3XnMVUAAAAAJ,2026-09-27,"Professor and Siavouche Nemat-Nasser Endowed Chair of ECE, UC San Diego","[""Design Automation"", ""Security &privacy"", ""Agentic AI-based optimization"", ""Safe AI& AI_HW"", ""HW_SW_co-design""]",48034,79,268,30593,61,190,2003,"{""2003"":140,""2004"":198,""2005"":320,""2006"":419,""2007"":497,""2008"":519,""2009"":581,""2010"":631,""2011"":717,""2012"":639,""2013"":906,""2014"":1036,""2015"":1086,""2016"":1305,""2017"":1659,""2018"":1707,""2019"":1908,""2020"":2778,""2021"":3514,""2022"":4245,""2023"":4880,""2024"":5505,""2025"":6676,""2026"":5603}"
Gary J. Sullivan,https://scholar.google.com/citations?user=5g5a1SgAAAAJ,2026-09-27,"Director of Video Research & Standardization, Dolby Laboratories","[""Video coding"", ""Image coding"", ""Quantization"", ""Multimedia signal processing"", ""Image and video processing""]",60904,81,236,18180,45,122,2002,"{""2002"":206,""2003"":287,""2004"":635,""2005"":1096,""2006"":1419,""2007"":1682,""2008"":1777,""2009"":1956,""2010"":2102,""2011"":2132,""2012"":2476,""2013"":2952,""2014"":3178,""2015"":3276,""2016"":3723,""2017"":3204,""2018"":3126,""2019"":3224,""2020"":2831,""2021"":2994,""2022"":3482,""2023"":2707,""2024"":3415,""2025"":3376,""2026"":2178}"
Gonzalo Navarro,https://scholar.google.com/citations?user=_fx52FkAAAAJ,2026-09-27,University of Chile,"[""algorithms and data structures"", ""text searching"", ""compression"", ""graph databases"", ""similarity search""]",34020,86,393,8386,41,172,1998,"{""1998"":127,""1999"":123,""2000"":200,""2001"":275,""2002"":361,""2003"":600,""2004"":714,""2005"":895,""2006"":844,""2007"":1118,""2008"":1195,""2009"":1421,""2010"":1485,""2011"":1355,""2012"":1544,""2013"":1667,""2014"":1850,""2015"":1566,""2016"":1534,""2017"":1911,""2018"":1459,""2019"":1282,""2020"":1392,""2021"":1455,""2022"":1347,""2023"":1362,""2024"":1496,""2025"":1549,""2026"":1172}"
Haitao Zheng,https://scholar.google.com/citations?user=XrIr0nYAAAAJ,2026-09-27,"Neubauer Professor of Computer Science, University of Chicago","[""Mobile Computing"", ""Security and Privacy""]",24756,77,205,10257,45,120,2003,"{""2003"":71,""2004"":55,""2005"":126,""2006"":209,""2007"":345,""2008"":511,""2009"":637,""2010"":806,""2011"":901,""2012"":987,""2013"":1004,""2014"":1145,""2015"":1177,""2016"":1215,""2017"":1158,""2018"":1264,""2019"":1218,""2020"":1319,""2021"":1504,""2022"":1574,""2023"":1689,""2024"":1974,""2025"":2091,""2026"":1416}"
Hang Li,https://scholar.google.com/citations?user=nTl5mSwAAAAJ,2026-09-27,Tsinghua University,"[""natural language processing"", ""machine learning"", ""robotics""]",39574,88,244,18539,58,144,2005,"{""2005"":109,""2006"":130,""2007"":248,""2008"":401,""2009"":637,""2010"":760,""2011"":1018,""2012"":902,""2013"":1034,""2014"":1185,""2015"":1357,""2016"":1836,""2017"":2056,""2018"":2677,""2019"":2965,""2020"":2999,""2021"":2970,""2022"":2788,""2023"":2683,""2024"":3076,""2025"":3796,""2026"":3205}"
Hiroshi ISHII,https://scholar.google.com/citations?user=wS0qP_MAAAAJ,2026-09-27,"Jerome B. Wiesner Professor of Media Arts and Sciences, Associate Director of MIT Media Lab","[""Human-Computer Interaction"", ""Tangible User Interfaces"", ""Tangible Bits"", ""Radical Atoms"", ""TeleAbsence""]",40451,91,237,9330,51,153,1993,"{""1993"":137,""1994"":118,""1995"":157,""1996"":155,""1997"":218,""1998"":308,""1999"":529,""2000"":440,""2001"":646,""2002"":683,""2003"":904,""2004"":1211,""2005"":1054,""2006"":1160,""2007"":1346,""2008"":1447,""2009"":1563,""2010"":1591,""2011"":1383,""2012"":1415,""2013"":1443,""2014"":1561,""2015"":1646,""2016"":1804,""2017"":1830,""2018"":1843,""2019"":1891,""2020"":1783,""2021"":1703,""2022"":1710,""2023"":1559,""2024"":1566,""2025"":1604,""2026"":1185}"
Jaime Teevan,https://scholar.google.com/citations?user=F5Ik84MAAAAJ,2026-09-27,"Chief Scientist & Technical Fellow, Microsoft","[""Information Retrieval"", ""Human-Computer Interaction"", ""Future of Work"", ""Personal Information Management"", ""Crowdsourcing""]",27053,71,150,11761,40,103,2005,"{""2005"":139,""2006"":257,""2007"":404,""2008"":457,""2009"":609,""2010"":677,""2011"":863,""2012"":1067,""2013"":1219,""2014"":1211,""2015"":1403,""2016"":1435,""2017"":1357,""2018"":1320,""2019"":1178,""2020"":1302,""2021"":1438,""2022"":1573,""2023"":1799,""2024"":1796,""2025"":2290,""2026"":2823}"
Jason Hong,https://scholar.google.com/citations?user=MoFbcc0AAAAJ,2026-09-27,Carnegie Mellon University,"[""Human-Computer Interaction"", ""HCI"", ""Usable Privacy and Security"", ""Mobile computing"", ""Social Computing""]",38436,92,216,11895,60,150,2001,"{""2001"":129,""2002"":247,""2003"":344,""2004"":557,""2005"":762,""2006"":744,""2007"":871,""2008"":898,""2009"":1259,""2010"":1227,""2011"":1344,""2012"":1490,""2013"":1603,""2014"":1910,""2015"":1895,""2016"":2021,""2017"":2212,""2018"":2060,""2019"":2208,""2020"":2159,""2021"":2282,""2022"":2296,""2023"":1906,""2024"":1971,""2025"":2005,""2026"":1416}"
Jimmy Lin,https://scholar.google.com/citations?user=0EWw1z8AAAAJ,2026-09-27,University of Waterloo,"[""information retrieval"", ""natural language processing"", ""data management"", ""big data""]",50861,112,497,31972,80,354,2003,"{""2003"":170,""2004"":247,""2005"":301,""2006"":367,""2007"":508,""2008"":496,""2009"":586,""2010"":641,""2011"":717,""2012"":1012,""2013"":1185,""2014"":1385,""2015"":1431,""2016"":1554,""2017"":1553,""2018"":1751,""2019"":1817,""2020"":2675,""2021"":3481,""2022"":4311,""2023"":4748,""2024"":5658,""2025"":7162,""2026"":6536}"
Jörg Henkel,https://scholar.google.com/citations?user=AmnIAhEAAAAJ,2026-09-27,"Professor of Computer Science, Karlsruhe Institute of Technology","[""Embedded Machine Learning"", ""Embedded Systems"", ""Systems-on-Chip"", ""Dependable Systems"", ""Low Power Design""]",23964,73,452,9207,45,222,1994,"{""1994"":82,""1995"":79,""1996"":139,""1997"":167,""1998"":161,""1999"":131,""2000"":148,""2001"":162,""2002"":233,""2003"":258,""2004"":330,""2005"":363,""2006"":364,""2007"":384,""2008"":392,""2009"":405,""2010"":365,""2011"":442,""2012"":548,""2013"":672,""2014"":822,""2015"":1079,""2016"":1169,""2017"":1238,""2018"":1524,""2019"":1435,""2020"":1432,""2021"":1506,""2022"":1452,""2023"":1580,""2024"":1543,""2025"":1869,""2026"":1245}"
John Stasko,https://scholar.google.com/citations?user=2PxFftgAAAAJ,2026-09-27,"Professor Emeritus of Interactive Computing, Georgia Institute of Technology","[""Information Visualization"", ""Visual Analytics"", ""Human-Computer Interaction""]",30166,81,234,8299,46,109,1992,"{""1992"":79,""1993"":137,""1994"":149,""1995"":192,""1996"":282,""1997"":258,""1998"":331,""1999"":361,""2000"":383,""2001"":354,""2002"":545,""2003"":504,""2004"":544,""2005"":687,""2006"":742,""2007"":716,""2008"":777,""2009"":938,""2010"":952,""2011"":983,""2012"":1023,""2013"":1208,""2014"":1288,""2015"":1190,""2016"":1305,""2017"":1265,""2018"":1295,""2019"":1329,""2020"":1527,""2021"":1386,""2022"":1373,""2023"":1491,""2024"":1446,""2025"":1523,""2026"":1078}"
Kalyanmoy Deb,https://scholar.google.com/citations?user=paTAXiIAAAAJ,2026-09-27,"Shelby Distinguished Professor, Computer Science, University of Alabama, Tuscaloosa, AL 35475","[""Optimization"", ""Evolutionary Computation"", ""Multi-objective optimization"", ""Machine Learning"", ""AI""]",244356,150,695,94240,93,451,1999,"{""1999"":671,""2000"":751,""2001"":981,""2002"":1435,""2003"":2102,""2004"":2557,""2005"":3375,""2006"":3570,""2007"":4825,""2008"":5520,""2009"":6599,""2010"":7199,""2011"":7613,""2012"":8058,""2013"":9031,""2014"":9432,""2015"":10495,""2016"":10937,""2017"":11419,""2018"":12313,""2019"":13200,""2020"":13174,""2021"":14580,""2022"":15028,""2023"":15681,""2024"":16409,""2025"":17922,""2026"":14605}"
Kentaro Toyama,https://scholar.google.com/citations?user=JdxjEQIAAAAJ,2026-09-27,"University of Michigan, School of Information","[""Global Development"", ""ICT and Development"", ""Human-Computer Interaction"", ""Multimedia"", ""Computer Vision""]",28904,73,204,7834,39,102,1999,"{""1999"":97,""2000"":120,""2001"":139,""2002"":225,""2003"":262,""2004"":402,""2005"":517,""2006"":604,""2007"":728,""2008"":874,""2009"":1049,""2010"":1332,""2011"":1228,""2012"":1454,""2013"":1527,""2014"":1570,""2015"":1659,""2016"":1502,""2017"":1337,""2018"":1283,""2019"":1357,""2020"":1283,""2021"":1427,""2022"":1462,""2023"":1261,""2024"":1289,""2025"":1442,""2026"":943}"
Kevin Fu,https://scholar.google.com/citations?user=pZQuSyUAAAAJ,2026-09-27,"Professor, Northeastern University","[""medical device security"", ""analog sensor cybersecurity""]",17074,54,92,6038,33,64,2002,"{""2002"":58,""2003"":61,""2004"":59,""2005"":106,""2006"":107,""2007"":153,""2008"":246,""2009"":269,""2010"":358,""2011"":456,""2012"":533,""2013"":787,""2014"":915,""2015"":947,""2016"":1131,""2017"":1218,""2018"":1169,""2019"":1170,""2020"":1083,""2021"":1137,""2022"":1111,""2023"":1046,""2024"":1048,""2025"":966,""2026"":729}"
Luis Ceze,https://scholar.google.com/citations?user=KzESVKwAAAAJ,2026-09-26,"Professor of Computer Science and Engineering, University of Washington","[""Computer Architecture"", ""Programming Languages and Operating Systems""]",25858,72,193,13704,53,132,2005,"{""2005"":117,""2006"":154,""2007"":191,""2008"":247,""2009"":356,""2010"":423,""2011"":513,""2012"":633,""2013"":644,""2014"":818,""2015"":1028,""2016"":1021,""2017"":1103,""2018"":1197,""2019"":1502,""2020"":1847,""2021"":2137,""2022"":2030,""2023"":2174,""2024"":2209,""2025"":2642,""2026"":2497}"
Maneesh Agrawala,https://scholar.google.com/citations?user=YPzKczYAAAAJ,2026-09-26,Stanford University,"[""Graphics"", ""Computer Graphics"", ""HCI"", ""Visualization""]",42456,95,238,23299,55,186,2004,"{""2004"":174,""2005"":272,""2006"":414,""2007"":563,""2008"":683,""2009"":877,""2010"":1025,""2011"":1124,""2012"":1243,""2013"":1449,""2014"":1482,""2015"":1537,""2016"":1471,""2017"":1499,""2018"":1508,""2019"":1565,""2020"":1516,""2021"":1640,""2022"":1637,""2023"":2330,""2024"":4691,""2025"":6903,""2026"":6049}"
Manuel Hermenegildo,https://scholar.google.com/citations?user=VXQGJD0AAAAJ,2026-09-27,IMDEA Software Institute and Technical U. of Madrid (UPM),"[""Abstract Interpretation"", ""Program Analysis"", ""Verification"", ""Logic Programming"", ""Computational Logic""]",11299,59,207,1516,18,48,1988,"{""1988"":49,""1989"":55,""1990"":75,""1991"":162,""1992"":202,""1993"":163,""1994"":397,""1995"":228,""1996"":408,""1997"":343,""1998"":182,""1999"":335,""2000"":396,""2001"":305,""2002"":206,""2003"":194,""2004"":289,""2005"":250,""2006"":253,""2007"":510,""2008"":707,""2009"":344,""2010"":288,""2011"":339,""2012"":568,""2013"":294,""2014"":188,""2015"":256,""2016"":290,""2017"":233,""2018"":383,""2019"":218,""2020"":242,""2021"":270,""2022"":276,""2023"":311,""2024"":202,""2025"":267,""2026"":179}"
Marc Pollefeys,https://scholar.google.com/citations?user=YYH0BjEAAAAJ,2026-09-27,"Professor of Computer Science, ETH Zurich, and Director Spatial AI Lab, Microsoft","[""Computer Vision"", ""Computer Graphics"", ""Robotics"", ""Machine Learning"", ""Augmented Reality""]",83926,141,601,48301,102,443,2000,"{""2000"":244,""2001"":241,""2002"":327,""2003"":410,""2004"":575,""2005"":657,""2006"":769,""2007"":862,""2008"":973,""2009"":1143,""2010"":1309,""2011"":1546,""2012"":1590,""2013"":1848,""2014"":2195,""2015"":2463,""2016"":2670,""2017"":3011,""2018"":3407,""2019"":3995,""2020"":4479,""2021"":5569,""2022"":5997,""2023"":6853,""2024"":8716,""2025"":10979,""2026"":10145}"
Michael W. Hicks,https://scholar.google.com/citations?user=Gggzp7UAAAAJ,2026-09-27,"Professor of CIS, UPenn, Amazon Scholar, Professor Emeritus, UMD","[""software security"", ""programming languages"", ""software engineering""]",15361,61,136,4862,36,79,1998,"{""1998"":71,""1999"":144,""2000"":196,""2001"":213,""2002"":383,""2003"":349,""2004"":342,""2005"":342,""2006"":349,""2007"":389,""2008"":423,""2009"":518,""2010"":471,""2011"":566,""2012"":528,""2013"":555,""2014"":521,""2015"":613,""2016"":705,""2017"":604,""2018"":654,""2019"":662,""2020"":696,""2021"":705,""2022"":707,""2023"":834,""2024"":877,""2025"":940,""2026"":797}"
Michel Beaudouin-Lafon,https://scholar.google.com/citations?user=OucrYFkAAAAJ,2026-09-26,Université Paris-Saclay,"[""Human-Computer Interaction"", ""Computer-Supported Cooperative Work""]",13231,54,131,3988,29,67,1993,"{""1993"":34,""1994"":49,""1995"":64,""1996"":71,""1997"":69,""1998"":75,""1999"":85,""2000"":95,""2001"":114,""2002"":144,""2003"":135,""2004"":309,""2005"":299,""2006"":436,""2007"":444,""2008"":407,""2009"":435,""2010"":347,""2011"":430,""2012"":404,""2013"":467,""2014"":541,""2015"":593,""2016"":522,""2017"":578,""2018"":617,""2019"":597,""2020"":643,""2021"":557,""2022"":632,""2023"":701,""2024"":713,""2025"":744,""2026"":640}"
Moinuddin Qureshi,https://scholar.google.com/citations?user=EWU0STsAAAAJ,2026-09-27,"Professor, Georgia Institute of Technology","[""Computer Architecture"", ""Memory Systems"", ""Hardware Security"", ""Quantum Computing""]",18796,64,132,8400,49,111,2007,"{""2007"":67,""2008"":124,""2009"":200,""2010"":460,""2011"":558,""2012"":669,""2013"":823,""2014"":836,""2015"":1009,""2016"":1091,""2017"":1086,""2018"":1133,""2019"":1106,""2020"":1103,""2021"":1178,""2022"":1334,""2023"":1446,""2024"":1513,""2025"":1649,""2026"":1278}"
Nitesh V Chawla,https://scholar.google.com/citations?user=hDLBEhkAAAAJ,2026-09-27,"Frank Freimann Professor of CSE., Director, Lucy Family Institute for Data & Soc, Univ. of Notre Dame","[""Data science"", ""artificial intelligence"", ""network science""]",103914,98,349,69399,70,278,2006,"{""2006"":289,""2007"":317,""2008"":450,""2009"":628,""2010"":711,""2011"":1074,""2012"":1303,""2013"":1591,""2014"":2024,""2015"":2286,""2016"":2641,""2017"":3164,""2018"":4256,""2019"":5679,""2020"":6902,""2021"":8570,""2022"":9607,""2023"":10503,""2024"":12039,""2025"":15654,""2026"":12960}"
Peter Boncz,https://scholar.google.com/citations?user=DCIZE1kAAAAJ,2026-09-26,"Professor, VU University Amsterdam & CWI","[""Database Systems"", ""Column Stores"", ""Vectorized Execution"", ""Graph/RDF querying""]",17854,63,139,8316,39,100,1999,"{""1999"":59,""2000"":73,""2001"":51,""2002"":60,""2003"":87,""2004"":103,""2005"":129,""2006"":182,""2007"":215,""2008"":260,""2009"":344,""2010"":386,""2011"":438,""2012"":490,""2013"":526,""2014"":617,""2015"":745,""2016"":792,""2017"":776,""2018"":972,""2019"":929,""2020"":1025,""2021"":1211,""2022"":1200,""2023"":1335,""2024"":1474,""2025"":1705,""2026"":1381}"
Radu Marculescu,https://scholar.google.com/citations?user=ZCmYP5cAAAAJ,2026-09-27,The University of Texas at Austin,"[""machine learning"", ""edgeAI"", ""medical imaging"", ""embedded systems"", ""social networks""]",19975,72,193,6172,39,103,1996,"{""1996"":60,""1997"":93,""1998"":120,""1999"":81,""2000"":68,""2001"":52,""2002"":107,""2003"":118,""2004"":217,""2005"":304,""2006"":404,""2007"":644,""2008"":698,""2009"":833,""2010"":992,""2011"":1158,""2012"":992,""2013"":1108,""2014"":903,""2015"":985,""2016"":903,""2017"":804,""2018"":701,""2019"":619,""2020"":629,""2021"":581,""2022"":568,""2023"":651,""2024"":972,""2025"":1798,""2026"":1580}"
Rafael Pass,https://scholar.google.com/citations?user=_7IzKZQAAAAJ,2026-09-27,"Cornell Tech, Jaobs Technion-Cornell Institute, Technion, Tel-Aviv University","[""theory of computation"", ""cryptography""]",14678,63,165,6884,40,118,2005,"{""2005"":58,""2006"":68,""2007"":106,""2008"":122,""2009"":184,""2010"":215,""2011"":265,""2012"":319,""2013"":397,""2014"":426,""2015"":670,""2016"":658,""2017"":775,""2018"":914,""2019"":1112,""2020"":1316,""2021"":1269,""2022"":1285,""2023"":1161,""2024"":1100,""2025"":1387,""2026"":678}"
Ranveer Chandra,https://scholar.google.com/citations?user=Zq4ioqu5yb8C,2026-09-26,"Vice President, Frontier Tuning, CTO Agri-Food","[""AI"", ""Networking"", ""Wireless"", ""Agriculture"", ""Space""]",28486,71,351,8435,41,179,2003,"{""2003"":114,""2004"":155,""2005"":212,""2006"":319,""2007"":402,""2008"":587,""2009"":749,""2010"":933,""2011"":1100,""2012"":1279,""2013"":1525,""2014"":1659,""2015"":1790,""2016"":1702,""2017"":1847,""2018"":1811,""2019"":1607,""2020"":1481,""2021"":1417,""2022"":1364,""2023"":1086,""2024"":1467,""2025"":1934,""2026"":1142}"
Rene Vidal,https://scholar.google.com/citations?user=uT8fgagAAAAJ,2026-09-27,"Rachleff University Professor, University of Pennsylvania; Amazon Scholar; Chief Scientist, NORCE","[""Machine Learning"", ""Computer Vision"", ""Biomedical Data Science"", ""Artificial Intelligence"", ""Control Theory""]",42407,92,289,18595,56,192,2003,"{""2003"":149,""2004"":259,""2005"":342,""2006"":439,""2007"":475,""2008"":490,""2009"":604,""2010"":688,""2011"":829,""2012"":1015,""2013"":1332,""2014"":1613,""2015"":1788,""2016"":2325,""2017"":2397,""2018"":2679,""2019"":2842,""2020"":3029,""2021"":3220,""2022"":2981,""2023"":3017,""2024"":3053,""2025"":3548,""2026"":2763}"
samir khuller,https://scholar.google.com/citations?user=6vXTtDQAAAAJ,2026-09-27,"Barris Professor and Chair of Computer Science, Northwestern University","[""Algorithms""]",18029,58,131,4561,31,70,1995,"{""1995"":54,""1996"":46,""1997"":99,""1998"":93,""1999"":116,""2000"":146,""2001"":180,""2002"":196,""2003"":307,""2004"":454,""2005"":598,""2006"":640,""2007"":612,""2008"":702,""2009"":651,""2010"":783,""2011"":754,""2012"":739,""2013"":740,""2014"":740,""2015"":750,""2016"":760,""2017"":739,""2018"":780,""2019"":728,""2020"":744,""2021"":770,""2022"":800,""2023"":750,""2024"":788,""2025"":787,""2026"":666}"
Sandy Irani,https://scholar.google.com/citations?user=dBhm_oIAAAAJ,2026-09-27,"Professor of Computer Science, University of California, Irvine","[""online algorithms"", ""quantum computation""]",6520,38,58,1028,17,31,1993,"{""1993"":21,""1994"":46,""1995"":27,""1996"":45,""1997"":63,""1998"":108,""1999"":168,""2000"":154,""2001"":177,""2002"":181,""2003"":220,""2004"":241,""2005"":249,""2006"":200,""2007"":271,""2008"":221,""2009"":252,""2010"":290,""2011"":257,""2012"":290,""2013"":289,""2014"":288,""2015"":263,""2016"":221,""2017"":203,""2018"":221,""2019"":178,""2020"":149,""2021"":177,""2022"":153,""2023"":142,""2024"":201,""2025"":181,""2026"":174}"
Sebastian Elbaum,https://scholar.google.com/citations?user=swPW5FYAAAAJ,2026-09-27,"Professor of Computer Science, University of Virginia","[""software engineering"", ""robotics"", ""autonomy""]",13889,53,148,4098,30,83,2002,"{""2002"":37,""2003"":63,""2004"":137,""2005"":154,""2006"":242,""2007"":355,""2008"":401,""2009"":526,""2010"":572,""2011"":588,""2012"":635,""2013"":724,""2014"":707,""2015"":701,""2016"":809,""2017"":676,""2018"":797,""2019"":768,""2020"":728,""2021"":782,""2022"":732,""2023"":719,""2024"":694,""2025"":671,""2026"":498}"
Stefano Soatto,https://scholar.google.com/citations?user=lH1PdF8AAAAJ,2026-09-27,"Professor of Computer Science, UCLA; Vice President, AWS AI","[""Artificial Intelligence"", ""Machine Learning"", ""Robotics"", ""Vision""]",46457,101,344,22528,69,220,2002,"{""2002"":168,""2003"":328,""2004"":492,""2005"":681,""2006"":893,""2007"":1086,""2008"":1060,""2009"":1159,""2010"":1344,""2011"":1382,""2012"":1323,""2013"":1466,""2014"":1474,""2015"":1508,""2016"":1586,""2017"":1528,""2018"":1637,""2019"":1753,""2020"":2202,""2021"":2759,""2022"":3353,""2023"":3917,""2024"":4485,""2025"":4495,""2026"":3505}"
Abdelsalam (Sumi) Helal,https://scholar.google.com/citations?user=mTJLF-sAAAAJ,2026-09-27,"Professor, University of Bologna","[""Digital Health"", ""Smart Homes"", ""Internet of Things"", ""Pervasive Computing"", ""Mobile Computing""]",17278,58,203,2967,28,62,1997,"{""1997"":56,""1998"":107,""1999"":201,""2000"":227,""2001"":270,""2002"":306,""2003"":443,""2004"":541,""2005"":604,""2006"":709,""2007"":688,""2008"":749,""2009"":732,""2010"":780,""2011"":774,""2012"":816,""2013"":794,""2014"":715,""2015"":786,""2016"":718,""2017"":742,""2018"":662,""2019"":741,""2020"":728,""2021"":600,""2022"":614,""2023"":460,""2024"":461,""2025"":477,""2026"":351}"
Timothy Sherwood,https://scholar.google.com/citations?user=nLuHfy4AAAAJ,2026-09-27,"Professor of Computer Science, UC Santa Barbara","[""Computer Architecture"", ""Hardware Security"", ""Processor Design"", ""Security"", ""Hardware""]",14006,56,131,3243,29,67,2000,"{""2000"":43,""2001"":52,""2002"":96,""2003"":200,""2004"":322,""2005"":432,""2006"":613,""2007"":608,""2008"":604,""2009"":656,""2010"":679,""2011"":642,""2012"":699,""2013"":704,""2014"":607,""2015"":545,""2016"":601,""2017"":678,""2018"":675,""2019"":577,""2020"":568,""2021"":599,""2022"":540,""2023"":578,""2024"":604,""2025"":527,""2026"":395}"
Torsten Hoefler,https://scholar.google.com/citations?user=DdBvcBEAAAAJ,2026-09-27,Professor of Computer Science at ETH Zurich,"[""High Performance Computing"", ""Deep Learning"", ""Networking"", ""Message Passing Interface"", ""Parallel and Distributed Computing""]",36807,89,367,27868,70,308,2008,"{""2008"":104,""2009"":131,""2010"":157,""2011"":296,""2012"":299,""2013"":470,""2014"":589,""2015"":639,""2016"":888,""2017"":943,""2018"":937,""2019"":1398,""2020"":1554,""2021"":2211,""2022"":2413,""2023"":3126,""2024"":5227,""2025"":7612,""2026"":7208}"
Wenwu Zhu,https://scholar.google.com/citations?user=7t2jzpgAAAAJ,2026-09-27,"Professor, Computer Science and Technology, Tsinghua Univerisity","[""Multimodal Analysis"", ""Multimodal Representation"", ""Multimedia Streaming""]",51655,107,510,30061,74,324,2001,"{""2001"":162,""2002"":315,""2003"":397,""2004"":610,""2005"":833,""2006"":916,""2007"":906,""2008"":897,""2009"":853,""2010"":803,""2011"":782,""2012"":847,""2013"":873,""2014"":1051,""2015"":974,""2016"":1025,""2017"":1274,""2018"":1747,""2019"":2527,""2020"":3228,""2021"":3863,""2022"":4287,""2023"":4748,""2024"":5532,""2025"":6587,""2026"":4997}"
Yizhou Yu,https://scholar.google.com/citations?user=e38fTZQAAAAJ,2026-09-27,"The University of Hong Kong, IEEE Fellow","[""Machine Learning"", ""AI Generated Content"", ""Computer Vision"", ""AI for Medicine""]",35163,96,295,24205,79,256,2001,"{""2001"":116,""2002"":179,""2003"":187,""2004"":178,""2005"":318,""2006"":380,""2007"":411,""2008"":324,""2009"":325,""2010"":310,""2011"":335,""2012"":342,""2013"":430,""2014"":364,""2015"":393,""2016"":522,""2017"":716,""2018"":1253,""2019"":1506,""2020"":1990,""2021"":2525,""2022"":2944,""2023"":3647,""2024"":4671,""2025"":5899,""2026"":4452}"
"Yuguang ""Michael"" Fang",https://scholar.google.com/citations?user=cs45mqMAAAAJ,2026-09-27,"Chair Professor of Internet of Things, City University of Hong Kong","[""Wireless Networks"", ""Smart City"", ""Connected and Autonomous Vehicles"", ""Health Monitoring"", ""Cybersecurity""]",34323,99,474,9930,51,222,2000,"{""2000"":90,""2001"":90,""2002"":121,""2003"":212,""2004"":330,""2005"":625,""2006"":942,""2007"":1045,""2008"":1274,""2009"":1389,""2010"":1453,""2011"":1525,""2012"":1660,""2013"":1671,""2014"":1829,""2015"":1807,""2016"":1732,""2017"":1518,""2018"":1662,""2019"":1480,""2020"":1555,""2021"":1397,""2022"":1379,""2023"":1343,""2024"":1725,""2025"":2128,""2026"":1949}"
Zhendong Su,https://scholar.google.com/citations?user=RivxoIcAAAAJ,2026-09-27,"Professor of Computer Science, ETH Zurich","[""Programming Languages"", ""Software Engineering"", ""Computer Security"", ""Machine Learning"", ""Educational Technologies""]",23098,76,181,11453,57,154,2003,"{""2003"":60,""2004"":61,""2005"":106,""2006"":129,""2007"":215,""2008"":312,""2009"":468,""2010"":496,""2011"":576,""2012"":652,""2013"":770,""2014"":775,""2015"":791,""2016"":978,""2017"":979,""2018"":1131,""2019"":1304,""2020"":1439,""2021"":1585,""2022"":1645,""2023"":1913,""2024"":2039,""2025"":2354,""2026"":1914}"
Alla Sheffer,https://scholar.google.com/citations?user=IgkGxLsAAAAJ,2026-09-27,"Professor, Computer Science, University of British Columbia, Canada","[""Computer Graphics"", ""graphics"", ""geometry processing"", ""geometric modeling""]",15075,64,114,5138,37,83,2001,"{""2001"":53,""2002"":68,""2003"":115,""2004"":201,""2005"":296,""2006"":317,""2007"":379,""2008"":454,""2009"":470,""2010"":503,""2011"":625,""2012"":633,""2013"":556,""2014"":684,""2015"":699,""2016"":721,""2017"":642,""2018"":714,""2019"":786,""2020"":795,""2021"":846,""2022"":981,""2023"":871,""2024"":838,""2025"":913,""2026"":688}"
Amos Fiat,https://scholar.google.com/citations?user=0MzVIUsAAAAJ,2026-09-27,"Professor of Computer Science, Tel Aviv University","[""Computational Game Theory"", ""Data Structures"", ""Online Algorithms""]",28026,62,123,6633,29,60,1990,"{""1990"":90,""1991"":138,""1992"":118,""1993"":165,""1994"":272,""1995"":264,""1996"":281,""1997"":329,""1998"":475,""1999"":473,""2000"":456,""2001"":548,""2002"":574,""2003"":772,""2004"":868,""2005"":1049,""2006"":986,""2007"":1021,""2008"":983,""2009"":996,""2010"":906,""2011"":887,""2012"":913,""2013"":909,""2014"":828,""2015"":892,""2016"":880,""2017"":855,""2018"":903,""2019"":998,""2020"":1047,""2021"":995,""2022"":1022,""2023"":1080,""2024"":1209,""2025"":1339,""2026"":988}"
Anind K. Dey,https://scholar.google.com/citations?user=ydA8Q5AAAAAJ,2026-09-27,"Dean, Information School, University of Washington","[""human-computer interaction"", ""ubiquitous computing"", ""mobile computing"", ""intelligent user interfaces""]",67378,96,297,20061,60,208,2001,"{""2001"":297,""2002"":458,""2003"":802,""2004"":1219,""2005"":1650,""2006"":2025,""2007"":1974,""2008"":1991,""2009"":2373,""2010"":2522,""2011"":2562,""2012"":2779,""2013"":2776,""2014"":2726,""2015"":3055,""2016"":3259,""2017"":3354,""2018"":3436,""2019"":3615,""2020"":3310,""2021"":3545,""2022"":3510,""2023"":3369,""2024"":3410,""2025"":3535,""2026"":2666}"
Anupam Gupta,https://scholar.google.com/citations?user=g87CIwgAAAAJ,2026-09-27,Professor of Computer Science at New York University,"[""Theoretical Computer Science""]",17545,68,206,6694,41,156,2002,"{""2002"":62,""2003"":104,""2004"":202,""2005"":295,""2006"":398,""2007"":474,""2008"":403,""2009"":470,""2010"":523,""2011"":655,""2012"":650,""2013"":658,""2014"":737,""2015"":719,""2016"":711,""2017"":830,""2018"":839,""2019"":887,""2020"":1004,""2021"":1023,""2022"":1044,""2023"":1094,""2024"":1169,""2025"":1190,""2026"":1166}"
Aravinda Prasad Sistla,https://scholar.google.com/citations?user=P-wJ6Y4AAAAJ,2026-09-27,"Professor of Computer Science, University of Illinois at Chicago","[""Formal Methods"", ""Model checking"", ""Verification of Concurrent Systems"", ""Security"", ""Database Systems""]",19350,45,102,1959,17,31,1987,"{""1987"":76,""1988"":80,""1989"":138,""1990"":148,""1991"":147,""1992"":208,""1993"":200,""1994"":289,""1995"":428,""1996"":442,""1997"":417,""1998"":454,""1999"":576,""2000"":586,""2001"":637,""2002"":734,""2003"":724,""2004"":716,""2005"":784,""2006"":724,""2007"":843,""2008"":710,""2009"":798,""2010"":672,""2011"":663,""2012"":639,""2013"":618,""2014"":629,""2015"":627,""2016"":553,""2017"":419,""2018"":487,""2019"":428,""2020"":363,""2021"":434,""2022"":369,""2023"":320,""2024"":278,""2025"":312,""2026"":245}"
Batya Friedman,https://scholar.google.com/citations?user=dkjR4cAAAAAJ,2026-09-27,"Professor of Information, University of Washington","[""Human-computer interaction"", ""Value sensitive design"", ""Multi-lifespan design"", ""Tech policy""]",26244,58,110,13243,41,79,1999,"{""1999"":82,""2000"":83,""2001"":74,""2002"":139,""2003"":153,""2004"":219,""2005"":299,""2006"":300,""2007"":409,""2008"":445,""2009"":486,""2010"":481,""2011"":567,""2012"":537,""2013"":670,""2014"":789,""2015"":839,""2016"":811,""2017"":882,""2018"":1039,""2019"":1144,""2020"":1576,""2021"":1929,""2022"":1857,""2023"":2132,""2024"":2350,""2025"":2659,""2026"":2284}"
Ben Y. Zhao,https://scholar.google.com/citations?user=cYReSuEAAAAJ,2026-09-27,"Neubauer Professor of Computer Science, University of Chicago","[""Security"", ""Adversarial Machine Learning"", ""Mobile Computing"", ""HCI"", ""Online Social Networks""]",40603,86,187,10918,49,117,2001,"{""2001"":304,""2002"":767,""2003"":1259,""2004"":1611,""2005"":1688,""2006"":1605,""2007"":1602,""2008"":1529,""2009"":1607,""2010"":1494,""2011"":1491,""2012"":1573,""2013"":1535,""2014"":1624,""2015"":1669,""2016"":1615,""2017"":1571,""2018"":1619,""2019"":1424,""2020"":1504,""2021"":1635,""2022"":1678,""2023"":1839,""2024"":2092,""2025"":2173,""2026"":1494}"
Bernhard Nebel,https://scholar.google.com/citations?user=4MhUHPcAAAAJ,2026-09-27,"Professor für Informatik, Universität Freiburg","[""automated planning"", ""multi-agent path finding"", ""knowledge representation and reasoning"", ""robotics"", ""ai""]",19450,64,172,3381,29,69,1989,"{""1989"":64,""1990"":100,""1991"":169,""1992"":165,""1993"":211,""1994"":290,""1995"":224,""1996"":275,""1997"":292,""1998"":286,""1999"":371,""2000"":421,""2001"":444,""2002"":426,""2003"":478,""2004"":585,""2005"":663,""2006"":621,""2007"":742,""2008"":771,""2009"":722,""2010"":652,""2011"":711,""2012"":696,""2013"":759,""2014"":710,""2015"":709,""2016"":630,""2017"":647,""2018"":608,""2019"":637,""2020"":599,""2021"":598,""2022"":618,""2023"":613,""2024"":609,""2025"":538,""2026"":404}"
Bernt Schiele,https://scholar.google.com/citations?user=z76PBfYAAAAJ,2026-09-27,"Professor, Max Planck Institute for Informatics, Saarland University, Saarland Informatics Campus","[""Computer Vision"", ""Machine Learning"", ""Artificial Intelligence"", ""Autonomous Driving"", ""Scene Understanding""]",130457,162,431,72577,112,320,2003,"{""2003"":332,""2004"":470,""2005"":563,""2006"":749,""2007"":837,""2008"":990,""2009"":1407,""2010"":1729,""2011"":1933,""2012"":2067,""2013"":2496,""2014"":2927,""2015"":3288,""2016"":4217,""2017"":5412,""2018"":7093,""2019"":9366,""2020"":10250,""2021"":12155,""2022"":12399,""2023"":13086,""2024"":13351,""2025"":12963,""2026"":8596}"
Brent Waters,https://scholar.google.com/citations?user=VEKxHOAAAAAJ,2026-09-27,University of Texas at Austin,"[""Cryptography"", ""Computer Security""]",74146,88,181,24030,60,157,2006,"{""2006"":283,""2007"":533,""2008"":774,""2009"":1047,""2010"":1600,""2011"":2068,""2012"":2845,""2013"":3427,""2014"":4705,""2015"":5633,""2016"":6051,""2017"":5371,""2018"":5156,""2019"":5042,""2020"":4787,""2021"":4346,""2022"":4082,""2023"":4343,""2024"":4248,""2025"":4327,""2026"":2679}"
Dale Miller,https://scholar.google.com/citations?user=d9WopvMAAAAJ,2026-09-27,"Inria-Saclay and LIX, Ecole Polytechnique","[""Proof Theory"", ""Theorem Proving"", ""Linear Logic"", ""Logic Programming"", ""Computational Logic""]",11921,57,118,1809,23,48,1987,"{""1987"":54,""1988"":102,""1989"":139,""1990"":187,""1991"":216,""1992"":253,""1993"":257,""1994"":437,""1995"":253,""1996"":279,""1997"":320,""1998"":283,""1999"":282,""2000"":241,""2001"":290,""2002"":299,""2003"":220,""2004"":259,""2005"":317,""2006"":292,""2007"":332,""2008"":363,""2009"":381,""2010"":444,""2011"":288,""2012"":336,""2013"":335,""2014"":254,""2015"":356,""2016"":311,""2017"":428,""2018"":336,""2019"":406,""2020"":283,""2021"":368,""2022"":253,""2023"":325,""2024"":263,""2025"":336,""2026"":263}"
Daniel Cohen-Or,https://scholar.google.com/citations?user=fAxws1sAAAAJ,2026-09-27,"Professor of Computer Science, Tel Aviv University","[""Computer Graphics"", ""Imaging"", ""Geometric Modeling""]",90360,143,510,50697,100,353,1999,"{""1999"":259,""2000"":320,""2001"":315,""2002"":440,""2003"":586,""2004"":739,""2005"":895,""2006"":1189,""2007"":1280,""2008"":1319,""2009"":1587,""2010"":1846,""2011"":2126,""2012"":2274,""2013"":2326,""2014"":2631,""2015"":2702,""2016"":2762,""2017"":2546,""2018"":2937,""2019"":3169,""2020"":3449,""2021"":3991,""2022"":5532,""2023"":7974,""2024"":11525,""2025"":12437,""2026"":9159}"
David A. Bader,https://scholar.google.com/citations?user=uXUA1pgAAAAJ,2026-09-27,"Distinguished Professor, New Jersey Institute of Technology","[""data science"", ""high performance computing"", ""cybersecurity"", ""massive-scale analytics"", ""computational genomics""]",15353,68,181,3913,30,83,1996,"{""1996"":44,""1997"":40,""1998"":55,""1999"":43,""2000"":68,""2001"":84,""2002"":106,""2003"":99,""2004"":133,""2005"":225,""2006"":227,""2007"":270,""2008"":342,""2009"":422,""2010"":531,""2011"":618,""2012"":696,""2013"":818,""2014"":920,""2015"":903,""2016"":975,""2017"":965,""2018"":891,""2019"":901,""2020"":799,""2021"":817,""2022"":771,""2023"":639,""2024"":660,""2025"":682,""2026"":343}"
David R. Kaeli,https://scholar.google.com/citations?user=Mkgn0qcAAAAJ,2026-09-27,"Distinguished Professor of ECE, Northeastern University","[""Computer Architecture"", ""Security"", ""Compilers"", ""Reliability"", ""Simulators""]",13580,56,228,4978,34,116,1997,"{""1997"":41,""1998"":72,""1999"":63,""2000"":63,""2001"":75,""2002"":88,""2003"":72,""2004"":100,""2005"":156,""2006"":136,""2007"":243,""2008"":214,""2009"":187,""2010"":253,""2011"":360,""2012"":439,""2013"":529,""2014"":688,""2015"":644,""2016"":770,""2017"":749,""2018"":724,""2019"":841,""2020"":879,""2021"":902,""2022"":826,""2023"":742,""2024"":925,""2025"":909,""2026"":666}"
David Z. Pan,https://scholar.google.com/citations?user=3aLlroEAAAAJ,2026-09-27,"Professor, Silicon Labs Endowed Chair, ECE Dept., University of Texas at Austin","[""Electronic Design Automation"", ""Design for Manufacturing"", ""VLSI"", ""Hardware"", ""Machine Learning""]",23978,82,408,13440,59,269,2000,"{""2000"":66,""2001"":85,""2002"":85,""2003"":122,""2004"":151,""2005"":157,""2006"":235,""2007"":289,""2008"":406,""2009"":357,""2010"":414,""2011"":510,""2012"":623,""2013"":654,""2014"":748,""2015"":748,""2016"":829,""2017"":854,""2018"":748,""2019"":966,""2020"":1259,""2021"":1447,""2022"":1871,""2023"":2084,""2024"":2474,""2025"":3009,""2026"":2540}"
Deepak Ganesan,https://scholar.google.com/citations?user=cbTB5-EAAAAJ,2026-09-27,"Professor of Computer Science, UMass Amherst","[""Wearable and Sensor computing"", ""Mobile systems"", ""Backscatter communication"", ""Mobile health""]",17127,55,114,3326,33,79,2002,"{""2002"":82,""2003"":242,""2004"":359,""2005"":609,""2006"":729,""2007"":832,""2008"":859,""2009"":907,""2010"":950,""2011"":837,""2012"":898,""2013"":874,""2014"":834,""2015"":835,""2016"":795,""2017"":763,""2018"":735,""2019"":776,""2020"":662,""2021"":638,""2022"":619,""2023"":563,""2024"":543,""2025"":602,""2026"":356}"
Edward Y Chang,https://scholar.google.com/citations?user=pZmOvyYAAAAJ,2026-09-27,Stanford University,"[""Parallel Algorithms"", ""Active Learning"", ""Precision Medicine"", ""GAI"", ""Consciousness Moceling""]",21537,77,196,5503,31,91,1996,"{""1996"":65,""1997"":77,""1998"":122,""1999"":111,""2000"":106,""2001"":179,""2002"":221,""2003"":339,""2004"":377,""2005"":494,""2006"":570,""2007"":675,""2008"":667,""2009"":749,""2010"":815,""2011"":912,""2012"":908,""2013"":915,""2014"":944,""2015"":1003,""2016"":905,""2017"":1007,""2018"":1074,""2019"":1257,""2020"":1245,""2021"":1206,""2022"":1141,""2023"":953,""2024"":878,""2025"":789,""2026"":497}"
Elad Hazan,https://scholar.google.com/citations?user=LnhCGNMAAAAJ,2026-09-27,"Director AI Alignment and Safety, Princeton University and Google","[""Machine Learning"", ""Mathematical Optimization""]",38841,72,146,22046,55,126,2009,"{""2009"":140,""2010"":182,""2011"":282,""2012"":334,""2013"":446,""2014"":661,""2015"":987,""2016"":1606,""2017"":2036,""2018"":2691,""2019"":3248,""2020"":3741,""2021"":3779,""2022"":3777,""2023"":3938,""2024"":3964,""2025"":3696,""2026"":2884}"
Elchanan Mossel,https://scholar.google.com/citations?user=5t2myD8AAAAJ,2026-09-27,"Professor of Mathematics, MIT","[""Combinatorial Statistics"", ""Discrete Fourier Analysis and Influences"", ""Randomized Algorithms""]",16492,62,175,6813,40,136,2003,"{""2003"":43,""2004"":92,""2005"":130,""2006"":190,""2007"":215,""2008"":297,""2009"":343,""2010"":426,""2011"":456,""2012"":524,""2013"":566,""2014"":676,""2015"":754,""2016"":906,""2017"":937,""2018"":929,""2019"":945,""2020"":1001,""2021"":1032,""2022"":1060,""2023"":1129,""2024"":1078,""2025"":1267,""2026"":1243}"
Evgeniy Gabrilovich,https://scholar.google.com/citations?user=DKCx8hcAAAAJ,2026-09-27,"Vice President of Applied Science, Microsoft","[""Artificial Intelligence"", ""Machine Learning"", ""Information Retrieval"", ""Natural Language Processing""]",22465,53,100,7254,30,57,2005,"{""2005"":61,""2006"":113,""2007"":233,""2008"":288,""2009"":502,""2010"":597,""2011"":776,""2012"":887,""2013"":931,""2014"":1077,""2015"":1348,""2016"":1505,""2017"":1589,""2018"":1635,""2019"":1658,""2020"":1662,""2021"":1606,""2022"":1470,""2023"":1273,""2024"":1112,""2025"":1047,""2026"":746}"
Feifei Li,https://scholar.google.com/citations?user=qPDhlWkAAAAJ,2026-09-27,Alibaba Group/Alibaba Cloud,"[""Databases"", ""Database"", ""Data Analytics"", ""Systems"", ""Security""]",25416,75,225,15096,58,188,2004,"{""2004"":110,""2005"":190,""2006"":216,""2007"":242,""2008"":300,""2009"":419,""2010"":495,""2011"":473,""2012"":528,""2013"":640,""2014"":642,""2015"":702,""2016"":765,""2017"":878,""2018"":938,""2019"":1168,""2020"":1402,""2021"":1547,""2022"":1711,""2023"":2043,""2024"":2657,""2025"":3537,""2026"":3587}"
Gautam Das,https://scholar.google.com/citations?user=oleB9xIAAAAJ,2026-09-27,"Distinguished University Chair Professor, Associate Dean, University of Texas at Arlington","[""databases"", ""data mining"", ""machine learning"", ""algorithms"", ""computational geometry""]",25510,68,372,9835,38,195,1994,"{""1994"":76,""1995"":84,""1996"":98,""1997"":66,""1998"":116,""1999"":132,""2000"":166,""2001"":188,""2002"":242,""2003"":285,""2004"":333,""2005"":445,""2006"":464,""2007"":544,""2008"":608,""2009"":688,""2010"":744,""2011"":776,""2012"":780,""2013"":865,""2014"":979,""2015"":942,""2016"":1116,""2017"":1025,""2018"":1071,""2019"":1156,""2020"":1213,""2021"":1497,""2022"":1422,""2023"":1414,""2024"":1864,""2025"":2153,""2026"":1446}"
Hai Li,https://scholar.google.com/citations?user=E6Tpfq8AAAAJ,2026-09-27,"Marie Foote Reel E'46 Distinguished Professor of ECE Dept, Duke Univ.","[""Neuromorphic Computing"", ""ML Acceleration & Security"", ""Emerging Memories"", ""Low-power Design""]",30877,82,380,19194,63,252,2009,"{""2009"":92,""2010"":183,""2011"":249,""2012"":338,""2013"":470,""2014"":637,""2015"":806,""2016"":1051,""2017"":1271,""2018"":1550,""2019"":2027,""2020"":2561,""2021"":2764,""2022"":3232,""2023"":3265,""2024"":3491,""2025"":3819,""2026"":2614}"
Hubertus Franke,https://scholar.google.com/citations?user=iklPa0oAAAAJ,2026-09-27,"Distinguished Research Scientist, IBM Research","[""Operating systems"", ""Computer architecture"", ""Cloud computing"", ""Compilers"", ""Robotics""]",9373,55,156,3068,26,72,1996,"{""1996"":38,""1997"":49,""1998"":35,""1999"":40,""2000"":59,""2001"":83,""2002"":99,""2003"":158,""2004"":204,""2005"":237,""2006"":253,""2007"":215,""2008"":303,""2009"":222,""2010"":307,""2011"":376,""2012"":321,""2013"":373,""2014"":374,""2015"":392,""2016"":394,""2017"":457,""2018"":399,""2019"":412,""2020"":374,""2021"":457,""2022"":456,""2023"":297,""2024"":528,""2025"":718,""2026"":608}"
Jacob O. Wobbrock,https://scholar.google.com/citations?user=TmZ3howAAAAJ,2026-09-27,"Professor, University of Washington","[""Human-Computer Interaction"", ""Mobile Computing"", ""Accessible Computing"", ""Human-Centered AI""]",31405,85,205,14760,55,161,2005,"{""2005"":87,""2006"":127,""2007"":170,""2008"":243,""2009"":366,""2010"":541,""2011"":680,""2012"":925,""2013"":1267,""2014"":1524,""2015"":1438,""2016"":1480,""2017"":1708,""2018"":1689,""2019"":1903,""2020"":2024,""2021"":1985,""2022"":2218,""2023"":2318,""2024"":2533,""2025"":2986,""2026"":2699}"
Tang Jie,https://scholar.google.com/citations?user=n1zDCkQAAAAJ,2026-09-27,"WeBank Chair Professor, Tsinghua University","[""Artificial Intelligence"", ""Social Networks"", ""Data Mining"", ""Machine Learning"", ""Knowledge Graph""]",83877,129,463,66104,106,361,2009,"{""2009"":257,""2010"":416,""2011"":559,""2012"":871,""2013"":1095,""2014"":1454,""2015"":1649,""2016"":1896,""2017"":1892,""2018"":2045,""2019"":2329,""2020"":2719,""2021"":3563,""2022"":5058,""2023"":7874,""2024"":13441,""2025"":18919,""2026"":17109}"
Joel Ouaknine,https://scholar.google.com/citations?user=ZfE4iQ4AAAAJ,2026-09-27,"Director, Max Planck Institute for Software Systems (MPI-SWS), Saarland Informatics Campus","[""Foundations of algorithmic verification"", ""linear dynamical systems"", ""model checking"", ""logic"", ""theoretical computer science""]",7566,47,128,2644,29,79,2003,"{""2003"":31,""2004"":73,""2005"":141,""2006"":167,""2007"":210,""2008"":247,""2009"":255,""2010"":246,""2011"":234,""2012"":290,""2013"":293,""2014"":379,""2015"":417,""2016"":358,""2017"":379,""2018"":378,""2019"":389,""2020"":346,""2021"":391,""2022"":461,""2023"":472,""2024"":507,""2025"":392,""2026"":414}"
Jonathan Katz,https://scholar.google.com/citations?user=H4rKFc8AAAAJ,2026-09-27,"Senior Staff Research Scientist, Google","[""Cryptography"", ""Computer Security"", ""Theoretical Computer Science""]",45219,99,247,17653,64,201,2003,"{""2003"":144,""2004"":336,""2005"":547,""2006"":862,""2007"":989,""2008"":1069,""2009"":1120,""2010"":1355,""2011"":1330,""2012"":1642,""2013"":1726,""2014"":1895,""2015"":2091,""2016"":2161,""2017"":2292,""2018"":2374,""2019"":2459,""2020"":2656,""2021"":2550,""2022"":2592,""2023"":2881,""2024"":3123,""2025"":3719,""2026"":2757}"
Judith Gal-Ezer,https://scholar.google.com/citations?user=Z67FftMAAAAJ,2026-09-27,The Open University of Israel,"[""CS Education: curricula"", ""gender"", ""teacher training""]",2536,26,49,838,16,23,1999,"{""1999"":13,""2000"":13,""2001"":11,""2002"":21,""2003"":25,""2004"":41,""2005"":45,""2006"":56,""2007"":48,""2008"":74,""2009"":58,""2010"":80,""2011"":100,""2012"":103,""2013"":93,""2014"":103,""2015"":104,""2016"":120,""2017"":108,""2018"":119,""2019"":146,""2020"":125,""2021"":155,""2022"":148,""2023"":181,""2024"":140,""2025"":146,""2026"":68}"
Lieven Eeckhout,https://scholar.google.com/citations?user=biYmJXsAAAAJ,2026-09-27,"Professor of Computer Science and Engineering, Ghent University","[""Computer Architecture"", ""Hardware/Software Interface""]",14679,60,204,4610,32,112,2004,"{""2004"":79,""2005"":120,""2006"":240,""2007"":279,""2008"":317,""2009"":333,""2010"":407,""2011"":448,""2012"":579,""2013"":663,""2014"":794,""2015"":1011,""2016"":940,""2017"":1011,""2018"":946,""2019"":913,""2020"":777,""2021"":706,""2022"":749,""2023"":700,""2024"":802,""2025"":974,""2026"":677}"
Lin Zhong,https://scholar.google.com/citations?user=hJPN-G8AAAAJ,2026-09-27,Yale University,"[""Mobile Computing"", ""Computer Systems"", ""Wireless Networking"", ""Computer Architecture""]",16294,66,160,5058,34,87,2005,"{""2005"":59,""2006"":74,""2007"":89,""2008"":142,""2009"":171,""2010"":282,""2011"":439,""2012"":657,""2013"":849,""2014"":1110,""2015"":1249,""2016"":1322,""2017"":1282,""2018"":1238,""2019"":1070,""2020"":1070,""2021"":868,""2022"":831,""2023"":736,""2024"":775,""2025"":984,""2026"":864}"
L Jean Camp,https://scholar.google.com/citations?user=wJPGa2IAAAAJ,2026-09-27,Bank of America Distinguished Professorship in Security Analysis at UNC Charlotte,"[""online risk"", ""online trust"", ""usable security and privacy"", ""user-centered design"", ""economics of security""]",7868,47,145,3034,28,82,1998,"{""1998"":60,""1999"":41,""2000"":54,""2001"":43,""2002"":77,""2003"":86,""2004"":117,""2005"":107,""2006"":124,""2007"":139,""2008"":138,""2009"":159,""2010"":173,""2011"":188,""2012"":216,""2013"":234,""2014"":280,""2015"":331,""2016"":305,""2017"":342,""2018"":359,""2019"":475,""2020"":598,""2021"":520,""2022"":570,""2023"":583,""2024"":488,""2025"":565,""2026"":305}"
Luca Trevisan,https://scholar.google.com/citations?user=4yuKD_AAAAAJ,2026-09-27,Bocconi University,"[""Theoretical Computer Science""]",12438,58,116,3704,33,74,1997,"{""1997"":84,""1998"":73,""1999"":136,""2000"":136,""2001"":156,""2002"":182,""2003"":202,""2004"":262,""2005"":360,""2006"":341,""2007"":411,""2008"":388,""2009"":398,""2010"":495,""2011"":441,""2012"":461,""2013"":461,""2014"":475,""2015"":454,""2016"":435,""2017"":491,""2018"":497,""2019"":570,""2020"":594,""2021"":572,""2022"":622,""2023"":617,""2024"":622,""2025"":696,""2026"":573}"
Mark Braverman,https://scholar.google.com/citations?user=5elBSHQAAAAJ,2026-09-27,Princeton University,[],7442,50,118,3213,31,85,2006,"{""2006"":39,""2007"":45,""2008"":58,""2009"":98,""2010"":91,""2011"":145,""2012"":216,""2013"":250,""2014"":364,""2015"":451,""2016"":478,""2017"":398,""2018"":520,""2019"":473,""2020"":495,""2021"":493,""2022"":490,""2023"":542,""2024"":582,""2025"":557,""2026"":548}"
Mark M. Tehranipoor,https://scholar.google.com/citations?user=n9JsBeAAAAAJ,2026-09-27,"Intel Charles E. Young Endowed Chair Professor, ECE, University of Florida","[""Microelectronics Security and Trust"", ""IoT Security"", ""Semiconductor Supply Chain Security""]",31570,92,437,16502,63,334,2007,"{""2007"":144,""2008"":233,""2009"":293,""2010"":450,""2011"":565,""2012"":521,""2013"":733,""2014"":922,""2015"":1236,""2016"":1328,""2017"":1816,""2018"":1845,""2019"":2038,""2020"":2509,""2021"":2635,""2022"":2838,""2023"":3196,""2024"":3128,""2025"":3030,""2026"":1626}"
Martin Farach-Colton,https://scholar.google.com/citations?user=2uHUSa8AAAAJ,2026-09-27,"Shustek Professor of Computer Science, New York University","[""Algorithms"", ""Data Structures"", ""External Memory"", ""Storage Systems""]",15719,63,125,4832,31,80,1993,"{""1993"":60,""1994"":57,""1995"":100,""1996"":122,""1997"":155,""1998"":169,""1999"":228,""2000"":194,""2001"":129,""2002"":208,""2003"":308,""2004"":359,""2005"":498,""2006"":393,""2007"":591,""2008"":499,""2009"":505,""2010"":425,""2011"":459,""2012"":456,""2013"":437,""2014"":514,""2015"":473,""2016"":537,""2017"":613,""2018"":661,""2019"":655,""2020"":803,""2021"":826,""2022"":753,""2023"":734,""2024"":881,""2025"":905,""2026"":729}"
Matthew T. Mason,https://scholar.google.com/citations?user=D_JpQnAAAAAJ,2026-09-27,"Professor of Robotics and Computer Science, Carnegie Mellon University","[""Robotics"", ""Robotic Manipulation"", ""Motion Planning""]",23714,71,233,8169,51,146,1987,"{""1987"":222,""1988"":349,""1989"":317,""1990"":318,""1991"":351,""1992"":324,""1993"":447,""1994"":363,""1995"":416,""1996"":418,""1997"":409,""1998"":375,""1999"":418,""2000"":351,""2001"":339,""2002"":318,""2003"":253,""2004"":340,""2005"":363,""2006"":444,""2007"":412,""2008"":370,""2009"":380,""2010"":408,""2011"":411,""2012"":455,""2013"":508,""2014"":490,""2015"":534,""2016"":568,""2017"":528,""2018"":725,""2019"":712,""2020"":1049,""2021"":1215,""2022"":1260,""2023"":1335,""2024"":1900,""2025"":1681,""2026"":768}"
M Balakrishnan,https://scholar.google.com/citations?user=e_749FUAAAAJ,2026-09-27,CSE Department IIT Delhi,"[""Assistive Technology"", ""EDA"", ""Architecture""]",4134,29,86,875,14,24,1991,"{""1991"":22,""1992"":14,""1993"":21,""1994"":23,""1995"":35,""1996"":20,""1997"":22,""1998"":18,""1999"":12,""2000"":27,""2001"":37,""2002"":46,""2003"":71,""2004"":108,""2005"":125,""2006"":121,""2007"":140,""2008"":149,""2009"":164,""2010"":200,""2011"":201,""2012"":179,""2013"":191,""2014"":190,""2015"":199,""2016"":159,""2017"":174,""2018"":155,""2019"":195,""2020"":153,""2021"":180,""2022"":174,""2023"":145,""2024"":144,""2025"":129,""2026"":103}"
Ming-Hsuan Yang,https://scholar.google.com/citations?user=p9-ohHsAAAAJ,2026-09-27,University of California at Merced; Google DeepMind,"[""Computer Vision"", ""Deep Learning"", ""Machine Learning"", ""Artificial Intelligence""]",187338,187,686,116174,146,575,2004,"{""2004"":665,""2005"":925,""2006"":890,""2007"":1044,""2008"":1063,""2009"":1213,""2010"":1332,""2011"":1457,""2012"":1678,""2013"":2391,""2014"":3645,""2015"":5052,""2016"":6373,""2017"":6972,""2018"":9561,""2019"":11896,""2020"":13251,""2021"":14862,""2022"":15877,""2023"":17282,""2024"":20656,""2025"":24666,""2026"":22694}"
Mohammed J. Zaki,https://scholar.google.com/citations?user=UmwJklEAAAAJ,2026-09-27,"Professor & Head, Computer Science Department, RPI","[""Data Mining"", ""Machine Learning"", ""Graph Mining"", ""Personal Health"", ""Bioinformatics""]",38939,84,220,9786,44,114,1999,"{""1999"":117,""2000"":207,""2001"":335,""2002"":577,""2003"":748,""2004"":999,""2005"":1281,""2006"":1360,""2007"":1298,""2008"":1436,""2009"":1436,""2010"":1470,""2011"":1407,""2012"":1644,""2013"":1615,""2014"":1807,""2015"":1832,""2016"":1782,""2017"":1806,""2018"":1915,""2019"":1779,""2020"":1619,""2021"":1672,""2022"":1726,""2023"":1752,""2024"":1642,""2025"":1735,""2026"":1243}"
Mubarak Shah,https://scholar.google.com/citations?user=p8gsO3gAAAAJ,2026-09-27,"Trustee Chair Professor of Computer Science, University of Central Florida","[""Computer Vision""]",120295,150,567,55865,93,365,2002,"{""2002"":388,""2003"":544,""2004"":786,""2005"":1023,""2006"":1273,""2007"":1540,""2008"":2051,""2009"":2461,""2010"":2917,""2011"":3364,""2012"":3788,""2013"":4607,""2014"":5174,""2015"":4779,""2016"":5443,""2017"":5123,""2018"":5302,""2019"":5533,""2020"":5581,""2021"":6348,""2022"":7043,""2023"":8322,""2024"":10930,""2025"":12944,""2026"":10109}"
Munindar P Singh,https://scholar.google.com/citations?user=qNznu3kAAAAJ,2026-09-27,"Professor of Computer Science, North Carolina State University","[""Multiagent Systems"", ""Service-Oriented Computing"", ""Software Engineering"", ""Social Computing""]",34884,85,395,6337,37,142,1995,"{""1995"":144,""1996"":174,""1997"":204,""1998"":329,""1999"":454,""2000"":488,""2001"":541,""2002"":678,""2003"":869,""2004"":943,""2005"":1265,""2006"":1453,""2007"":1650,""2008"":1605,""2009"":1582,""2010"":1558,""2011"":1460,""2012"":1555,""2013"":1491,""2014"":1450,""2015"":1410,""2016"":1209,""2017"":1210,""2018"":1386,""2019"":1333,""2020"":1271,""2021"":1133,""2022"":1102,""2023"":1162,""2024"":991,""2025"":1099,""2026"":836}"
Nikolaj Bjorner,https://scholar.google.com/citations?user=kja6dIzH9GwJ,2026-09-27,Microsoft Research,"[""Automated Deduction"", ""Systems"", ""Software Engineering""]",26927,58,147,11504,38,81,1998,"{""1998"":74,""1999"":75,""2000"":123,""2001"":77,""2002"":114,""2003"":100,""2004"":101,""2005"":78,""2006"":75,""2007"":89,""2008"":214,""2009"":379,""2010"":458,""2011"":527,""2012"":718,""2013"":938,""2014"":1162,""2015"":1360,""2016"":1544,""2017"":1600,""2018"":1645,""2019"":1718,""2020"":1895,""2021"":1927,""2022"":1842,""2023"":1740,""2024"":1979,""2025"":2193,""2026"":1821}"
Ninghui Li,https://scholar.google.com/citations?user=XpHwrPsAAAAJ,2026-09-27,"Professor of Computer Science, Purdue University","[""Privacy""]",30753,83,207,11598,51,140,2002,"{""2002"":86,""2003"":183,""2004"":270,""2005"":404,""2006"":599,""2007"":680,""2008"":940,""2009"":1004,""2010"":1144,""2011"":1085,""2012"":1122,""2013"":1126,""2014"":1201,""2015"":1288,""2016"":1302,""2017"":1424,""2018"":1496,""2019"":1629,""2020"":1824,""2021"":1953,""2022"":1943,""2023"":2055,""2024"":2063,""2025"":2128,""2026"":1450}"
Pierangela Samarati,https://scholar.google.com/citations?user=nAGXeFkAAAAJ,2026-09-27,Universita` degli Studi di Milano,[],33781,77,238,5851,29,85,1996,"{""1996"":109,""1997"":141,""1998"":172,""1999"":179,""2000"":305,""2001"":337,""2002"":532,""2003"":756,""2004"":936,""2005"":1192,""2006"":1343,""2007"":1455,""2008"":1555,""2009"":1570,""2010"":1742,""2011"":1664,""2012"":1735,""2013"":1851,""2014"":1802,""2015"":1622,""2016"":1536,""2017"":1286,""2018"":1273,""2019"":1185,""2020"":1108,""2021"":1118,""2022"":1107,""2023"":1050,""2024"":917,""2025"":1139,""2026"":514}"
Rafail Ostrovsky,https://scholar.google.com/citations?user=UvFrX04AAAAJ,2026-09-27,"Norman E. Friedman Chair in Knowledge Sciences, Distinguished Prof. of CS & MATH","[""Theoretical Computer Science"", ""Cryptography"", ""Computer Security"", ""Secure Computation"", ""Complexity Theory""]",47264,93,286,15186,57,185,1997,"{""1997"":127,""1998"":156,""1999"":203,""2000"":213,""2001"":277,""2002"":333,""2003"":394,""2004"":477,""2005"":587,""2006"":754,""2007"":885,""2008"":937,""2009"":1120,""2010"":1292,""2011"":1300,""2012"":1556,""2013"":1941,""2014"":2378,""2015"":2563,""2016"":2818,""2017"":2780,""2018"":2653,""2019"":2893,""2020"":2736,""2021"":2637,""2022"":2696,""2023"":2635,""2024"":2573,""2025"":2757,""2026"":1887}"
Ranjit Jhala,https://scholar.google.com/citations?user=lh6orZ0AAAAJ,2026-09-27,UC San Diego,[],15478,56,97,4342,38,79,2003,"{""2003"":93,""2004"":215,""2005"":313,""2006"":370,""2007"":443,""2008"":525,""2009"":648,""2010"":668,""2011"":647,""2012"":791,""2013"":787,""2014"":752,""2015"":844,""2016"":785,""2017"":823,""2018"":781,""2019"":746,""2020"":735,""2021"":803,""2022"":699,""2023"":748,""2024"":750,""2025"":752,""2026"":586}"
Robert B. Ross,https://scholar.google.com/citations?user=hvS9R4wAAAAJ,2026-09-27,"Senior Computer Scientist, Mathematics and Computer Science Division, Argonne National Laboratory","[""high-performance computing"", ""HPC system software"", ""parallel I/O and file systems""]",13703,56,207,4094,30,102,2001,"{""2001"":46,""2002"":82,""2003"":126,""2004"":169,""2005"":196,""2006"":237,""2007"":205,""2008"":208,""2009"":280,""2010"":367,""2011"":505,""2012"":602,""2013"":576,""2014"":677,""2015"":771,""2016"":827,""2017"":920,""2018"":926,""2019"":895,""2020"":776,""2021"":727,""2022"":685,""2023"":710,""2024"":729,""2025"":721,""2026"":519}"
Robert Kleinberg,https://scholar.google.com/citations?user=zkvW8FQAAAAJ,2026-09-27,"Department of Computer Science, Cornell University","[""Theory of Computing"", ""Algorithms"", ""Algorithmic Game Theory and Economics"", ""Learning Theory""]",20248,71,156,8791,48,123,2005,"{""2005"":67,""2006"":121,""2007"":169,""2008"":273,""2009"":341,""2010"":422,""2011"":577,""2012"":573,""2013"":773,""2014"":963,""2015"":958,""2016"":1026,""2017"":1095,""2018"":1193,""2019"":1324,""2020"":1374,""2021"":1428,""2022"":1503,""2023"":1345,""2024"":1559,""2025"":1549,""2026"":1407}"
Rosalind Picard,https://scholar.google.com/citations?user=hH3DA2YAAAAJ,2026-09-27,"Professor, MIT Media Lab","[""Affective Computing"", ""Artificial Intelligence"", ""Wearable Computing"", ""Human-Computer Interaction""]",90718,129,436,30922,84,300,1996,"{""1996"":325,""1997"":528,""1998"":676,""1999"":901,""2000"":822,""2001"":972,""2002"":1197,""2003"":1301,""2004"":1392,""2005"":1763,""2006"":1725,""2007"":2011,""2008"":2243,""2009"":2468,""2010"":2405,""2011"":2515,""2012"":2599,""2013"":2942,""2014"":3380,""2015"":3578,""2016"":3865,""2017"":4035,""2018"":4605,""2019"":4871,""2020"":5027,""2021"":5168,""2022"":5201,""2023"":4859,""2024"":5332,""2025"":5762,""2026"":4566}"
Ryen W. White,https://scholar.google.com/citations?user=U69fiZMAAAAJ,2026-09-27,"Distinguished Scientist & VP, Microsoft","[""Information Retrieval"", ""Human-Computer Interaction"", ""Artificial Intelligence"", ""Psychology"", ""Health""]",31666,83,311,15278,49,204,2005,"{""2005"":92,""2006"":153,""2007"":270,""2008"":399,""2009"":491,""2010"":555,""2011"":742,""2012"":848,""2013"":1080,""2014"":1342,""2015"":1530,""2016"":1707,""2017"":1669,""2018"":1644,""2019"":1631,""2020"":1751,""2021"":1826,""2022"":1843,""2023"":1464,""2024"":2301,""2025"":3360,""2026"":4438}"
Scott A. Smolka,https://scholar.google.com/citations?user=4q-QenMAAAAJ,2026-09-27,"Professor of Computer Science, Stony Brook University","[""Model Checking"", ""Runtime Verification"", ""Computational Biology""]",12318,56,170,2322,26,67,1989,"{""1989"":41,""1990"":42,""1991"":59,""1992"":63,""1993"":87,""1994"":152,""1995"":145,""1996"":192,""1997"":168,""1998"":215,""1999"":339,""2000"":326,""2001"":276,""2002"":366,""2003"":333,""2004"":347,""2005"":424,""2006"":387,""2007"":423,""2008"":428,""2009"":409,""2010"":331,""2011"":378,""2012"":420,""2013"":427,""2014"":413,""2015"":413,""2016"":466,""2017"":380,""2018"":433,""2019"":436,""2020"":369,""2021"":407,""2022"":452,""2023"":404,""2024"":393,""2025"":398,""2026"":266}"
Shaz Qadeer,https://scholar.google.com/citations?user=EqIVfYcAAAAJ,2026-09-27,Microsoft,"[""Program verification"", ""Programming languages"", ""Distributed systems""]",14575,57,140,2718,30,63,1997,"{""1997"":44,""1998"":120,""1999"":160,""2000"":171,""2001"":198,""2002"":209,""2003"":301,""2004"":378,""2005"":471,""2006"":463,""2007"":544,""2008"":507,""2009"":592,""2010"":701,""2011"":673,""2012"":669,""2013"":733,""2014"":759,""2015"":759,""2016"":720,""2017"":699,""2018"":601,""2019"":629,""2020"":527,""2021"":557,""2022"":441,""2023"":504,""2024"":430,""2025"":441,""2026"":345}"
Shlomo Zilberstein,https://scholar.google.com/citations?user=q_n7d6EAAAAJ,2026-09-27,"Professor of Computer Science, University of Massachusetts Amherst","[""Artificial Intelligence"", ""Automated Planning"", ""Multiagent Systems"", ""Autonomous Agents"", ""Trustworthy AI""]",18856,65,221,6073,36,133,1995,"{""1995"":61,""1996"":105,""1997"":106,""1998"":112,""1999"":132,""2000"":185,""2001"":188,""2002"":185,""2003"":258,""2004"":392,""2005"":415,""2006"":467,""2007"":549,""2008"":648,""2009"":706,""2010"":705,""2011"":791,""2012"":761,""2013"":767,""2014"":561,""2015"":636,""2016"":684,""2017"":579,""2018"":688,""2019"":775,""2020"":862,""2021"":953,""2022"":1142,""2023"":1014,""2024"":1079,""2025"":1058,""2026"":819}"
Steve Marschner,https://scholar.google.com/citations?user=llo3F3QAAAAJ,2026-09-27,"Professor of Computer Science, Cornell University","[""Computer Graphics"", ""Computer Vision""]",15774,56,105,5338,38,87,2000,"{""2000"":40,""2001"":76,""2002"":172,""2003"":243,""2004"":299,""2005"":378,""2006"":436,""2007"":434,""2008"":442,""2009"":475,""2010"":483,""2011"":451,""2012"":500,""2013"":572,""2014"":509,""2015"":592,""2016"":708,""2017"":771,""2018"":823,""2019"":856,""2020"":885,""2021"":837,""2022"":959,""2023"":842,""2024"":940,""2025"":1047,""2026"":691}"
Sunita Sarawagi,https://scholar.google.com/citations?user=Hg4HmTAAAAAJ,2026-09-27,"Indian Institute of Technology Bombay, Mumbai, India.","[""Adaptation"", ""Causal Inference"", ""In-context learning"", ""Semantic parsing""]",18906,59,113,5155,35,66,1997,"{""1997"":109,""1998"":176,""1999"":231,""2000"":239,""2001"":302,""2002"":334,""2003"":386,""2004"":383,""2005"":510,""2006"":552,""2007"":611,""2008"":608,""2009"":753,""2010"":750,""2011"":806,""2012"":847,""2013"":814,""2014"":760,""2015"":764,""2016"":750,""2017"":632,""2018"":651,""2019"":744,""2020"":768,""2021"":898,""2022"":875,""2023"":984,""2024"":903,""2025"":879,""2026"":614}"
Sushil Jajodia,https://scholar.google.com/citations?user=lOZ1vHIAAAAJ,2026-09-27,"University Professor, BDM International Professor, and Director, Center for Secure Information","[""security"", ""privacy"", ""database"", ""databases"", ""distributed systems""]",57348,117,522,10718,47,205,1991,"{""1991"":147,""1992"":169,""1993"":198,""1994"":295,""1995"":276,""1996"":329,""1997"":433,""1998"":453,""1999"":519,""2000"":584,""2001"":630,""2002"":963,""2003"":1095,""2004"":1351,""2005"":1735,""2006"":1953,""2007"":2037,""2008"":2217,""2009"":2338,""2010"":2467,""2011"":2293,""2012"":2441,""2013"":2656,""2014"":2702,""2015"":2615,""2016"":2727,""2017"":2570,""2018"":2580,""2019"":2413,""2020"":2258,""2021"":2106,""2022"":2089,""2023"":1781,""2024"":1837,""2025"":1810,""2026"":1087}"
Szymon Rusinkiewicz,https://scholar.google.com/citations?user=RaScARwAAAAJ,2026-09-27,"Princeton University, Department of Computer Science","[""Computer Graphics"", ""Computational Fabrication"", ""Computer Vision"", ""Robotics""]",30999,66,110,7701,41,85,2001,"{""2001"":170,""2002"":277,""2003"":497,""2004"":677,""2005"":856,""2006"":1075,""2007"":1191,""2008"":1285,""2009"":1277,""2010"":1471,""2011"":1490,""2012"":1419,""2013"":1500,""2014"":1482,""2015"":1451,""2016"":1468,""2017"":1331,""2018"":1431,""2019"":1273,""2020"":1263,""2021"":1252,""2022"":1258,""2023"":1288,""2024"":1433,""2025"":1418,""2026"":1042}"
Tajana Rosing,https://scholar.google.com/citations?user=DY_XcO4AAAAJ,2026-09-27,"Distinguished Professor, UCSD","[""computer architecture"", ""cyber-physical systems"", ""system energy efficiency""]",37346,88,691,16997,58,373,2001,"{""2001"":122,""2002"":172,""2003"":224,""2004"":257,""2005"":350,""2006"":384,""2007"":442,""2008"":476,""2009"":571,""2010"":765,""2011"":895,""2012"":1097,""2013"":1328,""2014"":1367,""2015"":1565,""2016"":1608,""2017"":1689,""2018"":1961,""2019"":2334,""2020"":2193,""2021"":2536,""2022"":2811,""2023"":2937,""2024"":2978,""2025"":3230,""2026"":2486}"
Tanzeem Choudhury,https://scholar.google.com/citations?user=-pyztDMAAAAJ,2026-09-27,"Chief of Health Innovation, Professor Computing and Information Science @ Cornell Tech","[""health + multi-modal AI"", ""ubiquitous computing"", ""mobile systems""]",23335,74,141,7275,48,106,2003,"{""2003"":61,""2004"":87,""2005"":122,""2006"":132,""2007"":227,""2008"":344,""2009"":415,""2010"":543,""2011"":796,""2012"":1047,""2013"":1236,""2014"":1400,""2015"":1581,""2016"":1489,""2017"":1636,""2018"":1563,""2019"":1496,""2020"":1488,""2021"":1391,""2022"":1356,""2023"":1240,""2024"":1250,""2025"":1167,""2026"":860}"
Tao Xie,https://scholar.google.com/citations?user=DhhH9J4AAAAJ,2026-09-27,"Peking University Chair Professor, Fudan University Adjunct Top-Talent Professor","[""Software Engineering"", ""Operating Systems"", ""Cyber Security"", ""Trustworthy AI"", ""RISC-V""]",26785,84,302,11819,53,211,2005,"{""2005"":75,""2006"":157,""2007"":264,""2008"":356,""2009"":473,""2010"":651,""2011"":754,""2012"":829,""2013"":1090,""2014"":1334,""2015"":1319,""2016"":1342,""2017"":1383,""2018"":1539,""2019"":1501,""2020"":1617,""2021"":1761,""2022"":1773,""2023"":1957,""2024"":2054,""2025"":2302,""2026"":1939}"
Thomas Zimmermann,https://scholar.google.com/citations?user=5zvbpooAAAAJ,2026-09-27,"Chancellor’s Professor and Donald Bren Chair, University of California, Irvine","[""Software Engineering"", ""Empirical Software Engineering"", ""Mining Software Repositories"", ""Recommender""]",33873,90,201,15602,66,160,2005,"{""2005"":143,""2006"":261,""2007"":335,""2008"":437,""2009"":566,""2010"":848,""2011"":922,""2012"":1067,""2013"":1258,""2014"":1324,""2015"":1473,""2016"":1746,""2017"":1605,""2018"":1848,""2019"":1983,""2020"":1987,""2021"":2280,""2022"":2515,""2023"":2491,""2024"":2645,""2025"":2954,""2026"":2693}"
Tie-Yan Liu,https://scholar.google.com/citations?user=Nh832fgAAAAJ,2026-09-27,"President, Zhongguancun Academy | IEEE Fellow | ACM Fellow | AAIA Fellow","[""Machine learning"", ""AI for Science"", ""AI for Industry"", ""Information retrieval"", ""NLP""]",111338,115,737,84394,101,472,2008,"{""2008"":463,""2009"":697,""2010"":827,""2011"":1160,""2012"":1119,""2013"":1244,""2014"":1453,""2015"":1742,""2016"":1986,""2017"":2017,""2018"":2852,""2019"":4163,""2020"":5581,""2021"":7985,""2022"":10192,""2023"":13112,""2024"":16195,""2025"":19706,""2026"":17060}"
Wenping Wang,https://scholar.google.com/citations?user=28shvv0AAAAJ,2026-09-27,Texas A&M University,"[""Computer Graphics"", ""Geometric Computing""]",30181,85,362,21565,72,287,2004,"{""2004"":81,""2005"":127,""2006"":158,""2007"":217,""2008"":243,""2009"":287,""2010"":304,""2011"":332,""2012"":459,""2013"":494,""2014"":550,""2015"":679,""2016"":750,""2017"":736,""2018"":805,""2019"":938,""2020"":992,""2021"":1113,""2022"":1682,""2023"":2645,""2024"":4778,""2025"":6278,""2026"":5024}"
Xiaobo Sharon Hu,https://scholar.google.com/citations?user=tQRvus8AAAAJ,2026-09-27,"University of Notre Dame, Department of Computer Science and Engineering","[""Power and reliability aware system-level design"", ""Circuit and architecture design for beyond-CMOS devices"", ""Algorithm and hardware""]",17386,67,317,8637,47,182,2000,"{""2000"":57,""2001"":64,""2002"":104,""2003"":129,""2004"":196,""2005"":204,""2006"":237,""2007"":298,""2008"":303,""2009"":367,""2010"":375,""2011"":465,""2012"":432,""2013"":511,""2014"":621,""2015"":485,""2016"":450,""2017"":495,""2018"":649,""2019"":880,""2020"":1047,""2021"":1245,""2022"":1456,""2023"":1566,""2024"":1666,""2025"":1601,""2026"":1082}"
Zachary G. Ives,https://scholar.google.com/citations?user=2wJaIkEAAAAJ,2026-09-27,"Chair & Professor of Computer and Information Science, University of Pennsylvania","[""Databases"", ""data integration"", ""distributed systems"", ""web data management""]",18780,46,91,5426,21,45,2000,"{""2000"":53,""2001"":105,""2002"":215,""2003"":368,""2004"":475,""2005"":484,""2006"":492,""2007"":504,""2008"":612,""2009"":700,""2010"":698,""2011"":716,""2012"":741,""2013"":763,""2014"":778,""2015"":792,""2016"":839,""2017"":901,""2018"":897,""2019"":922,""2020"":1013,""2021"":1021,""2022"":1057,""2023"":985,""2024"":903,""2025"":890,""2026"":569}"
Zygmunt J. Haas,https://scholar.google.com/citations?user=tk8qFe0AAAAJ,2026-09-27,Cornell University,"[""Wireless and Mobile Networks"", ""Information Assurance""]",35312,82,209,2493,25,63,1998,"{""1998"":104,""1999"":230,""2000"":334,""2001"":451,""2002"":792,""2003"":1407,""2004"":1881,""2005"":2224,""2006"":2354,""2007"":2373,""2008"":2325,""2009"":2147,""2010"":2210,""2011"":2017,""2012"":1981,""2013"":1734,""2014"":1564,""2015"":1300,""2016"":1231,""2017"":949,""2018"":894,""2019"":732,""2020"":573,""2021"":515,""2022"":532,""2023"":418,""2024"":394,""2025"":386,""2026"":246}"
Adam Smith,https://scholar.google.com/citations?user=fkGi-JMAAAAJ,2026-09-27,"Professor of Computer Science, Boston University","[""Data privacy"", ""cryptography"", ""machine learning"", ""algorithms"", ""information theory""]",39441,68,133,21821,51,112,2005,"{""2005"":173,""2006"":236,""2007"":276,""2008"":425,""2009"":480,""2010"":613,""2011"":620,""2012"":851,""2013"":1021,""2014"":1154,""2015"":1238,""2016"":1495,""2017"":1779,""2018"":1836,""2019"":2291,""2020"":2742,""2021"":3067,""2022"":3377,""2023"":3636,""2024"":4050,""2025"":4252,""2026"":3432}"
Adi Shamir,https://scholar.google.com/citations?user=EHLBP20AAAAJ,2026-09-27,Unknown affiliation,[],137862,105,244,35092,58,144,1990,"{""1990"":399,""1991"":574,""1992"":530,""1993"":614,""1994"":761,""1995"":761,""1996"":892,""1997"":980,""1998"":1365,""1999"":1261,""2000"":1421,""2001"":1534,""2002"":2037,""2003"":2460,""2004"":3012,""2005"":3761,""2006"":3979,""2007"":4174,""2008"":4315,""2009"":4757,""2010"":4946,""2011"":5038,""2012"":5235,""2013"":5328,""2014"":5356,""2015"":5556,""2016"":5407,""2017"":5303,""2018"":5602,""2019"":6028,""2020"":5861,""2021"":6022,""2022"":6022,""2023"":6137,""2024"":6212,""2025"":6483,""2026"":4209}"
Alan Edelman,https://scholar.google.com/citations?user=QVBIKh4AAAAJ,2026-09-27,"Professor of Applied Mathematics, Member Computer Science AI LABS, MIT","[""Corgis"", ""Random Matrix Theory"", ""Julia"", ""Numerical Linear Algebra"", ""Parallel Computing""]",29909,52,127,15683,37,76,1997,"{""1997"":77,""1998"":90,""1999"":95,""2000"":133,""2001"":168,""2002"":232,""2003"":224,""2004"":329,""2005"":378,""2006"":416,""2007"":440,""2008"":459,""2009"":550,""2010"":553,""2011"":605,""2012"":716,""2013"":594,""2014"":789,""2015"":752,""2016"":870,""2017"":1010,""2018"":1127,""2019"":1338,""2020"":1629,""2021"":2094,""2022"":2395,""2023"":2519,""2024"":2785,""2025"":3132,""2026"":2737}"
Amit Sheth,https://scholar.google.com/citations?user=2T3H4ekAAAAJ,2026-09-27,"NCR Chair, AI Inst South Carolina; Building IAIRO (Founding Director)","[""Neurosymbolic AI"", ""Knowledge Graph"", ""Knowledge-infused Learning"", ""Semantic Web"", ""Artificial Intelligence""]",67138,124,589,16869,62,274,1992,"{""1992"":203,""1993"":366,""1994"":395,""1995"":491,""1996"":754,""1997"":745,""1998"":885,""1999"":1099,""2000"":911,""2001"":814,""2002"":952,""2003"":1301,""2004"":1481,""2005"":1787,""2006"":2259,""2007"":2335,""2008"":2286,""2009"":2425,""2010"":2524,""2011"":2387,""2012"":2586,""2013"":2363,""2014"":2471,""2015"":2395,""2016"":2379,""2017"":2356,""2018"":2577,""2019"":2549,""2020"":2685,""2021"":2812,""2022"":2766,""2023"":2691,""2024"":3167,""2025"":3233,""2026"":2156}"
Anantha Chandrakasan,https://scholar.google.com/citations?user=N6ah30sAAAAJ,2026-09-27,"Dean of Engineering, Massachusetts Institute of Technology","[""Energy Efficient Design"", ""Machine Learning Hardware"", ""Security Hardware""]",123838,138,519,23572,62,247,1995,"{""1995"":368,""1996"":517,""1997"":567,""1998"":710,""1999"":731,""2000"":886,""2001"":1119,""2002"":1447,""2003"":2013,""2004"":2866,""2005"":3805,""2006"":4145,""2007"":4633,""2008"":5192,""2009"":5602,""2010"":5931,""2011"":6199,""2012"":6486,""2013"":6535,""2014"":6659,""2015"":6330,""2016"":5968,""2017"":5454,""2018"":5153,""2019"":4794,""2020"":4593,""2021"":4571,""2022"":4268,""2023"":3909,""2024"":3869,""2025"":3907,""2026"":3034}"
Andrea Arpaci-Dusseau,https://scholar.google.com/citations?user=8VkvOEEAAAAJ,2026-09-27,"Professor Computer Science, University of Wisconsin-Madison","[""Operating Systems"", ""File Systems"", ""Storage Systems""]",18797,70,150,5748,38,81,1994,"{""1994"":60,""1995"":148,""1996"":248,""1997"":309,""1998"":360,""1999"":398,""2000"":310,""2001"":231,""2002"":250,""2003"":270,""2004"":325,""2005"":414,""2006"":335,""2007"":483,""2008"":458,""2009"":459,""2010"":475,""2011"":551,""2012"":478,""2013"":499,""2014"":596,""2015"":604,""2016"":718,""2017"":813,""2018"":854,""2019"":1017,""2020"":1069,""2021"":1016,""2022"":952,""2023"":935,""2024"":970,""2025"":1067,""2026"":805}"
Andrew D Gordon,https://scholar.google.com/citations?user=mfBjUiIAAAAJ,2026-09-27,Cogna and University of Edinburgh,"[""Formal Methods"", ""Programming Languages"", ""Security"", ""Probabilistic Programming"", ""Spreadsheets""]",19167,67,161,3146,28,64,1995,"{""1995"":60,""1996"":96,""1997"":178,""1998"":283,""1999"":339,""2000"":413,""2001"":475,""2002"":664,""2003"":754,""2004"":891,""2005"":980,""2006"":919,""2007"":874,""2008"":832,""2009"":856,""2010"":774,""2011"":676,""2012"":701,""2013"":594,""2014"":639,""2015"":663,""2016"":619,""2017"":545,""2018"":573,""2019"":631,""2020"":525,""2021"":480,""2022"":524,""2023"":501,""2024"":589,""2025"":612,""2026"":435}"
Andrew Tomkins,https://scholar.google.com/citations?user=-JOkpfQAAAAJ,2026-09-27,Google,[],41124,77,202,6179,38,93,1999,"{""1999"":124,""2000"":279,""2001"":450,""2002"":674,""2003"":821,""2004"":1011,""2005"":1214,""2006"":1440,""2007"":1694,""2008"":1799,""2009"":2011,""2010"":2309,""2011"":2461,""2012"":2512,""2013"":2509,""2014"":2441,""2015"":2033,""2016"":1991,""2017"":1636,""2018"":1655,""2019"":1491,""2020"":1509,""2021"":1393,""2022"":1290,""2023"":996,""2024"":998,""2025"":885,""2026"":615}"
Antonio Gonzalez,https://scholar.google.com/citations?user=DRP_OcMAAAAJ,2026-09-27,"Professor, Universitat Politecnica de Catalunya","[""Computer Architecture""]",17260,61,368,2901,23,83,1997,"{""1997"":69,""1998"":143,""1999"":157,""2000"":277,""2001"":353,""2002"":401,""2003"":529,""2004"":630,""2005"":738,""2006"":586,""2007"":623,""2008"":613,""2009"":655,""2010"":567,""2011"":750,""2012"":751,""2013"":767,""2014"":815,""2015"":775,""2016"":797,""2017"":747,""2018"":763,""2019"":758,""2020"":640,""2021"":570,""2022"":569,""2023"":456,""2024"":483,""2025"":502,""2026"":314}"
Arvind Krishnamurthy,https://scholar.google.com/citations?user=EnCwNycAAAAJ,2026-09-27,"Short-Dooley Professor, Univ. of Washington","[""Distributed Systems"", ""Networking"", ""Systems"", ""Performance evaluation""]",48282,96,227,19178,62,162,1996,"{""1996"":142,""1997"":134,""1998"":177,""1999"":138,""2000"":99,""2001"":81,""2002"":89,""2003"":130,""2004"":187,""2005"":270,""2006"":326,""2007"":463,""2008"":547,""2009"":849,""2010"":1181,""2011"":1329,""2012"":1556,""2013"":1924,""2014"":2227,""2015"":2560,""2016"":2841,""2017"":2667,""2018"":2748,""2019"":2848,""2020"":3018,""2021"":3164,""2022"":3064,""2023"":2884,""2024"":3149,""2025"":3657,""2026"":3248}"
Bonnie Dorr,https://scholar.google.com/citations?user=jSjEWosAAAAJ,2026-09-27,"University of Florida, IHMC, UMD","[""Artificial Intelligence"", ""Natural Language Processing"", ""Machine Translation""]",14609,52,160,3561,23,53,1992,"{""1992"":36,""1993"":48,""1994"":95,""1995"":80,""1996"":105,""1997"":116,""1998"":161,""1999"":134,""2000"":166,""2001"":130,""2002"":211,""2003"":189,""2004"":220,""2005"":239,""2006"":265,""2007"":378,""2008"":418,""2009"":504,""2010"":588,""2011"":610,""2012"":703,""2013"":626,""2014"":703,""2015"":698,""2016"":703,""2017"":614,""2018"":679,""2019"":654,""2020"":684,""2021"":684,""2022"":636,""2023"":651,""2024"":618,""2025"":574,""2026"":395}"
Brian Neil Levine,https://scholar.google.com/citations?user=oHbIF48AAAAJ,2026-09-27,"Distinguished Professor, ACM Fellow, College of Information and Computer Sciences, UMass Amherst","[""networking"", ""security"", ""child abuse"", ""privacy"", ""digital forensics""]",21909,57,100,2389,24,46,1998,"{""1998"":86,""1999"":146,""2000"":159,""2001"":177,""2002"":260,""2003"":398,""2004"":557,""2005"":664,""2006"":701,""2007"":917,""2008"":1097,""2009"":1356,""2010"":1502,""2011"":1495,""2012"":1491,""2013"":1326,""2014"":1414,""2015"":1180,""2016"":1129,""2017"":934,""2018"":814,""2019"":751,""2020"":626,""2021"":573,""2022"":528,""2023"":416,""2024"":329,""2025"":325,""2026"":218}"
Cathy Wu,https://scholar.google.com/citations?user=eiRdbhsAAAAJ,2026-09-27,University of Delaware,"[""bioinformatics"", ""computational biology"", ""proteomics""]",99159,87,249,54640,49,141,2004,"{""2004"":514,""2005"":786,""2006"":1155,""2007"":1305,""2008"":1327,""2009"":1437,""2010"":1630,""2011"":1827,""2012"":2254,""2013"":2493,""2014"":2873,""2015"":3200,""2016"":3985,""2017"":4060,""2018"":4042,""2019"":4667,""2020"":5111,""2021"":6879,""2022"":8334,""2023"":9023,""2024"":9970,""2025"":11404,""2026"":8956}"
Chandra Narayanaswami,https://scholar.google.com/citations?user=jZUeVbcAAAAJ,2026-09-27,IBM TJ Watson Research Center,"[""ECommerce"", ""Big Data Analytics"", ""Mobile Computing""]",13841,58,166,3506,27,58,2001,"{""2001"":52,""2002"":125,""2003"":153,""2004"":205,""2005"":258,""2006"":313,""2007"":348,""2008"":328,""2009"":373,""2010"":465,""2011"":471,""2012"":566,""2013"":633,""2014"":752,""2015"":826,""2016"":748,""2017"":839,""2018"":818,""2019"":894,""2020"":841,""2021"":858,""2022"":796,""2023"":454,""2024"":551,""2025"":530,""2026"":316}"
Chenyang Lu,https://scholar.google.com/citations?user=tCq7Wx0AAAAJ,2026-09-27,"Fullgraf Professor, Washington University","[""AI in Medicine"", ""AI for Health"", ""Real-Time Systems"", ""Internet of Things"", ""Cyber-Physical Systems""]",29690,80,263,6784,40,147,2002,"{""2002"":155,""2003"":243,""2004"":498,""2005"":885,""2006"":1035,""2007"":1285,""2008"":1424,""2009"":1425,""2010"":1493,""2011"":1365,""2012"":1456,""2013"":1404,""2014"":1497,""2015"":1507,""2016"":1386,""2017"":1343,""2018"":1339,""2019"":1491,""2020"":1230,""2021"":1181,""2022"":1125,""2023"":1109,""2024"":1149,""2025"":1284,""2026"":925}"
Cormac Flanagan,https://scholar.google.com/citations?user=XkiApd4AAAAJ,2026-09-27,"Professor of Computer Science, University of California Santa Cruz","[""Programming Languages - Software Engineering""]",15927,55,110,2601,25,52,1997,"{""1997"":65,""1998"":74,""1999"":58,""2000"":91,""2001"":128,""2002"":202,""2003"":332,""2004"":443,""2005"":560,""2006"":572,""2007"":657,""2008"":690,""2009"":722,""2010"":816,""2011"":804,""2012"":851,""2013"":805,""2014"":789,""2015"":847,""2016"":774,""2017"":792,""2018"":772,""2019"":689,""2020"":527,""2021"":592,""2022"":422,""2023"":444,""2024"":417,""2025"":422,""2026"":304}"
Daniel J. Abadi,https://scholar.google.com/citations?user=zxeEF2gAAAAJ,2026-09-27,"Darnell-Kanal Professor of Computer Science, University of Maryland College Park","[""Database Systems""]",26254,56,79,5903,40,64,2004,"{""2004"":73,""2005"":171,""2006"":293,""2007"":363,""2008"":516,""2009"":742,""2010"":1133,""2011"":1369,""2012"":1566,""2013"":1800,""2014"":2118,""2015"":1960,""2016"":1825,""2017"":1635,""2018"":1683,""2019"":1481,""2020"":1272,""2021"":1175,""2022"":1104,""2023"":946,""2024"":953,""2025"":1023,""2026"":701}"
David Brooks,https://scholar.google.com/citations?user=vXHA_XYAAAAJ,2026-09-27,"Haley Family Professor of Computer Science, Harvard University","[""Computer Architecture""]",30901,73,227,14066,49,150,2001,"{""2001"":139,""2002"":263,""2003"":393,""2004"":406,""2005"":480,""2006"":592,""2007"":617,""2008"":860,""2009"":785,""2010"":959,""2011"":869,""2012"":1002,""2013"":964,""2014"":944,""2015"":1052,""2016"":1005,""2017"":1076,""2018"":1157,""2019"":1364,""2020"":1608,""2021"":1829,""2022"":2036,""2023"":2329,""2024"":2640,""2025"":3035,""2026"":2155}"
David Kotz,https://scholar.google.com/citations?user=s5QkqdcAAAAJ,2026-09-27,Dartmouth College,"[""security and privacy for IoT"", ""mobile health"", ""and wireless networks""]",27002,83,231,4334,37,99,1994,"{""1994"":67,""1995"":176,""1996"":395,""1997"":319,""1998"":372,""1999"":364,""2000"":476,""2001"":499,""2002"":682,""2003"":776,""2004"":874,""2005"":1107,""2006"":1170,""2007"":1126,""2008"":1115,""2009"":1224,""2010"":1295,""2011"":1168,""2012"":1227,""2013"":1112,""2014"":1134,""2015"":1070,""2016"":1000,""2017"":876,""2018"":895,""2019"":870,""2020"":776,""2021"":893,""2022"":865,""2023"":691,""2024"":738,""2025"":713,""2026"":430}"
David A. Maltz,https://scholar.google.com/citations?user=-YmsnYMAAAAJ,2026-09-27,"Technical Fellow, Microsoft","[""networking"", ""data centers"", ""AI infrastructure""]",70768,71,146,10728,41,83,1999,"{""1999"":309,""2000"":439,""2001"":861,""2002"":1456,""2003"":2145,""2004"":2669,""2005"":3010,""2006"":3084,""2007"":3004,""2008"":2858,""2009"":2936,""2010"":3350,""2011"":3213,""2012"":3403,""2013"":3577,""2014"":3715,""2015"":3557,""2016"":3629,""2017"":3108,""2018"":2913,""2019"":2929,""2020"":2593,""2021"":2431,""2022"":2223,""2023"":1657,""2024"":1598,""2025"":1764,""2026"":1054}"
Dieter Fox,https://scholar.google.com/citations?user=DqXsbPAAAAAJ,2026-09-27,University of Washington and AI2,"[""Robotics"", ""Artificial Intelligence"", ""Computer Vision""]",126575,158,434,54460,105,360,1999,"{""1999"":453,""2000"":548,""2001"":700,""2002"":1296,""2003"":1537,""2004"":1663,""2005"":2031,""2006"":2338,""2007"":2902,""2008"":3166,""2009"":3416,""2010"":3617,""2011"":3547,""2012"":3999,""2013"":4554,""2014"":4643,""2015"":4839,""2016"":4967,""2017"":4728,""2018"":4742,""2019"":5244,""2020"":5629,""2021"":6137,""2022"":6963,""2023"":7835,""2024"":9339,""2025"":12125,""2026"":11996}"
Filippo Menczer,https://scholar.google.com/citations?user=f_kGJwkAAAAJ,2026-09-27,"Luddy Distinguished Professor of Informatics and Computer Science, Indiana University","[""Misinformation"", ""Web Science"", ""Network Science"", ""Computational Social Science"", ""Social Media""]",52316,93,226,27706,63,137,2002,"{""2002"":170,""2003"":194,""2004"":273,""2005"":354,""2006"":371,""2007"":428,""2008"":537,""2009"":622,""2010"":691,""2011"":712,""2012"":887,""2013"":1063,""2014"":1298,""2015"":1366,""2016"":1631,""2017"":1981,""2018"":2687,""2019"":3606,""2020"":4394,""2021"":4748,""2022"":4608,""2023"":4514,""2024"":4717,""2025"":4976,""2026"":4103}"
Gordon Plotkin,https://scholar.google.com/citations?user=0KiEfGcAAAAJ,2026-09-27,"Laboratory for Foundations of Computer Science, School of Informatics, University of Edinburgh",[],33910,70,154,5371,37,71,1987,"{""1987"":243,""1988"":335,""1989"":357,""1990"":480,""1991"":580,""1992"":631,""1993"":842,""1994"":750,""1995"":744,""1996"":856,""1997"":775,""1998"":705,""1999"":758,""2000"":761,""2001"":708,""2002"":779,""2003"":817,""2004"":825,""2005"":946,""2006"":1023,""2007"":1154,""2008"":956,""2009"":1092,""2010"":958,""2011"":802,""2012"":897,""2013"":905,""2014"":869,""2015"":850,""2016"":738,""2017"":892,""2018"":783,""2019"":941,""2020"":917,""2021"":880,""2022"":875,""2023"":883,""2024"":940,""2025"":900,""2026"":893}"
Graham Cormode,https://scholar.google.com/citations?user=gpLVKmEAAAAJ,2026-09-27,University of Oxford,"[""Algorithms"", ""Data Analysis"", ""Hapax Legomenon"", ""Privacy""]",41127,79,207,24579,47,141,2004,"{""2004"":139,""2005"":198,""2006"":345,""2007"":441,""2008"":522,""2009"":610,""2010"":766,""2011"":850,""2012"":985,""2013"":1163,""2014"":1206,""2015"":1216,""2016"":1265,""2017"":1316,""2018"":1535,""2019"":1574,""2020"":1967,""2021"":2614,""2022"":3191,""2023"":3915,""2024"":4378,""2025"":5528,""2026"":4803}"
Haesun Park,https://scholar.google.com/citations?user=G6kA1CMAAAAJ,2026-09-27,"Regents' Professor of Computational Science and Engineering, Georgia Institute of Technology","[""Numerical Algorithms"", ""Data Analysis"", ""Visual Analytics"", ""Parallel Computing""]",21543,70,177,6028,37,90,1993,"{""1993"":62,""1994"":58,""1995"":78,""1996"":74,""1997"":75,""1998"":84,""1999"":56,""2000"":72,""2001"":64,""2002"":84,""2003"":110,""2004"":209,""2005"":242,""2006"":381,""2007"":391,""2008"":468,""2009"":532,""2010"":641,""2011"":755,""2012"":839,""2013"":968,""2014"":1089,""2015"":1210,""2016"":1223,""2017"":1339,""2018"":1390,""2019"":1324,""2020"":1336,""2021"":1326,""2022"":1139,""2023"":1059,""2024"":951,""2025"":1003,""2026"":550}"
Heng Tao SHEN,https://scholar.google.com/citations?user=krryaDkAAAAJ,2026-09-27,"Foreign Member of Academia Europaea, Fellow of ACM/IEEE/OSA, UESTC","[""Multimedia"", ""World Model"", ""Spatial Intelligence""]",45167,110,507,29995,88,439,2008,"{""2008"":137,""2009"":184,""2010"":257,""2011"":324,""2012"":385,""2013"":557,""2014"":576,""2015"":817,""2016"":1188,""2017"":1559,""2018"":2260,""2019"":2928,""2020"":3614,""2021"":3848,""2022"":4006,""2023"":4405,""2024"":5363,""2025"":6572,""2026"":5752}"
Holger Hoos,https://scholar.google.com/citations?user=l6c85tMAAAAJ,2026-09-27,"RWTH Aachen University, Germany • Leiden University, Netherlands • University of British Columbia","[""Artificial Intelligence"", ""Machine Learning"", ""Automated Reasoning"", ""Empirical Algorithmics"", ""Automated Algorithm Design""]",51245,92,240,21899,54,169,2001,"{""2001"":169,""2002"":276,""2003"":297,""2004"":537,""2005"":680,""2006"":934,""2007"":1106,""2008"":1285,""2009"":1350,""2010"":1457,""2011"":1435,""2012"":1584,""2013"":1756,""2014"":1975,""2015"":1765,""2016"":2004,""2017"":1972,""2018"":2460,""2019"":2754,""2020"":2680,""2021"":3422,""2022"":3759,""2023"":3659,""2024"":3774,""2025"":4160,""2026"":3105}"
Ihab F. Ilyas,https://scholar.google.com/citations?user=YG6mTEIAAAAJ,2026-09-27,University of Waterloo,"[""Database Systems"", ""Data Cleaning"", ""Data Integration"", ""Data Quality"", ""Knowledge Graphs""]",17484,65,145,7709,42,104,2004,"{""2004"":57,""2005"":122,""2006"":166,""2007"":222,""2008"":231,""2009"":384,""2010"":362,""2011"":471,""2012"":446,""2013"":532,""2014"":559,""2015"":645,""2016"":705,""2017"":874,""2018"":1230,""2019"":1094,""2020"":1484,""2021"":1181,""2022"":1321,""2023"":1339,""2024"":1395,""2025"":1470,""2026"":1000}"
James Allan,https://scholar.google.com/citations?user=-bLGeg0AAAAJ,2026-09-27,University of Massachusetts Amherst,"[""Information Retrieval""]",25004,75,219,4255,33,99,1995,"{""1995"":124,""1996"":152,""1997"":251,""1998"":297,""1999"":348,""2000"":418,""2001"":411,""2002"":425,""2003"":565,""2004"":661,""2005"":755,""2006"":776,""2007"":971,""2008"":1021,""2009"":1112,""2010"":1099,""2011"":1143,""2012"":1226,""2013"":1183,""2014"":1162,""2015"":1156,""2016"":1298,""2017"":1045,""2018"":1012,""2019"":903,""2020"":835,""2021"":869,""2022"":815,""2023"":752,""2024"":725,""2025"":650,""2026"":440}"
Jodi Forlizzi,https://scholar.google.com/citations?user=Hyhp_zUAAAAJ,2026-09-27,"Professor, HCI and School of Design","[""interaction design""]",40242,93,233,17993,66,186,2003,"{""2003"":115,""2004"":182,""2005"":232,""2006"":361,""2007"":433,""2008"":516,""2009"":778,""2010"":780,""2011"":951,""2012"":1075,""2013"":1343,""2014"":1567,""2015"":1780,""2016"":1849,""2017"":2049,""2018"":2322,""2019"":2497,""2020"":2754,""2021"":2918,""2022"":2885,""2023"":3075,""2024"":3087,""2025"":3229,""2026"":2793}"
John Canny,https://scholar.google.com/citations?user=LAv0HTEAAAAJ,2026-09-27,"University of California, Berkeley","[""HCI"", ""Ubicomp"", ""ICTD"", ""Data Mining"", ""Health Technologies""]",165284,99,269,60749,46,143,1990,"{""1990"":495,""1991"":540,""1992"":650,""1993"":778,""1994"":818,""1995"":995,""1996"":1040,""1997"":1367,""1998"":1378,""1999"":1412,""2000"":1694,""2001"":1787,""2002"":1878,""2003"":2322,""2004"":2603,""2005"":3189,""2006"":3425,""2007"":4044,""2008"":4056,""2009"":4441,""2010"":4809,""2011"":5030,""2012"":5361,""2013"":5514,""2014"":5394,""2015"":5458,""2016"":5503,""2017"":5488,""2018"":5757,""2019"":6578,""2020"":6761,""2021"":7534,""2022"":7592,""2023"":8488,""2024"":10861,""2025"":14789,""2026"":11478}"
Joost-Pieter Katoen,https://scholar.google.com/citations?user=yjjO5_oAAAAJ,2026-09-27,"Distinguished Professor of Computer Science, RWTH Aachen University and University of Twente","[""formal methods"", ""model checking"", ""concurrency theory"", ""probabilistic programming"", ""program verification""]",34396,83,274,12112,47,160,1998,"{""1998"":109,""1999"":107,""2000"":184,""2001"":196,""2002"":303,""2003"":393,""2004"":429,""2005"":421,""2006"":587,""2007"":586,""2008"":653,""2009"":875,""2010"":1078,""2011"":1227,""2012"":1339,""2013"":1478,""2014"":1621,""2015"":1713,""2016"":1572,""2017"":1620,""2018"":1818,""2019"":1815,""2020"":1697,""2021"":1860,""2022"":1942,""2023"":1937,""2024"":2334,""2025"":2222,""2026"":1812}"
Jose Meseguer,https://scholar.google.com/citations?user=KZFo7ZkAAAAJ,2026-09-27,"Professor of Computer Science, University of Illinois at Urbana-Champaign","[""Computer Science"", ""Mathematics"", ""Logic""]",40023,88,363,5797,32,127,1987,"{""1987"":258,""1988"":341,""1989"":417,""1990"":508,""1991"":563,""1992"":584,""1993"":465,""1994"":591,""1995"":546,""1996"":761,""1997"":591,""1998"":705,""1999"":778,""2000"":914,""2001"":661,""2002"":1014,""2003"":887,""2004"":939,""2005"":1302,""2006"":1106,""2007"":1757,""2008"":1325,""2009"":1521,""2010"":1463,""2011"":1390,""2012"":1590,""2013"":1057,""2014"":1525,""2015"":1636,""2016"":1032,""2017"":1125,""2018"":1351,""2019"":1195,""2020"":1192,""2021"":785,""2022"":1441,""2023"":885,""2024"":899,""2025"":1087,""2026"":688}"
Ken Thompson,https://scholar.google.com/citations?user=FsHMg9AAAAAJ,2026-09-27,Retired,"[""Computer Science""]",11723,29,42,1842,13,14,1987,"{""1987"":138,""1988"":140,""1989"":143,""1990"":122,""1991"":149,""1992"":139,""1993"":171,""1994"":153,""1995"":129,""1996"":108,""1997"":151,""1998"":152,""1999"":142,""2000"":167,""2001"":202,""2002"":252,""2003"":200,""2004"":295,""2005"":327,""2006"":284,""2007"":319,""2008"":312,""2009"":303,""2010"":331,""2011"":356,""2012"":347,""2013"":319,""2014"":371,""2015"":386,""2016"":330,""2017"":339,""2018"":348,""2019"":341,""2020"":262,""2021"":303,""2022"":338,""2023"":309,""2024"":296,""2025"":321,""2026"":274}"
Keshab K. Parhi,https://scholar.google.com/citations?user=G8RIjYMAAAAJ,2026-09-27,"University of Minnesota, Erwin A. Kelen Chair in Electrical Engineering","[""VLSI Signal Processing"", ""Artificial Intelligence"", ""Neuroengineering"", ""Quantum"", ""DNA Computing""]",30777,90,441,7787,40,169,1991,"{""1991"":120,""1992"":196,""1993"":266,""1994"":268,""1995"":270,""1996"":293,""1997"":306,""1998"":468,""1999"":451,""2000"":558,""2001"":487,""2002"":542,""2003"":553,""2004"":663,""2005"":835,""2006"":733,""2007"":795,""2008"":844,""2009"":799,""2010"":861,""2011"":774,""2012"":1002,""2013"":1060,""2014"":1149,""2015"":1192,""2016"":1279,""2017"":1243,""2018"":1488,""2019"":1454,""2020"":1546,""2021"":1435,""2022"":1474,""2023"":1385,""2024"":1319,""2025"":1263,""2026"":904}"
Kevin Leyton-Brown,https://scholar.google.com/citations?user=_4dnp0IAAAAJ,2026-09-27,"Professor, Computer Science, University of British Columbia; Canada CIFAR AI Chair","[""artificial intelligence"", ""machine learning"", ""game theory"", ""algorithms"", ""market design""]",35711,71,149,17490,50,114,2002,"{""2002"":89,""2003"":172,""2004"":231,""2005"":266,""2006"":277,""2007"":342,""2008"":351,""2009"":527,""2010"":649,""2011"":810,""2012"":821,""2013"":996,""2014"":1267,""2015"":1188,""2016"":1384,""2017"":1585,""2018"":1948,""2019"":2286,""2020"":2376,""2021"":2699,""2022"":2663,""2023"":2709,""2024"":3166,""2025"":3460,""2026"":2773}"
Kui Ren,https://scholar.google.com/citations?user=uuQA_rcAAAAJ,2026-09-27,"Professor and Dean of Computer Science, Zhejiang University, ACM/IEEE Fellow","[""Data Security & Privacy"", ""AI Security"", ""IoT & Vehicular Security""]",61106,113,463,28623,87,403,2008,"{""2008"":171,""2009"":214,""2010"":386,""2011"":747,""2012"":1269,""2013"":2036,""2014"":2969,""2015"":3456,""2016"":4124,""2017"":4374,""2018"":4103,""2019"":4092,""2020"":3941,""2021"":3775,""2022"":3933,""2023"":4208,""2024"":5225,""2025"":6630,""2026"":4790}"
Kun Zhou,https://scholar.google.com/citations?user=N-iYby0AAAAJ,2026-09-27,"Professor of Computer Science, Zhejiang University","[""Computer Graphics""]",19780,73,220,7870,48,153,2005,"{""2005"":106,""2006"":240,""2007"":377,""2008"":426,""2009"":562,""2010"":664,""2011"":740,""2012"":725,""2013"":749,""2014"":729,""2015"":827,""2016"":1026,""2017"":1022,""2018"":1145,""2019"":1141,""2020"":1192,""2021"":1226,""2022"":1186,""2023"":1174,""2024"":1356,""2025"":1599,""2026"":1325}"
Laurie Williams,https://scholar.google.com/citations?user=Cln2viUAAAAJ,2026-09-27,"North Carolina State University, Computer Science, Distinguished Univ Prof, IEEE Fellow, ACM Fellow","[""Software Engineering"", ""Software Security"", ""Agile Software Development"", ""Empirical Software Engineering""]",28134,84,278,10232,54,173,2001,"{""2001"":78,""2002"":179,""2003"":419,""2004"":441,""2005"":543,""2006"":636,""2007"":615,""2008"":735,""2009"":699,""2010"":1052,""2011"":888,""2012"":945,""2013"":1069,""2014"":1121,""2015"":1151,""2016"":1276,""2017"":1233,""2018"":1436,""2019"":1511,""2020"":1480,""2021"":1666,""2022"":1570,""2023"":1677,""2024"":1672,""2025"":1945,""2026"":1682}"
Leandros Tassiulas,https://scholar.google.com/citations?user=9qtgcZ8AAAAJ,2026-09-27,"Professor of Electrical Engineering, Yale University","[""Networking"", ""wireless communications"", ""sensor networks"", ""internet protocols and architectures"", ""stochastic optimization""]",38970,90,374,9404,40,157,1999,"{""1999"":113,""2000"":222,""2001"":319,""2002"":570,""2003"":727,""2004"":1021,""2005"":1352,""2006"":1427,""2007"":1465,""2008"":1564,""2009"":1519,""2010"":1592,""2011"":1553,""2012"":1683,""2013"":1670,""2014"":2044,""2015"":1730,""2016"":1887,""2017"":1818,""2018"":1669,""2019"":1565,""2020"":1414,""2021"":1403,""2022"":1374,""2023"":1446,""2024"":1694,""2025"":1985,""2026"":1476}"
Lionel Briand,https://scholar.google.com/citations?user=Zj897NoAAAAJ,2026-09-27,"Professor, EECS, University of Ottawa, Canada and Research Ireland Lero Centre, Ireland","[""computer science"", ""software engineering"", ""trustworthy AI"", ""software testing"", ""requirements engineering""]",45859,105,414,14247,61,262,1997,"{""1997"":183,""1998"":221,""1999"":337,""2000"":428,""2001"":593,""2002"":554,""2003"":745,""2004"":779,""2005"":929,""2006"":969,""2007"":1262,""2008"":1326,""2009"":1331,""2010"":1611,""2011"":1556,""2012"":1813,""2013"":1840,""2014"":2119,""2015"":1948,""2016"":2030,""2017"":2079,""2018"":2054,""2019"":1996,""2020"":1998,""2021"":2034,""2022"":2166,""2023"":2345,""2024"":2537,""2025"":2739,""2026"":2404}"
Lizy Kurian John,https://scholar.google.com/citations?user=YPu9rWUAAAAJ,2026-09-27,Truchard Foundation Chair and Professor at UT Austin ECE,"[""Performance Modeling"", ""Power Aware Computing"", ""Low Power Design"", ""Workload Characterization"", ""Computer Architecture""]",13404,58,227,3624,30,110,1999,"{""1999"":50,""2000"":87,""2001"":128,""2002"":185,""2003"":179,""2004"":205,""2005"":377,""2006"":372,""2007"":387,""2008"":390,""2009"":416,""2010"":471,""2011"":514,""2012"":579,""2013"":593,""2014"":643,""2015"":648,""2016"":604,""2017"":698,""2018"":712,""2019"":688,""2020"":631,""2021"":514,""2022"":543,""2023"":543,""2024"":658,""2025"":739,""2026"":623}"
Maja J Matarić,https://scholar.google.com/citations?user=o5YQMkMAAAAJ,2026-09-27,"Chan Soon-Shiong Distinguished Prof. of Computer Science, Neuroscience, & Pediatrics, U. of Southern","[""Robotics"", ""Socially Assistive Robotics"", ""Assistive Technologies"", ""Human-Robot Interaction""]",53678,114,387,14195,57,211,1994,"{""1994"":176,""1995"":223,""1996"":291,""1997"":420,""1998"":476,""1999"":519,""2000"":629,""2001"":745,""2002"":1040,""2003"":1200,""2004"":1607,""2005"":1498,""2006"":1748,""2007"":1808,""2008"":1830,""2009"":1982,""2010"":1902,""2011"":1811,""2012"":1942,""2013"":1991,""2014"":1934,""2015"":2013,""2016"":2052,""2017"":1982,""2018"":2101,""2019"":2306,""2020"":2169,""2021"":2216,""2022"":2240,""2023"":2241,""2024"":2407,""2025"":2863,""2026"":2216}"
Manish Parashar,https://scholar.google.com/citations?user=BGNzBsUAAAAJ,2026-09-27,"Presidential Professor, SCI Inst Exec Director and Chair in Computational Science and Engineering","[""Parallel and Distributed Computing"", ""Computational Science"", ""Data-intensive Computing""]",19429,68,345,4941,31,109,1997,"{""1997"":53,""1998"":86,""1999"":86,""2000"":104,""2001"":111,""2002"":162,""2003"":269,""2004"":409,""2005"":571,""2006"":671,""2007"":655,""2008"":616,""2009"":667,""2010"":695,""2011"":756,""2012"":843,""2013"":776,""2014"":848,""2015"":908,""2016"":899,""2017"":949,""2018"":938,""2019"":997,""2020"":1005,""2021"":1018,""2022"":886,""2023"":926,""2024"":843,""2025"":777,""2026"":488}"
Mary Beth Rosson,https://scholar.google.com/citations?user=1GUWOTEAAAAJ,2026-09-27,"Professor of Information Sciences & Technology, Pennsylvania State University","[""Human-computer interaction"", ""Computer Supported Cooperative Work"", ""End-User Development"", ""Educational Technology"", ""Human-Centered De""]",30637,80,262,6965,41,96,1989,"{""1989"":78,""1990"":112,""1991"":139,""1992"":137,""1993"":170,""1994"":179,""1995"":257,""1996"":201,""1997"":234,""1998"":269,""1999"":227,""2000"":294,""2001"":324,""2002"":433,""2003"":532,""2004"":597,""2005"":710,""2006"":772,""2007"":902,""2008"":890,""2009"":1089,""2010"":1153,""2011"":1121,""2012"":1149,""2013"":1355,""2014"":1365,""2015"":1272,""2016"":1366,""2017"":1354,""2018"":1387,""2019"":1378,""2020"":1336,""2021"":1271,""2022"":1319,""2023"":1172,""2024"":1223,""2025"":1092,""2026"":888}"
Mathieu Desbrun,https://scholar.google.com/citations?user=a8ZyGisAAAAJ,2026-09-27,Inria & Ecole Polytechnique,"[""Graphics"", ""discrete differential geometry"", ""discrete exterior calculus"", ""geometric mechanics""]",27396,75,156,6129,42,111,1999,"{""1999"":68,""2000"":126,""2001"":204,""2002"":379,""2003"":675,""2004"":842,""2005"":969,""2006"":1108,""2007"":1166,""2008"":1222,""2009"":1161,""2010"":1217,""2011"":1279,""2012"":1201,""2013"":1269,""2014"":1145,""2015"":1169,""2016"":1119,""2017"":1074,""2018"":1229,""2019"":1030,""2020"":1093,""2021"":995,""2022"":971,""2023"":935,""2024"":1022,""2025"":1178,""2026"":1025}"
Matthew Turk,https://scholar.google.com/citations?user=KltleWgAAAAJ,2026-09-27,UC Santa Barbara,"[""Computer Vision"", ""Human-Computer Interaction"", ""Augmented Reality"", ""Computational Photography"", ""Mobile""]",45847,64,146,6400,32,74,1993,"{""1993"":132,""1994"":176,""1995"":238,""1996"":256,""1997"":289,""1998"":409,""1999"":426,""2000"":530,""2001"":537,""2002"":753,""2003"":937,""2004"":1214,""2005"":1570,""2006"":1627,""2007"":1868,""2008"":1873,""2009"":2069,""2010"":2138,""2011"":2268,""2012"":2328,""2013"":2412,""2014"":2586,""2015"":2339,""2016"":2328,""2017"":2037,""2018"":1865,""2019"":1729,""2020"":1571,""2021"":1406,""2022"":1232,""2023"":1183,""2024"":977,""2025"":1023,""2026"":574}"
Meredith Ringel Morris,https://scholar.google.com/citations?user=eJsW6W8AAAAJ,2026-09-27,"Director, Post-AGI Interaction Research, Google DeepMind","[""Human-Centered AI"", ""Human-AI Interaction"", ""Human Computer Interaction"", ""Social Computing"", ""Accessibility""]",41917,97,224,25711,65,167,2005,"{""2005"":134,""2006"":313,""2007"":275,""2008"":381,""2009"":595,""2010"":860,""2011"":898,""2012"":1197,""2013"":1343,""2014"":1440,""2015"":1385,""2016"":1327,""2017"":1409,""2018"":1207,""2019"":1402,""2020"":1572,""2021"":1804,""2022"":2086,""2023"":3190,""2024"":4715,""2025"":6500,""2026"":7274}"
MIchael Zyda,https://scholar.google.com/citations?user=qPWq9YwAAAAJ,2026-09-27,"Emeritus Professor of Engineering Practice, University of Southern California","[""games"", ""virtual environments"", ""modeling and simulation"", ""artificial intelligence"", ""generative AI""]",14863,45,108,2313,17,31,1992,"{""1992"":42,""1993"":92,""1994"":89,""1995"":170,""1996"":275,""1997"":291,""1998"":257,""1999"":286,""2000"":444,""2001"":395,""2002"":405,""2003"":490,""2004"":549,""2005"":507,""2006"":521,""2007"":518,""2008"":439,""2009"":492,""2010"":433,""2011"":481,""2012"":603,""2013"":552,""2014"":588,""2015"":550,""2016"":526,""2017"":510,""2018"":603,""2019"":557,""2020"":447,""2021"":472,""2022"":486,""2023"":428,""2024"":385,""2025"":309,""2026"":232}"
Michael Rabin,https://scholar.google.com/citations?user=_UUtVF4AAAAJ,2026-09-27,"Professor, Harvard University",[],34682,61,129,6337,28,53,1987,"{""1987"":218,""1988"":248,""1989"":256,""1990"":298,""1991"":306,""1992"":280,""1993"":315,""1994"":391,""1995"":375,""1996"":359,""1997"":367,""1998"":431,""1999"":408,""2000"":438,""2001"":495,""2002"":517,""2003"":664,""2004"":727,""2005"":929,""2006"":1070,""2007"":982,""2008"":1030,""2009"":979,""2010"":1124,""2011"":1072,""2012"":1173,""2013"":1151,""2014"":1259,""2015"":1238,""2016"":1100,""2017"":1013,""2018"":1206,""2019"":1339,""2020"":1212,""2021"":1124,""2022"":1140,""2023"":1052,""2024"":1081,""2025"":1198,""2026"":742}"
Moni Naor,https://scholar.google.com/citations?user=stSUaHAAAAAJ,2026-09-27,"Professor of Computer Science, Weizmann Institute of Science","[""theoretical_computer_science"", ""cryptography"", ""differential_privacy""]",64877,100,221,14994,56,150,1994,"{""1994"":178,""1995"":216,""1996"":287,""1997"":373,""1998"":480,""1999"":620,""2000"":714,""2001"":986,""2002"":960,""2003"":1458,""2004"":1794,""2005"":2112,""2006"":2151,""2007"":2241,""2008"":2235,""2009"":2444,""2010"":2453,""2011"":2530,""2012"":2553,""2013"":2643,""2014"":2738,""2015"":2736,""2016"":2753,""2017"":2599,""2018"":2801,""2019"":2826,""2020"":2809,""2021"":2686,""2022"":2760,""2023"":2587,""2024"":2591,""2025"":2597,""2026"":1772}"
Moses Charikar,https://scholar.google.com/citations?user=zX3ba1kAAAAJ,2026-09-27,"Professor of Computer Science, Stanford University","[""Algorithms"", ""Theoretical Computer Science"", ""Theoretical Machine Learning""]",28215,69,147,9530,44,121,1999,"{""1999"":75,""2000"":112,""2001"":168,""2002"":185,""2003"":336,""2004"":364,""2005"":447,""2006"":555,""2007"":712,""2008"":775,""2009"":793,""2010"":888,""2011"":1006,""2012"":1047,""2013"":1101,""2014"":1217,""2015"":1267,""2016"":1305,""2017"":1343,""2018"":1539,""2019"":1554,""2020"":1576,""2021"":1641,""2022"":1532,""2023"":1533,""2024"":1547,""2025"":1715,""2026"":1559}"
Nachiappan Nagappan,https://scholar.google.com/citations?user=Nzx_7P8AAAAJ,2026-09-27,Facebook,"[""Software Reliability"", ""Productivity"", ""Software Analytics""]",24102,67,159,10270,50,121,2005,"{""2005"":86,""2006"":128,""2007"":195,""2008"":268,""2009"":385,""2010"":607,""2011"":748,""2012"":871,""2013"":1087,""2014"":1136,""2015"":1245,""2016"":1423,""2017"":1243,""2018"":1351,""2019"":1333,""2020"":1369,""2021"":1644,""2022"":1768,""2023"":1705,""2024"":1685,""2025"":1827,""2026"":1628}"
Nam Sung Kim,https://scholar.google.com/citations?user=iccBxJIAAAAJ,2026-09-27,"W.J. ‘Jerry’ Sanders III – AMD, Inc. Endowed Chair Professor and Fellow of ACM/IEEE","[""Computer Architecture"", ""Digital Design"", ""Electronic Design Automation"", ""Low-power design""]",20633,65,205,8881,46,135,2003,"{""2003"":76,""2004"":194,""2005"":267,""2006"":290,""2007"":383,""2008"":422,""2009"":419,""2010"":522,""2011"":604,""2012"":586,""2013"":761,""2014"":830,""2015"":967,""2016"":987,""2017"":1021,""2018"":1093,""2019"":1081,""2020"":1112,""2021"":1156,""2022"":1328,""2023"":1270,""2024"":1510,""2025"":2017,""2026"":1593}"
Nick Duffield,https://scholar.google.com/citations?user=hrQOcZcAAAAJ,2026-09-27,"Director, Texas A&M Institute of Data Science; Royce E. Wisenbaker Professorship I in ECE","[""Network Measurement"", ""Sampling"", ""Network Tomography"", ""Online Social Networks"", ""Big Data Analytics""]",22049,74,215,4339,32,108,1995,"{""1995"":77,""1996"":90,""1997"":140,""1998"":143,""1999"":229,""2000"":288,""2001"":352,""2002"":509,""2003"":652,""2004"":665,""2005"":846,""2006"":864,""2007"":1012,""2008"":927,""2009"":1013,""2010"":978,""2011"":1028,""2012"":870,""2013"":883,""2014"":864,""2015"":801,""2016"":731,""2017"":860,""2018"":844,""2019"":813,""2020"":872,""2021"":911,""2022"":790,""2023"":661,""2024"":716,""2025"":734,""2026"":522}"
Nicholas J. Higham,https://scholar.google.com/citations?user=EYlMkOgAAAAJ,2026-09-27,"Royal Society Research Prof, Richardson Prof of Applied Mathematics, University of Manchester","[""Mathematics"", ""applied mathematics"", ""Numerical analysis"", ""Numerical linear algebra"", ""Mathematical software""]",40437,93,232,15359,57,173,1992,"{""1992"":138,""1993"":174,""1994"":152,""1995"":182,""1996"":175,""1997"":280,""1998"":298,""1999"":278,""2000"":328,""2001"":416,""2002"":533,""2003"":452,""2004"":461,""2005"":651,""2006"":768,""2007"":767,""2008"":812,""2009"":907,""2010"":1046,""2011"":1206,""2012"":1138,""2013"":1435,""2014"":1498,""2015"":1438,""2016"":1598,""2017"":1569,""2018"":1849,""2019"":1697,""2020"":1945,""2021"":2189,""2022"":2398,""2023"":2277,""2024"":2616,""2025"":2961,""2026"":2903}"
Olga Sorkine-Hornung,https://scholar.google.com/citations?user=GBU568oAAAAJ,2026-09-27,"Professor of Computer Science, ETH Zurich","[""computer graphics"", ""geometry processing"", ""discrete differential geometry"", ""geometric modeling"", ""digital fabrication""]",26465,79,168,11543,54,142,2005,"{""2005"":125,""2006"":270,""2007"":355,""2008"":387,""2009"":521,""2010"":640,""2011"":801,""2012"":858,""2013"":1004,""2014"":1097,""2015"":1183,""2016"":1436,""2017"":1281,""2018"":1448,""2019"":1419,""2020"":1697,""2021"":1800,""2022"":1858,""2023"":1834,""2024"":2145,""2025"":2274,""2026"":1627}"
Olga Troyanskaya,https://scholar.google.com/citations?user=PjCDBjIAAAAJ,2026-09-27,"Princeton University and Flatiron Institute, Simons Foundation","[""bioinformatics"", ""genomics"", ""machine learning"", ""computational biology""]",39596,83,175,17016,55,136,2002,"{""2002"":113,""2003"":222,""2004"":454,""2005"":566,""2006"":698,""2007"":774,""2008"":1008,""2009"":1043,""2010"":1239,""2011"":1387,""2012"":1366,""2013"":1417,""2014"":1333,""2015"":1367,""2016"":1560,""2017"":1535,""2018"":1820,""2019"":2082,""2020"":2272,""2021"":2883,""2022"":2967,""2023"":2679,""2024"":2907,""2025"":2985,""2026"":2575}"
Patrick Cousot,https://scholar.google.com/citations?user=mhlvI8wAAAAJ,2026-09-27,"Professor of Computer Science, Courant Institute of Mathematical Sciences, New York University","[""Abstract Interpretation"", ""Semantics"", ""Verification"", ""Formal methods""]",31317,57,118,5903,31,68,1991,"{""1991"":95,""1992"":238,""1993"":235,""1994"":325,""1995"":351,""1996"":397,""1997"":456,""1998"":445,""1999"":432,""2000"":560,""2001"":531,""2002"":703,""2003"":592,""2004"":870,""2005"":1076,""2006"":921,""2007"":1217,""2008"":1170,""2009"":1078,""2010"":1309,""2011"":1138,""2012"":1401,""2013"":1269,""2014"":1290,""2015"":1374,""2016"":906,""2017"":1194,""2018"":1062,""2019"":1100,""2020"":904,""2021"":1016,""2022"":837,""2023"":1205,""2024"":987,""2025"":995,""2026"":859}"
Paul Resnick,https://scholar.google.com/citations?user=SftrEEMAAAAJ,2026-09-27,University of Michigan,"[""social computing"", ""recommender systems"", ""reputation systems"", ""online communities""]",42153,62,124,9273,39,78,1997,"{""1997"":133,""1998"":187,""1999"":266,""2000"":310,""2001"":438,""2002"":568,""2003"":782,""2004"":958,""2005"":1190,""2006"":1308,""2007"":1526,""2008"":1594,""2009"":1717,""2010"":1817,""2011"":1805,""2012"":1921,""2013"":1998,""2014"":1944,""2015"":2027,""2016"":1967,""2017"":1978,""2018"":1891,""2019"":1866,""2020"":1815,""2021"":1714,""2022"":1637,""2023"":1477,""2024"":1509,""2025"":1566,""2026"":1364}"
Peter Stone,https://scholar.google.com/citations?user=qnwjcfAAAAAJ,2026-09-27,"Professor of Computer Science, The University of Texas at Austin","[""Artificial Intelligence"", ""Machine Learning"", ""Reinforcement Learning"", ""Multiagent Systems"", ""Robotics""]",70682,122,608,38187,85,392,1998,"{""1998"":244,""1999"":265,""2000"":409,""2001"":486,""2002"":506,""2003"":635,""2004"":661,""2005"":850,""2006"":1024,""2007"":1151,""2008"":1153,""2009"":1226,""2010"":1196,""2011"":1302,""2012"":1318,""2013"":1424,""2014"":1558,""2015"":1669,""2016"":1880,""2017"":2268,""2018"":2831,""2019"":3455,""2020"":4010,""2021"":4620,""2022"":5025,""2023"":5763,""2024"":6734,""2025"":8337,""2026"":7644}"
Prakash Panangaden,https://scholar.google.com/citations?user=IROzEKQAAAAJ,2026-09-27,"Professor of Computer Science, McGill University","[""Semantics"", ""probabilistic systems"", ""verification"", ""machine learning"", ""quantum information theory""]",13310,54,141,3385,26,68,1987,"{""1987"":68,""1988"":103,""1989"":120,""1990"":149,""1991"":139,""1992"":179,""1993"":194,""1994"":211,""1995"":196,""1996"":198,""1997"":190,""1998"":228,""1999"":216,""2000"":185,""2001"":204,""2002"":199,""2003"":277,""2004"":257,""2005"":314,""2006"":314,""2007"":350,""2008"":319,""2009"":371,""2010"":377,""2011"":385,""2012"":459,""2013"":361,""2014"":484,""2015"":408,""2016"":405,""2017"":462,""2018"":373,""2019"":435,""2020"":369,""2021"":436,""2022"":508,""2023"":536,""2024"":609,""2025"":659,""2026"":637}"
Radhika Nagpal,https://scholar.google.com/citations?user=a3ZGDsoAAAAJ,2026-09-27,Harvard University,"[""Artificial Intelligence"", ""Robotics"", ""Bio-inspired Computing"", ""Systems Biology""]",16872,60,121,5947,35,83,2001,"{""2001"":45,""2002"":86,""2003"":101,""2004"":170,""2005"":191,""2006"":283,""2007"":347,""2008"":398,""2009"":419,""2010"":423,""2011"":540,""2012"":536,""2013"":539,""2014"":693,""2015"":813,""2016"":884,""2017"":976,""2018"":1059,""2019"":1150,""2020"":1052,""2021"":1024,""2022"":1055,""2023"":1042,""2024"":1021,""2025"":1065,""2026"":737}"
Ran Canetti,https://scholar.google.com/citations?user=-PWcE1YAAAAJ,2026-09-27,"Professor of Computer Science, Boston University","[""computer science""]",54547,96,210,15312,57,145,1997,"{""1997"":137,""1998"":181,""1999"":348,""2000"":483,""2001"":583,""2002"":726,""2003"":1128,""2004"":1275,""2005"":1733,""2006"":1930,""2007"":1965,""2008"":2033,""2009"":2086,""2010"":2175,""2011"":1917,""2012"":1948,""2013"":2194,""2014"":2280,""2015"":2280,""2016"":2229,""2017"":2091,""2018"":2074,""2019"":2224,""2020"":2593,""2021"":2357,""2022"":2647,""2023"":2506,""2024"":2702,""2025"":3033,""2026"":2063}"
Ravi Kumar,https://scholar.google.com/citations?user=J_XhIsgAAAAJ,2026-09-27,Google,"[""Algorithms for massive data"", ""ML/privacy"", ""Theory of computation""]",65570,98,268,18751,62,185,1999,"{""1999"":163,""2000"":324,""2001"":552,""2002"":795,""2003"":1013,""2004"":1321,""2005"":1592,""2006"":1734,""2007"":2086,""2008"":2306,""2009"":2509,""2010"":2919,""2011"":2960,""2012"":3063,""2013"":3101,""2014"":3316,""2015"":3036,""2016"":2972,""2017"":2611,""2018"":2741,""2019"":2505,""2020"":2348,""2021"":2291,""2022"":2304,""2023"":2340,""2024"":2386,""2025"":3379,""2026"":6041}"
Remzi Arpaci-Dusseau,https://scholar.google.com/citations?user=C1skWKgAAAAJ,2026-09-27,University of Wisconsin-Madison,"[""Operating Systems""]",18252,70,152,6024,40,83,1995,"{""1995"":64,""1996"":162,""1997"":225,""1998"":274,""1999"":306,""2000"":281,""2001"":196,""2002"":257,""2003"":247,""2004"":321,""2005"":370,""2006"":313,""2007"":411,""2008"":428,""2009"":432,""2010"":435,""2011"":532,""2012"":478,""2013"":486,""2014"":567,""2015"":589,""2016"":719,""2017"":813,""2018"":866,""2019"":1044,""2020"":1114,""2021"":1067,""2022"":1006,""2023"":971,""2024"":1009,""2025"":1126,""2026"":841}"
Rick Stevens,https://scholar.google.com/citations?user=2oSSsLYAAAAJ,2026-09-27,"Professor of Computer Science, University of Chicago","[""HPC"", ""Bioinformatics"", ""Distributed Computing"", ""Visualization"", ""Collaboration""]",58554,73,203,26908,47,126,2002,"{""2002"":152,""2003"":145,""2004"":185,""2005"":264,""2006"":273,""2007"":396,""2008"":421,""2009"":584,""2010"":761,""2011"":1032,""2012"":1637,""2013"":1719,""2014"":2159,""2015"":2637,""2016"":3088,""2017"":3359,""2018"":3267,""2019"":3701,""2020"":4209,""2021"":4732,""2022"":4676,""2023"":4570,""2024"":4572,""2025"":4782,""2026"":3550}"
Sam H. Noh,https://scholar.google.com/citations?user=i5lr8uEAAAAJ,2026-09-27,"Professor of Computer Science, Virginia Tech","[""Systems Software"", ""Operating Systems"", ""File Systems"", ""Storage Systems""]",8213,39,85,2693,23,42,2000,"{""2000"":35,""2001"":32,""2002"":68,""2003"":84,""2004"":131,""2005"":150,""2006"":153,""2007"":162,""2008"":197,""2009"":303,""2010"":333,""2011"":274,""2012"":299,""2013"":340,""2014"":377,""2015"":406,""2016"":392,""2017"":382,""2018"":395,""2019"":414,""2020"":473,""2021"":511,""2022"":468,""2023"":420,""2024"":393,""2025"":513,""2026"":385}"
Samuel Madden,https://scholar.google.com/citations?user=a1ngrCIAAAAJ,2026-09-27,MIT,"[""Computer Systems"", ""Database Systems"", ""Data Management"", ""Mobile Computing"", ""Distributed Systems""]",69186,119,318,16734,73,235,2003,"{""2003"":485,""2004"":857,""2005"":1310,""2006"":1709,""2007"":1921,""2008"":2334,""2009"":2728,""2010"":3099,""2011"":3257,""2012"":3417,""2013"":3840,""2014"":4114,""2015"":4157,""2016"":3962,""2017"":3820,""2018"":3844,""2019"":3433,""2020"":3208,""2021"":3062,""2022"":2870,""2023"":2744,""2024"":2798,""2025"":3037,""2026"":2215}"
Sanjay Ghemawat,https://scholar.google.com/citations?user=0KF6ZC8AAAAJ,2026-09-27,Google,"[""Distributed systems"", ""Profiling tools"", ""Memory management"", ""Storage systems""]",175801,66,129,89082,39,85,2007,"{""2007"":524,""2008"":988,""2009"":1738,""2010"":2883,""2011"":3730,""2012"":4419,""2013"":5671,""2014"":6135,""2015"":6608,""2016"":6573,""2017"":7813,""2018"":10818,""2019"":12591,""2020"":12705,""2021"":12847,""2022"":12087,""2023"":12259,""2024"":15504,""2025"":20120,""2026"":16163}"
Sanjit A. Seshia,https://scholar.google.com/citations?user=SlZavnIAAAAJ,2026-09-27,"Professor of EECS, University of California, Berkeley","[""Formal Methods"", ""Design Automation"", ""Cyber-Physical Systems"", ""Artificial Intelligence"", ""Computer Security""]",31792,79,242,16952,56,170,2004,"{""2004"":117,""2005"":163,""2006"":191,""2007"":186,""2008"":254,""2009"":269,""2010"":344,""2011"":432,""2012"":463,""2013"":639,""2014"":761,""2015"":1061,""2016"":1158,""2017"":1584,""2018"":1990,""2019"":2221,""2020"":2426,""2021"":2667,""2022"":2887,""2023"":2872,""2024"":2941,""2025"":2988,""2026"":2586}"
Scott Mahlke,https://scholar.google.com/citations?user=-XpZ4fgAAAAJ,2026-09-27,"Professor, Electrical Engineering and Computer Science Dept., University of Michigan","[""Computer Architecture"", ""Compilers""]",21580,80,239,3867,32,84,1992,"{""1992"":61,""1993"":123,""1994"":153,""1995"":213,""1996"":234,""1997"":258,""1998"":304,""1999"":283,""2000"":365,""2001"":327,""2002"":327,""2003"":362,""2004"":404,""2005"":466,""2006"":477,""2007"":544,""2008"":584,""2009"":697,""2010"":769,""2011"":957,""2012"":879,""2013"":1105,""2014"":1071,""2015"":1138,""2016"":1158,""2017"":988,""2018"":1177,""2019"":1064,""2020"":966,""2021"":952,""2022"":820,""2023"":610,""2024"":597,""2025"":563,""2026"":325}"
Sethuraman Panchanathan,https://scholar.google.com/citations?user=GKTKZ8kAAAAJ,2026-09-27,"Professor of Computer Science and Engineering, Arizona State University","[""Multimedia"", ""image compression"", ""haptic interfaces"", ""assistive technologies"", ""compressed domain indexing""]",14818,50,194,5927,23,60,1996,"{""1996"":54,""1997"":81,""1998"":126,""1999"":166,""2000"":188,""2001"":200,""2002"":236,""2003"":251,""2004"":244,""2005"":276,""2006"":291,""2007"":267,""2008"":343,""2009"":333,""2010"":391,""2011"":374,""2012"":452,""2013"":416,""2014"":533,""2015"":448,""2016"":471,""2017"":484,""2018"":582,""2019"":685,""2020"":758,""2021"":932,""2022"":977,""2023"":1165,""2024"":1154,""2025"":1058,""2026"":640}"
Shuicheng Yan,https://scholar.google.com/citations?user=DNuiPHwAAAAJ,2026-09-27,"National University of Singapore | Professor, Incubation Advisor","[""AGI Being"", ""Agent"", ""Embodied AI"", ""Video Generation""]",137970,168,949,70584,116,610,2007,"{""2007"":472,""2008"":823,""2009"":1143,""2010"":1723,""2011"":2122,""2012"":2748,""2013"":3566,""2014"":4371,""2015"":5239,""2016"":6537,""2017"":7513,""2018"":8966,""2019"":10172,""2020"":10292,""2021"":11264,""2022"":10972,""2023"":11211,""2024"":11980,""2025"":13888,""2026"":11203}"
Srinivas Aluru,https://scholar.google.com/citations?user=YOGOScoAAAAJ,2026-09-27,"Regents' Professor and Senior Associate Dean, College of Computing, Georgia Tech","[""High performance Computing"", ""AI4Science"", ""Data Science"", ""Computational Biology""]",24677,55,120,14273,29,53,2004,"{""2004"":98,""2005"":154,""2006"":223,""2007"":241,""2008"":218,""2009"":338,""2010"":451,""2011"":591,""2012"":728,""2013"":775,""2014"":828,""2015"":855,""2016"":798,""2017"":805,""2018"":801,""2019"":983,""2020"":1139,""2021"":1472,""2022"":1779,""2023"":2241,""2024"":2664,""2025"":3156,""2026"":2956}"
Steve Gribble,https://scholar.google.com/citations?user=7CohtIMAAAAJ,2026-09-27,Distinguished software engineer at google,"[""Networking"", ""Operating Systems"", ""Distributed Systems"", ""Systems Security""]",23085,64,98,2556,25,44,1998,"{""1998"":158,""1999"":264,""2000"":309,""2001"":448,""2002"":640,""2003"":951,""2004"":1299,""2005"":1480,""2006"":1505,""2007"":1377,""2008"":1393,""2009"":1367,""2010"":1263,""2011"":1153,""2012"":951,""2013"":942,""2014"":853,""2015"":779,""2016"":725,""2017"":676,""2018"":553,""2019"":533,""2020"":523,""2021"":498,""2022"":411,""2023"":449,""2024"":448,""2025"":434,""2026"":316}"
Steven H. Low,https://scholar.google.com/citations?user=4BrebIYAAAAJ,2026-09-27,"Gilloon Professor of Computing+Mathematical Sciences, Electrical Engineering, Caltech","[""power systems"", ""smart grid"", ""control"", ""computer networks"", ""performance evaluation""]",54724,103,284,17240,60,173,1999,"{""1999"":151,""2000"":203,""2001"":317,""2002"":567,""2003"":878,""2004"":1246,""2005"":1377,""2006"":1695,""2007"":1638,""2008"":1760,""2009"":1663,""2010"":1650,""2011"":1584,""2012"":1703,""2013"":1987,""2014"":2246,""2015"":2320,""2016"":2473,""2017"":2684,""2018"":2646,""2019"":2904,""2020"":2868,""2021"":3104,""2022"":3027,""2023"":2887,""2024"":2856,""2025"":3018,""2026"":2318}"
Steven Salzberg,https://scholar.google.com/citations?user=sUVeH-4AAAAJ,2026-09-27,"Bloomberg Distinguished Professor, Johns Hopkins University","[""Computational Biology"", ""Genomics"", ""Bioinformatics"", ""Metagenomics"", ""Biomedical Data Science""]",435416,171,371,195278,105,282,2000,"{""2000"":1296,""2001"":3237,""2002"":4395,""2003"":5098,""2004"":5707,""2005"":5505,""2006"":5712,""2007"":5903,""2008"":5843,""2009"":6230,""2010"":6629,""2011"":8159,""2012"":9807,""2013"":11482,""2014"":14004,""2015"":16151,""2016"":18521,""2017"":21396,""2018"":23107,""2019"":26812,""2020"":29048,""2021"":33069,""2022"":33891,""2023"":32678,""2024"":33134,""2025"":35657,""2026"":26755}"
Suman Banerjee,https://scholar.google.com/citations?user=cLb-v7gAAAAJ,2026-09-27,UW-Madison,"[""Mobile and wireless networking""]",21809,68,208,3915,28,92,2002,"{""2002"":103,""2003"":282,""2004"":595,""2005"":870,""2006"":954,""2007"":1052,""2008"":1173,""2009"":1177,""2010"":1270,""2011"":1109,""2012"":1198,""2013"":1080,""2014"":1105,""2015"":1141,""2016"":991,""2017"":925,""2018"":819,""2019"":852,""2020"":777,""2021"":770,""2022"":748,""2023"":660,""2024"":616,""2025"":662,""2026"":458}"
Susanne Hambrusch,https://scholar.google.com/citations?user=5k0KS3UAAAAJ,2026-09-27,"Professor, Purdue University","[""Computer science education"", ""Algorithms""]",6612,34,69,2180,15,23,1987,"{""1987"":27,""1988"":49,""1989"":47,""1990"":47,""1991"":62,""1992"":48,""1993"":56,""1994"":51,""1995"":53,""1996"":50,""1997"":62,""1998"":43,""1999"":31,""2000"":30,""2001"":23,""2002"":42,""2003"":97,""2004"":161,""2005"":180,""2006"":188,""2007"":187,""2008"":199,""2009"":223,""2010"":195,""2011"":175,""2012"":151,""2013"":188,""2014"":161,""2015"":143,""2016"":142,""2017"":216,""2018"":265,""2019"":307,""2020"":360,""2021"":371,""2022"":390,""2023"":397,""2024"":416,""2025"":387,""2026"":219}"
Sven Koenig,https://scholar.google.com/citations?user=tpoh43QAAAAJ,2026-09-27,"Chancellor's Professor and Bren Chair, UC Irvine","[""Heuristic Search"", ""Automated Planning"", ""Autonomous Systems"", ""Intelligent Agents""]",31805,88,269,16371,60,170,1997,"{""1997"":99,""1998"":146,""1999"":169,""2000"":156,""2001"":201,""2002"":231,""2003"":290,""2004"":268,""2005"":370,""2006"":459,""2007"":536,""2008"":590,""2009"":647,""2010"":707,""2011"":747,""2012"":737,""2013"":874,""2014"":767,""2015"":822,""2016"":956,""2017"":1097,""2018"":1146,""2019"":1408,""2020"":1562,""2021"":2027,""2022"":2345,""2023"":2504,""2024"":2978,""2025"":3627,""2026"":2876}"
Thomas Eiter,https://scholar.google.com/citations?user=X1L03cIAAAAJ,2026-09-27,Vienna University of Technology (TU Wien),"[""knowledge representation and reasoning"", ""declarative problem solving"", ""artificial intelligence"", ""computational logic""]",26685,76,286,5585,32,111,1994,"{""1994"":72,""1995"":71,""1996"":100,""1997"":190,""1998"":156,""1999"":232,""2000"":295,""2001"":435,""2002"":471,""2003"":602,""2004"":687,""2005"":751,""2006"":943,""2007"":1200,""2008"":1154,""2009"":1006,""2010"":1094,""2011"":1118,""2012"":1043,""2013"":1111,""2014"":1218,""2015"":1126,""2016"":1200,""2017"":1019,""2018"":1071,""2019"":1146,""2020"":1022,""2021"":857,""2022"":881,""2023"":1023,""2024"":987,""2025"":1089,""2026"":743}"
Toby Walsh,https://scholar.google.com/citations?user=oOQ6x0IAAAAJ,2026-09-27,"Professor, UNSW and CSIRO Data61","[""AI"", ""Constraints"", ""Satisfiability"", ""Optimisation"", ""Computational Social Choice""]",33627,85,367,11367,45,179,1995,"{""1995"":120,""1996"":194,""1997"":185,""1998"":143,""1999"":240,""2000"":289,""2001"":327,""2002"":312,""2003"":497,""2004"":557,""2005"":610,""2006"":695,""2007"":785,""2008"":832,""2009"":935,""2010"":1023,""2011"":1307,""2012"":1170,""2013"":1229,""2014"":1390,""2015"":1322,""2016"":1499,""2017"":1462,""2018"":1407,""2019"":1438,""2020"":1569,""2021"":1541,""2022"":1625,""2023"":1846,""2024"":1924,""2025"":2192,""2026"":2179}"
Volker Markl,https://scholar.google.com/citations?user=el2k_oIAAAAJ,2026-09-27,Technische Universität Berlin / BIFOLD / DFKI,"[""Database Systems"", ""Data Management"", ""Big Data"", ""Programming Models"", ""Query Processing""]",18248,67,223,9186,41,157,2002,"{""2002"":70,""2003"":95,""2004"":111,""2005"":134,""2006"":133,""2007"":159,""2008"":229,""2009"":343,""2010"":290,""2011"":345,""2012"":360,""2013"":414,""2014"":501,""2015"":601,""2016"":771,""2017"":841,""2018"":1022,""2019"":1074,""2020"":1324,""2021"":1391,""2022"":1364,""2023"":1527,""2024"":1558,""2025"":1920,""2026"":1415}"
Wang Yi,https://scholar.google.com/citations?user=_ynjrUUAAAAJ,2026-09-27,"Professor of Embedded Systems, Uppsala University","[""Computer Science"", ""Real-Time Systems"", ""Embedded Systems"", ""Formal Methods"", ""Verification""]",18589,67,173,3998,29,97,1993,"{""1993"":54,""1994"":49,""1995"":92,""1996"":96,""1997"":149,""1998"":172,""1999"":244,""2000"":286,""2001"":235,""2002"":364,""2003"":444,""2004"":493,""2005"":478,""2006"":557,""2007"":603,""2008"":563,""2009"":639,""2010"":674,""2011"":721,""2012"":681,""2013"":863,""2014"":872,""2015"":889,""2016"":891,""2017"":828,""2018"":864,""2019"":849,""2020"":701,""2021"":687,""2022"":750,""2023"":680,""2024"":751,""2025"":658,""2026"":471}"
Wei Wang,https://scholar.google.com/citations?user=08CVzE8AAAAJ,2026-09-27,"Leonard Kleinrock Professor in Computer Science, UCLA","[""Data Mining"", ""Machine Learning"", ""Natural Language Processing"", ""AI for Science""]",136288,136,2070,60613,94,1402,2003,"{""2003"":358,""2004"":622,""2005"":948,""2006"":1246,""2007"":1415,""2008"":1629,""2009"":1910,""2010"":2241,""2011"":2625,""2012"":3297,""2013"":3816,""2014"":4726,""2015"":5577,""2016"":6438,""2017"":7206,""2018"":8620,""2019"":10202,""2020"":11039,""2021"":11740,""2022"":11530,""2023"":10415,""2024"":9959,""2025"":10379,""2026"":6577}"
Wil van der Aalst,https://scholar.google.com/citations?user=aSZYyxIAAAAJ,2026-09-27,"Professor of Process and Data Science, RWTH Aachen University || Celonis || Fraunhofer FIT || TU/e","[""Business Process Management"", ""Data Science"", ""Process Mining"", ""Petri nets"", ""Information Systems""]",181063,192,1149,63531,101,745,2002,"{""2002"":813,""2003"":1216,""2004"":1762,""2005"":2557,""2006"":3521,""2007"":4648,""2008"":5216,""2009"":6115,""2010"":6136,""2011"":7031,""2012"":8697,""2013"":7733,""2014"":7491,""2015"":7910,""2016"":8503,""2017"":7602,""2018"":9095,""2019"":8391,""2020"":8218,""2021"":8637,""2022"":9245,""2023"":10280,""2024"":11757,""2025"":12576,""2026"":10734}"
Xuelong LI 李学龙,https://scholar.google.com/citations?user=ahUibskAAAAJ,2026-09-27,"中国电信人工智能研究院 (TeleAI, China Telecom)","[""AI"", ""imaging & image processing"", ""AI Flow""]",102280,156,897,61342,117,807,2008,"{""2008"":379,""2009"":651,""2010"":831,""2011"":930,""2012"":1068,""2013"":1725,""2014"":2105,""2015"":3109,""2016"":4242,""2017"":4640,""2018"":5900,""2019"":7081,""2020"":7660,""2021"":8662,""2022"":9339,""2023"":9982,""2024"":10895,""2025"":12866,""2026"":9541}"
Yao-Wen Chang,https://scholar.google.com/citations?user=qKJ_7jAAAAAJ,2026-09-27,National Taiwan University,"[""electronic design automation"", ""computer-aided design"", ""VLSI design"", ""FPGA""]",13203,58,271,4392,30,135,2000,"{""2000"":42,""2001"":48,""2002"":106,""2003"":159,""2004"":182,""2005"":258,""2006"":345,""2007"":328,""2008"":490,""2009"":478,""2010"":537,""2011"":539,""2012"":546,""2013"":519,""2014"":612,""2015"":620,""2016"":564,""2017"":601,""2018"":557,""2019"":452,""2020"":601,""2021"":557,""2022"":715,""2023"":696,""2024"":792,""2025"":1038,""2026"":593}"
Yiran Chen,https://scholar.google.com/citations?user=3G-nnjMAAAAJ,2026-09-27,"John Cocke Distinguished Professor of Electrical and Computer Engineering, Duke University","[""memory"", ""neuromorphic"", ""machine learning systems""]",44935,102,520,29216,82,373,2010,"{""2010"":184,""2011"":298,""2012"":445,""2013"":626,""2014"":864,""2015"":1138,""2016"":1393,""2017"":1836,""2018"":2012,""2019"":2734,""2020"":3730,""2021"":4247,""2022"":4832,""2023"":4913,""2024"":5181,""2025"":5628,""2026"":4390}"
Yufei Tao,https://scholar.google.com/citations?user=3FmJBHkAAAAJ,2026-09-27,Chinese University of Hong Kong,"[""Small-and-Sweet Algorithms""]",22901,72,146,3589,30,84,2002,"{""2002"":67,""2003"":148,""2004"":285,""2005"":532,""2006"":745,""2007"":800,""2008"":1178,""2009"":1422,""2010"":1496,""2011"":1337,""2012"":1406,""2013"":1427,""2014"":1396,""2015"":1466,""2016"":1284,""2017"":1158,""2018"":1066,""2019"":1000,""2020"":875,""2021"":781,""2022"":711,""2023"":602,""2024"":621,""2025"":556,""2026"":318}"
Brad Calder,https://scholar.google.com/citations?user=ToaGb5YAAAAJ,2026-09-27,Google,[],24570,78,168,5396,33,83,1995,"{""1995"":83,""1996"":78,""1997"":105,""1998"":149,""1999"":272,""2000"":252,""2001"":333,""2002"":424,""2003"":522,""2004"":639,""2005"":959,""2006"":1146,""2007"":1055,""2008"":910,""2009"":972,""2010"":872,""2011"":900,""2012"":871,""2013"":1026,""2014"":906,""2015"":959,""2016"":1007,""2017"":1159,""2018"":1010,""2019"":1104,""2020"":1188,""2021"":1294,""2022"":1255,""2023"":776,""2024"":875,""2025"":772,""2026"":424}"
Carlo Zaniolo,https://scholar.google.com/citations?user=f8FjAtMAAAAJ,2026-09-27,"Professor of Computer Science, University of California, Los Angeles","[""Databases"", ""Data Mining"", ""Web Information Systems""]",16601,68,222,3586,24,52,1987,"{""1987"":134,""1988"":200,""1989"":242,""1990"":306,""1991"":237,""1992"":254,""1993"":287,""1994"":185,""1995"":276,""1996"":235,""1997"":274,""1998"":216,""1999"":220,""2000"":207,""2001"":213,""2002"":245,""2003"":349,""2004"":408,""2005"":462,""2006"":408,""2007"":452,""2008"":516,""2009"":498,""2010"":495,""2011"":505,""2012"":465,""2013"":459,""2014"":492,""2015"":465,""2016"":539,""2017"":462,""2018"":513,""2019"":560,""2020"":614,""2021"":696,""2022"":697,""2023"":644,""2024"":544,""2025"":636,""2026"":369}"
Christian Cachin,https://scholar.google.com/citations?user=c8zferMAAAAJ,2026-09-27,"University of Bern, Cryptology and Data Security Group","[""cryptography"", ""distributed systems"", ""security""]",25059,57,129,12601,33,81,2000,"{""2000"":91,""2001"":153,""2002"":184,""2003"":280,""2004"":361,""2005"":361,""2006"":370,""2007"":384,""2008"":379,""2009"":425,""2010"":473,""2011"":454,""2012"":474,""2013"":534,""2014"":556,""2015"":456,""2016"":541,""2017"":580,""2018"":1095,""2019"":1807,""2020"":2046,""2021"":2237,""2022"":2262,""2023"":2161,""2024"":2148,""2025"":2236,""2026"":1550}"
Claire Cardie,https://scholar.google.com/citations?user=ex9BQiIAAAAJ,2026-09-27,"Professor of Computer Science, Cornell University","[""natural language processing"", ""information extraction"", ""opinion extraction"", ""argument mining""]",42534,90,202,19207,60,138,1999,"{""1999"":151,""2000"":176,""2001"":153,""2002"":187,""2003"":278,""2004"":360,""2005"":483,""2006"":505,""2007"":566,""2008"":697,""2009"":792,""2010"":980,""2011"":957,""2012"":1128,""2013"":1198,""2014"":1390,""2015"":1683,""2016"":1910,""2017"":1889,""2018"":2090,""2019"":2467,""2020"":2503,""2021"":2638,""2022"":2932,""2023"":3202,""2024"":3503,""2025"":3857,""2026"":3056}"
Dacheng Tao,https://scholar.google.com/citations?user=RwlJNLcAAAAJ,2026-09-27,Nanyang Technological University,"[""artificial intelligence"", ""machine learning"", ""computer vision"", ""image processing"", ""data mining""]",202230,213,1468,144508,173,1236,2009,"{""2009"":675,""2010"":907,""2011"":1135,""2012"":1657,""2013"":2706,""2014"":3126,""2015"":4212,""2016"":5584,""2017"":6264,""2018"":8056,""2019"":9906,""2020"":12187,""2021"":14358,""2022"":16924,""2023"":21929,""2024"":27898,""2025"":35409,""2026"":27684}"
L. Darrell Whitley,https://scholar.google.com/citations?user=0VzUxIcAAAAJ,2026-09-27,"Professor of Computer Science, Colorado State University","[""Artificial Intelligence"", ""Local Search"", ""Evolutionary Computation"", ""Neural Networks""]",35039,75,230,6880,33,91,1991,"{""1991"":93,""1992"":205,""1993"":386,""1994"":679,""1995"":701,""1996"":669,""1997"":700,""1998"":655,""1999"":711,""2000"":760,""2001"":710,""2002"":841,""2003"":860,""2004"":968,""2005"":1091,""2006"":1126,""2007"":1092,""2008"":1098,""2009"":1111,""2010"":1127,""2011"":1137,""2012"":1115,""2013"":1187,""2014"":1131,""2015"":1124,""2016"":1180,""2017"":1101,""2018"":1251,""2019"":1399,""2020"":1295,""2021"":1427,""2022"":1422,""2023"":1316,""2024"":1078,""2025"":994,""2026"":641}"
Dawn Song,https://scholar.google.com/citations?user=84WzBlYAAAAJ,2026-09-27,"Professor of Computer Science, UC Berkeley","[""Computer Security and Privacy""]",179943,172,555,116778,127,484,2003,"{""2003"":472,""2004"":684,""2005"":1325,""2006"":1702,""2007"":2051,""2008"":2393,""2009"":2308,""2010"":2483,""2011"":2727,""2012"":3152,""2013"":3791,""2014"":4219,""2015"":4444,""2016"":4724,""2017"":4723,""2018"":5645,""2019"":6620,""2020"":8321,""2021"":9874,""2022"":11981,""2023"":14917,""2024"":20789,""2025"":29206,""2026"":29670}"
Deb Frincke,https://scholar.google.com/citations?user=LO7ZkPgAAAAJ,2026-09-27,"Associate Laboratory Director Sandia National Laboratories, head of National Security Programs","[""cyber"", ""analytics"", ""AI"", ""quantum"", ""critical infrastructure""]",3784,28,62,613,11,13,2000,"{""2000"":16,""2001"":34,""2002"":51,""2003"":56,""2004"":112,""2005"":124,""2006"":130,""2007"":141,""2008"":115,""2009"":123,""2010"":163,""2011"":179,""2012"":208,""2013"":222,""2014"":232,""2015"":252,""2016"":199,""2017"":203,""2018"":168,""2019"":201,""2020"":128,""2021"":130,""2022"":121,""2023"":100,""2024"":92,""2025"":101,""2026"":69}"
Diana Marculescu,https://scholar.google.com/citations?user=MRHzTAIAAAAJ,2026-09-27,The University of Texas at Austin,"[""Efficient Deep Learning"", ""Energy-aware Computing"", ""Low Power Design"", ""Design Automation"", ""Dark Silicon""]",12921,58,183,4841,33,85,1996,"{""1996"":60,""1997"":93,""1998"":120,""1999"":87,""2000"":73,""2001"":65,""2002"":120,""2003"":159,""2004"":198,""2005"":211,""2006"":217,""2007"":244,""2008"":339,""2009"":368,""2010"":436,""2011"":392,""2012"":446,""2013"":434,""2014"":445,""2015"":554,""2016"":615,""2017"":538,""2018"":516,""2019"":568,""2020"":650,""2021"":665,""2022"":685,""2023"":718,""2024"":896,""2025"":1025,""2026"":847}"
Diego Calvanese,https://scholar.google.com/citations?user=We0kRfEAAAAJ,2026-09-27,"Prof. of Computer Science, KRDB, Free Univ. of Bozen-Bolzano; Wallenberg Visiting Prof., Umeå Univ.","[""Artificial intelligence"", ""Data Management"", ""Knowledge Representation"", ""Description Logics"", ""Verification""]",42129,83,296,7791,35,121,1999,"{""1999"":185,""2000"":262,""2001"":392,""2002"":411,""2003"":462,""2004"":571,""2005"":797,""2006"":1697,""2007"":2052,""2008"":2172,""2009"":2180,""2010"":2234,""2011"":2000,""2012"":2227,""2013"":2256,""2014"":2109,""2015"":1855,""2016"":1963,""2017"":1704,""2018"":1593,""2019"":1767,""2020"":1538,""2021"":1362,""2022"":1398,""2023"":1356,""2024"":1366,""2025"":1369,""2026"":928}"
Elizabeth Churchill,https://scholar.google.com/citations?user=wZB07xAAAAAJ,2026-09-27,Google,"[""design"", ""human computer interaction"", ""psychology"", ""social"", ""media""]",17844,69,206,5989,36,101,2000,"{""2000"":53,""2001"":67,""2002"":145,""2003"":192,""2004"":238,""2005"":272,""2006"":296,""2007"":250,""2008"":330,""2009"":368,""2010"":382,""2011"":527,""2012"":642,""2013"":796,""2014"":975,""2015"":874,""2016"":953,""2017"":990,""2018"":915,""2019"":1103,""2020"":1141,""2021"":1170,""2022"":1207,""2023"":930,""2024"":1042,""2025"":1013,""2026"":625}"
Emery D. Berger,https://scholar.google.com/citations?user=RaHaArkAAAAJ,2026-09-27,"Professor of Computer Science, University of Massachusetts Amherst; Amazon Scholar; ACM Fellow","[""Programming Languages"", ""Systems"", ""Performance"", ""Security"", ""Reliability""]",7999,43,67,2458,26,46,2000,"{""2000"":25,""2001"":19,""2002"":35,""2003"":52,""2004"":72,""2005"":108,""2006"":176,""2007"":172,""2008"":240,""2009"":217,""2010"":242,""2011"":296,""2012"":364,""2013"":397,""2014"":372,""2015"":483,""2016"":402,""2017"":445,""2018"":432,""2019"":447,""2020"":429,""2021"":390,""2022"":382,""2023"":363,""2024"":398,""2025"":484,""2026"":439}"
Giovanni Vigna,https://scholar.google.com/citations?user=2eM6GocAAAAJ,2026-09-27,UC Santa Barbara and VMware,"[""Computer Security"", ""Network Security"", ""Web Security"", ""Binary Analysis"", ""Malware""]",47693,113,283,16240,66,203,1999,"{""1999"":222,""2000"":293,""2001"":376,""2002"":502,""2003"":526,""2004"":623,""2005"":739,""2006"":816,""2007"":1032,""2008"":1156,""2009"":1194,""2010"":1225,""2011"":1445,""2012"":1546,""2013"":1631,""2014"":2086,""2015"":2058,""2016"":2372,""2017"":2570,""2018"":2834,""2019"":2887,""2020"":2687,""2021"":2729,""2022"":2624,""2023"":2824,""2024"":2812,""2025"":2968,""2026"":2271}"
Hanspeter Pfister,https://scholar.google.com/citations?user=VWX-GMAAAAAJ,2026-09-27,"An Wang Professor of Computer Science, Harvard University","[""Visualization"", ""Computer Graphics"", ""Computer Vision""]",58004,103,405,32046,72,274,2000,"{""2000"":193,""2001"":266,""2002"":424,""2003"":531,""2004"":631,""2005"":902,""2006"":912,""2007"":941,""2008"":995,""2009"":871,""2010"":941,""2011"":1109,""2012"":1108,""2013"":1148,""2014"":1318,""2015"":1611,""2016"":1704,""2017"":1979,""2018"":2203,""2019"":2507,""2020"":2817,""2021"":3179,""2022"":3529,""2023"":4644,""2024"":6157,""2025"":7504,""2026"":6945}"
Jason Nieh,https://scholar.google.com/citations?user=e84VgEYAAAAJ,2026-09-27,"Professor of Computer Science, Columbia University","[""mobile computing"", ""operating systems"", ""networking"", ""security""]",10874,60,125,2694,28,63,1994,"{""1994"":27,""1995"":29,""1996"":40,""1997"":44,""1998"":66,""1999"":87,""2000"":77,""2001"":95,""2002"":108,""2003"":139,""2004"":190,""2005"":286,""2006"":308,""2007"":338,""2008"":309,""2009"":368,""2010"":395,""2011"":421,""2012"":458,""2013"":496,""2014"":496,""2015"":579,""2016"":534,""2017"":652,""2018"":524,""2019"":518,""2020"":438,""2021"":429,""2022"":436,""2023"":420,""2024"":508,""2025"":594,""2026"":303}"
Jeffrey S. Rosenschein,https://scholar.google.com/citations?user=TIQlTAEAAAAJ,2026-09-27,"Professor of Computer Science, The Hebrew University of Jerusalem","[""Artificial Intelligence"", ""Multiagent Systems""]",15152,60,148,2614,25,60,1988,"{""1988"":48,""1989"":46,""1990"":42,""1991"":89,""1992"":116,""1993"":215,""1994"":237,""1995"":246,""1996"":355,""1997"":290,""1998"":397,""1999"":352,""2000"":399,""2001"":358,""2002"":386,""2003"":410,""2004"":336,""2005"":391,""2006"":408,""2007"":514,""2008"":491,""2009"":567,""2010"":491,""2011"":477,""2012"":483,""2013"":563,""2014"":523,""2015"":542,""2016"":518,""2017"":468,""2018"":487,""2019"":504,""2020"":483,""2021"":477,""2022"":472,""2023"":420,""2024"":460,""2025"":432,""2026"":353}"
K Mani Chandy,https://scholar.google.com/citations?user=_e1E9DQAAAAJ,2026-09-27,California Institute of Technology,"[""Distributed systems"", ""Applications for crisis management""]",31535,64,163,2162,23,36,1987,"{""1987"":444,""1988"":619,""1989"":749,""1990"":771,""1991"":841,""1992"":827,""1993"":935,""1994"":998,""1995"":888,""1996"":874,""1997"":943,""1998"":857,""1999"":735,""2000"":689,""2001"":652,""2002"":672,""2003"":687,""2004"":739,""2005"":730,""2006"":694,""2007"":740,""2008"":615,""2009"":699,""2010"":744,""2011"":788,""2012"":849,""2013"":974,""2014"":831,""2015"":783,""2016"":767,""2017"":706,""2018"":644,""2019"":584,""2020"":498,""2021"":463,""2022"":474,""2023"":323,""2024"":315,""2025"":296,""2026"":291}"
Kavita Bala,https://scholar.google.com/citations?user=Rh16nsIAAAAJ,2026-09-27,Cornell University,"[""computer graphics"", ""computer vision""]",15540,55,111,6757,34,74,2002,"{""2002"":50,""2003"":64,""2004"":102,""2005"":139,""2006"":131,""2007"":183,""2008"":249,""2009"":304,""2010"":367,""2011"":401,""2012"":360,""2013"":373,""2014"":361,""2015"":491,""2016"":619,""2017"":834,""2018"":1005,""2019"":1217,""2020"":1140,""2021"":1163,""2022"":1235,""2023"":1171,""2024"":1189,""2025"":1158,""2026"":835}"
Lidong Zhou,https://scholar.google.com/citations?user=rillZYsAAAAJ,2026-09-27,Microsoft Research,"[""Distributed systems"", ""storage"", ""reliability and fault tolerance"", ""security""]",22017,63,127,8823,44,91,2002,"{""2002"":135,""2003"":233,""2004"":392,""2005"":516,""2006"":654,""2007"":700,""2008"":710,""2009"":736,""2010"":710,""2011"":705,""2012"":706,""2013"":734,""2014"":766,""2015"":765,""2016"":786,""2017"":842,""2018"":860,""2019"":952,""2020"":1008,""2021"":1075,""2022"":1249,""2023"":1386,""2024"":1624,""2025"":1993,""2026"":1483}"
Lise Getoor,https://scholar.google.com/citations?user=Y8-xGncAAAAJ,2026-09-27,"Distinguished Professor of Computer Science & Engineering, University of California, Santa Cruz","[""Machine Learning"", ""Reasoning Under Uncertainty"", ""Graph & Network Analysis"", ""Information Integration""]",35756,79,247,13074,46,126,2003,"{""2003"":170,""2004"":179,""2005"":334,""2006"":435,""2007"":601,""2008"":735,""2009"":1006,""2010"":1165,""2011"":1385,""2012"":1580,""2013"":1488,""2014"":1619,""2015"":1729,""2016"":1831,""2017"":1773,""2018"":1822,""2019"":2081,""2020"":2179,""2021"":2264,""2022"":2284,""2023"":2326,""2024"":2421,""2025"":2217,""2026"":1557}"
Magdalena Balazinska,https://scholar.google.com/citations?user=DDxFvcIAAAAJ,2026-09-27,University of Washington,"[""Databases"", ""data science"", ""cloud computing"", ""parallel and distributed systems"", ""streams""]",18482,66,130,3877,33,82,2003,"{""2003"":95,""2004"":185,""2005"":285,""2006"":376,""2007"":448,""2008"":536,""2009"":571,""2010"":666,""2011"":858,""2012"":941,""2013"":1143,""2014"":1186,""2015"":1237,""2016"":1284,""2017"":1184,""2018"":1362,""2019"":1061,""2020"":923,""2021"":860,""2022"":761,""2023"":678,""2024"":588,""2025"":625,""2026"":360}"
Marc Najork,https://scholar.google.com/citations?user=7HeAnjwAAAAJ,2026-09-27,Google DeepMind,"[""Web Search"", ""Information Retrieval"", ""Distributed Systems""]",15365,59,131,5881,37,82,1996,"{""1996"":61,""1997"":54,""1998"":66,""1999"":78,""2000"":68,""2001"":86,""2002"":194,""2003"":167,""2004"":253,""2005"":287,""2006"":401,""2007"":407,""2008"":428,""2009"":502,""2010"":607,""2011"":626,""2012"":565,""2013"":578,""2014"":604,""2015"":565,""2016"":517,""2017"":449,""2018"":467,""2019"":555,""2020"":670,""2021"":896,""2022"":1024,""2023"":1068,""2024"":1101,""2025"":1040,""2026"":733}"
Maria Gini,https://scholar.google.com/citations?user=2ewb-10AAAAJ,2026-09-27,"Professor of Computer Science and Engineering, University of Minnesota","[""Artificial Intelligence"", ""Robotics"", ""Multi Agent Coordination"", ""Multi-robot systems""]",9013,50,164,1767,20,44,1987,"{""1987"":44,""1988"":73,""1989"":56,""1990"":37,""1991"":46,""1992"":41,""1993"":48,""1994"":59,""1995"":72,""1996"":72,""1997"":70,""1998"":94,""1999"":146,""2000"":173,""2001"":212,""2002"":276,""2003"":311,""2004"":304,""2005"":315,""2006"":346,""2007"":331,""2008"":281,""2009"":387,""2010"":291,""2011"":229,""2012"":291,""2013"":285,""2014"":249,""2015"":227,""2016"":280,""2017"":277,""2018"":298,""2019"":350,""2020"":362,""2021"":322,""2022"":338,""2023"":328,""2024"":291,""2025"":300,""2026"":188}"
Matthew Dwyer,https://scholar.google.com/citations?user=-ZRKCcEAAAAJ,2026-09-27,"Thomson Distinguished Professor, University of Virginia; Amazon Scholar","[""Software Engineering""]",14438,54,141,2835,28,61,1998,"{""1998"":74,""1999"":146,""2000"":172,""2001"":277,""2002"":380,""2003"":395,""2004"":607,""2005"":588,""2006"":613,""2007"":717,""2008"":656,""2009"":579,""2010"":590,""2011"":590,""2012"":591,""2013"":603,""2014"":620,""2015"":596,""2016"":507,""2017"":545,""2018"":556,""2019"":534,""2020"":463,""2021"":436,""2022"":427,""2023"":391,""2024"":468,""2025"":588,""2026"":519}"
Michael J. Freedman,https://scholar.google.com/citations?user=BFE6IQwAAAAJ,2026-09-27,"Robert E. Kahn Professor of Computer Science, Princeton University","[""Distributed Systems"", ""Networking"", ""Security""]",38113,63,114,10538,41,78,2003,"{""2003"":186,""2004"":263,""2005"":355,""2006"":427,""2007"":511,""2008"":522,""2009"":666,""2010"":783,""2011"":937,""2012"":1288,""2013"":1978,""2014"":2382,""2015"":2829,""2016"":3055,""2017"":3018,""2018"":2842,""2019"":2698,""2020"":2359,""2021"":2318,""2022"":2127,""2023"":1777,""2024"":1754,""2025"":1638,""2026"":923}"
Mihai Pop,https://scholar.google.com/citations?user=4glkLD0AAAAJ,2026-09-27,"Professor of Computer Science, University of Maryland, College Park","[""Bioinformatics""]",83944,70,139,28717,50,116,2003,"{""2003"":213,""2004"":524,""2005"":514,""2006"":664,""2007"":823,""2008"":1084,""2009"":1313,""2010"":1613,""2011"":2318,""2012"":3264,""2013"":4035,""2014"":4710,""2015"":4982,""2016"":5119,""2017"":5764,""2018"":5366,""2019"":5955,""2020"":5874,""2021"":6200,""2022"":5772,""2023"":4987,""2024"":4380,""2025"":4309,""2026"":3062}"
Moshe Tennenholtz,https://scholar.google.com/citations?user=65FCPpwAAAAJ,2026-09-27,Unknown affiliation,[],15856,62,210,4617,31,107,1994,"{""1994"":49,""1995"":64,""1996"":121,""1997"":112,""1998"":150,""1999"":139,""2000"":165,""2001"":211,""2002"":246,""2003"":287,""2004"":255,""2005"":340,""2006"":372,""2007"":477,""2008"":488,""2009"":541,""2010"":524,""2011"":530,""2012"":617,""2013"":655,""2014"":710,""2015"":571,""2016"":607,""2017"":579,""2018"":599,""2019"":695,""2020"":692,""2021"":707,""2022"":767,""2023"":709,""2024"":763,""2025"":910,""2026"":757}"
Moustafa Youssef,https://scholar.google.com/citations?user=r6DUyxsAAAAJ,2026-09-27,"Prof. of CSE, American University in Cairo, Fellow ACM/IEEE","[""mobile wireless networks"", ""mobile and ubiquitous computing"", ""localization"", ""quantum computing""]",21833,68,202,6326,38,126,2003,"{""2003"":69,""2004"":208,""2005"":322,""2006"":361,""2007"":417,""2008"":456,""2009"":474,""2010"":544,""2011"":575,""2012"":760,""2013"":972,""2014"":1154,""2015"":1310,""2016"":1512,""2017"":1410,""2018"":1692,""2019"":1693,""2020"":1403,""2021"":1258,""2022"":1235,""2023"":1193,""2024"":1117,""2025"":966,""2026"":552}"
Noshir Contractor,https://scholar.google.com/citations?user=Fqw9o84AAAAJ,2026-09-27,"Jane S. & William J. White Professor of Behavioral Sciences, Northwestern University","[""Network Science"", ""Computational Social Science"", ""Web Science"", ""Future of work.""]",27113,72,191,9792,45,121,1999,"{""1999"":76,""2000"":104,""2001"":132,""2002"":138,""2003"":216,""2004"":242,""2005"":299,""2006"":308,""2007"":330,""2008"":428,""2009"":452,""2010"":671,""2011"":868,""2012"":1055,""2013"":1245,""2014"":1311,""2015"":1349,""2016"":1387,""2017"":1411,""2018"":1426,""2019"":1518,""2020"":1492,""2021"":1693,""2022"":1594,""2023"":1661,""2024"":1526,""2025"":1800,""2026"":1499}"
Paul Beame,https://scholar.google.com/citations?user=plYoF-MAAAAJ,2026-09-27,"Professor of Computer Science and Engineering, University of Washington","[""Computational Complexity"", ""Proof Complexity""]",8770,46,94,1955,23,46,1988,"{""1988"":31,""1989"":38,""1990"":51,""1991"":62,""1992"":62,""1993"":76,""1994"":82,""1995"":92,""1996"":127,""1997"":101,""1998"":135,""1999"":141,""2000"":187,""2001"":229,""2002"":201,""2003"":210,""2004"":215,""2005"":226,""2006"":218,""2007"":305,""2008"":317,""2009"":308,""2010"":246,""2011"":205,""2012"":229,""2013"":280,""2014"":212,""2015"":256,""2016"":299,""2017"":311,""2018"":417,""2019"":378,""2020"":357,""2021"":391,""2022"":324,""2023"":329,""2024"":355,""2025"":298,""2026"":258}"
Philip R. Cohen,https://scholar.google.com/citations?user=V72PR9wAAAAJ,2026-09-27,"Chief Scientist Emeritus, Openstream, Inc.","[""dialogue"", ""multimodal interaction"", ""multi-agent systems"", ""natural language processing"", ""human-computer""]",21819,57,120,2234,25,46,1987,"{""1987"":100,""1988"":145,""1989"":104,""1990"":191,""1991"":200,""1992"":267,""1993"":367,""1994"":306,""1995"":390,""1996"":417,""1997"":410,""1998"":589,""1999"":573,""2000"":666,""2001"":612,""2002"":914,""2003"":1003,""2004"":986,""2005"":1000,""2006"":1051,""2007"":973,""2008"":740,""2009"":724,""2010"":659,""2011"":575,""2012"":507,""2013"":555,""2014"":536,""2015"":498,""2016"":481,""2017"":520,""2018"":442,""2019"":481,""2020"":462,""2021"":414,""2022"":418,""2023"":416,""2024"":375,""2025"":357,""2026"":248}"
Prashant Shenoy,https://scholar.google.com/citations?user=TciP6mcAAAAJ,2026-09-27,"Distinguished Professor, College of Information and Computer Sciences, University of Massachusetts","[""Distributed Systems"", ""Networking"", ""Energy Informatics"", ""Ubiquitous Computing"", ""Performance Evaluation""]",29340,88,319,7894,44,180,1999,"{""1999"":78,""2000"":98,""2001"":172,""2002"":224,""2003"":364,""2004"":428,""2005"":551,""2006"":580,""2007"":735,""2008"":796,""2009"":853,""2010"":1033,""2011"":1165,""2012"":1473,""2013"":1687,""2014"":1732,""2015"":1606,""2016"":1635,""2017"":1587,""2018"":1487,""2019"":1455,""2020"":1289,""2021"":1321,""2022"":1257,""2023"":1142,""2024"":1377,""2025"":1552,""2026"":1214}"
Rada Mihalcea,https://scholar.google.com/citations?user=UetM7FgAAAAJ,2026-09-27,"Professor of Computer Science, University of Michigan","[""Natural Language Processing"", ""Computational Social Science"", ""Multimodal Interaction""]",58229,106,385,30045,72,274,2002,"{""2002"":190,""2003"":264,""2004"":304,""2005"":327,""2006"":555,""2007"":636,""2008"":760,""2009"":926,""2010"":1235,""2011"":1244,""2012"":1489,""2013"":1785,""2014"":1952,""2015"":2030,""2016"":2358,""2017"":2253,""2018"":2664,""2019"":2988,""2020"":3327,""2021"":3886,""2022"":4410,""2023"":4867,""2024"":5498,""2025"":6216,""2026"":5126}"
Ramesh K. Sitaraman,https://scholar.google.com/citations?user=Hj4o7GYAAAAJ,2026-09-27,"Distinguished University Professor, University of Massachusetts, Amherst","[""AI Systems and Infrastructure"", ""Distributed Systems"", ""Theoretical CS"", ""Cloud Computing"", ""Edge Computing""]",12932,54,107,5148,34,80,2000,"{""2000"":47,""2001"":44,""2002"":48,""2003"":81,""2004"":109,""2005"":157,""2006"":165,""2007"":187,""2008"":170,""2009"":159,""2010"":198,""2011"":263,""2012"":268,""2013"":451,""2014"":537,""2015"":654,""2016"":681,""2017"":778,""2018"":772,""2019"":882,""2020"":849,""2021"":802,""2022"":793,""2023"":866,""2024"":950,""2025"":915,""2026"":816}"
Robin R. Murphy,https://scholar.google.com/citations?user=SIcRijoAAAAJ,2026-09-27,Computer Science and Engineering Texas A&M,"[""disaster robotics"", ""human-robot interaction"", ""artificial intelligence"", ""ethics"", ""rescue robotics""]",34950,71,263,12643,43,132,1999,"{""1999"":149,""2000"":161,""2001"":248,""2002"":344,""2003"":416,""2004"":697,""2005"":620,""2006"":711,""2007"":829,""2008"":821,""2009"":925,""2010"":980,""2011"":1065,""2012"":1157,""2013"":1238,""2014"":1351,""2015"":1357,""2016"":1596,""2017"":1506,""2018"":1638,""2019"":1784,""2020"":1834,""2021"":2078,""2022"":2067,""2023"":2023,""2024"":2187,""2025"":2446,""2026"":1829}"
Ronald F. Boisvert,https://scholar.google.com/citations?user=ctI1jBAAAAAJ,2026-09-27,"Applied and Computational Mathematics Division, National Institute of Standards and","[""Numerical Analysis"", ""Computational Science"", ""Mathematical Software""]",16493,34,52,6700,12,12,1987,"{""1987"":54,""1988"":66,""1989"":79,""1990"":84,""1991"":50,""1992"":95,""1993"":61,""1994"":71,""1995"":83,""1996"":70,""1997"":83,""1998"":71,""1999"":77,""2000"":110,""2001"":88,""2002"":122,""2003"":79,""2004"":103,""2005"":80,""2006"":86,""2007"":98,""2008"":113,""2009"":110,""2010"":133,""2011"":229,""2012"":413,""2013"":546,""2014"":722,""2015"":781,""2016"":934,""2017"":899,""2018"":960,""2019"":927,""2020"":979,""2021"":1093,""2022"":1055,""2023"":1058,""2024"":1099,""2025"":1226,""2026"":1169}"
Salvatore Stolfo,https://scholar.google.com/citations?user=iLXSMP8AAAAJ,2026-09-27,"Professor of Computer Science, Columbia University","[""Security""]",50466,104,272,10467,54,147,1996,"{""1996"":137,""1997"":142,""1998"":208,""1999"":295,""2000"":328,""2001"":479,""2002"":687,""2003"":841,""2004"":1139,""2005"":1409,""2006"":1488,""2007"":1534,""2008"":1657,""2009"":1618,""2010"":1680,""2011"":1655,""2012"":1785,""2013"":2109,""2014"":2232,""2015"":2227,""2016"":2680,""2017"":2712,""2018"":3050,""2019"":3138,""2020"":3148,""2021"":2773,""2022"":2389,""2023"":1529,""2024"":1752,""2025"":1318,""2026"":705}"
Saman Amarasinghe,https://scholar.google.com/citations?user=cF6i_goAAAAJ,2026-09-27,MIT,"[""Compilers"", ""Performance Engineering"", ""Programming Languages"", ""Parallel Computing"", ""Domain-Specific Languages""]",31615,81,188,8867,46,110,1995,"{""1995"":119,""1996"":186,""1997"":214,""1998"":305,""1999"":311,""2000"":354,""2001"":372,""2002"":434,""2003"":532,""2004"":623,""2005"":711,""2006"":825,""2007"":897,""2008"":991,""2009"":1158,""2010"":1307,""2011"":1315,""2012"":1410,""2013"":1348,""2014"":1196,""2015"":1252,""2016"":1217,""2017"":1091,""2018"":1212,""2019"":1424,""2020"":1461,""2021"":1530,""2022"":1475,""2023"":1514,""2024"":1519,""2025"":1622,""2026"":1193}"
Scott Aaronson,https://scholar.google.com/citations?user=EYv2BNQAAAAJ,2026-09-27,"Schlumberger Chair of Computer Science, University of Texas at Austin","[""Quantum computing"", ""computational complexity""]",26879,72,184,17698,61,157,2004,"{""2004"":84,""2005"":114,""2006"":140,""2007"":173,""2008"":190,""2009"":230,""2010"":218,""2011"":231,""2012"":248,""2013"":411,""2014"":558,""2015"":578,""2016"":797,""2017"":970,""2018"":1155,""2019"":1299,""2020"":1422,""2021"":1731,""2022"":1954,""2023"":2410,""2024"":3316,""2025"":4280,""2026"":3897}"
Sheila McIlraith,https://scholar.google.com/citations?user=ny2zuvMAAAAJ,2026-09-27,"Professor of Computer Science, University of Toronto","[""Artificial Intelligence"", ""Knowledge Representation and Reasoning"", ""Automated Planning"", ""Reinforcement""]",25468,66,187,7099,39,102,2000,"{""2000"":73,""2001"":126,""2002"":331,""2003"":655,""2004"":997,""2005"":1165,""2006"":1309,""2007"":1388,""2008"":1409,""2009"":1368,""2010"":1235,""2011"":1186,""2012"":1068,""2013"":930,""2014"":802,""2015"":779,""2016"":696,""2017"":508,""2018"":697,""2019"":566,""2020"":667,""2021"":756,""2022"":1000,""2023"":1075,""2024"":1374,""2025"":1544,""2026"":1326}"
Songwu Lu,https://scholar.google.com/citations?user=PVdTviYAAAAJ,2026-09-27,"Professor of Computer Science, UCLA","[""Wireless networking"", ""mobile systems"", ""cloud computing"", ""network security""]",30121,70,156,3242,28,78,1999,"{""1999"":90,""2000"":146,""2001"":214,""2002"":350,""2003"":539,""2004"":1016,""2005"":1446,""2006"":1662,""2007"":1761,""2008"":1725,""2009"":1687,""2010"":1725,""2011"":1672,""2012"":1719,""2013"":1767,""2014"":1617,""2015"":1564,""2016"":1566,""2017"":1224,""2018"":1144,""2019"":1034,""2020"":794,""2021"":706,""2022"":588,""2023"":517,""2024"":516,""2025"":537,""2026"":378}"
Srdjan Capkun,https://scholar.google.com/citations?user=VtkPBNsAAAAJ,2026-09-27,"Professor of Computer Science, ETH Zurich","[""Security"", ""Computer Security"", ""Wireless Security"", ""Secure Positioning"", ""Distance Bounding""]",34471,82,193,12295,53,147,2002,"{""2002"":113,""2003"":278,""2004"":456,""2005"":633,""2006"":773,""2007"":891,""2008"":918,""2009"":947,""2010"":1080,""2011"":1201,""2012"":1199,""2013"":1118,""2014"":1306,""2015"":1319,""2016"":1416,""2017"":1598,""2018"":2015,""2019"":2198,""2020"":2360,""2021"":2529,""2022"":2265,""2023"":2154,""2024"":2024,""2025"":2033,""2026"":1284}"
Srinivasan Seshan,https://scholar.google.com/citations?user=0irVeiQAAAAJ,2026-09-27,Carnegie Mellon University,"[""Networking"", ""Distributed Systems"", ""Wireless"", ""Mobile Systems"", ""Mobile Computing""]",29019,77,157,3463,32,81,1996,"{""1996"":159,""1997"":198,""1998"":303,""1999"":428,""2000"":502,""2001"":663,""2002"":938,""2003"":1092,""2004"":1453,""2005"":1579,""2006"":1559,""2007"":1499,""2008"":1530,""2009"":1526,""2010"":1447,""2011"":1218,""2012"":1185,""2013"":1149,""2014"":1240,""2015"":1156,""2016"":1052,""2017"":877,""2018"":819,""2019"":743,""2020"":692,""2021"":624,""2022"":557,""2023"":564,""2024"":667,""2025"":625,""2026"":425}"
Subbarao Kambhampati,https://scholar.google.com/citations?user=yl3L07sAAAAJ,2026-09-27,Arizona State University,"[""Artificial Intelligence"", ""Automated planning"", ""LLM Reasoning"", ""Human-AI Interaction""]",25102,75,317,12182,50,157,1992,"{""1992"":83,""1993"":98,""1994"":176,""1995"":185,""1996"":229,""1997"":171,""1998"":179,""1999"":219,""2000"":188,""2001"":207,""2002"":223,""2003"":291,""2004"":355,""2005"":430,""2006"":440,""2007"":506,""2008"":479,""2009"":493,""2010"":439,""2011"":482,""2012"":497,""2013"":410,""2014"":443,""2015"":552,""2016"":686,""2017"":824,""2018"":889,""2019"":1032,""2020"":1194,""2021"":1308,""2022"":1375,""2023"":1503,""2024"":2400,""2025"":3177,""2026"":2396}"
Tamara G. Kolda,https://scholar.google.com/citations?user=9hjmW7AAAAAJ,2026-09-27,MathSci.ai,"[""tensor decompositions"", ""randomized algorithms"", ""mathematical data science"", ""high-performance computing"", ""efficient algorithms""]",36550,67,118,14533,43,87,2004,"{""2004"":173,""2005"":211,""2006"":315,""2007"":356,""2008"":488,""2009"":694,""2010"":787,""2011"":988,""2012"":1118,""2013"":1338,""2014"":1694,""2015"":1838,""2016"":2014,""2017"":2057,""2018"":2363,""2019"":2514,""2020"":2481,""2021"":2601,""2022"":2574,""2023"":2363,""2024"":2254,""2025"":2577,""2026"":2159}"
Tarek Abdelzaher,https://scholar.google.com/citations?user=cA28Zs0AAAAJ,2026-09-27,University of Illinois,"[""Real-time Systems"", ""wireless sensor networks"", ""cyber-physical systems"", ""embedded systems"", ""social sensing""]",49319,101,407,10875,47,197,2001,"{""2001"":150,""2002"":297,""2003"":457,""2004"":795,""2005"":1212,""2006"":1454,""2007"":1960,""2008"":2193,""2009"":2332,""2010"":2701,""2011"":2514,""2012"":2494,""2013"":2481,""2014"":2486,""2015"":2621,""2016"":2391,""2017"":2470,""2018"":2397,""2019"":2231,""2020"":1963,""2021"":1902,""2022"":1902,""2023"":1866,""2024"":1945,""2025"":1980,""2026"":1261}"
Timothy M. Chan,https://scholar.google.com/citations?user=CiesWGcAAAAJ,2026-09-27,"Professor of Computer Science, University of Illinois at Urbana-Champaign","[""Algorithms"", ""Computational Geometry""]",10677,58,175,3731,32,109,1996,"{""1996"":35,""1997"":25,""1998"":38,""1999"":47,""2000"":61,""2001"":51,""2002"":82,""2003"":97,""2004"":169,""2005"":149,""2006"":203,""2007"":210,""2008"":282,""2009"":264,""2010"":293,""2011"":289,""2012"":332,""2013"":396,""2014"":468,""2015"":396,""2016"":458,""2017"":571,""2018"":646,""2019"":581,""2020"":615,""2021"":629,""2022"":556,""2023"":567,""2024"":584,""2025"":777,""2026"":609}"
Timothy Pinkston,https://scholar.google.com/citations?user=eZSkx1wAAAAJ,2026-09-27,"Professor of Electrical Engineering, University of Southern California","[""Computer Systems Architecture""]",3627,34,66,350,11,12,1995,"{""1995"":16,""1996"":24,""1997"":98,""1998"":91,""1999"":103,""2000"":72,""2001"":111,""2002"":81,""2003"":108,""2004"":127,""2005"":102,""2006"":101,""2007"":116,""2008"":120,""2009"":159,""2010"":153,""2011"":167,""2012"":169,""2013"":163,""2014"":157,""2015"":175,""2016"":178,""2017"":207,""2018"":140,""2019"":133,""2020"":123,""2021"":94,""2022"":103,""2023"":50,""2024"":49,""2025"":44,""2026"":10}"
Vincent Conitzer,https://scholar.google.com/citations?user=juRk4lQAAAAJ,2026-09-27,"Professor of CS, Carnegie Mellon University","[""artificial intelligence"", ""computer science"", ""economics"", ""philosophy"", ""game theory""]",19928,73,227,8417,43,157,2003,"{""2003"":79,""2004"":140,""2005"":211,""2006"":263,""2007"":371,""2008"":387,""2009"":484,""2010"":693,""2011"":668,""2012"":808,""2013"":688,""2014"":781,""2015"":811,""2016"":928,""2017"":842,""2018"":915,""2019"":1105,""2020"":992,""2021"":1088,""2022"":1115,""2023"":1208,""2024"":1421,""2025"":1637,""2026"":1915}"
Wendy E. Mackay,https://scholar.google.com/citations?user=nxSqwG4AAAAJ,2026-09-27,"Inria, LISN, Université Paris-Saclay","[""Human Computer Interaction""]",17382,66,172,5977,40,115,1991,"{""1991"":52,""1992"":59,""1993"":78,""1994"":104,""1995"":111,""1996"":85,""1997"":102,""1998"":119,""1999"":190,""2000"":175,""2001"":197,""2002"":201,""2003"":296,""2004"":393,""2005"":327,""2006"":424,""2007"":464,""2008"":409,""2009"":437,""2010"":421,""2011"":458,""2012"":523,""2013"":560,""2014"":603,""2015"":629,""2016"":639,""2017"":711,""2018"":731,""2019"":770,""2020"":787,""2021"":793,""2022"":927,""2023"":1085,""2024"":1018,""2025"":1138,""2026"":1001}"
Xiang-Yang Li,https://scholar.google.com/citations?user=JURtNb0AAAAJ,2026-09-27,"ACM Fellow, IEEE Fellow; Professor, CS @USTC, China;","[""Wireless Networking/Mobile Computing"", ""Cyber-Physical Systems/IoT"", ""Privacy / Security"", ""Data Sharing / Trading""]",34207,99,394,10029,51,213,2002,"{""2002"":117,""2003"":287,""2004"":422,""2005"":633,""2006"":627,""2007"":674,""2008"":879,""2009"":924,""2010"":1073,""2011"":1164,""2012"":1266,""2013"":1494,""2014"":1643,""2015"":1745,""2016"":1874,""2017"":2173,""2018"":2328,""2019"":2272,""2020"":2256,""2021"":2083,""2022"":2078,""2023"":1816,""2024"":1731,""2025"":1531,""2026"":784}"
Xilin Chen,https://scholar.google.com/citations?user=vVx2v20AAAAJ,2026-09-27,"Institute of Computing Technology, Chinese Academy of Sciences","[""Computer Vision"", ""Pattern Recognition"", ""Machine Learning""]",52706,109,395,29929,76,248,2005,"{""2005"":157,""2006"":184,""2007"":288,""2008"":438,""2009"":584,""2010"":669,""2011"":879,""2012"":1102,""2013"":1263,""2014"":1641,""2015"":1869,""2016"":2131,""2017"":2263,""2018"":2567,""2019"":2863,""2020"":3381,""2021"":4626,""2022"":4927,""2023"":5386,""2024"":5539,""2025"":5710,""2026"":3726}"
Yuan Xie,https://scholar.google.com/citations?user=dK2ZuDcAAAAJ,2026-09-27,Chair Professor of Hong Kong University of Science and Technology (HKUST),"[""Computer Architecture"", ""VLSI"", ""EDA"", ""CAD"", ""Embedded Systems""]",57388,116,634,34183,92,436,2006,"{""2006"":233,""2007"":330,""2008"":388,""2009"":655,""2010"":893,""2011"":1004,""2012"":1252,""2013"":1504,""2014"":1542,""2015"":1787,""2016"":1940,""2017"":2183,""2018"":2486,""2019"":2873,""2020"":3320,""2021"":4250,""2022"":5583,""2023"":5979,""2024"":6565,""2025"":6963,""2026"":4811}"
Aaron Hertzmann,https://scholar.google.com/citations?user=ZcWO2AEAAAAJ,2026-09-27,Adobe,"[""Computer graphics"", ""computer vision"", ""machine learning"", ""human-computer interaction""]",32793,76,152,12518,50,122,2001,"{""2001"":119,""2002"":209,""2003"":299,""2004"":433,""2005"":575,""2006"":724,""2007"":814,""2008"":891,""2009"":974,""2010"":1161,""2011"":1180,""2012"":1191,""2013"":1156,""2014"":1266,""2015"":1306,""2016"":1438,""2017"":1448,""2018"":1461,""2019"":1569,""2020"":1668,""2021"":1917,""2022"":2018,""2023"":2118,""2024"":2395,""2025"":2436,""2026"":1603}"
Adnan Darwiche,https://scholar.google.com/citations?user=NzyvbZoAAAAJ,2026-09-27,"Professor of Computer Science, UCLA","[""artificial intelligence"", ""knowledge representation and reasoning"", ""machine learning""]",20859,70,175,7351,42,106,1997,"{""1997"":78,""1998"":82,""1999"":98,""2000"":103,""2001"":136,""2002"":198,""2003"":209,""2004"":248,""2005"":363,""2006"":402,""2007"":528,""2008"":663,""2009"":621,""2010"":728,""2011"":713,""2012"":751,""2013"":804,""2014"":758,""2015"":905,""2016"":871,""2017"":917,""2018"":904,""2019"":856,""2020"":1125,""2021"":1280,""2022"":1116,""2023"":1508,""2024"":1214,""2025"":1189,""2026"":1041}"
Alec Wolman,https://scholar.google.com/citations?user=DVml6kMAAAAJ,2026-09-27,Microsoft Research,"[""Mobile Systems"", ""Operating Systems"", ""Distributed Systems"", ""Security""]",18000,60,113,3861,32,63,1999,"{""1999"":51,""2000"":64,""2001"":121,""2002"":173,""2003"":208,""2004"":340,""2005"":382,""2006"":416,""2007"":412,""2008"":446,""2009"":477,""2010"":569,""2011"":670,""2012"":791,""2013"":908,""2014"":1057,""2015"":1134,""2016"":1175,""2017"":1238,""2018"":1196,""2019"":1039,""2020"":922,""2021"":840,""2022"":864,""2023"":592,""2024"":634,""2025"":582,""2026"":349}"
Alex C. Snoeren,https://scholar.google.com/citations?user=lBzZU1IAAAAJ,2026-09-27,UC San Diego,"[""Networking"", ""Distributed Systems"", ""Security"", ""wireless networks""]",16913,60,140,4874,34,79,2001,"{""2001"":68,""2002"":178,""2003"":268,""2004"":389,""2005"":486,""2006"":527,""2007"":645,""2008"":640,""2009"":709,""2010"":681,""2011"":721,""2012"":685,""2013"":671,""2014"":682,""2015"":745,""2016"":727,""2017"":676,""2018"":762,""2019"":737,""2020"":831,""2021"":807,""2022"":816,""2023"":781,""2024"":888,""2025"":910,""2026"":666}"
Amit Sahai,https://scholar.google.com/citations?user=gqB23VMAAAAJ,2026-09-27,"Symantec Chair in Computer Science; Professor of Computer Science and Mathematics, UCLA","[""Cryptography"", ""Theoretical Computer Science"", ""Computational Complexity"", ""Secure Computation""]",69163,94,243,24242,59,181,2002,"{""2002"":198,""2003"":289,""2004"":388,""2005"":433,""2006"":562,""2007"":649,""2008"":833,""2009"":1004,""2010"":1365,""2011"":1620,""2012"":2151,""2013"":2696,""2014"":3768,""2015"":4747,""2016"":4906,""2017"":4711,""2018"":4607,""2019"":4527,""2020"":4561,""2021"":4198,""2022"":4204,""2023"":4419,""2024"":4174,""2025"":4412,""2026"":2833}"
Amy Bruckman,https://scholar.google.com/citations?user=IdWa_JkAAAAJ,2026-09-27,"Regents' Professor, Interactive Computing, Georgia Institute of Technology","[""social computing"", ""collaborative computing""]",20392,73,157,7551,44,109,1996,"{""1996"":69,""1997"":71,""1998"":93,""1999"":127,""2000"":140,""2001"":138,""2002"":244,""2003"":233,""2004"":258,""2005"":305,""2006"":357,""2007"":440,""2008"":612,""2009"":609,""2010"":622,""2011"":673,""2012"":746,""2013"":784,""2014"":718,""2015"":844,""2016"":768,""2017"":737,""2018"":854,""2019"":897,""2020"":1011,""2021"":1106,""2022"":1240,""2023"":1233,""2024"":1306,""2025"":1543,""2026"":1112}"
Andre DeHon,https://scholar.google.com/citations?user=nintPk8AAAAJ,2026-09-27,University of Pennsylvania,"[""Spatial Computing"", ""FPGAs"", ""Reconfigurable"", ""Interconnect"", ""Hardware Security""]",17220,65,158,2526,27,57,1996,"{""1996"":71,""1997"":89,""1998"":142,""1999"":187,""2000"":240,""2001"":264,""2002"":341,""2003"":379,""2004"":481,""2005"":542,""2006"":742,""2007"":1061,""2008"":898,""2009"":1218,""2010"":1195,""2011"":861,""2012"":908,""2013"":758,""2014"":793,""2015"":719,""2016"":568,""2017"":487,""2018"":526,""2019"":474,""2020"":396,""2021"":467,""2022"":523,""2023"":486,""2024"":470,""2025"":356,""2026"":220}"
B.S. Manjunath,https://scholar.google.com/citations?user=wRYM4qgAAAAJ,2026-09-27,"Distinguished Professor, Electrical & Computer Engineering, University of California, Santa Barbara","[""Multimodal Langauage Models"", ""Machine Learning"", ""computer vision"", ""camera networks""]",48234,80,289,11269,40,116,1996,"{""1996"":145,""1997"":245,""1998"":356,""1999"":485,""2000"":510,""2001"":674,""2002"":912,""2003"":1222,""2004"":1537,""2005"":1670,""2006"":1775,""2007"":1987,""2008"":1936,""2009"":2005,""2010"":2137,""2011"":1909,""2012"":1992,""2013"":2092,""2014"":2126,""2015"":1900,""2016"":1769,""2017"":1616,""2018"":1668,""2019"":1707,""2020"":1817,""2021"":2044,""2022"":2039,""2023"":2041,""2024"":1940,""2025"":1937,""2026"":1265}"
Bhavani Thuraisingham,https://scholar.google.com/citations?user=o_xUNWkAAAAJ,2026-09-27,"Cyber Security Research and Education Institute, University of Texas at Dallas","[""Cyber Security"", ""Artificial Intelligence and Machine Learning"", ""Cloud and Services Computing""]",21298,75,321,6970,38,133,1996,"{""1996"":66,""1997"":73,""1998"":84,""1999"":86,""2000"":75,""2001"":112,""2002"":146,""2003"":168,""2004"":200,""2005"":283,""2006"":251,""2007"":323,""2008"":379,""2009"":419,""2010"":655,""2011"":668,""2012"":889,""2013"":1001,""2014"":1109,""2015"":1012,""2016"":1235,""2017"":1090,""2018"":1120,""2019"":1219,""2020"":1152,""2021"":1146,""2022"":1431,""2023"":1236,""2024"":1233,""2025"":1125,""2026"":784}"
Bruce Maggs,https://scholar.google.com/citations?user=Gwrwxa0AAAAJ,2026-09-27,"Professor of Computer Science, Duke University","[""Networking"", ""Distributed Systems"", ""Security""]",16533,65,127,3490,30,62,1990,"{""1990"":52,""1991"":83,""1992"":117,""1993"":134,""1994"":158,""1995"":156,""1996"":171,""1997"":202,""1998"":213,""1999"":187,""2000"":195,""2001"":178,""2002"":192,""2003"":246,""2004"":334,""2005"":478,""2006"":577,""2007"":615,""2008"":594,""2009"":600,""2010"":613,""2011"":632,""2012"":630,""2013"":654,""2014"":628,""2015"":651,""2016"":691,""2017"":741,""2018"":728,""2019"":622,""2020"":696,""2021"":690,""2022"":647,""2023"":604,""2024"":586,""2025"":567,""2026"":395}"
Dan Halperin,https://scholar.google.com/citations?user=2-e0jiEAAAAJ,2026-09-27,"Professor of Computer Science, Tel Aviv University","[""computational geometry"", ""robust geometric computing"", ""robotics and automation"", ""motion planning""]",8614,54,138,2287,24,51,1993,"{""1993"":41,""1994"":68,""1995"":85,""1996"":78,""1997"":81,""1998"":115,""1999"":136,""2000"":161,""2001"":127,""2002"":166,""2003"":145,""2004"":233,""2005"":198,""2006"":230,""2007"":372,""2008"":278,""2009"":301,""2010"":293,""2011"":210,""2012"":281,""2013"":285,""2014"":265,""2015"":232,""2016"":357,""2017"":390,""2018"":315,""2019"":302,""2020"":377,""2021"":358,""2022"":350,""2023"":414,""2024"":429,""2025"":394,""2026"":335}"
David Basin,https://scholar.google.com/citations?user=-BA-kHYAAAAJ,2026-09-27,"Professor of Computer Science, ETH Zurich; Affiliated Faculty, INSAIT, Sofia University","[""Security"", ""Computer Security"", ""Formal Methods"", ""Verification""]",24193,72,290,9468,45,157,1996,"{""1996"":112,""1997"":99,""1998"":89,""1999"":81,""2000"":140,""2001"":107,""2002"":162,""2003"":175,""2004"":259,""2005"":325,""2006"":397,""2007"":491,""2008"":529,""2009"":639,""2010"":682,""2011"":775,""2012"":855,""2013"":783,""2014"":918,""2015"":994,""2016"":837,""2017"":1016,""2018"":1081,""2019"":1310,""2020"":1403,""2021"":1568,""2022"":1514,""2023"":1558,""2024"":1648,""2025"":1832,""2026"":1343}"
David C. Parkes,https://scholar.google.com/citations?user=JUn8PgwAAAAJ,2026-09-27,"George F. Colony Professor of Computer Science, John A. Paulson Dean, Harvard University","[""Economics and Computation"", ""Multi-Agent Systems""]",27297,87,293,12742,50,172,2001,"{""2001"":80,""2002"":135,""2003"":215,""2004"":393,""2005"":464,""2006"":521,""2007"":634,""2008"":639,""2009"":765,""2010"":720,""2011"":687,""2012"":770,""2013"":884,""2014"":980,""2015"":898,""2016"":911,""2017"":844,""2018"":963,""2019"":1090,""2020"":1385,""2021"":1731,""2022"":1695,""2023"":1761,""2024"":2255,""2025"":2766,""2026"":2502}"
Elizabeth Belding,https://scholar.google.com/citations?user=3G79TTEAAAAJ,2026-09-27,UC Santa Barbara,"[""mobile networking"", ""wireless networks"", ""ICT4D""]",59514,66,170,6348,29,68,2000,"{""2000"":260,""2001"":549,""2002"":1041,""2003"":1680,""2004"":2497,""2005"":3156,""2006"":3350,""2007"":3558,""2008"":3587,""2009"":3494,""2010"":3860,""2011"":3772,""2012"":3518,""2013"":3414,""2014"":3145,""2015"":2684,""2016"":2379,""2017"":1846,""2018"":1615,""2019"":1451,""2020"":1321,""2021"":1259,""2022"":1236,""2023"":1106,""2024"":1037,""2025"":1092,""2026"":615}"
Ellen Voorhees,https://scholar.google.com/citations?user=Bfs9j20AAAAJ,2026-09-27,NIST,"[""information retrieval""]",29334,68,132,7094,38,72,1995,"{""1995"":89,""1996"":87,""1997"":180,""1998"":250,""1999"":332,""2000"":487,""2001"":499,""2002"":690,""2003"":839,""2004"":951,""2005"":1021,""2006"":1223,""2007"":1228,""2008"":1283,""2009"":1138,""2010"":1205,""2011"":1082,""2012"":1095,""2013"":1115,""2014"":1030,""2015"":950,""2016"":1046,""2017"":956,""2018"":991,""2019"":926,""2020"":882,""2021"":1095,""2022"":1094,""2023"":1069,""2024"":1277,""2025"":1365,""2026"":1182}"
Li Fei-Fei,https://scholar.google.com/citations?user=rDfyQnIAAAAJ,2026-09-27,"Professor of Computer Science, Stanford University","[""Artificial Intelligence"", ""Machine Learning"", ""Computer Vision"", ""Neuroscience""]",375465,181,467,255838,143,423,2009,"{""2009"":1332,""2010"":1991,""2011"":2302,""2012"":2786,""2013"":3451,""2014"":4206,""2015"":5588,""2016"":8568,""2017"":12329,""2018"":18180,""2019"":24643,""2020"":30082,""2021"":36535,""2022"":38439,""2023"":41871,""2024"":46329,""2025"":51847,""2026"":40504}"
Frank Mueller,https://scholar.google.com/citations?user=1hEE9ZsAAAAJ,2026-09-27,"Professor of Computer Science, North Carolina State University","[""Parallel and Distributed Systems"", ""High-Performance Computing"", ""Embedded Systems"", ""Real-Time Systems"", ""Compilers""]",15127,58,194,2808,23,62,1994,"{""1994"":73,""1995"":84,""1996"":66,""1997"":116,""1998"":79,""1999"":147,""2000"":106,""2001"":147,""2002"":171,""2003"":197,""2004"":205,""2005"":308,""2006"":345,""2007"":387,""2008"":534,""2009"":696,""2010"":644,""2011"":715,""2012"":700,""2013"":754,""2014"":862,""2015"":868,""2016"":891,""2017"":789,""2018"":778,""2019"":847,""2020"":600,""2021"":564,""2022"":450,""2023"":444,""2024"":424,""2025"":491,""2026"":432}"
Gerald Tesauro,https://scholar.google.com/citations?user=5_UCvUgAAAAJ,2026-09-27,IBM Research,"[""Machine Learning"", ""Reinforcement Learning"", ""Multi-Agent Learning""]",21305,65,121,6982,36,75,1989,"{""1989"":81,""1990"":103,""1991"":95,""1992"":91,""1993"":150,""1994"":168,""1995"":144,""1996"":194,""1997"":190,""1998"":219,""1999"":192,""2000"":226,""2001"":310,""2002"":291,""2003"":416,""2004"":365,""2005"":443,""2006"":514,""2007"":612,""2008"":599,""2009"":664,""2010"":621,""2011"":674,""2012"":616,""2013"":620,""2014"":616,""2015"":524,""2016"":567,""2017"":585,""2018"":829,""2019"":1047,""2020"":1173,""2021"":1307,""2022"":1377,""2023"":1310,""2024"":1263,""2025"":1121,""2026"":604}"
Gul Agha,https://scholar.google.com/citations?user=orHlhhQAAAAJ,2026-09-27,"Professor of Comp. Science, University of Illinois at Urbana-Champaign & Chief Scientist StructureIQ","[""Programming Languages"", ""Concurrency Theory"", ""Formal Methods"", ""Software Engineering"", ""Sensor Networks""]",24525,66,204,4046,24,57,1988,"{""1988"":125,""1989"":134,""1990"":178,""1991"":248,""1992"":286,""1993"":327,""1994"":382,""1995"":329,""1996"":475,""1997"":434,""1998"":437,""1999"":410,""2000"":365,""2001"":332,""2002"":313,""2003"":361,""2004"":474,""2005"":519,""2006"":698,""2007"":708,""2008"":713,""2009"":753,""2010"":914,""2011"":972,""2012"":1003,""2013"":1045,""2014"":1096,""2015"":1115,""2016"":1024,""2017"":924,""2018"":1031,""2019"":987,""2020"":881,""2021"":769,""2022"":798,""2023"":676,""2024"":654,""2025"":708,""2026"":439}"
Huan Liu,https://scholar.google.com/citations?user=Dzf46C8AAAAJ,2026-09-27,"Regents Professor, Arizona State University","[""AI"", ""Data Mining"", ""Feature Selection"", ""Social Computing"", ""Social Media Mining""]",133654,155,745,66511,111,569,2001,"{""2001"":343,""2002"":454,""2003"":576,""2004"":739,""2005"":1011,""2006"":1099,""2007"":1280,""2008"":1638,""2009"":1973,""2010"":2183,""2011"":2431,""2012"":2881,""2013"":3204,""2014"":4132,""2015"":4679,""2016"":5483,""2017"":6071,""2018"":7135,""2019"":8387,""2020"":9194,""2021"":9987,""2022"":11052,""2023"":11122,""2024"":11777,""2025"":13661,""2026"":8821}"
Jan Camenisch,https://scholar.google.com/citations?user=T6esJiIAAAAJ,2026-09-27,Category Labs,"[""Privacy"", ""Cryptography"", ""Cryptographic Protocols"", ""Identity Management""]",33286,84,218,9468,47,146,1998,"{""1998"":105,""1999"":169,""2000"":145,""2001"":217,""2002"":338,""2003"":496,""2004"":678,""2005"":873,""2006"":1013,""2007"":1059,""2008"":1089,""2009"":1282,""2010"":1691,""2011"":1398,""2012"":1432,""2013"":1394,""2014"":1509,""2015"":1379,""2016"":1292,""2017"":1195,""2018"":1364,""2019"":1528,""2020"":1769,""2021"":1743,""2022"":1846,""2023"":1604,""2024"":1563,""2025"":1704,""2026"":1008}"
Jessica Hodgins,https://scholar.google.com/citations?user=vswo4rQAAAAJ,2026-09-27,"Professor of Computer Science and Robotics, Carnegie Mellon University","[""Computer Graphics"", ""Animation"", ""Humanoid Robotics""]",31881,94,235,9052,53,159,1995,"{""1995"":101,""1996"":78,""1997"":131,""1998"":181,""1999"":220,""2000"":284,""2001"":294,""2002"":412,""2003"":481,""2004"":639,""2005"":798,""2006"":959,""2007"":1048,""2008"":999,""2009"":1146,""2010"":1170,""2011"":1194,""2012"":1239,""2013"":1257,""2014"":1343,""2015"":1401,""2016"":1375,""2017"":1491,""2018"":1331,""2019"":1350,""2020"":1288,""2021"":1447,""2022"":1442,""2023"":1566,""2024"":1652,""2025"":1715,""2026"":1202}"
Jiebo Luo,https://scholar.google.com/citations?user=CcbnBvgAAAAJ,2026-09-27,"Albert Arendt Hopeman Professor of Engineering, University of Rochester","[""AI"", ""multimedia"", ""computational social science"", ""AI for health"", ""big data analytics""]",76539,138,604,47366,97,458,2004,"{""2004"":225,""2005"":326,""2006"":394,""2007"":409,""2008"":610,""2009"":754,""2010"":1064,""2011"":1339,""2012"":1537,""2013"":1766,""2014"":1852,""2015"":1974,""2016"":2133,""2017"":2511,""2018"":2836,""2019"":3783,""2020"":4721,""2021"":6483,""2022"":7183,""2023"":7776,""2024"":9000,""2025"":9843,""2026"":7040}"
Johan Håstad,https://scholar.google.com/citations?user=n0QrdEMAAAAJ,2026-09-27,"Professor i teoretisk datalogi, KTH","[""complexity theory"", ""efficient algorithms"", ""cryptography""]",19721,53,101,4434,30,50,1988,"{""1988"":70,""1989"":98,""1990"":152,""1991"":179,""1992"":194,""1993"":200,""1994"":236,""1995"":225,""1996"":268,""1997"":248,""1998"":310,""1999"":241,""2000"":321,""2001"":346,""2002"":433,""2003"":453,""2004"":418,""2005"":584,""2006"":552,""2007"":571,""2008"":589,""2009"":653,""2010"":635,""2011"":590,""2012"":661,""2013"":639,""2014"":747,""2015"":671,""2016"":671,""2017"":712,""2018"":697,""2019"":712,""2020"":708,""2021"":710,""2022"":753,""2023"":661,""2024"":718,""2025"":832,""2026"":755}"
John Hughes,https://scholar.google.com/citations?user=adD4xmAAAAAJ,2026-09-27,"Professor of Computer Science and Engineering, Chalmers University","[""Functional programming"", ""programming languages"", ""software testing"", ""random testing"", ""property-based testing""]",16730,47,100,2701,25,35,1987,"{""1987"":66,""1988"":62,""1989"":84,""1990"":126,""1991"":189,""1992"":230,""1993"":287,""1994"":311,""1995"":339,""1996"":259,""1997"":277,""1998"":330,""1999"":313,""2000"":348,""2001"":335,""2002"":350,""2003"":357,""2004"":435,""2005"":534,""2006"":482,""2007"":631,""2008"":612,""2009"":670,""2010"":620,""2011"":549,""2012"":549,""2013"":563,""2014"":518,""2015"":557,""2016"":501,""2017"":571,""2018"":563,""2019"":592,""2020"":483,""2021"":423,""2022"":427,""2023"":448,""2024"":477,""2025"":466,""2026"":460}"
Juan E. Gilbert,https://scholar.google.com/citations?user=FKbHXRUAAAAJ,2026-09-27,University of Florida,"[""Computing for Social Good"", ""Voting Systems"", ""Electronic Voting"", ""Ethical AI"", ""Applied AI""]",5661,35,107,3571,26,61,2001,"{""2001"":19,""2002"":29,""2003"":25,""2004"":26,""2005"":41,""2006"":50,""2007"":43,""2008"":61,""2009"":88,""2010"":76,""2011"":64,""2012"":89,""2013"":84,""2014"":135,""2015"":110,""2016"":152,""2017"":167,""2018"":157,""2019"":262,""2020"":320,""2021"":412,""2022"":490,""2023"":610,""2024"":738,""2025"":808,""2026"":503}"
Katy Borner,https://scholar.google.com/citations?user=YirSp_cAAAAJ,2026-09-27,"Victor H. Yngve Distinguished Professor of Engineering and Information Science, Indiana University","[""Network Science"", ""Information Visualization"", ""Scientometrics"", ""Science Studies"", ""Cyberinfrastructure""]",23004,59,151,10822,40,98,2003,"{""2003"":71,""2004"":147,""2005"":172,""2006"":275,""2007"":343,""2008"":409,""2009"":516,""2010"":482,""2011"":589,""2012"":689,""2013"":786,""2014"":923,""2015"":843,""2016"":894,""2017"":905,""2018"":1061,""2019"":1191,""2020"":1206,""2021"":1587,""2022"":1689,""2023"":1780,""2024"":1926,""2025"":2174,""2026"":1638}"
Kimberly Keeton,https://scholar.google.com/citations?user=wR_tv-kAAAAJ,2026-09-27,Google,"[""computer systems"", ""operating systems"", ""distributed systems"", ""storage and information management"", ""performance evaluation""]",8871,41,94,2333,20,34,1994,"{""1994"":25,""1995"":48,""1996"":98,""1997"":131,""1998"":180,""1999"":196,""2000"":201,""2001"":185,""2002"":229,""2003"":214,""2004"":232,""2005"":189,""2006"":216,""2007"":218,""2008"":263,""2009"":239,""2010"":253,""2011"":203,""2012"":213,""2013"":219,""2014"":301,""2015"":298,""2016"":300,""2017"":340,""2018"":447,""2019"":505,""2020"":507,""2021"":503,""2022"":505,""2023"":385,""2024"":386,""2025"":338,""2026"":215}"
Krste Asanovic,https://scholar.google.com/citations?user=e4I7ihkAAAAJ,2026-09-27,UC Berkeley,"[""Computer Architecture"", ""VLSI Design"", ""Parallel Programming""]",34628,77,205,14769,47,129,1998,"{""1998"":110,""1999"":92,""2000"":100,""2001"":125,""2002"":189,""2003"":248,""2004"":260,""2005"":367,""2006"":444,""2007"":615,""2008"":786,""2009"":937,""2010"":1096,""2011"":1121,""2012"":1079,""2013"":1148,""2014"":1173,""2015"":1207,""2016"":1371,""2017"":1512,""2018"":1595,""2019"":1782,""2020"":1987,""2021"":2237,""2022"":2346,""2023"":2542,""2024"":2648,""2025"":2960,""2026"":2036}"
Lili Qiu,https://scholar.google.com/citations?user=16posrQAAAAJ,2026-09-27,"NAI Fellow, ACM Fellow, IEEE Fellow, Professor, Dept. of Computer Science, The University of Texas","[""Networking"", ""Sensing"", ""System"", ""Machine Learning"", ""Mobile Computing""]",23112,72,212,8573,43,130,2001,"{""2001"":76,""2002"":166,""2003"":228,""2004"":366,""2005"":457,""2006"":598,""2007"":685,""2008"":849,""2009"":843,""2010"":925,""2011"":950,""2012"":1044,""2013"":964,""2014"":961,""2015"":963,""2016"":865,""2017"":833,""2018"":880,""2019"":828,""2020"":849,""2021"":792,""2022"":775,""2023"":656,""2024"":1261,""2025"":2307,""2026"":2759}"
Lillian Lee,https://scholar.google.com/citations?user=oJESe-cAAAAJ,2026-09-27,"Professor of Computer Science, Cornell University. Pls see my homepg for data+updates+slides+etc","[""natural language processing"", ""computational social science"", ""pubs hand-verified as truly mine""]",51769,46,61,14477,30,48,2001,"{""2001"":138,""2002"":186,""2003"":184,""2004"":306,""2005"":474,""2006"":550,""2007"":684,""2008"":878,""2009"":1176,""2010"":1588,""2011"":1742,""2012"":2213,""2013"":2545,""2014"":2987,""2015"":3323,""2016"":3507,""2017"":3448,""2018"":3652,""2019"":3502,""2020"":3139,""2021"":2876,""2022"":2605,""2023"":2531,""2024"":2306,""2025"":2525,""2026"":1631}"
Matthew Roughan,https://scholar.google.com/citations?user=Mnkm_NsAAAAJ,2026-09-27,"School of Mathematical Sciences, University of Adelaide","[""Network Modelling"", ""Network Measurements"", ""Network Management""]",12275,45,115,3848,24,54,2001,"{""2001"":31,""2002"":52,""2003"":105,""2004"":213,""2005"":257,""2006"":365,""2007"":424,""2008"":477,""2009"":485,""2010"":475,""2011"":524,""2012"":491,""2013"":531,""2014"":517,""2015"":537,""2016"":498,""2017"":545,""2018"":548,""2019"":570,""2020"":612,""2021"":643,""2022"":626,""2023"":609,""2024"":715,""2025"":766,""2026"":483}"
Michael Littman,https://scholar.google.com/citations?user=iRMZ2hoAAAAJ,2026-09-27,Brown University,"[""reinforcement learning"", ""machine learning"", ""artificial intelligence""]",72590,102,273,27797,69,179,1996,"{""1996"":232,""1997"":338,""1998"":491,""1999"":498,""2000"":624,""2001"":657,""2002"":851,""2003"":1063,""2004"":1285,""2005"":1494,""2006"":1487,""2007"":1844,""2008"":1839,""2009"":1899,""2010"":2125,""2011"":2185,""2012"":2248,""2013"":2347,""2014"":2225,""2015"":2241,""2016"":2323,""2017"":2482,""2018"":2991,""2019"":3438,""2020"":4094,""2021"":4300,""2022"":4442,""2023"":4898,""2024"":5106,""2025"":4996,""2026"":4043}"
Minos Garofalakis,https://scholar.google.com/citations?user=WemX9rAAAAAJ,2026-09-27,"Professor, ECE, Technical University of Crete; ACM/IEEE Fellow; Member Academia Europaea.","[""Big Data Analytics"", ""Data Streams"", ""Query Optimization"", ""Database Systems""]",17541,70,144,2638,26,63,2001,"{""2001"":127,""2002"":236,""2003"":406,""2004"":539,""2005"":749,""2006"":835,""2007"":910,""2008"":967,""2009"":1085,""2010"":932,""2011"":921,""2012"":976,""2013"":896,""2014"":840,""2015"":744,""2016"":739,""2017"":655,""2018"":687,""2019"":734,""2020"":601,""2021"":611,""2022"":521,""2023"":412,""2024"":397,""2025"":447,""2026"":249}"
MohammadTaghi Hajiaghayi,https://scholar.google.com/citations?user=SQ1eGN4AAAAJ,2026-09-27,"ACM Fellow, Jack and Rita Minker Professor of Computer Science, University of Maryland, College Park","[""Algorithms"", ""Game Theory"", ""Network Design"", ""Social Networks"", ""BIG Networks""]",20394,81,282,7494,45,195,2003,"{""2003"":90,""2004"":146,""2005"":279,""2006"":267,""2007"":354,""2008"":493,""2009"":528,""2010"":602,""2011"":751,""2012"":913,""2013"":823,""2014"":862,""2015"":873,""2016"":934,""2017"":1049,""2018"":1233,""2019"":1117,""2020"":1258,""2021"":1268,""2022"":1360,""2023"":1212,""2024"":1257,""2025"":1299,""2026"":1092}"
N. Asokan,https://scholar.google.com/citations?user=0MqQ8AgAAAAJ,2026-09-27,"Professor of Computer Science, University of Waterloo","[""Information Security"", ""Systems Security"", ""Trusted Computing"", ""Computer Security"", ""Privacy""]",27009,78,228,11283,47,130,1998,"{""1998"":114,""1999"":154,""2000"":201,""2001"":176,""2002"":225,""2003"":404,""2004"":438,""2005"":549,""2006"":569,""2007"":575,""2008"":634,""2009"":618,""2010"":715,""2011"":667,""2012"":635,""2013"":759,""2014"":813,""2015"":770,""2016"":888,""2017"":1031,""2018"":1195,""2019"":1474,""2020"":1740,""2021"":1948,""2022"":2087,""2023"":1929,""2024"":2027,""2025"":1956,""2026"":1330}"
Paul Barham,https://scholar.google.com/citations?user=q34R9psAAAAJ,2026-09-27,Google DeepMind,"[""Performance"", ""Distributed Systems"", ""Operating Systems"", ""Networking"", ""Machine Learning""]",131248,58,103,85753,42,67,2006,"{""2006"":559,""2007"":758,""2008"":912,""2009"":1030,""2010"":1313,""2011"":1266,""2012"":1289,""2013"":1345,""2014"":1242,""2015"":1200,""2016"":1839,""2017"":3946,""2018"":7368,""2019"":9343,""2020"":10340,""2021"":10816,""2022"":10343,""2023"":11221,""2024"":15551,""2025"":21060,""2026"":16639}"
Peter Bartlett,https://scholar.google.com/citations?user=yQNhFGUAAAAJ,2026-09-27,"Professor, EECS and Statistics, UC Berkeley","[""machine learning"", ""statistical learning theory"", ""adaptive control""]",68569,93,266,32890,71,192,1998,"{""1998"":221,""1999"":331,""2000"":398,""2001"":503,""2002"":663,""2003"":771,""2004"":887,""2005"":1001,""2006"":1162,""2007"":1283,""2008"":1408,""2009"":1513,""2010"":1640,""2011"":1681,""2012"":1848,""2013"":1800,""2014"":1788,""2015"":1915,""2016"":1958,""2017"":2129,""2018"":2526,""2019"":3293,""2020"":3990,""2021"":4584,""2022"":4886,""2023"":5261,""2024"":5922,""2025"":6298,""2026"":5889}"
Prem Devanbu,https://scholar.google.com/citations?user=tQ5vbOAAAAAJ,2026-09-27,"Distinguished Research Professor (பேராசிரியர்), Member, European Academy, ACM Fellow, UC Davis","[""Empirical Software Engineering"", ""\""Naturalness\"" of Software"", ""Software Engineering""]",26831,76,167,11401,53,101,1992,"{""1992"":74,""1993"":67,""1994"":97,""1995"":80,""1996"":81,""1997"":96,""1998"":114,""1999"":143,""2000"":142,""2001"":187,""2002"":188,""2003"":272,""2004"":342,""2005"":362,""2006"":358,""2007"":390,""2008"":381,""2009"":476,""2010"":560,""2011"":565,""2012"":619,""2013"":781,""2014"":822,""2015"":948,""2016"":1117,""2017"":1122,""2018"":1413,""2019"":1602,""2020"":1629,""2021"":1568,""2022"":1671,""2023"":1780,""2024"":1970,""2025"":2381,""2026"":2023}"
Rastislav Bodik,https://scholar.google.com/citations?user=YrihYtsAAAAJ,2026-09-27,University of Washington,"[""Programming Languages"", ""Program Synthesis""]",19493,55,99,6407,35,71,1999,"{""1999"":53,""2000"":46,""2001"":62,""2002"":103,""2003"":149,""2004"":220,""2005"":221,""2006"":297,""2007"":386,""2008"":569,""2009"":709,""2010"":824,""2011"":828,""2012"":824,""2013"":852,""2014"":862,""2015"":912,""2016"":885,""2017"":970,""2018"":917,""2019"":1042,""2020"":1102,""2021"":1086,""2022"":1039,""2023"":1145,""2024"":1125,""2025"":1122,""2026"":889}"
Salil Vadhan,https://scholar.google.com/citations?user=dqVjyRQAAAAJ,2026-09-27,"Vicky Joseph Professor of Computer Science and Applied Mathematics, Harvard University","[""theoretical computer science: computational complexity"", ""cryptography"", ""and data privacy""]",24770,75,163,10048,46,120,2000,"{""2000"":70,""2001"":86,""2002"":146,""2003"":209,""2004"":265,""2005"":345,""2006"":474,""2007"":477,""2008"":545,""2009"":487,""2010"":637,""2011"":646,""2012"":791,""2013"":901,""2014"":965,""2015"":1022,""2016"":1094,""2017"":1187,""2018"":1240,""2019"":1345,""2020"":1479,""2021"":1523,""2022"":1599,""2023"":1820,""2024"":1855,""2025"":1865,""2026"":1379}"
Sandhya Dwarkadas,https://scholar.google.com/citations?user=L1pb8GUAAAAJ,2026-09-27,"Walter N. Munster Professor, Computer Science, University of Virginia",[],14560,53,120,1372,18,31,1994,"{""1994"":84,""1995"":132,""1996"":240,""1997"":359,""1998"":437,""1999"":489,""2000"":406,""2001"":376,""2002"":332,""2003"":481,""2004"":666,""2005"":682,""2006"":618,""2007"":700,""2008"":626,""2009"":657,""2010"":633,""2011"":618,""2012"":540,""2013"":549,""2014"":532,""2015"":500,""2016"":541,""2017"":468,""2018"":408,""2019"":408,""2020"":387,""2021"":279,""2022"":300,""2023"":229,""2024"":219,""2025"":210,""2026"":135}"
Sanjeev Khanna,https://scholar.google.com/citations?user=HriWXcEAAAAJ,2026-09-27,"Professor of Computer Science, Courant Institute, New York University","[""Theoretical computer science""]",19497,73,192,5382,37,117,1996,"{""1996"":51,""1997"":94,""1998"":85,""1999"":76,""2000"":106,""2001"":157,""2002"":227,""2003"":304,""2004"":492,""2005"":576,""2006"":634,""2007"":669,""2008"":643,""2009"":707,""2010"":698,""2011"":758,""2012"":734,""2013"":736,""2014"":733,""2015"":775,""2016"":850,""2017"":820,""2018"":910,""2019"":860,""2020"":927,""2021"":864,""2022"":896,""2023"":861,""2024"":896,""2025"":900,""2026"":965}"
Steven Feiner,https://scholar.google.com/citations?user=PogsVkYAAAAJ,2026-09-27,"Professor of Computer Science, Columbia University","[""Human-Computer Interaction"", ""Augmented Reality"", ""Virtual Reality"", ""3D User Interfaces"", ""Wearable Computing""]",52552,90,249,10681,41,113,1991,"{""1991"":258,""1992"":407,""1993"":602,""1994"":636,""1995"":758,""1996"":820,""1997"":895,""1998"":1104,""1999"":1138,""2000"":1041,""2001"":1144,""2002"":1297,""2003"":1398,""2004"":1670,""2005"":1574,""2006"":1552,""2007"":1601,""2008"":1399,""2009"":1428,""2010"":1361,""2011"":1510,""2012"":1685,""2013"":1693,""2014"":1603,""2015"":1888,""2016"":1793,""2017"":1888,""2018"":2146,""2019"":2152,""2020"":2107,""2021"":2057,""2022"":2004,""2023"":1977,""2024"":1855,""2025"":1739,""2026"":1049}"
Tamal K. Dey,https://scholar.google.com/citations?user=k7VhUnAAAAAJ,2026-09-27,"Professor Computer Science, Purdue University","[""Computational Geometry"", ""Computational Topology"", ""Geometric Modeling"", ""Mesh Generation"", ""Topological Data Analysis""]",17754,63,169,4892,34,98,1997,"{""1997"":49,""1998"":95,""1999"":116,""2000"":162,""2001"":197,""2002"":246,""2003"":448,""2004"":464,""2005"":600,""2006"":608,""2007"":687,""2008"":691,""2009"":758,""2010"":645,""2011"":655,""2012"":640,""2013"":746,""2014"":670,""2015"":683,""2016"":627,""2017"":639,""2018"":644,""2019"":626,""2020"":724,""2021"":730,""2022"":782,""2023"":762,""2024"":930,""2025"":884,""2026"":793}"
Thomas Funkhouser,https://scholar.google.com/citations?user=BghVDhgAAAAJ,2026-09-27,Princeton University and Google,"[""Computer Graphics"", ""Computer Vision"", ""Shape Analysis"", ""Geometric Modeling"", ""Geometry Processing""]",71706,102,180,42246,63,127,1999,"{""1999"":183,""2000"":216,""2001"":269,""2002"":349,""2003"":533,""2004"":708,""2005"":792,""2006"":963,""2007"":1025,""2008"":1062,""2009"":1029,""2010"":1336,""2011"":1335,""2012"":1281,""2013"":1372,""2014"":1409,""2015"":1505,""2016"":1575,""2017"":1628,""2018"":2453,""2019"":3236,""2020"":4082,""2021"":5045,""2022"":6033,""2023"":7537,""2024"":8579,""2025"":8529,""2026"":6509}"
Tian He,https://scholar.google.com/citations?user=hc1m_BQAAAAJ,2026-09-27,"Professor, ACM/IEEE Fellow, Department of Computer Science & Engineering, University of Minnesota","[""Cyber Physical Systems"", ""IOT"", ""Wireless Sensor Networks"", ""Real-time Systems""]",34612,87,299,7500,47,188,2004,"{""2004"":287,""2005"":624,""2006"":997,""2007"":1354,""2008"":1561,""2009"":1759,""2010"":2066,""2011"":1896,""2012"":1987,""2013"":1905,""2014"":1905,""2015"":1876,""2016"":1647,""2017"":1766,""2018"":1720,""2019"":1639,""2020"":1731,""2021"":1530,""2022"":1315,""2023"":1223,""2024"":1170,""2025"":1377,""2026"":878}"
Tim Finin,https://scholar.google.com/citations?user=p5oWQ0AAAAAJ,2026-09-27,"University of Maryland, Baltimore County","[""artificial intelligence"", ""knowledge graphs"", ""natural language processing"", ""knowledge representation""]",53810,111,388,6674,36,113,1991,"{""1991"":145,""1992"":175,""1993"":201,""1994"":285,""1995"":407,""1996"":416,""1997"":627,""1998"":716,""1999"":899,""2000"":1070,""2001"":1061,""2002"":1148,""2003"":1354,""2004"":1704,""2005"":1878,""2006"":2245,""2007"":2557,""2008"":2353,""2009"":2414,""2010"":2598,""2011"":2500,""2012"":2586,""2013"":2459,""2014"":2473,""2015"":2288,""2016"":2248,""2017"":1888,""2018"":1763,""2019"":1668,""2020"":1495,""2021"":1317,""2022"":1272,""2023"":1247,""2024"":1130,""2025"":1061,""2026"":644}"
Vishal Misra,https://scholar.google.com/citations?user=IlCfRosAAAAJ,2026-09-27,Professor of Computer Science,"[""Computer Networking"", ""Performance Evaluation""]",16152,53,103,2124,24,47,2001,"{""2001"":172,""2002"":292,""2003"":528,""2004"":811,""2005"":798,""2006"":846,""2007"":881,""2008"":843,""2009"":886,""2010"":901,""2011"":818,""2012"":769,""2013"":768,""2014"":668,""2015"":606,""2016"":640,""2017"":718,""2018"":607,""2019"":601,""2020"":632,""2021"":459,""2022"":490,""2023"":346,""2024"":349,""2025"":303,""2026"":177}"
Wendi B Heinzelman,https://scholar.google.com/citations?user=myYVVuYAAAAJ,2026-09-27,University of Rochester,"[""Wireless communication and networking"", ""ad hoc networks"", ""wireless sensor networks""]",61432,61,146,8681,25,57,2001,"{""2001"":158,""2002"":315,""2003"":597,""2004"":1108,""2005"":1853,""2006"":2293,""2007"":2797,""2008"":3060,""2009"":3346,""2010"":3650,""2011"":3532,""2012"":3908,""2013"":3846,""2014"":3732,""2015"":3639,""2016"":3405,""2017"":2921,""2018"":2895,""2019"":2605,""2020"":2304,""2021"":2105,""2022"":1905,""2023"":1539,""2024"":1307,""2025"":1068,""2026"":757}"
Aarti Gupta,https://scholar.google.com/citations?user=S_jYB2sAAAAJ,2026-09-27,Princeton University,"[""Formal methods"", ""system/software verification"", ""program analysis"", ""SAT/SMT solvers"", ""design automation""]",12449,55,217,3514,29,80,1994,"{""1994"":38,""1995"":43,""1996"":51,""1997"":55,""1998"":46,""1999"":45,""2000"":66,""2001"":82,""2002"":74,""2003"":149,""2004"":187,""2005"":261,""2006"":243,""2007"":324,""2008"":397,""2009"":442,""2010"":459,""2011"":464,""2012"":538,""2013"":573,""2014"":583,""2015"":532,""2016"":488,""2017"":498,""2018"":624,""2019"":637,""2020"":762,""2021"":670,""2022"":632,""2023"":604,""2024"":662,""2025"":549,""2026"":397}"
Aidong Zhang,https://scholar.google.com/citations?user=O8XxkE4AAAAJ,2026-09-27,"Thomas M. Linville Professor of Computer Science, University of Virginia","[""Machine Learning"", ""Data Mining"", ""Bioinformatics"", ""Health Informatics""]",22619,68,309,10621,50,156,1997,"{""1997"":92,""1998"":90,""1999"":111,""2000"":117,""2001"":161,""2002"":256,""2003"":287,""2004"":292,""2005"":377,""2006"":490,""2007"":472,""2008"":484,""2009"":592,""2010"":598,""2011"":552,""2012"":606,""2013"":611,""2014"":680,""2015"":645,""2016"":645,""2017"":691,""2018"":809,""2019"":920,""2020"":1101,""2021"":1266,""2022"":1312,""2023"":1502,""2024"":1897,""2025"":2567,""2026"":2056}"
Alexander Vardy,https://scholar.google.com/citations?user=WtalCkkAAAAJ,2026-09-27,University of California San Diego,"[""Information Theory"", ""Coding Theory"", ""Computational Complexity Theory"", ""Error-Correcting Codes""]",20064,64,161,5949,34,82,1995,"{""1995"":55,""1996"":116,""1997"":75,""1998"":121,""1999"":191,""2000"":136,""2001"":189,""2002"":189,""2003"":272,""2004"":338,""2005"":424,""2006"":505,""2007"":471,""2008"":557,""2009"":484,""2010"":569,""2011"":555,""2012"":682,""2013"":664,""2014"":880,""2015"":807,""2016"":827,""2017"":1123,""2018"":1194,""2019"":1251,""2020"":1073,""2021"":1196,""2022"":1068,""2023"":1000,""2024"":1075,""2025"":936,""2026"":671}"
Anand Sivasubramaniam,https://scholar.google.com/citations?user=JWXlepgAAAAJ,2026-09-27,"Charles Godfrey Binder Professor, Penn State University","[""Computer Architecture"", ""Computer Systems"", ""Operating Systems"", ""Performance Evaluation"", ""Datacenters""]",16803,65,225,3213,31,84,1997,"{""1997"":65,""1998"":25,""1999"":70,""2000"":61,""2001"":97,""2002"":220,""2003"":239,""2004"":315,""2005"":410,""2006"":533,""2007"":627,""2008"":624,""2009"":614,""2010"":744,""2011"":752,""2012"":871,""2013"":954,""2014"":989,""2015"":973,""2016"":966,""2017"":795,""2018"":838,""2019"":802,""2020"":704,""2021"":589,""2022"":577,""2023"":518,""2024"":596,""2025"":545,""2026"":386}"
Andreas Moshovos,https://scholar.google.com/citations?user=D2VLt-8AAAAJ,2026-09-27,"Professor, Electrical and Computer Engineering, University of Toronto","[""Computer Architecture""]",10941,49,100,4009,29,57,1998,"{""1998"":57,""1999"":76,""2000"":99,""2001"":114,""2002"":139,""2003"":165,""2004"":221,""2005"":206,""2006"":260,""2007"":223,""2008"":207,""2009"":238,""2010"":262,""2011"":338,""2012"":334,""2013"":357,""2014"":318,""2015"":310,""2016"":323,""2017"":448,""2018"":600,""2019"":647,""2020"":864,""2021"":738,""2022"":885,""2023"":671,""2024"":695,""2025"":631,""2026"":385}"
Andrew McCallum,https://scholar.google.com/citations?user=yILa1y0AAAAJ,2026-09-27,"Distinguished Professor of Computer Science, University of Massachusetts Amherst","[""Machine Learning"", ""Natural Language Processing"", ""Artificial Intelligence"", ""Peer Review""]",120727,127,346,40340,80,236,2000,"{""2000"":458,""2001"":639,""2002"":845,""2003"":1275,""2004"":1535,""2005"":2256,""2006"":2477,""2007"":3000,""2008"":3504,""2009"":3769,""2010"":4116,""2011"":4384,""2012"":4851,""2013"":4949,""2014"":5175,""2015"":5242,""2016"":5455,""2017"":5286,""2018"":5793,""2019"":6559,""2020"":6753,""2021"":7218,""2022"":7171,""2023"":6997,""2024"":6654,""2025"":6985,""2026"":5302}"
Angelos D. Keromytis,https://scholar.google.com/citations?user=mncyWbcAAAAJ,2026-09-27,Georgia Institute of Technology,"[""Computer security"", ""cybersecurity"", ""computer systems"", ""computer networks"", ""network security""]",31041,88,273,6530,41,122,1999,"{""1999"":203,""2000"":271,""2001"":345,""2002"":507,""2003"":624,""2004"":725,""2005"":971,""2006"":959,""2007"":1069,""2008"":936,""2009"":918,""2010"":956,""2011"":947,""2012"":943,""2013"":1202,""2014"":1401,""2015"":1567,""2016"":1791,""2017"":1830,""2018"":2001,""2019"":1929,""2020"":1952,""2021"":1590,""2022"":1423,""2023"":984,""2024"":1070,""2025"":955,""2026"":506}"
Balaji Prabhakar,https://scholar.google.com/citations?user=TyPF9V4AAAAJ,2026-09-27,Unknown affiliation,[],35074,58,115,8361,28,56,2000,"{""2000"":99,""2001"":129,""2002"":251,""2003"":429,""2004"":449,""2005"":523,""2006"":590,""2007"":699,""2008"":678,""2009"":793,""2010"":925,""2011"":1100,""2012"":1349,""2013"":1866,""2014"":2255,""2015"":2469,""2016"":2660,""2017"":2477,""2018"":2383,""2019"":2262,""2020"":1898,""2021"":1807,""2022"":1619,""2023"":1381,""2024"":1321,""2025"":1353,""2026"":880}"
Bernhard Schölkopf,https://scholar.google.com/citations?user=DZ-fHPgAAAAJ,2026-09-27,"Director, Max Planck Institute for Intelligent Systems & ELLIS Institute Tübingen; Professor at ETH","[""Machine Learning"", ""Causal Inference"", ""Artificial Intelligence"", ""Computational Photography"", ""Statistics""]",296468,203,866,136122,147,684,2001,"{""2001"":1048,""2002"":1494,""2003"":2383,""2004"":3382,""2005"":4329,""2006"":5344,""2007"":6120,""2008"":6743,""2009"":7438,""2010"":7645,""2011"":7971,""2012"":8203,""2013"":8993,""2014"":9411,""2015"":10139,""2016"":10759,""2017"":10957,""2018"":12818,""2019"":14610,""2020"":16702,""2021"":18444,""2022"":20249,""2023"":21933,""2024"":23865,""2025"":26961,""2026"":24527}"
Carl Kesselman,https://scholar.google.com/citations?user=5c38WVcAAAAJ,2026-09-27,Professor University of Southern California Information Sciences Institute,"[""computer science"", ""medicine"", ""bioinformatics""]",79129,88,222,4144,30,74,1997,"{""1997"":263,""1998"":437,""1999"":619,""2000"":936,""2001"":1310,""2002"":2428,""2003"":4641,""2004"":6221,""2005"":7764,""2006"":7573,""2007"":6635,""2008"":5807,""2009"":5247,""2010"":4481,""2011"":3615,""2012"":2940,""2013"":2343,""2014"":2023,""2015"":1693,""2016"":1449,""2017"":1183,""2018"":1077,""2019"":1030,""2020"":824,""2021"":857,""2022"":933,""2023"":650,""2024"":699,""2025"":626,""2026"":375}"
ChengXiang Zhai,https://scholar.google.com/citations?user=YU-baPIAAAAJ,2026-09-27,University of Illinois at Urbana-Champaign,"[""Intelligent Information Systems"", ""Intelligent Agents"", ""Foundation Models"", ""Healthcare"", ""Education""]",47566,98,361,13923,55,216,2003,"{""2003"":172,""2004"":295,""2005"":407,""2006"":548,""2007"":882,""2008"":1232,""2009"":1544,""2010"":1713,""2011"":1986,""2012"":2233,""2013"":2346,""2014"":2538,""2015"":2753,""2016"":3125,""2017"":2836,""2018"":2900,""2019"":2810,""2020"":2621,""2021"":2604,""2022"":2493,""2023"":2389,""2024"":2350,""2025"":2389,""2026"":1692}"
Craig A. Knoblock,https://scholar.google.com/citations?user=onXXy6MAAAAJ,2026-09-27,"Keston Executive Director, USC Information Sciences Institute","[""Knowledge graphs"", ""data integration"", ""data science"", ""machine learning""]",27524,82,267,5292,34,94,1991,"{""1991"":112,""1992"":115,""1993"":188,""1994"":232,""1995"":298,""1996"":325,""1997"":339,""1998"":458,""1999"":563,""2000"":586,""2001"":678,""2002"":734,""2003"":946,""2004"":888,""2005"":1006,""2006"":873,""2007"":1003,""2008"":899,""2009"":1012,""2010"":1018,""2011"":1016,""2012"":964,""2013"":934,""2014"":975,""2015"":823,""2016"":1051,""2017"":899,""2018"":909,""2019"":941,""2020"":921,""2021"":892,""2022"":952,""2023"":899,""2024"":922,""2025"":1002,""2026"":618}"
dan gusfield,https://scholar.google.com/citations?user=VoAHydgAAAAJ,2026-09-27,University of California Davis,[],18518,50,95,2550,19,30,1991,"{""1991"":87,""1992"":96,""1993"":87,""1994"":111,""1995"":124,""1996"":87,""1997"":125,""1998"":152,""1999"":194,""2000"":287,""2001"":269,""2002"":458,""2003"":599,""2004"":748,""2005"":893,""2006"":1004,""2007"":989,""2008"":1031,""2009"":878,""2010"":926,""2011"":778,""2012"":703,""2013"":728,""2014"":702,""2015"":606,""2016"":691,""2017"":568,""2018"":511,""2019"":533,""2020"":525,""2021"":461,""2022"":440,""2023"":415,""2024"":429,""2025"":461,""2026"":344}"
Dorin Comaniciu,https://scholar.google.com/citations?user=-XZ2HrAAAAAJ,2026-09-27,Siemens Healthineers,"[""Healthcare AI"", ""Biomedical Image Analysis"", ""Medical Image Computing"", ""Image Guided Therapy""]",70522,113,517,19714,64,301,2002,"{""2002"":277,""2003"":449,""2004"":717,""2005"":1153,""2006"":1543,""2007"":1925,""2008"":2346,""2009"":2866,""2010"":3157,""2011"":3271,""2012"":3603,""2013"":3593,""2014"":3771,""2015"":3763,""2016"":3548,""2017"":3171,""2018"":3192,""2019"":3780,""2020"":3722,""2021"":4392,""2022"":4290,""2023"":3319,""2024"":3219,""2025"":2913,""2026"":1573}"
Edith Cohen,https://scholar.google.com/citations?user=O-TV6OgAAAAJ,2026-09-27,"Google, Tel Aviv University","[""Algorithms"", ""Machine Learning"", ""Networks"", ""Optimization"", ""Performance Evaluation""]",15479,52,135,2787,29,70,1998,"{""1998"":66,""1999"":82,""2000"":110,""2001"":215,""2002"":251,""2003"":428,""2004"":604,""2005"":720,""2006"":751,""2007"":816,""2008"":766,""2009"":804,""2010"":708,""2011"":667,""2012"":583,""2013"":637,""2014"":639,""2015"":536,""2016"":575,""2017"":574,""2018"":552,""2019"":583,""2020"":578,""2021"":558,""2022"":499,""2023"":469,""2024"":431,""2025"":462,""2026"":367}"
Edouard Bugnion,https://scholar.google.com/citations?user=8ztj2yEAAAAJ,2026-09-27,EPFL,"[""Computer Systems"", ""Operating Systems"", ""Virtualization""]",10988,41,61,3303,26,46,1997,"{""1997"":70,""1998"":128,""1999"":128,""2000"":183,""2001"":180,""2002"":162,""2003"":193,""2004"":251,""2005"":300,""2006"":309,""2007"":358,""2008"":313,""2009"":300,""2010"":409,""2011"":317,""2012"":379,""2013"":375,""2014"":412,""2015"":425,""2016"":413,""2017"":435,""2018"":427,""2019"":463,""2020"":582,""2021"":711,""2022"":594,""2023"":567,""2024"":532,""2025"":542,""2026"":355}"
Edward Fox,https://scholar.google.com/citations?user=KcbSBrUAAAAJ,2026-09-27,"Professor of Computer Science, Virginia Tech, VPI&SU","[""digital libraries"", ""information retrieval"", ""multimedia"", ""education"", ""linguistics""]",23316,67,325,3931,27,77,1987,"{""1987"":82,""1988"":150,""1989"":136,""1990"":152,""1991"":134,""1992"":170,""1993"":226,""1994"":306,""1995"":373,""1996"":306,""1997"":410,""1998"":457,""1999"":487,""2000"":493,""2001"":504,""2002"":631,""2003"":627,""2004"":734,""2005"":771,""2006"":802,""2007"":873,""2008"":801,""2009"":911,""2010"":815,""2011"":872,""2012"":815,""2013"":778,""2014"":847,""2015"":722,""2016"":793,""2017"":663,""2018"":602,""2019"":595,""2020"":520,""2021"":808,""2022"":618,""2023"":636,""2024"":746,""2025"":723,""2026"":395}"
Edward Knightly,https://scholar.google.com/citations?user=-0vALDMAAAAJ,2026-09-27,"Sheafor-Lindsay Professor of Electrical and Computer Engineering and Computer Science, Rice","[""Wireless Networking"", ""Wireless Security"", ""Millimeter Wave"", ""Terahertz""]",22289,77,186,4810,36,79,1995,"{""1995"":56,""1996"":127,""1997"":205,""1998"":195,""1999"":252,""2000"":218,""2001"":277,""2002"":339,""2003"":466,""2004"":609,""2005"":779,""2006"":897,""2007"":1043,""2008"":1125,""2009"":1032,""2010"":1022,""2011"":943,""2012"":876,""2013"":778,""2014"":783,""2015"":865,""2016"":726,""2017"":801,""2018"":919,""2019"":897,""2020"":918,""2021"":940,""2022"":884,""2023"":740,""2024"":756,""2025"":885,""2026"":604}"
Gabriel H. Loh,https://scholar.google.com/citations?user=e_D2XsUAAAAJ,2026-09-27,AMD Research and Advanced Development (RAD),"[""Computer architecture""]",15925,64,194,5643,41,119,2005,"{""2005"":52,""2006"":93,""2007"":140,""2008"":183,""2009"":364,""2010"":418,""2011"":519,""2012"":575,""2013"":742,""2014"":687,""2015"":960,""2016"":976,""2017"":1130,""2018"":1111,""2019"":1106,""2020"":1029,""2021"":1057,""2022"":1100,""2023"":801,""2024"":1066,""2025"":1012,""2026"":604}"
Gail Murphy,https://scholar.google.com/citations?user=EGA1deoAAAAJ,2026-09-27,"Professor of Computer Science, University of British Columbia","[""Software Engineering""]",22554,71,156,5222,36,85,1997,"{""1997"":62,""1998"":115,""1999"":139,""2000"":156,""2001"":185,""2002"":220,""2003"":303,""2004"":349,""2005"":552,""2006"":674,""2007"":707,""2008"":892,""2009"":861,""2010"":943,""2011"":859,""2012"":1016,""2013"":1139,""2014"":1147,""2015"":1099,""2016"":1173,""2017"":1180,""2018"":1106,""2019"":1064,""2020"":1053,""2021"":993,""2022"":957,""2023"":873,""2024"":881,""2025"":866,""2026"":647}"
Geoffrey M. Voelker,https://scholar.google.com/citations?user=45CJ-rgAAAAJ,2026-09-27,"University of California, San Diego","[""security"", ""operating systems"", ""networking"", ""wireless""]",30071,79,151,6875,40,104,2002,"{""2002"":240,""2003"":380,""2004"":684,""2005"":877,""2006"":935,""2007"":997,""2008"":1022,""2009"":1141,""2010"":1237,""2011"":1406,""2012"":1412,""2013"":1542,""2014"":1615,""2015"":1655,""2016"":1579,""2017"":1523,""2018"":1473,""2019"":1419,""2020"":1364,""2021"":1312,""2022"":1224,""2023"":1127,""2024"":1095,""2025"":1193,""2026"":914}"
Gregory Hager,https://scholar.google.com/citations?user=ivApfKcAAAAJ,2026-09-27,"Mandell Bellmore Professor of Computer Science, Johns Hopkins University","[""Robotics"", ""Computer Vision"", ""Medicine"", ""HCI"", ""Computer Science""]",53655,105,437,22454,66,260,1995,"{""1995"":134,""1996"":169,""1997"":203,""1998"":310,""1999"":393,""2000"":429,""2001"":475,""2002"":586,""2003"":640,""2004"":767,""2005"":919,""2006"":1002,""2007"":1169,""2008"":1144,""2009"":1105,""2010"":1264,""2011"":1269,""2012"":1543,""2013"":1628,""2014"":1585,""2015"":1576,""2016"":1912,""2017"":2011,""2018"":2292,""2019"":2721,""2020"":2960,""2021"":3381,""2022"":3722,""2023"":3880,""2024"":4027,""2025"":4249,""2026"":3174}"
Insup Lee,https://scholar.google.com/citations?user=qPlUgrgAAAAJ,2026-09-27,"Professor, Computer and Information Science, University of Pennsylvania","[""Real-time systems"", ""Real-Time Embedded Systems"", ""Cyber Physical Systems"", ""runtime verification"", ""trust management""]",29035,81,473,9239,40,195,1993,"{""1993"":94,""1994"":97,""1995"":116,""1996"":118,""1997"":115,""1998"":123,""1999"":142,""2000"":170,""2001"":190,""2002"":249,""2003"":314,""2004"":416,""2005"":434,""2006"":422,""2007"":514,""2008"":599,""2009"":733,""2010"":838,""2011"":873,""2012"":1065,""2013"":1185,""2014"":1395,""2015"":1451,""2016"":1369,""2017"":1407,""2018"":1543,""2019"":1720,""2020"":1449,""2021"":1551,""2022"":1617,""2023"":1539,""2024"":1616,""2025"":1694,""2026"":1208}"
K. K. Ramakrishnan,https://scholar.google.com/citations?user=Da-s1FQAAAAJ,2026-09-27,"Distinguished Professor of Computer Science and Engineering, University of California, Riverside","[""Computer Networking and Communications""]",34120,90,377,6082,40,125,1991,"{""1991"":86,""1992"":88,""1993"":82,""1994"":132,""1995"":154,""1996"":231,""1997"":342,""1998"":500,""1999"":595,""2000"":759,""2001"":871,""2002"":929,""2003"":1076,""2004"":1159,""2005"":1152,""2006"":1053,""2007"":1031,""2008"":916,""2009"":967,""2010"":1094,""2011"":1113,""2012"":1185,""2013"":1197,""2014"":1379,""2015"":1505,""2016"":1645,""2017"":1608,""2018"":1568,""2019"":1574,""2020"":1424,""2021"":1239,""2022"":1196,""2023"":933,""2024"":1096,""2025"":997,""2026"":620}"
Lars Birkedal,https://scholar.google.com/citations?user=1rW-bi0AAAAJ,2026-09-27,"Dept. of Computer Science, Aarhus University","[""Computer Science"", ""Programming"", ""Logic"", ""Semantics""]",11296,58,167,5155,36,102,1997,"{""1997"":43,""1998"":72,""1999"":81,""2000"":74,""2001"":92,""2002"":98,""2003"":68,""2004"":97,""2005"":112,""2006"":157,""2007"":197,""2008"":286,""2009"":258,""2010"":256,""2011"":296,""2012"":256,""2013"":363,""2014"":368,""2015"":338,""2016"":384,""2017"":522,""2018"":489,""2019"":547,""2020"":503,""2021"":742,""2022"":685,""2023"":845,""2024"":900,""2025"":1082,""2026"":896}"
Laxmikant Kale,https://scholar.google.com/citations?user=TPOorDcAAAAJ,2026-09-27,"Professor or Computer Science, University of Illinois","[""parallel programming"", ""parallel computing"", ""high performance computing"", ""computational science""]",46898,70,295,13176,29,84,1993,"{""1993"":132,""1994"":195,""1995"":165,""1996"":169,""1997"":142,""1998"":148,""1999"":180,""2000"":136,""2001"":145,""2002"":233,""2003"":234,""2004"":435,""2005"":603,""2006"":768,""2007"":975,""2008"":1122,""2009"":1338,""2010"":1576,""2011"":1782,""2012"":2114,""2013"":2256,""2014"":2592,""2015"":2543,""2016"":2731,""2017"":2698,""2018"":2509,""2019"":2606,""2020"":2376,""2021"":2671,""2022"":2490,""2023"":2183,""2024"":2187,""2025"":2137,""2026"":1508}"
Li Erran Li,https://scholar.google.com/citations?user=GkMfzy4AAAAJ,2026-09-27,"IEEE Fellow and ACM Fellow, AWS AI, Amazon","[""AI4science"", ""multimodal reasoning"", ""machine learning"", ""systems""]",28448,74,172,9391,44,110,2002,"{""2002"":147,""2003"":275,""2004"":455,""2005"":702,""2006"":816,""2007"":871,""2008"":1109,""2009"":1055,""2010"":1038,""2011"":979,""2012"":970,""2013"":1116,""2014"":1245,""2015"":1347,""2016"":1397,""2017"":1368,""2018"":1447,""2019"":1275,""2020"":1133,""2021"":1072,""2022"":1124,""2023"":1244,""2024"":1647,""2025"":2345,""2026"":1946}"
Mani Srivastava,https://scholar.google.com/citations?user=X2Qs7XYAAAAJ,2026-09-27,"Professor of Electrical & Computer Engineering, and Professor of Computer Science, UCLA","[""Cyber-Physical Systems"", ""Internet of Things"", ""Embedded Systems"", ""Mobile Computing"", ""Physical AI""]",79803,119,440,16260,59,213,1998,"{""1998"":202,""1999"":243,""2000"":310,""2001"":400,""2002"":585,""2003"":1023,""2004"":1630,""2005"":2572,""2006"":3034,""2007"":3532,""2008"":3854,""2009"":3947,""2010"":4329,""2011"":4000,""2012"":4323,""2013"":4310,""2014"":4111,""2015"":3866,""2016"":3480,""2017"":3278,""2018"":3186,""2019"":3020,""2020"":2991,""2021"":2924,""2022"":2763,""2023"":2651,""2024"":2819,""2025"":3024,""2026"":2066}"
Margaret Burnett,https://scholar.google.com/citations?user=Vc58tYYAAAAJ,2026-09-27,"University Distinguished Professor of Computer Science, Oregon State University","[""human computer interaction"", ""end-user programming"", ""end-user software engineering"", ""gender"", ""empirical software engineering""]",18025,73,207,6946,39,110,1995,"{""1995"":67,""1996"":105,""1997"":115,""1998"":107,""1999"":93,""2000"":200,""2001"":205,""2002"":246,""2003"":212,""2004"":279,""2005"":372,""2006"":457,""2007"":346,""2008"":306,""2009"":392,""2010"":406,""2011"":424,""2012"":396,""2013"":537,""2014"":610,""2015"":617,""2016"":718,""2017"":740,""2018"":795,""2019"":961,""2020"":1014,""2021"":1174,""2022"":1118,""2023"":1132,""2024"":1301,""2025"":1222,""2026"":995}"
Martin Grohe,https://scholar.google.com/citations?user=Sou5ih0AAAAJ,2026-09-27,"Professor of Computer Science, RWTH Aachen University",[],19918,62,168,9926,43,118,2001,"{""2001"":79,""2002"":58,""2003"":137,""2004"":213,""2005"":190,""2006"":280,""2007"":375,""2008"":484,""2009"":535,""2010"":505,""2011"":482,""2012"":660,""2013"":740,""2014"":585,""2015"":569,""2016"":660,""2017"":754,""2018"":633,""2019"":765,""2020"":935,""2021"":1093,""2022"":1329,""2023"":1708,""2024"":2036,""2025"":2015,""2026"":1735}"
Martin D. F. Wong,https://scholar.google.com/citations?user=WPhoQiUAAAAJ,2026-09-27,"Edward C. Jordan Professor of Electrical and Computer Engineering, University of Illinois at Urbana","[""Design Automation"", ""EDA/CAD"", ""Algorithms"", ""Optimization""]",18203,64,332,3923,31,116,1987,"{""1987"":60,""1988"":78,""1989"":105,""1990"":135,""1991"":190,""1992"":160,""1993"":173,""1994"":175,""1995"":185,""1996"":235,""1997"":221,""1998"":271,""1999"":370,""2000"":379,""2001"":405,""2002"":407,""2003"":505,""2004"":565,""2005"":669,""2006"":601,""2007"":639,""2008"":710,""2009"":557,""2010"":607,""2011"":524,""2012"":656,""2013"":678,""2014"":682,""2015"":659,""2016"":630,""2017"":586,""2018"":470,""2019"":350,""2020"":404,""2021"":442,""2022"":406,""2023"":551,""2024"":787,""2025"":1002,""2026"":733}"
Michael Kass,https://scholar.google.com/citations?user=ma2bi00AAAAJ,2026-09-27,NVIDIA,"[""Computer Graphics"", ""Computer Vision"", ""Image Processing"", ""Signal Processing"", ""Artificial Intelligence""]",38542,32,50,3624,16,18,1989,"{""1989"":99,""1990"":227,""1991"":258,""1992"":296,""1993"":341,""1994"":510,""1995"":568,""1996"":645,""1997"":701,""1998"":728,""1999"":777,""2000"":984,""2001"":1026,""2002"":1114,""2003"":1342,""2004"":1426,""2005"":1613,""2006"":1749,""2007"":1748,""2008"":1625,""2009"":1684,""2010"":1650,""2011"":1628,""2012"":1590,""2013"":1685,""2014"":1462,""2015"":1373,""2016"":1286,""2017"":1144,""2018"":1133,""2019"":991,""2020"":805,""2021"":772,""2022"":747,""2023"":681,""2024"":553,""2025"":492,""2026"":362}"
Mor Harchol-Balter,https://scholar.google.com/citations?user=Ooc7UNUAAAAJ,2026-09-27,"Bruce J. Nelson Professor of Computer Science, Carnegie Mellon University","[""Performance Evaluation"", ""Queueing theory"", ""Scheduling"", ""Resource provisioning"", ""HPC""]",16921,61,144,5377,37,81,1998,"{""1998"":47,""1999"":86,""2000"":140,""2001"":170,""2002"":243,""2003"":337,""2004"":388,""2005"":374,""2006"":434,""2007"":422,""2008"":438,""2009"":386,""2010"":450,""2011"":475,""2012"":586,""2013"":689,""2014"":728,""2015"":793,""2016"":812,""2017"":790,""2018"":782,""2019"":912,""2020"":761,""2021"":848,""2022"":926,""2023"":902,""2024"":955,""2025"":915,""2026"":829}"
Nuria Oliver,https://scholar.google.com/citations?user=VJlCMGYAAAAJ,2026-09-27,ELLIS Alicante; ACM Fellow; IEEE Fellow; EurAI Fellow; Co-founder of ELLIS,"[""Human Behavior Modeling from Data"", ""Human-centric AI"", ""Mobile HCI"", ""Responsible AI"", ""AI Ethics""]",29225,78,203,9284,47,130,1999,"{""1999"":127,""2000"":130,""2001"":133,""2002"":226,""2003"":307,""2004"":376,""2005"":446,""2006"":449,""2007"":504,""2008"":634,""2009"":800,""2010"":878,""2011"":902,""2012"":1092,""2013"":1222,""2014"":1432,""2015"":1539,""2016"":1551,""2017"":1623,""2018"":1613,""2019"":1769,""2020"":1775,""2021"":1902,""2022"":1856,""2023"":1360,""2024"":1404,""2025"":1425,""2026"":1271}"
Onur Mutlu,https://scholar.google.com/citations?user=7XyGUGkAAAAJ,2026-09-27,ETH Zürich and Carnegie Mellon University,"[""Computer Architecture"", ""Memory Systems"", ""Energy Efficiency"", ""Hardware Security"", ""Genome Analysis""]",72078,147,505,38873,107,448,2009,"{""2009"":270,""2010"":743,""2011"":943,""2012"":1091,""2013"":1471,""2014"":2068,""2015"":2754,""2016"":4092,""2017"":3955,""2018"":5715,""2019"":4614,""2020"":4538,""2021"":5805,""2022"":6601,""2023"":5617,""2024"":6325,""2025"":7691,""2026"":6784}"
Qiang Yang,https://scholar.google.com/citations?user=1LxWZLQAAAAJ,2026-09-27,"Hong Kong Polytechnic University, Emeritus(Chair Prof. HKUST, CAIO WeBank), Artificial Intelligence","[""Artificial Intelligence"", ""Transfer Learning"", ""Federated Learning"", ""AI Planning""]",177142,149,702,111965,102,470,2005,"{""2005"":442,""2006"":534,""2007"":767,""2008"":1048,""2009"":1602,""2010"":1986,""2011"":2704,""2012"":3325,""2013"":3546,""2014"":4173,""2015"":4582,""2016"":4997,""2017"":5516,""2018"":6701,""2019"":8470,""2020"":10989,""2021"":14179,""2022"":15975,""2023"":17778,""2024"":21167,""2025"":24930,""2026"":17619}"
Ravi Ramamoorthi,https://scholar.google.com/citations?user=q0MzO6cAAAAJ,2026-09-27,"Professor of Computer Science, University of California, San Diego","[""Computer Graphics"", ""Computer Vision"", ""Signal Processing""]",57297,90,234,42329,59,189,2003,"{""2003"":212,""2004"":304,""2005"":344,""2006"":467,""2007"":548,""2008"":602,""2009"":634,""2010"":710,""2011"":737,""2012"":699,""2013"":756,""2014"":686,""2015"":842,""2016"":950,""2017"":1165,""2018"":1326,""2019"":1517,""2020"":1962,""2021"":3049,""2022"":4285,""2023"":6363,""2024"":9043,""2025"":10544,""2026"":8934}"
Richard Fujimoto,https://scholar.google.com/citations?user=q1bkP7AAAAAJ,2026-09-27,"Regents' Professor, Georgia Institute of Technology","[""modeling and simulation"", ""parallel computing"", ""distributed computing"", ""distributed simulation""]",20193,60,231,1975,20,36,1988,"{""1988"":52,""1989"":101,""1990"":144,""1991"":221,""1992"":251,""1993"":368,""1994"":379,""1995"":438,""1996"":392,""1997"":340,""1998"":425,""1999"":495,""2000"":463,""2001"":544,""2002"":481,""2003"":524,""2004"":712,""2005"":820,""2006"":730,""2007"":804,""2008"":714,""2009"":824,""2010"":827,""2011"":768,""2012"":853,""2013"":800,""2014"":689,""2015"":707,""2016"":628,""2017"":704,""2018"":575,""2019"":572,""2020"":438,""2021"":427,""2022"":344,""2023"":403,""2024"":374,""2025"":256,""2026"":169}"
Shafi Goldwasser,https://scholar.google.com/citations?user=KA8dgpMAAAAJ,2026-09-27,professor of computer science at UC Berkeley,"[""cryptography"", ""number theory"", ""complexity theory"", ""property testing""]",56632,83,161,16592,52,123,1988,"{""1988"":229,""1989"":215,""1990"":279,""1991"":376,""1992"":285,""1993"":293,""1994"":420,""1995"":422,""1996"":489,""1997"":510,""1998"":780,""1999"":675,""2000"":625,""2001"":793,""2002"":881,""2003"":1011,""2004"":1087,""2005"":1308,""2006"":1388,""2007"":1469,""2008"":1450,""2009"":1537,""2010"":1692,""2011"":1533,""2012"":1676,""2013"":1822,""2014"":2122,""2015"":2203,""2016"":2186,""2017"":2025,""2018"":2317,""2019"":2462,""2020"":2537,""2021"":2424,""2022"":2689,""2023"":2807,""2024"":2901,""2025"":3305,""2026"":2462}"
Shih-Fu Chang,https://scholar.google.com/citations?user=OMVTRscAAAAJ,2026-09-27,"Professor of Electrical Engineering and Computer Science, Columbia University","[""Multimedia"", ""Computer Vision"", ""Machine Learning"", ""Signal Processing"", ""Information Retrieval""]",130430,144,598,57256,78,252,1997,"{""1997"":445,""1998"":642,""1999"":1044,""2000"":1052,""2001"":1328,""2002"":1509,""2003"":1908,""2004"":2032,""2005"":2202,""2006"":2126,""2007"":2278,""2008"":2365,""2009"":2430,""2010"":2482,""2011"":2316,""2012"":2540,""2013"":2976,""2014"":3228,""2015"":3375,""2016"":4274,""2017"":5271,""2018"":6372,""2019"":8097,""2020"":8626,""2021"":9743,""2022"":9988,""2023"":10706,""2024"":11104,""2025"":10085,""2026"":5614}"
Steve Seitz,https://scholar.google.com/citations?user=-6cOYcYAAAAJ,2026-09-27,"Professor of Computer Science & Engineering, University of Washington; Google Corporation","[""Computer Vision"", ""Computer Graphics""]",53521,84,180,18541,50,125,1998,"{""1998"":169,""1999"":158,""2000"":222,""2001"":306,""2002"":381,""2003"":551,""2004"":636,""2005"":769,""2006"":819,""2007"":942,""2008"":1041,""2009"":1347,""2010"":1768,""2011"":1951,""2012"":2159,""2013"":2307,""2014"":2468,""2015"":2614,""2016"":2704,""2017"":2685,""2018"":2817,""2019"":2700,""2020"":2670,""2021"":2900,""2022"":2987,""2023"":3206,""2024"":3590,""2025"":3399,""2026"":2453}"
Susan Dray,https://scholar.google.com/citations?user=8OQFLXgAAAAJ,2026-09-27,Dray & Associates,"[""Human Centered Design for Development"", ""Research/Practitioner Interaction"", ""Field Research"", ""International User Experience""]",3922,27,58,820,13,17,1987,"{""1987"":13,""1988"":9,""1989"":8,""1990"":29,""1991"":34,""1992"":40,""1993"":32,""1994"":29,""1995"":37,""1996"":35,""1997"":49,""1998"":58,""1999"":56,""2000"":85,""2001"":85,""2002"":109,""2003"":115,""2004"":130,""2005"":112,""2006"":124,""2007"":111,""2008"":130,""2009"":150,""2010"":132,""2011"":132,""2012"":151,""2013"":135,""2014"":123,""2015"":111,""2016"":123,""2017"":123,""2018"":117,""2019"":136,""2020"":130,""2021"":167,""2022"":141,""2023"":147,""2024"":141,""2025"":125,""2026"":98}"
Tal Rabin,https://scholar.google.com/citations?user=18exh0MAAAAJ,2026-09-27,"University of Pennsylvania, Amazon Web Services","[""Cryptography""]",20706,57,96,6446,38,75,1997,"{""1997"":70,""1998"":101,""1999"":151,""2000"":199,""2001"":259,""2002"":316,""2003"":359,""2004"":425,""2005"":600,""2006"":557,""2007"":556,""2008"":636,""2009"":657,""2010"":701,""2011"":655,""2012"":652,""2013"":746,""2014"":839,""2015"":764,""2016"":724,""2017"":755,""2018"":931,""2019"":1277,""2020"":1068,""2021"":960,""2022"":1131,""2023"":1088,""2024"":1151,""2025"":1314,""2026"":800}"
Tomas Lozano-Perez,https://scholar.google.com/citations?user=gQOKAggAAAAJ,2026-09-27,"Professor of Computer Science, MIT","[""Robotics"", ""Motion Planning"", ""Machine Learning""]",42129,82,201,12745,52,136,1987,"{""1987"":551,""1988"":833,""1989"":780,""1990"":796,""1991"":856,""1992"":811,""1993"":771,""1994"":685,""1995"":805,""1996"":643,""1997"":597,""1998"":614,""1999"":546,""2000"":532,""2001"":459,""2002"":490,""2003"":457,""2004"":521,""2005"":604,""2006"":593,""2007"":638,""2008"":686,""2009"":670,""2010"":763,""2011"":854,""2012"":1003,""2013"":1102,""2014"":1053,""2015"":1160,""2016"":1231,""2017"":1204,""2018"":1300,""2019"":1327,""2020"":1570,""2021"":1701,""2022"":1933,""2023"":2091,""2024"":2390,""2025"":2520,""2026"":2095}"
Venkatesan Guruswami,https://scholar.google.com/citations?user=Es6jE1kAAAAJ,2026-09-27,"University of California, Berkeley","[""Computational complexity theory"", ""Algorithms"", ""Coding Theory"", ""Algebra and computation""]",17712,68,236,7069,44,166,2000,"{""2000"":52,""2001"":118,""2002"":160,""2003"":191,""2004"":251,""2005"":311,""2006"":346,""2007"":401,""2008"":451,""2009"":469,""2010"":537,""2011"":482,""2012"":522,""2013"":558,""2014"":723,""2015"":706,""2016"":604,""2017"":784,""2018"":880,""2019"":869,""2020"":962,""2021"":1070,""2022"":1070,""2023"":1017,""2024"":1113,""2025"":1303,""2026"":1463}"
Wenke Lee,https://scholar.google.com/citations?user=nfkH5V4AAAAJ,2026-09-27,"Regents' Professor and John P. Imlay Jr. Chair, College of Computing, Georgia Tech","[""security"", ""systems"", ""networking"", ""machine learning"", ""applied cryptography""]",53597,108,256,13043,63,187,2000,"{""2000"":160,""2001"":244,""2002"":493,""2003"":706,""2004"":987,""2005"":1332,""2006"":1462,""2007"":1615,""2008"":1748,""2009"":1984,""2010"":2189,""2011"":2232,""2012"":2500,""2013"":2614,""2014"":2788,""2015"":2752,""2016"":2870,""2017"":2935,""2018"":2926,""2019"":2684,""2020"":2610,""2021"":2429,""2022"":2261,""2023"":1986,""2024"":2235,""2025"":2356,""2026"":1739}"
Yi Ma,https://scholar.google.com/citations?user=XqLiBQMAAAAJ,2026-09-27,"Director of School of Computing & Data Science, HKU; Visiting Professor of EECS, Berkeley","[""Computer Vision"", ""Compressed Sensing"", ""Machine Learning"", ""Signal Processing"", ""Robotics""]",87080,98,285,31580,68,208,2004,"{""2004"":265,""2005"":358,""2006"":437,""2007"":522,""2008"":544,""2009"":737,""2010"":1304,""2011"":2048,""2012"":3009,""2013"":4062,""2014"":5165,""2015"":5636,""2016"":6428,""2017"":6118,""2018"":6258,""2019"":5971,""2020"":5611,""2021"":5308,""2022"":5090,""2023"":4841,""2024"":5068,""2025"":6170,""2026"":5076}"
Yong Rui,https://scholar.google.com/citations?user=rCGsLtcAAAAJ,2026-09-27,Lenovo Research and previously Microsoft Research,"[""Multimedia analysis"", ""computer vision"", ""AI"", ""machine learning""]",40450,94,277,11710,45,153,1998,"{""1998"":124,""1999"":234,""2000"":367,""2001"":586,""2002"":759,""2003"":965,""2004"":1056,""2005"":1095,""2006"":1072,""2007"":1113,""2008"":1277,""2009"":1228,""2010"":1273,""2011"":1190,""2012"":1363,""2013"":1326,""2014"":1448,""2015"":1592,""2016"":1837,""2017"":2063,""2018"":1913,""2019"":2161,""2020"":2244,""2021"":2243,""2022"":2193,""2023"":1954,""2024"":2074,""2025"":1924,""2026"":1314}"
Yvonne Rogers,https://scholar.google.com/citations?user=qzcYcEAAAAAJ,2026-09-27,University College London,"[""human computer interaction"", ""interaction design"", ""cognitive science""]",54519,94,289,14204,53,174,1997,"{""1997"":194,""1998"":280,""1999"":316,""2000"":369,""2001"":451,""2002"":612,""2003"":815,""2004"":1137,""2005"":1208,""2006"":1335,""2007"":1419,""2008"":1601,""2009"":1917,""2010"":1933,""2011"":2103,""2012"":2243,""2013"":2489,""2014"":2732,""2015"":2615,""2016"":2619,""2017"":2747,""2018"":2597,""2019"":2655,""2020"":2313,""2021"":2378,""2022"":2328,""2023"":2426,""2024"":2530,""2025"":2518,""2026"":2005}"
Abigail Sellen,https://scholar.google.com/citations?user=3UlxG6UAAAAJ,2026-09-27,"Lab Director, Microsoft Research Cambridge, UK","[""Human-Computer Interaction""]",30536,88,214,7371,41,131,1993,"{""1993"":122,""1994"":145,""1995"":204,""1996"":175,""1997"":220,""1998"":278,""1999"":333,""2000"":315,""2001"":340,""2002"":406,""2003"":553,""2004"":563,""2005"":735,""2006"":772,""2007"":818,""2008"":942,""2009"":1098,""2010"":1139,""2011"":1229,""2012"":1244,""2013"":1351,""2014"":1406,""2015"":1359,""2016"":1502,""2017"":1253,""2018"":1363,""2019"":1336,""2020"":1275,""2021"":1164,""2022"":1092,""2023"":1087,""2024"":1117,""2025"":1426,""2026"":1464}"
Adrian Perrig,https://scholar.google.com/citations?user=n-Oret4AAAAJ,2026-09-27,"Professor of Computer Science at ETH Zürich, Adjunct Professor of ECE at CMU, Cylab Fellow","[""Security"", ""Networking"", ""Internet Security"", ""Internet Architecture"", ""Computer Security""]",79702,109,294,13137,58,190,2002,"{""2002"":329,""2003"":948,""2004"":1439,""2005"":2574,""2006"":3384,""2007"":3755,""2008"":4353,""2009"":3955,""2010"":4443,""2011"":4465,""2012"":4318,""2013"":4429,""2014"":4444,""2015"":4124,""2016"":4401,""2017"":3973,""2018"":3646,""2019"":3475,""2020"":3064,""2021"":2855,""2022"":2531,""2023"":2159,""2024"":2215,""2025"":2048,""2026"":1322}"
Allison Druin,https://scholar.google.com/citations?user=QpaGsuMAAAAJ,2026-09-27,"Chief Futurist, University of Maryland","[""Human-Computer Interaction"", ""Search"", ""Educational applications"", ""Mobile tech""]",29872,68,144,8749,33,75,1999,"{""1999"":125,""2000"":172,""2001"":227,""2002"":297,""2003"":409,""2004"":522,""2005"":588,""2006"":554,""2007"":729,""2008"":644,""2009"":785,""2010"":907,""2011"":981,""2012"":1157,""2013"":1346,""2014"":1424,""2015"":1260,""2016"":1559,""2017"":1644,""2018"":1674,""2019"":1726,""2020"":1595,""2021"":1403,""2022"":1555,""2023"":1443,""2024"":1404,""2025"":1575,""2026"":1369}"
Seznec Andre,https://scholar.google.com/citations?user=BHupl5EAAAAJ,2026-09-27,INRIA/IRISA,"[""Computer Architecture""]",7992,51,116,2081,25,54,1994,"{""1994"":24,""1995"":39,""1996"":46,""1997"":81,""1998"":69,""1999"":123,""2000"":107,""2001"":114,""2002"":144,""2003"":155,""2004"":250,""2005"":247,""2006"":246,""2007"":218,""2008"":240,""2009"":244,""2010"":200,""2011"":230,""2012"":220,""2013"":260,""2014"":308,""2015"":299,""2016"":359,""2017"":357,""2018"":360,""2019"":422,""2020"":388,""2021"":310,""2022"":319,""2023"":319,""2024"":317,""2025"":459,""2026"":357}"
Anne-Marie Kermarrec,https://scholar.google.com/citations?user=aIAy-qcAAAAJ,2026-09-27,"Professor, EPFL","[""Distributed systems"", ""social networks"", ""gossip protocols""]",25691,60,181,3792,30,70,2002,"{""2002"":176,""2003"":481,""2004"":882,""2005"":1191,""2006"":1349,""2007"":1513,""2008"":1591,""2009"":1713,""2010"":1603,""2011"":1491,""2012"":1350,""2013"":1375,""2014"":1106,""2015"":1118,""2016"":1070,""2017"":963,""2018"":931,""2019"":746,""2020"":634,""2021"":622,""2022"":625,""2023"":566,""2024"":621,""2025"":702,""2026"":648}"
Tony Hey,https://scholar.google.com/citations?user=eyOUs-kAAAAJ,2026-09-27,Honorary Senior Data Scientist STFC,"[""HPC"", ""particle physics"", ""data-intensive science""]",17194,33,59,4060,20,31,1994,"{""1994"":44,""1995"":40,""1996"":50,""1997"":62,""1998"":74,""1999"":73,""2000"":89,""2001"":98,""2002"":103,""2003"":222,""2004"":338,""2005"":497,""2006"":527,""2007"":512,""2008"":556,""2009"":573,""2010"":660,""2011"":756,""2012"":829,""2013"":875,""2014"":971,""2015"":890,""2016"":927,""2017"":775,""2018"":784,""2019"":742,""2020"":620,""2021"":682,""2022"":744,""2023"":729,""2024"":691,""2025"":711,""2026"":469}"
Carla Brodley,https://scholar.google.com/citations?user=sQ8u6h4AAAAJ,2026-09-27,Northeastern University,"[""Machine Learning"", ""Data Mining"", ""Predictive Medicine""]",22766,63,122,5509,33,67,1996,"{""1996"":73,""1997"":99,""1998"":126,""1999"":184,""2000"":228,""2001"":267,""2002"":346,""2003"":415,""2004"":488,""2005"":607,""2006"":649,""2007"":766,""2008"":761,""2009"":784,""2010"":843,""2011"":852,""2012"":964,""2013"":923,""2014"":1022,""2015"":987,""2016"":995,""2017"":1031,""2018"":1081,""2019"":1172,""2020"":1181,""2021"":1129,""2022"":1074,""2023"":966,""2024"":892,""2025"":869,""2026"":568}"
Carlo Tomasi,https://scholar.google.com/citations?user=xViwZ0QAAAAJ,2026-09-27,"Professor of Computer Science, Duke University","[""Computer Vision""]",65909,62,124,16565,30,54,1997,"{""1997"":179,""1998"":297,""1999"":379,""2000"":444,""2001"":571,""2002"":665,""2003"":877,""2004"":1182,""2005"":1606,""2006"":1773,""2007"":1963,""2008"":2264,""2009"":2371,""2010"":2742,""2011"":2599,""2012"":2813,""2013"":3047,""2014"":3301,""2015"":3391,""2016"":3455,""2017"":3011,""2018"":2967,""2019"":3194,""2020"":3145,""2021"":3203,""2022"":3174,""2023"":2793,""2024"":2731,""2025"":2709,""2026"":1950}"
Christos Kozyrakis,https://scholar.google.com/citations?user=G2EJz5kAAAAJ,2026-09-27,Stanford University,"[""Computer Architecture"", ""Computer Systems"", ""Cloud Computing"", ""AI Infrastructure""]",59719,102,224,19765,64,149,1992,"{""1992"":193,""1993"":313,""1994"":351,""1995"":366,""1996"":434,""1997"":528,""1998"":584,""1999"":659,""2000"":645,""2001"":626,""2002"":655,""2003"":773,""2004"":856,""2005"":912,""2006"":954,""2007"":1251,""2008"":1499,""2009"":1592,""2010"":1883,""2011"":1969,""2012"":2007,""2013"":2195,""2014"":2331,""2015"":2545,""2016"":2569,""2017"":2394,""2018"":2729,""2019"":2935,""2020"":2764,""2021"":2943,""2022"":2994,""2023"":3015,""2024"":3156,""2025"":3723,""2026"":3525}"
Dan Boneh,https://scholar.google.com/citations?user=MwLqCs4AAAAJ,2026-09-27,"Professor of Computer Science, Stanford University","[""Cryptography"", ""Computer Security"", ""Computer Science Theory""]",139446,143,353,46740,97,271,2001,"{""2001"":491,""2002"":701,""2003"":925,""2004"":1472,""2005"":2292,""2006"":2580,""2007"":2915,""2008"":3194,""2009"":3736,""2010"":4331,""2011"":4510,""2012"":5048,""2013"":5845,""2014"":6791,""2015"":7567,""2016"":7613,""2017"":7360,""2018"":7436,""2019"":7887,""2020"":7861,""2021"":7818,""2022"":7717,""2023"":7883,""2024"":8163,""2025"":8726,""2026"":6414}"
David Peleg,https://scholar.google.com/citations?user=wBVagosAAAAJ,2026-09-27,"Professor of Computer Science, Weizmann Institute","[""Distributed Computing"", ""Communication Network Algorithms"", ""Approximation Algorithms""]",27129,83,286,5552,37,119,1989,"{""1989"":67,""1990"":94,""1991"":103,""1992"":199,""1993"":245,""1994"":266,""1995"":335,""1996"":354,""1997"":313,""1998"":360,""1999"":328,""2000"":429,""2001"":462,""2002"":355,""2003"":473,""2004"":684,""2005"":727,""2006"":881,""2007"":931,""2008"":1014,""2009"":954,""2010"":950,""2011"":882,""2012"":935,""2013"":1059,""2014"":1039,""2015"":1045,""2016"":1129,""2017"":1067,""2018"":1207,""2019"":1078,""2020"":1128,""2021"":1105,""2022"":1023,""2023"":839,""2024"":815,""2025"":968,""2026"":794}"
Erik Demaine,https://scholar.google.com/citations?user=6Ff2c8wAAAAJ,2026-09-27,"Professor of Electrical Engineering and Computer Science, Massachusetts Institute of Technology","[""algorithms"", ""computational geometry"", ""data structures"", ""graph algorithms"", ""recreational algorithms""]",29869,82,396,8808,42,199,2001,"{""2001"":145,""2002"":194,""2003"":265,""2004"":441,""2005"":602,""2006"":621,""2007"":766,""2008"":929,""2009"":1003,""2010"":1044,""2011"":1153,""2012"":1191,""2013"":1238,""2014"":1399,""2015"":1477,""2016"":1532,""2017"":1601,""2018"":1697,""2019"":1567,""2020"":1627,""2021"":1439,""2022"":1571,""2023"":1472,""2024"":1614,""2025"":1514,""2026"":1188}"
Fredo Durand,https://scholar.google.com/citations?user=NJ9c4ygAAAAJ,2026-09-27,"Professor of Computer Science, MIT","[""Computer Graphics"", ""Computational Photography""]",63114,115,274,27628,76,201,2002,"{""2002"":186,""2003"":254,""2004"":359,""2005"":453,""2006"":577,""2007"":645,""2008"":857,""2009"":1106,""2010"":1283,""2011"":1466,""2012"":1798,""2013"":2083,""2014"":2455,""2015"":2833,""2016"":3197,""2017"":3423,""2018"":3709,""2019"":3889,""2020"":4123,""2021"":4441,""2022"":4436,""2023"":4356,""2024"":4669,""2025"":5098,""2026"":4608}"
Ganesan Ramalingam,https://scholar.google.com/citations?user=PMZ1bA4AAAAJ,2026-09-27,Microsoft Research India,"[""Programming Languages""]",6262,39,81,960,15,24,1994,"{""1994"":17,""1995"":26,""1996"":54,""1997"":52,""1998"":93,""1999"":65,""2000"":95,""2001"":92,""2002"":116,""2003"":137,""2004"":168,""2005"":212,""2006"":190,""2007"":249,""2008"":251,""2009"":298,""2010"":261,""2011"":298,""2012"":321,""2013"":306,""2014"":272,""2015"":279,""2016"":311,""2017"":259,""2018"":276,""2019"":250,""2020"":209,""2021"":226,""2022"":178,""2023"":151,""2024"":155,""2025"":158,""2026"":92}"
Holly Rushmeier,https://scholar.google.com/citations?user=saY3qN5NWbcC,2026-09-27,"Professor of Computer Science, Yale","[""Computer Graphics"", ""Cultural Heritage"", ""Applied Perception""]",14112,50,124,3263,27,51,1990,"{""1990"":39,""1991"":56,""1992"":68,""1993"":97,""1994"":95,""1995"":147,""1996"":135,""1997"":159,""1998"":187,""1999"":154,""2000"":190,""2001"":250,""2002"":328,""2003"":409,""2004"":407,""2005"":445,""2006"":429,""2007"":438,""2008"":423,""2009"":496,""2010"":477,""2011"":475,""2012"":497,""2013"":541,""2014"":529,""2015"":515,""2016"":552,""2017"":573,""2018"":503,""2019"":468,""2020"":474,""2021"":521,""2022"":539,""2023"":560,""2024"":622,""2025"":609,""2026"":409}"
Jim Hendler,https://scholar.google.com/citations?user=JNPbTdIAAAAJ,2026-09-27,"Professor of computer science, RPI","[""Semantic web"", ""artificial intelligence"", ""web science"", ""ontology"", ""knowledge graph""]",85055,100,339,12328,44,117,1993,"{""1993"":260,""1994"":317,""1995"":410,""1996"":262,""1997"":364,""1998"":385,""1999"":384,""2000"":496,""2001"":772,""2002"":1579,""2003"":2364,""2004"":3262,""2005"":3685,""2006"":4227,""2007"":4138,""2008"":4213,""2009"":4311,""2010"":4492,""2011"":4281,""2012"":4226,""2013"":4053,""2014"":3912,""2015"":3593,""2016"":3289,""2017"":3011,""2018"":2944,""2019"":2633,""2020"":2305,""2021"":2129,""2022"":2218,""2023"":2067,""2024"":2091,""2025"":2281,""2026"":1526}"
James Landay,https://scholar.google.com/citations?user=oQsObk0AAAAJ,2026-09-27,"Professor of Computer Science, Stanford University","[""Human-Computer Interaction"", ""Ubiquitous Computing"", ""Design"", ""mobile computing"", ""HCI""]",36504,96,232,10122,58,162,2000,"{""2000"":96,""2001"":245,""2002"":409,""2003"":527,""2004"":774,""2005"":946,""2006"":1040,""2007"":1194,""2008"":1300,""2009"":1448,""2010"":1639,""2011"":1629,""2012"":1466,""2013"":1716,""2014"":1810,""2015"":1666,""2016"":1570,""2017"":1544,""2018"":1482,""2019"":1637,""2020"":1462,""2021"":1553,""2022"":1396,""2023"":1588,""2024"":1811,""2025"":2077,""2026"":1674}"
Jason Flinn,https://scholar.google.com/citations?user=YxGHbuMAAAAJ,2026-09-27,Facebook,"[""Distributed Systems"", ""Operating Systems"", ""Mobile Computing""]",10580,44,70,1726,24,37,1998,"{""1998"":42,""1999"":82,""2000"":119,""2001"":172,""2002"":217,""2003"":241,""2004"":328,""2005"":296,""2006"":285,""2007"":333,""2008"":338,""2009"":349,""2010"":378,""2011"":436,""2012"":541,""2013"":579,""2014"":620,""2015"":651,""2016"":618,""2017"":614,""2018"":568,""2019"":511,""2020"":382,""2021"":409,""2022"":302,""2023"":333,""2024"":264,""2025"":250,""2026"":167}"
J. Bryan Lyles,https://scholar.google.com/citations?user=U12mxPQAAAAJ,2026-09-27,retired,"[""computer networks"", ""computer security""]",5457,29,38,260,7,7,1993,"{""1993"":16,""1994"":19,""1995"":16,""1996"":33,""1997"":32,""1998"":53,""1999"":88,""2000"":103,""2001"":153,""2002"":215,""2003"":285,""2004"":345,""2005"":348,""2006"":360,""2007"":341,""2008"":334,""2009"":311,""2010"":341,""2011"":287,""2012"":235,""2013"":213,""2014"":215,""2015"":182,""2016"":162,""2017"":155,""2018"":124,""2019"":88,""2020"":67,""2021"":65,""2022"":69,""2023"":53,""2024"":26,""2025"":29,""2026"":18}"
Justine Cassell,https://scholar.google.com/citations?user=wkC9xHMAAAAJ,2026-09-27,Inria Paris & Carnegie Mellon University,"[""Embodied Conversational Agents"", ""Multimodal interfaces"", ""Dialogue"", ""Virtual Peers""]",25590,72,162,5311,35,90,1997,"{""1997"":86,""1998"":112,""1999"":193,""2000"":351,""2001"":490,""2002"":748,""2003"":842,""2004"":909,""2005"":1082,""2006"":904,""2007"":1027,""2008"":1155,""2009"":1126,""2010"":1106,""2011"":1015,""2012"":919,""2013"":1008,""2014"":928,""2015"":912,""2016"":883,""2017"":938,""2018"":948,""2019"":1014,""2020"":913,""2021"":977,""2022"":983,""2023"":840,""2024"":887,""2025"":947,""2026"":667}"
Louiqa Raschid,https://scholar.google.com/citations?user=MD8nInYAAAAJ,2026-09-27,"Professor, University of Maryland","[""Data science""]",4864,37,91,512,10,12,1988,"{""1988"":15,""1989"":15,""1990"":46,""1991"":48,""1992"":53,""1993"":48,""1994"":65,""1995"":62,""1996"":75,""1997"":104,""1998"":127,""1999"":175,""2000"":152,""2001"":135,""2002"":202,""2003"":185,""2004"":228,""2005"":170,""2006"":191,""2007"":193,""2008"":165,""2009"":165,""2010"":104,""2011"":130,""2012"":175,""2013"":147,""2014"":148,""2015"":173,""2016"":170,""2017"":142,""2018"":153,""2019"":162,""2020"":129,""2021"":105,""2022"":100,""2023"":94,""2024"":80,""2025"":83,""2026"":50}"
Luca Benini,https://scholar.google.com/citations?user=8riq3sYAAAAJ,2026-09-27,"ETH Zürich, Università di Bologna","[""Integrated Circuits"", ""Computer Architecture"", ""Embedded Systems"", ""VLSI"", ""Machine Learning""]",87397,135,1202,34390,80,708,1999,"{""1999"":252,""2000"":434,""2001"":514,""2002"":767,""2003"":1048,""2004"":1313,""2005"":1738,""2006"":1843,""2007"":2186,""2008"":2419,""2009"":2563,""2010"":2876,""2011"":2920,""2012"":2813,""2013"":3175,""2014"":3049,""2015"":2905,""2016"":3296,""2017"":3457,""2018"":3767,""2019"":4127,""2020"":4203,""2021"":4647,""2022"":5285,""2023"":5467,""2024"":6115,""2025"":7244,""2026"":5590}"
Manuela M. Veloso,https://scholar.google.com/citations?user=2FbkAzYAAAAJ,2026-09-27,"Herbert A. Simon University Professor of Computer Science, Carnegie Mellon University","[""Artificial Intelligence"", ""Robotics"", ""Planning"", ""Learning"", ""Multirobot Systems""]",55461,101,557,16870,51,207,1994,"{""1994"":182,""1995"":238,""1996"":272,""1997"":311,""1998"":552,""1999"":574,""2000"":726,""2001"":795,""2002"":831,""2003"":1122,""2004"":1229,""2005"":1473,""2006"":1376,""2007"":1539,""2008"":1510,""2009"":1654,""2010"":1731,""2011"":1695,""2012"":1834,""2013"":1870,""2014"":2032,""2015"":2136,""2016"":2131,""2017"":2152,""2018"":2399,""2019"":2663,""2020"":2581,""2021"":2600,""2022"":2548,""2023"":2655,""2024"":2821,""2025"":3558,""2026"":2667}"
Marta Kwiatkowska,https://scholar.google.com/citations?user=ArcH6PkAAAAJ,2026-09-27,"Professor of Computing Systems, University of Oxford","[""Computer Science"", ""Automated Verification"", ""Probabilistic/Quantitative Model Checking""]",31413,81,300,11109,48,179,1998,"{""1998"":79,""1999"":84,""2000"":97,""2001"":92,""2002"":147,""2003"":253,""2004"":343,""2005"":394,""2006"":494,""2007"":542,""2008"":603,""2009"":801,""2010"":874,""2011"":967,""2012"":1150,""2013"":1307,""2014"":1372,""2015"":1531,""2016"":1577,""2017"":1512,""2018"":1776,""2019"":1802,""2020"":1963,""2021"":1906,""2022"":1996,""2023"":2021,""2024"":1987,""2025"":1846,""2026"":1350}"
Martin Kersten,https://scholar.google.com/citations?user=Kr6jppsAAAAJ,2026-09-27,"Research Fellow, CWI, Amsterdam","[""Database systems""]",12580,50,137,1685,20,36,1987,"{""1987"":32,""1988"":37,""1989"":48,""1990"":59,""1991"":50,""1992"":39,""1993"":60,""1994"":60,""1995"":61,""1996"":117,""1997"":104,""1998"":133,""1999"":152,""2000"":190,""2001"":205,""2002"":295,""2003"":361,""2004"":415,""2005"":421,""2006"":440,""2007"":442,""2008"":395,""2009"":468,""2010"":492,""2011"":514,""2012"":572,""2013"":620,""2014"":606,""2015"":605,""2016"":632,""2017"":473,""2018"":662,""2019"":476,""2020"":375,""2021"":396,""2022"":327,""2023"":288,""2024"":269,""2025"":270,""2026"":135}"
Michael Saks,https://scholar.google.com/citations?user=mu2I688AAAAJ,2026-09-27,Rutgers University-New Brunswick,"[""Theoretical Computer Science"", ""Discrete Mathematics"", ""Combinatorics"", ""Mathematics""]",11333,59,141,2460,24,65,1988,"{""1988"":45,""1989"":72,""1990"":67,""1991"":110,""1992"":143,""1993"":128,""1994"":167,""1995"":119,""1996"":159,""1997"":154,""1998"":182,""1999"":180,""2000"":196,""2001"":215,""2002"":219,""2003"":249,""2004"":218,""2005"":292,""2006"":305,""2007"":363,""2008"":388,""2009"":327,""2010"":382,""2011"":336,""2012"":346,""2013"":396,""2014"":336,""2015"":345,""2016"":398,""2017"":357,""2018"":423,""2019"":400,""2020"":495,""2021"":440,""2022"":401,""2023"":415,""2024"":417,""2025"":410,""2026"":376}"
Monika Henzinger,https://scholar.google.com/citations?user=NXbggxYAAAAJ,2026-09-27,"Professor of Computer Science, Institute of Science and Technology Austria (ISTA)","[""Efficient combinatorial algorithms""]",25887,76,218,5316,36,135,1997,"{""1997"":133,""1998"":162,""1999"":213,""2000"":328,""2001"":444,""2002"":564,""2003"":652,""2004"":834,""2005"":883,""2006"":894,""2007"":972,""2008"":949,""2009"":997,""2010"":1169,""2011"":1090,""2012"":1091,""2013"":1195,""2014"":1241,""2015"":1136,""2016"":1059,""2017"":1099,""2018"":993,""2019"":958,""2020"":982,""2021"":898,""2022"":978,""2023"":842,""2024"":918,""2025"":900,""2026"":777}"
Nick Feamster,https://scholar.google.com/citations?user=xYfYnG4AAAAJ,2026-09-27,"Neubauer Professor of Computer Science, University of Chicago","[""Security"", ""Networking"", ""Computer Networks"", ""Performance Evaluation"", ""Tech Policy""]",49155,93,275,16218,55,188,2003,"{""2003"":138,""2004"":201,""2005"":299,""2006"":336,""2007"":467,""2008"":592,""2009"":929,""2010"":1166,""2011"":1357,""2012"":1557,""2013"":2154,""2014"":2711,""2015"":3118,""2016"":3632,""2017"":3524,""2018"":3427,""2019"":3331,""2020"":3261,""2021"":3284,""2022"":2975,""2023"":2725,""2024"":2656,""2025"":2681,""2026"":1884}"
Noga Alon,https://scholar.google.com/citations?user=vOYl40wAAAAJ,2026-09-27,Princeton University and Tel Aviv University,"[""combinatorics""]",59123,125,568,17113,61,362,1990,"{""1990"":150,""1991"":219,""1992"":251,""1993"":349,""1994"":408,""1995"":433,""1996"":428,""1997"":536,""1998"":565,""1999"":574,""2000"":586,""2001"":652,""2002"":838,""2003"":933,""2004"":1025,""2005"":1238,""2006"":1407,""2007"":1623,""2008"":1800,""2009"":1885,""2010"":1932,""2011"":2055,""2012"":2172,""2013"":2229,""2014"":2172,""2015"":2152,""2016"":2287,""2017"":2415,""2018"":2413,""2019"":2443,""2020"":2549,""2021"":2572,""2022"":2486,""2023"":2607,""2024"":2881,""2025"":3240,""2026"":3301}"
Paul Barford,https://scholar.google.com/citations?user=4uypulQAAAAJ,2026-09-27,"Professor of Computer Science, University of Wisconsin - Madison","[""Networking"", ""Security"", ""Systems"", ""Data Science""]",16638,55,136,2852,28,75,1999,"{""1999"":115,""2000"":200,""2001"":261,""2002"":361,""2003"":357,""2004"":487,""2005"":582,""2006"":710,""2007"":713,""2008"":725,""2009"":793,""2010"":797,""2011"":721,""2012"":801,""2013"":769,""2014"":782,""2015"":743,""2016"":730,""2017"":749,""2018"":764,""2019"":695,""2020"":646,""2021"":575,""2022"":555,""2023"":473,""2024"":459,""2025"":495,""2026"":294}"
Paul C. van Oorschot,https://scholar.google.com/citations?user=CMRzTi8AAAAJ,2026-09-27,"Professor of Computer Science, Carleton University, Canada","[""Authentication"", ""Applied cryptography"", ""Information security"", ""Computer security"", ""Systems security""]",52512,85,176,9973,37,97,1996,"{""1996"":137,""1997"":206,""1998"":338,""1999"":532,""2000"":559,""2001"":713,""2002"":925,""2003"":1253,""2004"":1296,""2005"":1717,""2006"":1843,""2007"":1831,""2008"":1889,""2009"":2193,""2010"":2234,""2011"":2233,""2012"":2391,""2013"":2580,""2014"":2655,""2015"":2589,""2016"":2614,""2017"":2360,""2018"":2320,""2019"":2225,""2020"":1948,""2021"":2036,""2022"":1849,""2023"":1588,""2024"":1514,""2025"":1830,""2026"":1149}"
Rajesh K. Gupta,https://scholar.google.com/citations?user=I1w51gUAAAAJ,2026-09-27,"Professor of Computer Science and Engineering, Halıcıoğlu Data Science Institute, UC San Diego","[""Embedded Systems"", ""Cyber-Physical Systems"", ""Computer-Aided Design"", ""Design Automation"", ""EDA""]",25561,77,264,5737,33,108,1994,"{""1994"":117,""1995"":110,""1996"":213,""1997"":252,""1998"":299,""1999"":273,""2000"":287,""2001"":306,""2002"":289,""2003"":475,""2004"":575,""2005"":531,""2006"":653,""2007"":733,""2008"":725,""2009"":818,""2010"":865,""2011"":928,""2012"":1207,""2013"":1230,""2014"":1237,""2015"":1352,""2016"":1178,""2017"":1152,""2018"":1192,""2019"":1244,""2020"":1100,""2021"":1045,""2022"":957,""2023"":911,""2024"":887,""2025"":1113,""2026"":819}"
Robert Jacob,https://scholar.google.com/citations?user=FWjqglcAAAAJ,2026-09-27,"Professor of Computer Science, Tufts University","[""Human-computer interaction""]",19248,56,118,4855,29,63,1987,"{""1987"":64,""1988"":67,""1989"":99,""1990"":102,""1991"":96,""1992"":68,""1993"":94,""1994"":97,""1995"":101,""1996"":101,""1997"":116,""1998"":111,""1999"":105,""2000"":159,""2001"":164,""2002"":200,""2003"":216,""2004"":258,""2005"":402,""2006"":376,""2007"":458,""2008"":477,""2009"":648,""2010"":656,""2011"":633,""2012"":713,""2013"":769,""2014"":883,""2015"":940,""2016"":885,""2017"":936,""2018"":1021,""2019"":1011,""2020"":921,""2021"":910,""2022"":793,""2023"":874,""2024"":848,""2025"":881,""2026"":546}"
Robert L Grossman,https://scholar.google.com/citations?user=3KG8arsAAAAJ,2026-09-27,"Frederick H. Rawson Professor of Medicine and Computer Science, University of Chicago","[""machine learning / AI"", ""data science"", ""data intensive computing"", ""bioinformatics""]",25467,61,199,10381,38,93,1994,"{""1994"":99,""1995"":131,""1996"":123,""1997"":101,""1998"":102,""1999"":114,""2000"":134,""2001"":133,""2002"":193,""2003"":223,""2004"":312,""2005"":364,""2006"":388,""2007"":389,""2008"":383,""2009"":460,""2010"":640,""2011"":762,""2012"":1004,""2013"":1099,""2014"":1126,""2015"":1010,""2016"":900,""2017"":940,""2018"":951,""2019"":1078,""2020"":1344,""2021"":1707,""2022"":1767,""2023"":1674,""2024"":1763,""2025"":1903,""2026"":1548}"
Sachin Sapatnekar,https://scholar.google.com/citations?user=RbDCxkpnnmsC,2026-09-27,University of Minnesota,"[""CAD for VLSI circuits""]",20973,74,323,6240,39,137,1995,"{""1995"":63,""1996"":108,""1997"":111,""1998"":102,""1999"":167,""2000"":127,""2001"":180,""2002"":241,""2003"":276,""2004"":411,""2005"":591,""2006"":754,""2007"":907,""2008"":988,""2009"":965,""2010"":810,""2011"":846,""2012"":934,""2013"":848,""2014"":766,""2015"":786,""2016"":799,""2017"":666,""2018"":688,""2019"":688,""2020"":629,""2021"":766,""2022"":907,""2023"":971,""2024"":1143,""2025"":1287,""2026"":1164}"
Sharon Oviatt,https://scholar.google.com/citations?user=3CsBn00AAAAJ,2026-09-27,"Professor of Human-centered A.I., Engineering, Monash University, Melbourne Australia","[""Human-centered A.I. and computing"", ""educational interfaces"", ""mobile interfaces"", ""multimodal interfaces"", ""speech and pen interfaces""]",20077,56,135,5717,30,70,1994,"{""1994"":57,""1995"":79,""1996"":118,""1997"":149,""1998"":238,""1999"":238,""2000"":373,""2001"":361,""2002"":612,""2003"":520,""2004"":636,""2005"":678,""2006"":751,""2007"":802,""2008"":742,""2009"":624,""2010"":619,""2011"":579,""2012"":490,""2013"":630,""2014"":579,""2015"":583,""2016"":483,""2017"":692,""2018"":638,""2019"":739,""2020"":814,""2021"":883,""2022"":967,""2023"":1024,""2024"":963,""2025"":1066,""2026"":805}"
Shwetak Patel,https://scholar.google.com/citations?user=z4S5rC0AAAAJ,2026-09-27,"University of Washington, Washington Research Foundation Endowed Professor, Computer Science","[""Ubiquitous Computing"", ""Human-Computer Interaction"", ""Sensors"", ""Embedded Systems""]",28787,86,285,14569,60,224,2006,"{""2006"":74,""2007"":98,""2008"":146,""2009"":220,""2010"":315,""2011"":471,""2012"":673,""2013"":739,""2014"":993,""2015"":1176,""2016"":1347,""2017"":1567,""2018"":1907,""2019"":1977,""2020"":1986,""2021"":2034,""2022"":2018,""2023"":1940,""2024"":2361,""2025"":3296,""2026"":2883}"
Somesh Jha,https://scholar.google.com/citations?user=BaI7l8QAAAAJ,2026-09-27,"Lubar Chair of Computer Science, University of Wisconsin","[""Trustworthy Machine Learning"", ""Security"", ""Formal methods"", ""Programming Languages""]",63789,103,280,31920,64,181,1999,"{""1999"":184,""2000"":250,""2001"":291,""2002"":350,""2003"":463,""2004"":625,""2005"":869,""2006"":1103,""2007"":1239,""2008"":1308,""2009"":1465,""2010"":1381,""2011"":1333,""2012"":1324,""2013"":1375,""2014"":1456,""2015"":1455,""2016"":1533,""2017"":1948,""2018"":2982,""2019"":3685,""2020"":4354,""2021"":4987,""2022"":5218,""2023"":5498,""2024"":5756,""2025"":6000,""2026"":4449}"
Steve Blackburn,https://scholar.google.com/citations?user=HgSTO7oAAAAJ,2026-09-27,"Research Scientist, Google | Professor of Computer Science, Australian National University","[""Programming Languages""]",7144,38,72,1555,20,38,1999,"{""1999"":34,""2000"":54,""2001"":42,""2002"":64,""2003"":117,""2004"":121,""2005"":177,""2006"":273,""2007"":282,""2008"":269,""2009"":289,""2010"":311,""2011"":318,""2012"":310,""2013"":369,""2014"":338,""2015"":442,""2016"":414,""2017"":333,""2018"":325,""2019"":343,""2020"":241,""2021"":269,""2022"":221,""2023"":293,""2024"":268,""2025"":300,""2026"":203}"
Sudipta Sengupta,https://scholar.google.com/citations?user=h8M0U0oAAAAJ,2026-09-27,"Vice President & Distinguished Scientist, Amazon AWS","[""Artificial Intelligence"", ""Architecture & Compilers"", ""Computer Systems"", ""Database & Storage Systems"", ""Computer Networking""]",22024,59,141,7052,35,80,2002,"{""2002"":69,""2003"":107,""2004"":128,""2005"":115,""2006"":114,""2007"":153,""2008"":208,""2009"":324,""2010"":448,""2011"":619,""2012"":876,""2013"":1158,""2014"":1261,""2015"":1423,""2016"":1502,""2017"":1537,""2018"":1607,""2019"":1616,""2020"":1498,""2021"":1595,""2022"":1484,""2023"":995,""2024"":1075,""2025"":1165,""2026"":737}"
Todd C. Mowry,https://scholar.google.com/citations?user=MYsIXF4AAAAJ,2026-09-27,"Professor of Computer Science, Carnegie Mellon University","[""computer architecture"", ""compilers"", ""operating systems"", ""parallel processing"", ""database performance""]",14973,59,109,3907,28,59,1992,"{""1992"":59,""1993"":86,""1994"":140,""1995"":170,""1996"":187,""1997"":265,""1998"":263,""1999"":269,""2000"":274,""2001"":269,""2002"":288,""2003"":320,""2004"":336,""2005"":393,""2006"":369,""2007"":376,""2008"":414,""2009"":462,""2010"":452,""2011"":474,""2012"":426,""2013"":376,""2014"":436,""2015"":481,""2016"":634,""2017"":566,""2018"":757,""2019"":664,""2020"":627,""2021"":633,""2022"":694,""2023"":618,""2024"":643,""2025"":732,""2026"":586}"
Trevor Mudge,https://scholar.google.com/citations?user=d1KEK84AAAAJ,2026-09-27,"Bredt Family Professor of Engineering, University of Michigan","[""Computer Architecture""]",38789,80,315,7570,30,97,1987,"{""1987"":167,""1988"":250,""1989"":269,""1990"":266,""1991"":265,""1992"":262,""1993"":237,""1994"":219,""1995"":292,""1996"":240,""1997"":268,""1998"":253,""1999"":337,""2000"":265,""2001"":389,""2002"":429,""2003"":584,""2004"":795,""2005"":959,""2006"":1040,""2007"":1214,""2008"":1295,""2009"":1319,""2010"":1573,""2011"":1662,""2012"":1658,""2013"":1969,""2014"":1863,""2015"":1914,""2016"":1898,""2017"":1739,""2018"":1665,""2019"":1541,""2020"":1450,""2021"":1381,""2022"":1354,""2023"":1315,""2024"":1241,""2025"":1351,""2026"":928}"
Valerie Taylor,https://scholar.google.com/citations?user=UUWrt60AAAAJ,2026-09-27,Argonne National Laboratory,"[""high performance computing"", ""performance analysis and modeling"", ""power analysis""]",5498,33,97,1232,18,23,1996,"{""1996"":21,""1997"":24,""1998"":41,""1999"":60,""2000"":66,""2001"":99,""2002"":130,""2003"":173,""2004"":205,""2005"":287,""2006"":291,""2007"":301,""2008"":244,""2009"":279,""2010"":188,""2011"":238,""2012"":188,""2013"":240,""2014"":148,""2015"":178,""2016"":172,""2017"":162,""2018"":116,""2019"":157,""2020"":137,""2021"":165,""2022"":171,""2023"":170,""2024"":181,""2025"":291,""2026"":243}"
Venkata N. Padmanabhan,https://scholar.google.com/citations?user=ae1ve-EAAAAJ,2026-09-27,Microsoft Research India,"[""Networking"", ""Mobile Computing""]",44947,72,152,5728,30,77,1997,"{""1997"":135,""1998"":239,""1999"":381,""2000"":465,""2001"":538,""2002"":835,""2003"":1030,""2004"":1513,""2005"":1670,""2006"":1824,""2007"":2010,""2008"":2171,""2009"":2173,""2010"":2178,""2011"":2182,""2012"":2250,""2013"":2344,""2014"":2462,""2015"":2466,""2016"":2318,""2017"":2138,""2018"":2052,""2019"":1819,""2020"":1398,""2021"":1409,""2022"":1231,""2023"":912,""2024"":957,""2025"":790,""2026"":429}"
William T. Freeman,https://scholar.google.com/citations?user=0zZnyMEAAAAJ,2026-09-27,"Professor of Computer Science, MIT","[""computer vision"", ""computational photography""]",134331,159,412,58233,106,309,1999,"{""1999"":407,""2000"":467,""2001"":554,""2002"":740,""2003"":966,""2004"":1315,""2005"":1644,""2006"":2001,""2007"":2370,""2008"":2836,""2009"":3501,""2010"":3961,""2011"":4088,""2012"":4590,""2013"":4888,""2014"":5039,""2015"":4983,""2016"":5239,""2017"":5388,""2018"":5498,""2019"":6295,""2020"":7051,""2021"":7589,""2022"":8491,""2023"":9363,""2024"":10332,""2025"":11674,""2026"":10659}"
Xuedong D. Huang,https://scholar.google.com/citations?user=xByATywAAAAJ,2026-09-27,Microsoft,"[""Speech"", ""NLP"", ""AI"", ""UI"", ""Machine Learning""]",25354,79,209,6067,36,108,1992,"{""1992"":91,""1993"":121,""1994"":150,""1995"":113,""1996"":200,""1997"":147,""1998"":176,""1999"":171,""2000"":214,""2001"":210,""2002"":341,""2003"":422,""2004"":485,""2005"":520,""2006"":674,""2007"":689,""2008"":664,""2009"":654,""2010"":680,""2011"":700,""2012"":733,""2013"":853,""2014"":1132,""2015"":1027,""2016"":1156,""2017"":1558,""2018"":1579,""2019"":1701,""2020"":1664,""2021"":1552,""2022"":1527,""2023"":941,""2024"":955,""2025"":754,""2026"":338}"
Yolanda Gil,https://scholar.google.com/citations?user=NDmGsCgAAAAJ,2026-09-27,"Research Professor of Computer Science, University of Southern California","[""Artificial Intelligence"", ""Intelligent User Interfaces"", ""Knowledge Capture"", ""Scientific Workflows"", ""Semantic Web""]",22911,63,201,6605,34,72,1991,"{""1991"":68,""1992"":67,""1993"":89,""1994"":104,""1995"":109,""1996"":115,""1997"":98,""1998"":104,""1999"":113,""2000"":130,""2001"":161,""2002"":166,""2003"":271,""2004"":414,""2005"":528,""2006"":572,""2007"":660,""2008"":786,""2009"":763,""2010"":912,""2011"":1085,""2012"":991,""2013"":1040,""2014"":939,""2015"":923,""2016"":950,""2017"":937,""2018"":912,""2019"":894,""2020"":935,""2021"":1039,""2022"":1132,""2023"":1098,""2024"":1129,""2025"":1132,""2026"":1067}"
Zhi-Hua Zhou,https://scholar.google.com/citations?user=rSVIHasAAAAJ,2026-09-27,Nanjing University,"[""Artificial Intelligence"", ""Machine Learning"", ""Data Mining""]",121757,139,540,64118,92,426,2005,"{""2005"":328,""2006"":550,""2007"":645,""2008"":973,""2009"":1465,""2010"":1899,""2011"":2333,""2012"":2651,""2013"":3145,""2014"":3819,""2015"":4211,""2016"":4788,""2017"":5525,""2018"":6766,""2019"":8241,""2020"":9017,""2021"":10253,""2022"":10682,""2023"":11302,""2024"":11434,""2025"":11649,""2026"":8677}"
Anastasia Ailamaki,https://scholar.google.com/citations?user=YdrkeNwAAAAJ,2026-09-27,Professor of Computer and Communication Sciences. EPFL,"[""Data Management"", ""computer architecture"", ""data-intensive applications"", ""AI analytics""]",21440,73,219,6794,43,137,2002,"{""2002"":89,""2003"":103,""2004"":202,""2005"":207,""2006"":284,""2007"":396,""2008"":432,""2009"":508,""2010"":684,""2011"":791,""2012"":848,""2013"":994,""2014"":1065,""2015"":1142,""2016"":1313,""2017"":1300,""2018"":1315,""2019"":1305,""2020"":1250,""2021"":1165,""2022"":1254,""2023"":1189,""2024"":1189,""2025"":1155,""2026"":840}"
Assaf Schuster,https://scholar.google.com/citations?user=KfwgjswAAAAJ,2026-09-27,"Professor of Computer Science, Technion","[""Scalability"", ""Big Data"", ""Data Mining"", ""Massive Data Streams""]",11005,58,165,2335,25,59,1992,"{""1992"":29,""1993"":34,""1994"":53,""1995"":67,""1996"":73,""1997"":85,""1998"":117,""1999"":126,""2000"":144,""2001"":112,""2002"":121,""2003"":148,""2004"":172,""2005"":218,""2006"":285,""2007"":312,""2008"":339,""2009"":333,""2010"":350,""2011"":351,""2012"":406,""2013"":504,""2014"":634,""2015"":649,""2016"":591,""2017"":721,""2018"":570,""2019"":533,""2020"":436,""2021"":448,""2022"":472,""2023"":370,""2024"":337,""2025"":412,""2026"":291}"
Babak Falsafi,https://scholar.google.com/citations?user=LaNEuBUAAAAJ,2026-09-27,"Professor of Computer Science, EPFL","[""Computer Architecture"", ""Datacenter Systems"", ""Post-Moore Servers""]",19760,69,158,4671,38,91,1995,"{""1995"":77,""1996"":105,""1997"":95,""1998"":164,""1999"":101,""2000"":129,""2001"":119,""2002"":198,""2003"":276,""2004"":303,""2005"":457,""2006"":454,""2007"":562,""2008"":564,""2009"":598,""2010"":768,""2011"":787,""2012"":871,""2013"":1017,""2014"":1032,""2015"":1113,""2016"":1157,""2017"":1110,""2018"":991,""2019"":924,""2020"":843,""2021"":834,""2022"":900,""2023"":834,""2024"":791,""2025"":808,""2026"":501}"
Bing Liu,https://scholar.google.com/citations?user=Kt1bjZoAAAAJ,2026-09-27,"Distinguished Professor, University of Illinois at Chicago","[""Machine Learning"", ""Sentiment Analysis"", ""Natural Language Processing"", ""Data Mining"", ""Web Mining""]",120470,126,413,48958,87,305,2003,"{""2003"":424,""2004"":571,""2005"":840,""2006"":1106,""2007"":1050,""2008"":1481,""2009"":2012,""2010"":2377,""2011"":2800,""2012"":3455,""2013"":4308,""2014"":5240,""2015"":6167,""2016"":6688,""2017"":7079,""2018"":7470,""2019"":7984,""2020"":8112,""2021"":8774,""2022"":8686,""2023"":8698,""2024"":8450,""2025"":8814,""2026"":5483}"
Chih-Jen Lin,https://scholar.google.com/citations?user=SLMkts8AAAAJ,2026-09-27,"Distinguished professor, National Taiwan University and affiliated professor, MBZUAI","[""Machine learning"", ""Data Mining"", ""Optimization"", ""Artificial Intelligence""]",128438,77,183,25713,47,106,2003,"{""2003"":465,""2004"":875,""2005"":1482,""2006"":2115,""2007"":2729,""2008"":3325,""2009"":4101,""2010"":4947,""2011"":5515,""2012"":6842,""2013"":7800,""2014"":8823,""2015"":9576,""2016"":9785,""2017"":9105,""2018"":8739,""2019"":7960,""2020"":6990,""2021"":6279,""2022"":5601,""2023"":4531,""2024"":3798,""2025"":3429,""2026"":2072}"
David Blei,https://scholar.google.com/citations?user=8OYE6iEAAAAJ,2026-09-27,"Professor of Statistics and Computer Science, Columbia University","[""Machine Learning"", ""Statistics"", ""Probabilistic topic models"", ""Bayesian nonparametrics"", ""Approximate posterior inference""]",168929,117,277,75564,85,228,2006,"{""2006"":578,""2007"":839,""2008"":1193,""2009"":1822,""2010"":2483,""2011"":3499,""2012"":4518,""2013"":5416,""2014"":6764,""2015"":7922,""2016"":9535,""2017"":9994,""2018"":11237,""2019"":12083,""2020"":12564,""2021"":13266,""2022"":13038,""2023"":12938,""2024"":12683,""2025"":13522,""2026"":10102}"
Dragomir Radev,https://scholar.google.com/citations?user=vIqWvgwAAAAJ,2026-09-27,"Professor, Computer Science, Yale University","[""Natural Language Processing"", ""Information Retrieval"", ""Machine Learning"", ""Computational Linguistics"", ""Social Network Analysis""]",48420,94,217,26079,65,138,2001,"{""2001"":192,""2002"":224,""2003"":264,""2004"":409,""2005"":432,""2006"":557,""2007"":626,""2008"":834,""2009"":818,""2010"":1041,""2011"":1142,""2012"":1250,""2013"":1288,""2014"":1559,""2015"":1443,""2016"":1678,""2017"":1565,""2018"":1839,""2019"":2150,""2020"":2284,""2021"":2810,""2022"":3180,""2023"":4723,""2024"":5526,""2025"":5696,""2026"":4106}"
Elizabeth D. Mynatt,https://scholar.google.com/citations?user=l7nsfT4AAAAJ,2026-09-27,"Dean, Khoury College of Computer Sciences, Northeastern University","[""HCI and Human-centered computing"", ""personal health informatics"", ""ubiquitous computing""]",22594,72,177,4615,35,89,1998,"{""1998"":71,""1999"":126,""2000"":190,""2001"":253,""2002"":430,""2003"":673,""2004"":847,""2005"":946,""2006"":953,""2007"":917,""2008"":942,""2009"":1056,""2010"":1018,""2011"":954,""2012"":943,""2013"":849,""2014"":876,""2015"":829,""2016"":903,""2017"":865,""2018"":880,""2019"":960,""2020"":876,""2021"":860,""2022"":851,""2023"":741,""2024"":715,""2025"":809,""2026"":637}"
Frank Pfenning,https://scholar.google.com/citations?user=ghWKWBUAAAAJ,2026-09-27,"Professor of Computer Science, Carnegie Mellon University","[""Programming Languages"", ""Logic"", ""Type Theory"", ""Automated Deduction"", ""Computer Security""]",19187,70,182,3995,32,79,1989,"{""1989"":68,""1990"":89,""1991"":119,""1992"":189,""1993"":184,""1994"":253,""1995"":163,""1996"":239,""1997"":260,""1998"":325,""1999"":376,""2000"":374,""2001"":445,""2002"":510,""2003"":591,""2004"":454,""2005"":576,""2006"":629,""2007"":619,""2008"":784,""2009"":746,""2010"":692,""2011"":577,""2012"":694,""2013"":561,""2014"":629,""2015"":548,""2016"":643,""2017"":635,""2018"":590,""2019"":612,""2020"":601,""2021"":782,""2022"":650,""2023"":716,""2024"":696,""2025"":630,""2026"":521}"
Giuseppe De Giacomo,https://scholar.google.com/citations?user=Sfo4K0oAAAAJ,2026-09-27,University of Oxford & Sapienza Università di Roma,"[""Artificial Intelligence"", ""Data Management"", ""Knowledge Representation"", ""Automated Planning"", ""Strategic Reasoning""]",30031,87,303,7334,40,140,1998,"{""1998"":193,""1999"":288,""2000"":384,""2001"":516,""2002"":490,""2003"":539,""2004"":613,""2005"":885,""2006"":946,""2007"":1240,""2008"":1338,""2009"":1303,""2010"":1339,""2011"":1216,""2012"":1315,""2013"":1368,""2014"":1288,""2015"":1214,""2016"":1373,""2017"":1089,""2018"":1076,""2019"":1096,""2020"":1018,""2021"":953,""2022"":1155,""2023"":1326,""2024"":1426,""2025"":1430,""2026"":1034}"
Hsinchun Chen,https://scholar.google.com/citations?user=ypvW54sAAAAJ,2026-09-27,University of Arizona,"[""business analytics"", ""data mining"", ""security informatics"", ""health informatics""]",66823,121,528,21305,64,267,1997,"{""1997"":219,""1998"":346,""1999"":358,""2000"":420,""2001"":397,""2002"":480,""2003"":650,""2004"":745,""2005"":984,""2006"":1152,""2007"":1305,""2008"":1469,""2009"":1613,""2010"":1781,""2011"":2314,""2012"":2302,""2013"":2445,""2014"":2867,""2015"":3282,""2016"":3483,""2017"":3672,""2018"":3794,""2019"":3966,""2020"":3896,""2021"":3788,""2022"":3744,""2023"":3537,""2024"":3814,""2025"":3793,""2026"":2597}"
Jayant Haritsa,https://scholar.google.com/citations?user=dc626ewAAAAJ,2026-09-27,Indian Institute of Science,"[""Database Systems""]",6475,38,88,805,16,31,1991,"{""1991"":21,""1992"":49,""1993"":63,""1994"":73,""1995"":119,""1996"":122,""1997"":160,""1998"":106,""1999"":81,""2000"":140,""2001"":85,""2002"":136,""2003"":208,""2004"":268,""2005"":293,""2006"":361,""2007"":366,""2008"":334,""2009"":355,""2010"":274,""2011"":270,""2012"":244,""2013"":221,""2014"":193,""2015"":196,""2016"":194,""2017"":180,""2018"":176,""2019"":133,""2020"":137,""2021"":147,""2022"":133,""2023"":106,""2024"":152,""2025"":138,""2026"":129}"
Jian Pei,https://scholar.google.com/citations?user=zIMEVKsAAAAJ,2026-09-27,"Arthur S. Pearse Distinguished Professor, Duke University","[""Data mining"", ""big data analytics"", ""database systems"", ""information retrieval""]",148260,123,419,47350,76,286,2001,"{""2001"":450,""2002"":1028,""2003"":1639,""2004"":2286,""2005"":3083,""2006"":3407,""2007"":3600,""2008"":4235,""2009"":5075,""2010"":5513,""2011"":5659,""2012"":5958,""2013"":6278,""2014"":7040,""2015"":6933,""2016"":7175,""2017"":7008,""2018"":7257,""2019"":7734,""2020"":7482,""2021"":7443,""2022"":7434,""2023"":7874,""2024"":8483,""2025"":9557,""2026"":6484}"
Judea Pearl,https://scholar.google.com/citations?user=bAipNH8AAAAJ,2026-09-27,"Professor of Computer Science, University of California, Los Angeles","[""causality"", ""artificial intelligence"", ""structural equations"", ""counterfactuals""]",179049,130,398,69197,83,246,1988,"{""1988"":580,""1989"":681,""1990"":983,""1991"":912,""1992"":1066,""1993"":1172,""1994"":1598,""1995"":1353,""1996"":1465,""1997"":1633,""1998"":1442,""1999"":1627,""2000"":1713,""2001"":1986,""2002"":2164,""2003"":2412,""2004"":2814,""2005"":3023,""2006"":3145,""2007"":3682,""2008"":3856,""2009"":3939,""2010"":4296,""2011"":4496,""2012"":5460,""2013"":5729,""2014"":5511,""2015"":5153,""2016"":5336,""2017"":5510,""2018"":6109,""2019"":6787,""2020"":8330,""2021"":9487,""2022"":10810,""2023"":11307,""2024"":12208,""2025"":13366,""2026"":11858}"
Julia Hirschberg,https://scholar.google.com/citations?user=Qrd7FCoAAAAJ,2026-09-27,Columbia University,"[""Spoken Language Processing"", ""Natural Language Processing"", ""Prosody""]",38597,86,281,13103,45,158,1992,"{""1992"":101,""1993"":147,""1994"":212,""1995"":234,""1996"":312,""1997"":431,""1998"":394,""1999"":385,""2000"":449,""2001"":475,""2002"":578,""2003"":601,""2004"":636,""2005"":653,""2006"":801,""2007"":895,""2008"":887,""2009"":900,""2010"":1016,""2011"":1018,""2012"":1164,""2013"":1203,""2014"":1282,""2015"":1331,""2016"":1479,""2017"":1407,""2018"":1788,""2019"":1843,""2020"":1978,""2021"":2171,""2022"":2109,""2023"":2285,""2024"":2157,""2025"":2420,""2026"":1888}"
Kevin Skadron,https://scholar.google.com/citations?user=Q-As1CEAAAAJ,2026-09-27,"Harry Douglas Forsyth Professor of Computer Science, University of Virginia","[""computer architecture"", ""processing in memory"", ""hardware acceleration"", ""automata processing"", ""heterogeneous computing""]",30527,73,227,6867,32,99,2002,"{""2002"":125,""2003"":205,""2004"":313,""2005"":502,""2006"":628,""2007"":750,""2008"":921,""2009"":975,""2010"":1421,""2011"":1466,""2012"":1606,""2013"":1760,""2014"":1864,""2015"":1936,""2016"":1816,""2017"":1849,""2018"":1822,""2019"":1830,""2020"":1459,""2021"":1297,""2022"":1218,""2023"":1059,""2024"":1087,""2025"":1240,""2026"":964}"
Mary Czerwinski,https://scholar.google.com/citations?user=LHkrpqEAAAAJ,2026-09-27,Microsoft Research,"[""Human-Computer Interaction"", ""Psychology"", ""cognitive psychology""]",34226,108,296,9948,58,192,1999,"{""1999"":111,""2000"":151,""2001"":193,""2002"":279,""2003"":450,""2004"":624,""2005"":795,""2006"":999,""2007"":1002,""2008"":1209,""2009"":1198,""2010"":1287,""2011"":1331,""2012"":1360,""2013"":1369,""2014"":1624,""2015"":1666,""2016"":1562,""2017"":1570,""2018"":1378,""2019"":1732,""2020"":1688,""2021"":1716,""2022"":1894,""2023"":1678,""2024"":1656,""2025"":1769,""2026"":1221}"
Michael Luby,https://scholar.google.com/citations?user=OCzTJZ8AAAAJ,2026-09-27,BitRipple and ICSI,"[""large scale data distribution over challenged networks"", ""coding theory"", ""distributed reliable storage"", ""cryptography"", ""randomized al""]",49452,99,247,8045,41,113,1990,"{""1990"":167,""1991"":196,""1992"":206,""1993"":251,""1994"":269,""1995"":295,""1996"":374,""1997"":356,""1998"":455,""1999"":511,""2000"":672,""2001"":776,""2002"":898,""2003"":1063,""2004"":1367,""2005"":1561,""2006"":1772,""2007"":1862,""2008"":1830,""2009"":1989,""2010"":2037,""2011"":2075,""2012"":2116,""2013"":2099,""2014"":2239,""2015"":2249,""2016"":3339,""2017"":2066,""2018"":1914,""2019"":1783,""2020"":1624,""2021"":1716,""2022"":1545,""2023"":1320,""2024"":1354,""2025"":1238,""2026"":871}"
Michael R. Lyu,https://scholar.google.com/citations?user=uQnBgK0AAAAJ,2026-09-27,"Professor of Computer Science & Engineering, The Chinese University of Hong Kong","[""software engineering"", ""software reliability"", ""fault tolerance"", ""machine learning"", ""distributed systems""]",71046,131,653,31533,89,405,1998,"{""1998"":203,""1999"":157,""2000"":202,""2001"":224,""2002"":257,""2003"":298,""2004"":360,""2005"":519,""2006"":613,""2007"":902,""2008"":1102,""2009"":1244,""2010"":1551,""2011"":1879,""2012"":2128,""2013"":2580,""2014"":2988,""2015"":3390,""2016"":3407,""2017"":3276,""2018"":3385,""2019"":3837,""2020"":4139,""2021"":4431,""2022"":4342,""2023"":4755,""2024"":5511,""2025"":6860,""2026"":5590}"
Michael Wooldridge,https://scholar.google.com/citations?user=JD8v9fkAAAAJ,2026-09-27,University of Oxford,"[""artificial intelligence"", ""multi-agent systems"", ""multiagent systems"", ""agentic ai"", ""computer science""]",102491,107,449,17783,48,202,1996,"{""1996"":323,""1997"":431,""1998"":716,""1999"":991,""2000"":1675,""2001"":2213,""2002"":2972,""2003"":3746,""2004"":4228,""2005"":4871,""2006"":4786,""2007"":4763,""2008"":4655,""2009"":4711,""2010"":4589,""2011"":4511,""2012"":4199,""2013"":4215,""2014"":3984,""2015"":3827,""2016"":3662,""2017"":3382,""2018"":3382,""2019"":2999,""2020"":2639,""2021"":2858,""2022"":2603,""2023"":2693,""2024"":2774,""2025"":3553,""2026"":3283}"
Naehyuck Chang,https://scholar.google.com/citations?user=w0uiMd4AAAAJ,2026-09-27,Samsung Electronics Device Solutions America,"[""battery systems"", ""low-power design"", ""cyberphysical systems"", ""embedded systems"", ""design automation""]",8519,51,159,2061,27,56,2001,"{""2001"":27,""2002"":48,""2003"":63,""2004"":119,""2005"":128,""2006"":172,""2007"":170,""2008"":198,""2009"":227,""2010"":234,""2011"":353,""2012"":412,""2013"":522,""2014"":580,""2015"":533,""2016"":600,""2017"":505,""2018"":513,""2019"":466,""2020"":460,""2021"":397,""2022"":389,""2023"":394,""2024"":354,""2025"":359,""2026"":168}"
Nancy M. Amato,https://scholar.google.com/citations?user=AmaB9c4AAAAJ,2026-09-27,"Abel Bliss Professor and Head, Computer Science, University of Illinois","[""motion planning"", ""robotics"", ""computational biology"", ""computational geometry"", ""parallel and distributed computing""]",20865,65,198,6074,29,80,1998,"{""1998"":65,""1999"":81,""2000"":152,""2001"":241,""2002"":240,""2003"":221,""2004"":426,""2005"":417,""2006"":411,""2007"":483,""2008"":512,""2009"":532,""2010"":600,""2011"":715,""2012"":818,""2013"":943,""2014"":990,""2015"":1011,""2016"":1181,""2017"":979,""2018"":1135,""2019"":1145,""2020"":1042,""2021"":1059,""2022"":1137,""2023"":964,""2024"":993,""2025"":1039,""2026"":881}"
Orna Grumberg,https://scholar.google.com/citations?user=ZPed8YYAAAAJ,2026-09-27,"Professor of Computer Science, Technion","[""Formal verification"", ""model checking""]",34938,55,126,4684,24,45,1993,"{""1993"":104,""1994"":165,""1995"":236,""1996"":299,""1997"":324,""1998"":335,""1999"":449,""2000"":586,""2001"":762,""2002"":913,""2003"":1122,""2004"":1248,""2005"":1541,""2006"":1542,""2007"":1808,""2008"":1800,""2009"":1657,""2010"":1594,""2011"":1500,""2012"":1589,""2013"":1473,""2014"":1509,""2015"":1434,""2016"":1324,""2017"":1072,""2018"":1116,""2019"":979,""2020"":899,""2021"":859,""2022"":820,""2023"":750,""2024"":782,""2025"":792,""2026"":681}"
Pablo Rodriguez Rodriguez,https://scholar.google.com/citations?user=yetbFCsAAAAJ,2026-09-27,IEEE Fellow and ACM Fellow. Spain.,"[""Distributed Systems"", ""AI"", ""Computer Networks"", ""Peer-to-Peer"", ""Privacy""]",18645,69,140,2897,29,64,1999,"{""1999"":46,""2000"":53,""2001"":59,""2002"":90,""2003"":139,""2004"":178,""2005"":251,""2006"":332,""2007"":474,""2008"":695,""2009"":916,""2010"":1091,""2011"":1178,""2012"":1340,""2013"":1276,""2014"":1287,""2015"":1156,""2016"":1112,""2017"":1066,""2018"":998,""2019"":913,""2020"":771,""2021"":713,""2022"":634,""2023"":436,""2024"":448,""2025"":390,""2026"":272}"
Patrick McDaniel,https://scholar.google.com/citations?user=AMGqrI0AAAAJ,2026-09-27,"Tsun-Ming Shih Professor of Computer Sciences, University of Wisconsin-Madison","[""computer and network security"", ""network management"", ""networking"", ""cellular systems"", ""mobile operating systems""]",66591,88,216,32982,61,141,2006,"{""2006"":242,""2007"":342,""2008"":406,""2009"":515,""2010"":610,""2011"":895,""2012"":1238,""2013"":1665,""2014"":2008,""2015"":2201,""2016"":2620,""2017"":3062,""2018"":4630,""2019"":5516,""2020"":6242,""2021"":6483,""2022"":6211,""2023"":5755,""2024"":5708,""2025"":5323,""2026"":3490}"
Paul Dourish,https://scholar.google.com/citations?user=wyCIJfQAAAAJ,2026-09-27,"Steckler Endowed Chair of Information and Computer Science, University of California, Irvine","[""Human-Computer Interaction"", ""Computer-Supported Cooperative Work"", ""Ubiquitous Computing"", ""Science and Technology Studies""]",52867,87,195,13598,47,114,1996,"{""1996"":198,""1997"":229,""1998"":269,""1999"":443,""2000"":409,""2001"":482,""2002"":619,""2003"":932,""2004"":1066,""2005"":1409,""2006"":1496,""2007"":1712,""2008"":1888,""2009"":2148,""2010"":2051,""2011"":2042,""2012"":2088,""2013"":2212,""2014"":2146,""2015"":2262,""2016"":2377,""2017"":2272,""2018"":2355,""2019"":2387,""2020"":2312,""2021"":2250,""2022"":2300,""2023"":2221,""2024"":2129,""2025"":2490,""2026"":2201}"
Peter Schröder,https://scholar.google.com/citations?user=t3TgxNwAAAAJ,2026-09-27,"Professor of Computer Science and Applied & Computational Mathematics, Caltech","[""Computer Graphics""]",28469,69,119,4155,33,59,1994,"{""1994"":77,""1995"":158,""1996"":147,""1997"":161,""1998"":269,""1999"":306,""2000"":547,""2001"":654,""2002"":861,""2003"":1204,""2004"":1400,""2005"":1387,""2006"":1460,""2007"":1446,""2008"":1441,""2009"":1284,""2010"":1227,""2011"":1182,""2012"":1190,""2013"":1076,""2014"":997,""2015"":973,""2016"":943,""2017"":898,""2018"":863,""2019"":807,""2020"":833,""2021"":710,""2022"":689,""2023"":691,""2024"":741,""2025"":693,""2026"":630}"
Piotr Indyk,https://scholar.google.com/citations?user=oOwNKsAAAAAJ,2026-09-27,"Thomas D. and Virginia W. Cabot Professor of Electrical Engineering and Computer Science, MIT","[""Algorithms"", ""Computational Geometry"", ""Theoretical Computer Science""]",49573,89,207,14116,48,146,2000,"{""2000"":171,""2001"":254,""2002"":447,""2003"":665,""2004"":731,""2005"":919,""2006"":1028,""2007"":1154,""2008"":1359,""2009"":1482,""2010"":1806,""2011"":1704,""2012"":1901,""2013"":2212,""2014"":2370,""2015"":2358,""2016"":2737,""2017"":3034,""2018"":2873,""2019"":2888,""2020"":2744,""2021"":2544,""2022"":2352,""2023"":2323,""2024"":2296,""2025"":2561,""2026"":2037}"
Santosh S. Vempala,https://scholar.google.com/citations?user=hRggMmIAAAAJ,2026-09-27,Georgia Tech,"[""Algorithms"", ""Optimization"", ""High-dimensional Geometry"", ""AI/ML Foundations""]",28324,78,183,11920,55,140,2000,"{""2000"":81,""2001"":147,""2002"":125,""2003"":239,""2004"":326,""2005"":448,""2006"":558,""2007"":618,""2008"":638,""2009"":804,""2010"":792,""2011"":786,""2012"":828,""2013"":926,""2014"":1053,""2015"":997,""2016"":1036,""2017"":1153,""2018"":1230,""2019"":1376,""2020"":1671,""2021"":1626,""2022"":1844,""2023"":1923,""2024"":2004,""2025"":2143,""2026"":2368}"
Mooly Sagiv,https://scholar.google.com/citations?user=j4UuW80AAAAJ,2026-09-27,Tel Aviv University,"[""Programming Languages"", ""Program Verification"", ""Program Analysis"", ""Software Defined Networks""]",15757,66,159,3398,26,65,1995,"{""1995"":42,""1996"":46,""1997"":47,""1998"":76,""1999"":89,""2000"":135,""2001"":192,""2002"":211,""2003"":287,""2004"":503,""2005"":611,""2006"":663,""2007"":784,""2008"":687,""2009"":653,""2010"":688,""2011"":549,""2012"":591,""2013"":608,""2014"":687,""2015"":744,""2016"":602,""2017"":610,""2018"":656,""2019"":700,""2020"":649,""2021"":645,""2022"":600,""2023"":552,""2024"":637,""2025"":566,""2026"":397}"
Sriram Rajamani,https://scholar.google.com/citations?user=o-EdErcAAAAJ,2026-09-27,Microsoft Research,"[""programming languages"", ""verification"", ""security"", ""systems"", ""machine learning""]",17312,63,129,3368,31,59,1999,"{""1999"":77,""2000"":107,""2001"":189,""2002"":308,""2003"":394,""2004"":648,""2005"":780,""2006"":715,""2007"":800,""2008"":771,""2009"":825,""2010"":870,""2011"":722,""2012"":770,""2013"":813,""2014"":764,""2015"":783,""2016"":725,""2017"":680,""2018"":673,""2019"":678,""2020"":580,""2021"":553,""2022"":506,""2023"":493,""2024"":606,""2025"":695,""2026"":509}"
Tandy Warnow,https://scholar.google.com/citations?user=BYZtDXEAAAAJ,2026-09-27,"University of Illinois Urbana-Champaign, Siebel School of Computing and Data Science","[""computational biology"", ""phylogenetics"", ""machine learning"", ""historical linguistics"", ""multiple sequence""]",32660,81,217,15256,46,136,1995,"{""1995"":83,""1996"":86,""1997"":136,""1998"":109,""1999"":162,""2000"":101,""2001"":183,""2002"":206,""2003"":210,""2004"":319,""2005"":539,""2006"":509,""2007"":399,""2008"":495,""2009"":395,""2010"":524,""2011"":606,""2012"":647,""2013"":746,""2014"":658,""2015"":1035,""2016"":1361,""2017"":1488,""2018"":1893,""2019"":2107,""2020"":2026,""2021"":2261,""2022"":2585,""2023"":2706,""2024"":2621,""2025"":2793,""2026"":2265}"
Tei-Wei Kuo,https://scholar.google.com/citations?user=gBuHlIQAAAAJ,2026-09-27,"CTO of Delta Electronics and Professor Emeritus of Computer Sci. & Info. Engr, National Taiwan Univ.","[""real-time systems"", ""embedded systems"", ""flash memory"", ""non-volatile memory"", ""real-time database systems""]",12566,51,246,3367,27,91,1997,"{""1997"":47,""1998"":48,""1999"":65,""2000"":62,""2001"":70,""2002"":73,""2003"":97,""2004"":188,""2005"":209,""2006"":276,""2007"":349,""2008"":444,""2009"":559,""2010"":558,""2011"":671,""2012"":648,""2013"":714,""2014"":671,""2015"":690,""2016"":559,""2017"":530,""2018"":501,""2019"":484,""2020"":434,""2021"":458,""2022"":531,""2023"":449,""2024"":560,""2025"":803,""2026"":538}"
Ueli Maurer,https://scholar.google.com/citations?user=TSsq3GMAAAAJ,2026-09-27,"Professor of Computer Science, ETH Zurich",[],24092,72,192,6312,38,111,1995,"{""1995"":74,""1996"":118,""1997"":193,""1998"":275,""1999"":285,""2000"":278,""2001"":315,""2002"":413,""2003"":495,""2004"":634,""2005"":715,""2006"":698,""2007"":729,""2008"":826,""2009"":917,""2010"":976,""2011"":803,""2012"":960,""2013"":882,""2014"":1011,""2015"":998,""2016"":891,""2017"":895,""2018"":968,""2019"":972,""2020"":1069,""2021"":1105,""2022"":1119,""2023"":1137,""2024"":1042,""2025"":1185,""2026"":720}"
Victor Miller,https://scholar.google.com/citations?user=ewfv9nEAAAAJ,2026-09-27,SRI,"[""Number Theory"", ""Cryptography""]",10289,12,12,2243,6,6,1991,"{""1991"":35,""1992"":35,""1993"":28,""1994"":39,""1995"":33,""1996"":57,""1997"":58,""1998"":110,""1999"":93,""2000"":119,""2001"":137,""2002"":142,""2003"":175,""2004"":233,""2005"":290,""2006"":329,""2007"":352,""2008"":411,""2009"":393,""2010"":439,""2011"":468,""2012"":478,""2013"":491,""2014"":503,""2015"":443,""2016"":401,""2017"":422,""2018"":392,""2019"":399,""2020"":356,""2021"":405,""2022"":362,""2023"":343,""2024"":408,""2025"":427,""2026"":298}"
Wang-Chiew Tan,https://scholar.google.com/citations?user=sOY-wjkAAAAJ,2026-09-27,Facebook AI,"[""data management"", ""data provenance"", ""data integration"", ""natural language processing""]",14430,56,104,4488,28,69,2000,"{""2000"":52,""2001"":85,""2002"":188,""2003"":275,""2004"":307,""2005"":439,""2006"":435,""2007"":458,""2008"":535,""2009"":594,""2010"":679,""2011"":635,""2012"":610,""2013"":684,""2014"":468,""2015"":526,""2016"":582,""2017"":529,""2018"":575,""2019"":535,""2020"":518,""2021"":626,""2022"":764,""2023"":796,""2024"":775,""2025"":753,""2026"":769}"
Xavier Leroy,https://scholar.google.com/citations?user=K5yXAeAAAAAJ,2026-09-27,Collège de France,"[""Programming languages"", ""Software verification"", ""Program proof"", ""Compilers"", ""Functional programming""]",15224,60,104,3944,28,50,1992,"{""1992"":40,""1993"":58,""1994"":119,""1995"":139,""1996"":183,""1997"":160,""1998"":206,""1999"":188,""2000"":240,""2001"":206,""2002"":309,""2003"":323,""2004"":366,""2005"":375,""2006"":374,""2007"":450,""2008"":427,""2009"":552,""2010"":463,""2011"":428,""2012"":571,""2013"":498,""2014"":581,""2015"":609,""2016"":565,""2017"":618,""2018"":634,""2019"":739,""2020"":619,""2021"":666,""2022"":589,""2023"":673,""2024"":688,""2025"":681,""2026"":647}"
Yunhao Liu,https://scholar.google.com/citations?user=hon00PIAAAAJ,2026-09-27,"ACM Fellow, IEEE Fellow, CCF Fellow, Tsinghua University","[""Wireless Sensor Networks/RFID"", ""Cyber Physical Systems and IoT"", ""Privacy and Security"", ""Cloud Computing""]",52662,105,403,20926,63,247,2005,"{""2005"":183,""2006"":402,""2007"":490,""2008"":761,""2009"":940,""2010"":1237,""2011"":1352,""2012"":1487,""2013"":1926,""2014"":2283,""2015"":2722,""2016"":2930,""2017"":3306,""2018"":3788,""2019"":3844,""2020"":3544,""2021"":3355,""2022"":3316,""2023"":3522,""2024"":3925,""2025"":4092,""2026"":2696}"
Adam Finkelstein,https://scholar.google.com/citations?user=a959F6AAAAAJ,2026-09-27,"Professor of Computer Science, Princeton University","[""Computer Graphics"", ""Audio"", ""Machine Learning"", ""Human-Computer Interaction""]",19483,63,109,5954,30,68,1996,"{""1996"":50,""1997"":107,""1998"":109,""1999"":124,""2000"":147,""2001"":239,""2002"":310,""2003"":385,""2004"":504,""2005"":547,""2006"":503,""2007"":556,""2008"":528,""2009"":542,""2010"":688,""2011"":663,""2012"":675,""2013"":695,""2014"":731,""2015"":762,""2016"":821,""2017"":782,""2018"":844,""2019"":996,""2020"":971,""2021"":1097,""2022"":1137,""2023"":1146,""2024"":1071,""2025"":942,""2026"":554}"
Alan Bundy,https://scholar.google.com/citations?user=n7STZEYAAAAJ,2026-09-27,"Professor of Automated Reasoning, University of Edinburgh","[""Artificial Intelligence"", ""Automated Reasoning"", ""Formal Methods"", ""Ontology Evolution""]",11942,48,190,1967,19,41,1987,"{""1987"":214,""1988"":192,""1989"":176,""1990"":245,""1991"":215,""1992"":268,""1993"":293,""1994"":397,""1995"":175,""1996"":285,""1997"":247,""1998"":283,""1999"":284,""2000"":252,""2001"":261,""2002"":283,""2003"":255,""2004"":325,""2005"":332,""2006"":313,""2007"":408,""2008"":288,""2009"":306,""2010"":301,""2011"":262,""2012"":315,""2013"":300,""2014"":259,""2015"":211,""2016"":180,""2017"":240,""2018"":261,""2019"":287,""2020"":217,""2021"":342,""2022"":313,""2023"":295,""2024"":344,""2025"":329,""2026"":342}"
Alberto Sangiovanni Vincentelli,https://scholar.google.com/citations?user=AhgjQ2QAAAAJ,2026-09-27,"Professor of EECS, University of California, Berkeley","[""System design"", ""embedded systems"", ""design automation"", ""verification"", ""synthesis""]",81891,131,788,12510,48,226,1987,"{""1987"":460,""1988"":731,""1989"":953,""1990"":1050,""1991"":1450,""1992"":1414,""1993"":1797,""1994"":1704,""1995"":1919,""1996"":1767,""1997"":1753,""1998"":1776,""1999"":1953,""2000"":1990,""2001"":1891,""2002"":1884,""2003"":2428,""2004"":2554,""2005"":2501,""2006"":2578,""2007"":2850,""2008"":2634,""2009"":2530,""2010"":2285,""2011"":2356,""2012"":2322,""2013"":2245,""2014"":2267,""2015"":2284,""2016"":2064,""2017"":2074,""2018"":2442,""2019"":2189,""2020"":1973,""2021"":2154,""2022"":2297,""2023"":2236,""2024"":2243,""2025"":2026,""2026"":1536}"
Allan Borodin,https://scholar.google.com/citations?user=VIFfuYgAAAAJ,2026-09-27,"Professor of Computer Science, University of Toronto","[""theoretical computer science"", ""algorithm design""]",14819,47,97,2498,22,36,1987,"{""1987"":132,""1988"":140,""1989"":174,""1990"":175,""1991"":193,""1992"":171,""1993"":176,""1994"":271,""1995"":196,""1996"":246,""1997"":202,""1998"":234,""1999"":247,""2000"":277,""2001"":286,""2002"":317,""2003"":390,""2004"":408,""2005"":403,""2006"":418,""2007"":421,""2008"":401,""2009"":439,""2010"":438,""2011"":432,""2012"":432,""2013"":474,""2014"":435,""2015"":412,""2016"":411,""2017"":412,""2018"":466,""2019"":426,""2020"":429,""2021"":394,""2022"":417,""2023"":428,""2024"":457,""2025"":455,""2026"":342}"
Aravind Srinivasan,https://scholar.google.com/citations?user=sPzla6IAAAAJ,2026-09-27,"Professor of Computer Science and Distinguished University Professor, University of Maryland","[""Randomized algorithms"", ""Data Science"", ""Optimization"", ""E-commerce"", ""Digital & public health""]",21508,73,212,5528,37,115,1993,"{""1993"":64,""1994"":78,""1995"":100,""1996"":123,""1997"":158,""1998"":158,""1999"":155,""2000"":165,""2001"":184,""2002"":172,""2003"":216,""2004"":316,""2005"":450,""2006"":594,""2007"":697,""2008"":670,""2009"":727,""2010"":770,""2011"":896,""2012"":951,""2013"":954,""2014"":1012,""2015"":1035,""2016"":1092,""2017"":989,""2018"":937,""2019"":929,""2020"":964,""2021"":906,""2022"":987,""2023"":872,""2024"":933,""2025"":968,""2026"":852}"
Daniela Rus,https://scholar.google.com/citations?user=910z20QAAAAJ,2026-09-27,"Andrew (1956) and Erna Viterbi Professor of Computer Science, MIT","[""Robotics"", ""Wireless Networks"", ""Distributed Computing""]",108267,167,734,60629,110,542,1999,"{""1999"":341,""2000"":421,""2001"":473,""2002"":631,""2003"":703,""2004"":843,""2005"":998,""2006"":1076,""2007"":1123,""2008"":1314,""2009"":1420,""2010"":1558,""2011"":1540,""2012"":1829,""2013"":1977,""2014"":2450,""2015"":2768,""2016"":3287,""2017"":3897,""2018"":4852,""2019"":5848,""2020"":6725,""2021"":8067,""2022"":9145,""2023"":9870,""2024"":10936,""2025"":12493,""2026"":10055}"
Eric Grimson,https://scholar.google.com/citations?user=zZ0-4SUAAAAJ,2026-09-27,MIT,"[""Computer vision"", ""medical image analysis"", ""medical image computing""]",49663,83,170,3604,24,41,1987,"{""1987"":347,""1988"":522,""1989"":481,""1990"":545,""1991"":602,""1992"":681,""1993"":583,""1994"":632,""1995"":669,""1996"":554,""1997"":579,""1998"":735,""1999"":680,""2000"":701,""2001"":833,""2002"":922,""2003"":1050,""2004"":1300,""2005"":1668,""2006"":1778,""2007"":1981,""2008"":2298,""2009"":2343,""2010"":2472,""2011"":2443,""2012"":2474,""2013"":2525,""2014"":2375,""2015"":2064,""2016"":1933,""2017"":1636,""2018"":1360,""2019"":1292,""2020"":1087,""2021"":903,""2022"":820,""2023"":568,""2024"":541,""2025"":490,""2026"":282}"
Eric Horvitz,https://scholar.google.com/citations?user=V4OPEAgAAAAJ,2026-09-27,Microsoft,"[""Machine intelligence"", ""decision theory"", ""decisions under uncertainty"", ""information retrieval"", ""bounded""]",128462,173,831,49057,84,512,1999,"{""1999"":373,""2000"":398,""2001"":639,""2002"":800,""2003"":1201,""2004"":1393,""2005"":1793,""2006"":2216,""2007"":2555,""2008"":2821,""2009"":3185,""2010"":3773,""2011"":4006,""2012"":4328,""2013"":5086,""2014"":5785,""2015"":5577,""2016"":5612,""2017"":6231,""2018"":5599,""2019"":6118,""2020"":6253,""2021"":6159,""2022"":6211,""2023"":6510,""2024"":9007,""2025"":10722,""2026"":10212}"
Foto Afrati,https://scholar.google.com/citations?user=pU0dce0AAAAJ,2026-09-27,"Professor of Computer Science, National Technical University of Athens","[""Databases"", ""algorithms"", ""distributed computation""]",4741,34,67,697,13,18,1989,"{""1989"":21,""1990"":20,""1991"":30,""1992"":24,""1993"":40,""1994"":26,""1995"":61,""1996"":40,""1997"":44,""1998"":36,""1999"":34,""2000"":41,""2001"":74,""2002"":58,""2003"":74,""2004"":64,""2005"":80,""2006"":105,""2007"":92,""2008"":104,""2009"":164,""2010"":157,""2011"":189,""2012"":212,""2013"":259,""2014"":358,""2015"":303,""2016"":321,""2017"":261,""2018"":242,""2019"":218,""2020"":201,""2021"":157,""2022"":144,""2023"":128,""2024"":95,""2025"":110,""2026"":63}"
Gene Tsudik,https://scholar.google.com/citations?user=WLvuu74AAAAJ,2026-09-27,"Peter & Lois Griffin Professor, Jolly Good Fellow of This & That","[""cryptography"", ""computer security"", ""privacy"", ""applied cryptography""]",43168,110,246,8034,48,152,1996,"{""1996"":126,""1997"":191,""1998"":247,""1999"":342,""2000"":446,""2001"":516,""2002"":703,""2003"":1008,""2004"":1303,""2005"":1558,""2006"":1673,""2007"":1775,""2008"":1712,""2009"":1741,""2010"":1826,""2011"":1713,""2012"":1883,""2013"":1944,""2014"":1960,""2015"":1904,""2016"":2078,""2017"":1928,""2018"":2068,""2019"":1961,""2020"":1780,""2021"":1583,""2022"":1448,""2023"":1396,""2024"":1374,""2025"":1348,""2026"":882}"
Gernot Heiser,https://scholar.google.com/citations?user=0e0Vw3kAAAAJ,2026-09-27,"Professor of Computer Science, University of New South Wales","[""Operating Systems"", ""Embedded Systems"", ""Security and Trustworthiness"", ""Energy Management"", ""Real-Time Systems""]",20869,62,159,6442,32,71,1996,"{""1996"":77,""1997"":59,""1998"":87,""1999"":94,""2000"":109,""2001"":120,""2002"":157,""2003"":143,""2004"":103,""2005"":183,""2006"":174,""2007"":246,""2008"":269,""2009"":378,""2010"":562,""2011"":583,""2012"":806,""2013"":1044,""2014"":1090,""2015"":1209,""2016"":1346,""2017"":1296,""2018"":1257,""2019"":1310,""2020"":1357,""2021"":1166,""2022"":1162,""2023"":1186,""2024"":1017,""2025"":1097,""2026"":812}"
Henning Schulzrinne,https://scholar.google.com/citations?user=6IHX8J4AAAAJ,2026-09-27,"Professor of Computer Science, Columbia University","[""Networks"", ""multimedia"", ""telecommunications policy"", ""IoT""]",66307,96,498,4298,26,72,1996,"{""1996"":299,""1997"":482,""1998"":753,""1999"":1087,""2000"":1401,""2001"":1643,""2002"":2114,""2003"":2590,""2004"":3111,""2005"":3615,""2006"":4218,""2007"":4319,""2008"":4444,""2009"":3959,""2010"":4165,""2011"":3819,""2012"":3263,""2013"":3172,""2014"":2797,""2015"":2060,""2016"":1821,""2017"":1658,""2018"":1522,""2019"":1285,""2020"":919,""2021"":818,""2022"":829,""2023"":789,""2024"":660,""2025"":700,""2026"":491}"
Inderjit S. Dhillon,https://scholar.google.com/citations?user=xBv5ZfkAAAAJ,2026-09-27,"VP, Google Fellow at Google & Professor of Computer Science at UT Austin, Ex-VP at Amazon","[""Machine Learning"", ""Deep Learning"", ""Large Language Models"", ""Numerical Linear Algebra"", ""Computational""]",63461,103,252,28421,66,189,2000,"{""2000"":168,""2001"":166,""2002"":237,""2003"":363,""2004"":482,""2005"":699,""2006"":898,""2007"":1006,""2008"":1283,""2009"":1263,""2010"":1616,""2011"":1575,""2012"":1996,""2013"":1954,""2014"":2294,""2015"":2582,""2016"":2778,""2017"":2857,""2018"":3242,""2019"":3317,""2020"":3349,""2021"":3467,""2022"":3386,""2023"":3228,""2024"":3768,""2025"":6629,""2026"":7926}"
Jignesh M. Patel,https://scholar.google.com/citations?user=tOjfnFMAAAAJ,2026-09-27,Carnegie Mellon University,"[""Database Systems"", ""Data Management""]",23806,75,173,6502,41,108,1999,"{""1999"":66,""2000"":79,""2001"":79,""2002"":145,""2003"":259,""2004"":378,""2005"":451,""2006"":504,""2007"":484,""2008"":548,""2009"":587,""2010"":618,""2011"":683,""2012"":881,""2013"":1011,""2014"":1085,""2015"":1363,""2016"":1593,""2017"":1614,""2018"":1634,""2019"":1453,""2020"":1376,""2021"":1265,""2022"":1073,""2023"":1031,""2024"":1119,""2025"":1233,""2026"":773}"
Johannes Gehrke,https://scholar.google.com/citations?user=FtbGhBQAAAAJ,2026-09-27,Uber,"[""Database systems"", ""distributed systems"", ""machine learning""]",72067,90,219,24159,47,128,2000,"{""2000"":200,""2001"":366,""2002"":721,""2003"":1068,""2004"":1465,""2005"":1985,""2006"":2193,""2007"":2491,""2008"":2695,""2009"":2826,""2010"":2730,""2011"":2560,""2012"":2622,""2013"":2673,""2014"":2772,""2015"":2810,""2016"":2671,""2017"":2709,""2018"":2981,""2019"":2990,""2020"":2972,""2021"":2901,""2022"":2848,""2023"":4118,""2024"":5274,""2025"":5344,""2026"":3573}"
Juliana Freire,https://scholar.google.com/citations?user=sSzAlq0AAAAJ,2026-09-27,New York University,"[""data management"", ""visualization"", ""provenance"", ""reproducibility"", ""big data""]",23006,73,221,7733,40,121,2001,"{""2001"":68,""2002"":123,""2003"":184,""2004"":236,""2005"":250,""2006"":277,""2007"":432,""2008"":545,""2009"":724,""2010"":973,""2011"":1021,""2012"":1008,""2013"":1019,""2014"":942,""2015"":1009,""2016"":1198,""2017"":1134,""2018"":1199,""2019"":1224,""2020"":1219,""2021"":1279,""2022"":1326,""2023"":1285,""2024"":1261,""2025"":1369,""2026"":1202}"
Leslie Lamport,https://scholar.google.com/citations?user=uG3icVgAAAAJ,2026-09-27,Unknown affiliation,[],96381,88,211,18870,45,105,1987,"{""1987"":610,""1988"":683,""1989"":876,""1990"":1055,""1991"":1106,""1992"":1203,""1993"":1430,""1994"":1691,""1995"":1607,""1996"":1650,""1997"":1704,""1998"":1635,""1999"":1712,""2000"":1592,""2001"":1588,""2002"":1804,""2003"":2076,""2004"":2210,""2005"":2553,""2006"":2533,""2007"":2791,""2008"":2702,""2009"":2782,""2010"":2891,""2011"":2834,""2012"":2682,""2013"":2859,""2014"":2946,""2015"":2854,""2016"":2901,""2017"":2838,""2018"":3415,""2019"":4072,""2020"":3503,""2021"":3369,""2022"":3280,""2023"":3187,""2024"":2939,""2025"":3305,""2026"":2789}"
Lorrie Faith Cranor,https://scholar.google.com/citations?user=kIUqgbcAAAAJ,2026-09-27,"FORE Systems Professor, Carnegie Mellon University","[""usable privacy and security"", ""societal computing"", ""HCI"", ""privacy"", ""usable security""]",60810,124,291,25718,86,219,2001,"{""2001"":166,""2002"":265,""2003"":371,""2004"":411,""2005"":537,""2006"":574,""2007"":704,""2008"":723,""2009"":988,""2010"":1195,""2011"":1299,""2012"":1780,""2013"":1991,""2014"":2380,""2015"":2707,""2016"":3098,""2017"":3371,""2018"":3518,""2019"":3856,""2020"":4155,""2021"":4484,""2022"":4475,""2023"":4457,""2024"":4553,""2025"":4427,""2026"":3304}"
Mark Guzdial,https://scholar.google.com/citations?user=iQV2L2IAAAAJ,2026-09-27,"Professor, Computer Science, Engineering Education Research, University of Michigan","[""Computing Education"", ""Computer Science Education"", ""CS Education"", ""Learning Sciences & Technologies""]",26636,67,228,7982,39,114,1995,"{""1995"":88,""1996"":121,""1997"":162,""1998"":196,""1999"":251,""2000"":245,""2001"":350,""2002"":382,""2003"":444,""2004"":437,""2005"":564,""2006"":606,""2007"":580,""2008"":678,""2009"":665,""2010"":793,""2011"":743,""2012"":902,""2013"":931,""2014"":995,""2015"":1074,""2016"":1191,""2017"":1224,""2018"":1411,""2019"":1503,""2020"":1355,""2021"":1393,""2022"":1287,""2023"":1356,""2024"":1427,""2025"":1467,""2026"":1048}"
Michael D. Ernst,https://scholar.google.com/citations?user=oQ6AeyEAAAAJ,2026-09-27,"Professor of Computer Science & Engineering, University of Washington","[""Software Engineering"", ""Programming Languages""]",31137,80,190,10144,46,131,2001,"{""2001"":92,""2002"":189,""2003"":279,""2004"":393,""2005"":512,""2006"":552,""2007"":791,""2008"":782,""2009"":871,""2010"":951,""2011"":1057,""2012"":1163,""2013"":1367,""2014"":1588,""2015"":1474,""2016"":1557,""2017"":1680,""2018"":1706,""2019"":1754,""2020"":1679,""2021"":1689,""2022"":1531,""2023"":1750,""2024"":1655,""2025"":1871,""2026"":1643}"
Michael Kearns,https://scholar.google.com/citations?user=8iQk0DIAAAAJ,2026-09-27,"Professor of Computer Science, University of Pennsylvania","[""Machine Learning"", ""Algorithmic Game Theory"", ""Network Science"", ""Computational Social Science"", ""Algorithmic Trading and Computational""]",37639,86,183,14451,55,125,1990,"{""1990"":149,""1991"":113,""1992"":174,""1993"":195,""1994"":357,""1995"":341,""1996"":312,""1997"":288,""1998"":376,""1999"":367,""2000"":331,""2001"":478,""2002"":488,""2003"":571,""2004"":554,""2005"":709,""2006"":754,""2007"":937,""2008"":892,""2009"":928,""2010"":930,""2011"":912,""2012"":991,""2013"":960,""2014"":981,""2015"":1028,""2016"":1040,""2017"":1184,""2018"":1329,""2019"":1530,""2020"":2094,""2021"":2340,""2022"":2315,""2023"":2484,""2024"":2692,""2025"":2551,""2026"":2034}"
Michael Mitzenmacher,https://scholar.google.com/citations?user=e8aRmAsAAAAJ,2026-09-27,"Professor of Computer Science, Harvard University","[""Randomized Algorithms"", ""Internet Algorithms"", ""Networking"", ""Information Theory""]",55057,95,290,15943,50,172,2000,"{""2000"":249,""2001"":368,""2002"":545,""2003"":739,""2004"":1035,""2005"":1257,""2006"":1446,""2007"":1537,""2008"":1676,""2009"":1860,""2010"":2123,""2011"":2121,""2012"":2323,""2013"":2534,""2014"":2646,""2015"":2711,""2016"":2828,""2017"":2573,""2018"":2671,""2019"":2473,""2020"":2541,""2021"":2675,""2022"":2832,""2023"":2604,""2024"":2696,""2025"":2805,""2026"":2322}"
Nikil Dutt,https://scholar.google.com/citations?user=CpBXPVoAAAAJ,2026-09-27,"Distinguished Professor, CS, EECS & Cognitive Sciences, University of California, Irvine","[""Embedded Systems"", ""Electronic Design Automation"", ""Computer Architecture"", ""Compilers"", ""Healthcare IoT""]",28981,80,488,8220,43,170,1991,"{""1991"":79,""1992"":81,""1993"":142,""1994"":175,""1995"":184,""1996"":215,""1997"":250,""1998"":310,""1999"":281,""2000"":315,""2001"":451,""2002"":475,""2003"":553,""2004"":809,""2005"":864,""2006"":897,""2007"":1057,""2008"":1166,""2009"":1105,""2010"":1029,""2011"":1036,""2012"":1016,""2013"":1015,""2014"":1011,""2015"":946,""2016"":965,""2017"":890,""2018"":933,""2019"":1017,""2020"":1070,""2021"":1276,""2022"":1433,""2023"":1450,""2024"":1553,""2025"":1517,""2026"":969}"
Omer Reingold,https://scholar.google.com/citations?user=TD9RhcgAAAAJ,2026-09-27,Stanford University,"[""Theory of Computation"", ""Computational Complexity"", ""Cryptography"", ""Randomness in Computation"", ""Algorithmic Fairness""]",23349,64,115,11835,38,79,1999,"{""1999"":83,""2000"":103,""2001"":156,""2002"":149,""2003"":166,""2004"":243,""2005"":255,""2006"":341,""2007"":404,""2008"":384,""2009"":478,""2010"":523,""2011"":489,""2012"":597,""2013"":554,""2014"":596,""2015"":586,""2016"":681,""2017"":862,""2018"":954,""2019"":1201,""2020"":1381,""2021"":1554,""2022"":1792,""2023"":1946,""2024"":2150,""2025"":2336,""2026"":2046}"
Parthasarathy Ranganathan,https://scholar.google.com/citations?user=S3gQoMgAAAAJ,2026-09-27,Google,"[""systems"", ""computer architecture"", ""datacenters"", ""energy efficiency"", ""power management""]",31766,87,220,10313,51,136,1999,"{""1999"":99,""2000"":132,""2001"":118,""2002"":176,""2003"":166,""2004"":220,""2005"":251,""2006"":294,""2007"":391,""2008"":487,""2009"":690,""2010"":1119,""2011"":1286,""2012"":1605,""2013"":1763,""2014"":1850,""2015"":1915,""2016"":1792,""2017"":1673,""2018"":1640,""2019"":1736,""2020"":1593,""2021"":1715,""2022"":1833,""2023"":1631,""2024"":1661,""2025"":1901,""2026"":1561}"
Paul Syverson,https://scholar.google.com/citations?user=QDnC2nAAAAAJ,2026-09-27,"Mathematician, U.S. Naval Research Laboratory","[""Computer security"", ""Privacy"", ""Anonymity"", ""Logic"", ""Combat Epistemology""]",23693,60,108,5684,26,49,1996,"{""1996"":86,""1997"":96,""1998"":125,""1999"":202,""2000"":196,""2001"":229,""2002"":354,""2003"":569,""2004"":670,""2005"":773,""2006"":845,""2007"":1010,""2008"":923,""2009"":1023,""2010"":1022,""2011"":977,""2012"":1086,""2013"":895,""2014"":1027,""2015"":1004,""2016"":922,""2017"":1001,""2018"":972,""2019"":765,""2020"":777,""2021"":986,""2022"":986,""2023"":947,""2024"":1185,""2025"":1029,""2026"":551}"
Ramakrishnan Srikant,https://scholar.google.com/citations?user=lxt0O5IAAAAJ,2026-09-27,"Google Fellow, Google","[""Search Ads"", ""Machine Learning""]",71954,33,33,8740,20,27,1996,"{""1996"":188,""1997"":317,""1998"":633,""1999"":791,""2000"":1092,""2001"":1404,""2002"":1958,""2003"":2288,""2004"":2689,""2005"":3115,""2006"":3310,""2007"":3299,""2008"":3667,""2009"":3574,""2010"":3511,""2011"":3218,""2012"":3529,""2013"":3488,""2014"":3635,""2015"":3222,""2016"":3051,""2017"":2740,""2018"":2691,""2019"":2512,""2020"":2110,""2021"":1958,""2022"":1830,""2023"":1592,""2024"":1377,""2025"":1182,""2026"":801}"
Robert Morris,https://scholar.google.com/citations?user=in6eBIwAAAAJ,2026-09-27,"Professor of Computer Science, MIT","[""Networks"", ""Operating Systems"", ""Distributed Systems""]",83413,96,250,10987,51,156,2000,"{""2000"":236,""2001"":519,""2002"":1353,""2003"":2455,""2004"":3487,""2005"":4507,""2006"":4763,""2007"":5306,""2008"":5418,""2009"":5324,""2010"":5185,""2011"":4535,""2012"":4260,""2013"":3772,""2014"":3499,""2015"":3293,""2016"":2989,""2017"":2704,""2018"":2392,""2019"":2138,""2020"":2036,""2021"":2133,""2022"":1940,""2023"":1877,""2024"":1834,""2025"":1811,""2026"":1378}"
Ronitt Rubinfeld,https://scholar.google.com/citations?user=pZhZndYAAAAJ,2026-09-27,"Professor of Computer Science, MIT","[""Computer Science: theory of computation"", ""algorithms""]",11936,52,108,3435,34,66,1992,"{""1992"":33,""1993"":40,""1994"":92,""1995"":102,""1996"":112,""1997"":87,""1998"":133,""1999"":103,""2000"":123,""2001"":123,""2002"":128,""2003"":186,""2004"":237,""2005"":225,""2006"":231,""2007"":303,""2008"":309,""2009"":290,""2010"":531,""2011"":357,""2012"":346,""2013"":405,""2014"":462,""2015"":456,""2016"":515,""2017"":524,""2018"":571,""2019"":608,""2020"":646,""2021"":536,""2022"":509,""2023"":545,""2024"":612,""2025"":683,""2026"":544}"
S. Sudarshan,https://scholar.google.com/citations?user=KtP9-zYAAAAJ,2026-09-27,"Professor of Computer Science, Indian Institute of Technology, Bombay","[""database systems""]",18998,54,113,2958,22,39,1990,"{""1990"":59,""1991"":66,""1992"":105,""1993"":170,""1994"":210,""1995"":231,""1996"":245,""1997"":297,""1998"":246,""1999"":254,""2000"":326,""2001"":365,""2002"":472,""2003"":510,""2004"":598,""2005"":606,""2006"":675,""2007"":713,""2008"":705,""2009"":853,""2010"":816,""2011"":842,""2012"":827,""2013"":822,""2014"":736,""2015"":722,""2016"":675,""2017"":670,""2018"":597,""2019"":587,""2020"":511,""2021"":539,""2022"":439,""2023"":424,""2024"":478,""2025"":553,""2026"":525}"
Samson Abramsky,https://scholar.google.com/citations?user=L2vmD3MAAAAJ,2026-09-27,"Professor of Computer Science, UCL","[""Theoretical computer science"", ""quantum information and foundations"", ""game theory""]",19490,62,138,4492,31,83,1987,"{""1987"":50,""1988"":50,""1989"":81,""1990"":116,""1991"":144,""1992"":240,""1993"":286,""1994"":313,""1995"":349,""1996"":382,""1997"":398,""1998"":307,""1999"":417,""2000"":320,""2001"":352,""2002"":338,""2003"":431,""2004"":473,""2005"":501,""2006"":534,""2007"":624,""2008"":585,""2009"":612,""2010"":511,""2011"":483,""2012"":594,""2013"":627,""2014"":641,""2015"":578,""2016"":622,""2017"":708,""2018"":640,""2019"":698,""2020"":541,""2021"":667,""2022"":643,""2023"":839,""2024"":642,""2025"":802,""2026"":893}"
Sarit Kraus,https://scholar.google.com/citations?user=PfgeYGwAAAAJ,2026-09-27,"Professor Of Computer Science, Bar-Ilan University","[""Artificial Intelligence"", ""Human agent interaction"", ""Multi-agent Systems"", ""multiagent systems""]",34211,83,345,9657,41,164,1993,"{""1993"":136,""1994"":155,""1995"":194,""1996"":248,""1997"":247,""1998"":335,""1999"":359,""2000"":491,""2001"":557,""2002"":711,""2003"":747,""2004"":866,""2005"":888,""2006"":942,""2007"":965,""2008"":909,""2009"":1034,""2010"":978,""2011"":1082,""2012"":1162,""2013"":1292,""2014"":1407,""2015"":1347,""2016"":1419,""2017"":1285,""2018"":1361,""2019"":1340,""2020"":1445,""2021"":1639,""2022"":1676,""2023"":1614,""2024"":1677,""2025"":1775,""2026"":1267}"
Shamkant B Navathe,https://scholar.google.com/citations?user=_Z12v2IAAAAJ,2026-09-27,"Professor of Computer Science, Georgia Institute of Technology","[""Database Systems""]",35239,67,186,4457,27,55,1988,"{""1988"":126,""1989"":141,""1990"":231,""1991"":332,""1992"":478,""1993"":656,""1994"":679,""1995"":758,""1996"":717,""1997"":857,""1998"":877,""1999"":886,""2000"":939,""2001"":953,""2002"":1078,""2003"":1068,""2004"":1221,""2005"":1276,""2006"":1230,""2007"":1287,""2008"":1185,""2009"":1257,""2010"":1213,""2011"":1099,""2012"":1175,""2013"":1132,""2014"":1083,""2015"":950,""2016"":930,""2017"":913,""2018"":900,""2019"":916,""2020"":805,""2021"":799,""2022"":713,""2023"":711,""2024"":720,""2025"":833,""2026"":676}"
Sharad Malik,https://scholar.google.com/citations?user=MV8KGT0AAAAJ,2026-09-27,"Professor of Electrical and Computer Engineering, Princeton University","[""Computer Engineering"", ""Electronic Design Automation"", ""Computer-Aided Design"", ""Formal Verification"", ""Hardware Verification""]",33528,74,236,5030,32,76,1992,"{""1992"":87,""1993"":158,""1994"":176,""1995"":286,""1996"":348,""1997"":476,""1998"":446,""1999"":506,""2000"":611,""2001"":707,""2002"":923,""2003"":1211,""2004"":1454,""2005"":1652,""2006"":1625,""2007"":1583,""2008"":1589,""2009"":1441,""2010"":1396,""2011"":1257,""2012"":1289,""2013"":1256,""2014"":1049,""2015"":1080,""2016"":1033,""2017"":1086,""2018"":1113,""2019"":1080,""2020"":976,""2021"":921,""2022"":863,""2023"":894,""2024"":872,""2025"":854,""2026"":626}"
Srinivas Devadas,https://scholar.google.com/citations?user=y80AokkAAAAJ,2026-09-27,"Edwin Sibley Webster Professor of Electrical Engineering and Computer Science, MIT","[""Applied cryptography"", ""Computer security"", ""Computer architecture"", ""Computer-Aided Design""]",55637,108,343,18913,59,152,1990,"{""1990"":180,""1991"":394,""1992"":361,""1993"":474,""1994"":535,""1995"":622,""1996"":671,""1997"":600,""1998"":535,""1999"":632,""2000"":614,""2001"":522,""2002"":503,""2003"":625,""2004"":659,""2005"":784,""2006"":747,""2007"":833,""2008"":893,""2009"":924,""2010"":1088,""2011"":1230,""2012"":1384,""2013"":1635,""2014"":1897,""2015"":2029,""2016"":2327,""2017"":2773,""2018"":3033,""2019"":3114,""2020"":3396,""2021"":3352,""2022"":3435,""2023"":3341,""2024"":3099,""2025"":3256,""2026"":2426}"
Steve Whittaker,https://scholar.google.com/citations?user=TkVUIVsAAAAJ,2026-09-27,"Distinguished Professor of Computational Media, University of California at Santa Cruz","[""Human Computer Interaction"", ""Computer Mediated Communication"", ""Well-Being""]",26698,85,225,5551,40,119,1995,"{""1995"":97,""1996"":104,""1997"":202,""1998"":171,""1999"":256,""2000"":319,""2001"":427,""2002"":616,""2003"":721,""2004"":788,""2005"":895,""2006"":879,""2007"":1102,""2008"":1064,""2009"":1030,""2010"":1013,""2011"":1086,""2012"":1071,""2013"":1097,""2014"":1121,""2015"":1028,""2016"":1088,""2017"":1009,""2018"":1110,""2019"":1008,""2020"":1078,""2021"":1015,""2022"":1018,""2023"":1021,""2024"":850,""2025"":877,""2026"":765}"
Stuart Shieber,https://scholar.google.com/citations?user=oq8WAwsAAAAJ,2026-09-27,Harvard University,"[""computational linguistics"", ""natural-language processing""]",24331,68,141,8854,30,60,1987,"{""1987"":149,""1988"":206,""1989"":200,""1990"":307,""1991"":331,""1992"":295,""1993"":292,""1994"":408,""1995"":351,""1996"":310,""1997"":324,""1998"":355,""1999"":347,""2000"":377,""2001"":371,""2002"":372,""2003"":418,""2004"":428,""2005"":490,""2006"":493,""2007"":623,""2008"":501,""2009"":568,""2010"":566,""2011"":501,""2012"":549,""2013"":507,""2014"":562,""2015"":479,""2016"":507,""2017"":551,""2018"":599,""2019"":655,""2020"":746,""2021"":791,""2022"":964,""2023"":1292,""2024"":1747,""2025"":2083,""2026"":1943}"
Subhasish Mitra,https://scholar.google.com/citations?user=SCdhzWoAAAAJ,2026-09-27,"William E. Ayer Endowed Chair Professor, Stanford University","[""Computer Science"", ""Computer Engineering"", ""Electrical Engineering""]",25987,98,282,7999,43,184,2001,"{""2001"":91,""2002"":46,""2003"":103,""2004"":202,""2005"":283,""2006"":318,""2007"":397,""2008"":563,""2009"":691,""2010"":1048,""2011"":1139,""2012"":1011,""2013"":1253,""2014"":1495,""2015"":1638,""2016"":1479,""2017"":1537,""2018"":1518,""2019"":1508,""2020"":1413,""2021"":1487,""2022"":1471,""2023"":1385,""2024"":1296,""2025"":1396,""2026"":957}"
Thorsten Joachims,https://scholar.google.com/citations?user=5tk1PV8AAAAJ,2026-09-27,"Professor of Computer Science, Cornell University","[""Machine Learning"", ""Information Retrieval""]",93742,91,220,24176,66,150,1999,"{""1999"":260,""2000"":416,""2001"":631,""2002"":1054,""2003"":1434,""2004"":1709,""2005"":2165,""2006"":2712,""2007"":2995,""2008"":3400,""2009"":4067,""2010"":4126,""2011"":4276,""2012"":4317,""2013"":4429,""2014"":4652,""2015"":4514,""2016"":4604,""2017"":4114,""2018"":4205,""2019"":4096,""2020"":3990,""2021"":4267,""2022"":4194,""2023"":4039,""2024"":4049,""2025"":4050,""2026"":3570}"
Tim Davis,https://scholar.google.com/citations?user=gNMqz_4AAAAJ,2026-09-27,"Professor of Computer Science, Texas A&M. ACM/IEEE/SIAM Fellow","[""mathematical software"", ""numerical methods"", ""sparse matrices"", ""graph algorithms"", ""parallel computing""]",21673,37,75,7197,28,50,1995,"{""1995"":55,""1996"":54,""1997"":66,""1998"":60,""1999"":98,""2000"":104,""2001"":65,""2002"":109,""2003"":113,""2004"":165,""2005"":205,""2006"":272,""2007"":468,""2008"":574,""2009"":593,""2010"":731,""2011"":786,""2012"":850,""2013"":947,""2014"":1066,""2015"":1032,""2016"":1227,""2017"":1108,""2018"":1156,""2019"":1042,""2020"":1149,""2021"":1114,""2022"":1246,""2023"":1147,""2024"":1250,""2025"":1429,""2026"":1009}"
Tom Rodden,https://scholar.google.com/citations?user=gWbK0A0AAAAJ,2026-09-27,"Professor of Computer Science, Nottingham University","[""HCI"", ""Ubiquitous Computing"", ""CSCW"", ""Human Computer Interaction""]",23978,82,247,4354,34,98,1993,"{""1993"":93,""1994"":208,""1995"":203,""1996"":269,""1997"":276,""1998"":311,""1999"":392,""2000"":420,""2001"":419,""2002"":549,""2003"":647,""2004"":794,""2005"":760,""2006"":840,""2007"":883,""2008"":736,""2009"":933,""2010"":894,""2011"":838,""2012"":881,""2013"":843,""2014"":869,""2015"":922,""2016"":1062,""2017"":932,""2018"":1045,""2019"":1067,""2020"":948,""2021"":944,""2022"":818,""2023"":768,""2024"":724,""2025"":633,""2026"":466}"
Valerie King,https://scholar.google.com/citations?user=2-iEYMUAAAAJ,2026-09-27,"Professor of Computer Science, University of Victoria","[""Theoretical Computer Science""]",5022,36,65,1311,20,32,1994,"{""1994"":13,""1995"":29,""1996"":32,""1997"":63,""1998"":62,""1999"":40,""2000"":53,""2001"":71,""2002"":89,""2003"":56,""2004"":73,""2005"":104,""2006"":112,""2007"":115,""2008"":181,""2009"":153,""2010"":142,""2011"":182,""2012"":177,""2013"":217,""2014"":187,""2015"":208,""2016"":202,""2017"":195,""2018"":246,""2019"":263,""2020"":301,""2021"":209,""2022"":223,""2023"":224,""2024"":260,""2025"":244,""2026"":151}"
Vijaykrishnan Narayanan,https://scholar.google.com/citations?user=UyeTBeoAAAAJ,2026-09-27,Jae S. Lin Professor at Georgia Tech and Atherton Professor at The Pennsylvania State University,"[""Computer Architecture"", ""Embedded Systems""]",30704,86,448,6351,38,172,2000,"{""2000"":97,""2001"":171,""2002"":357,""2003"":447,""2004"":593,""2005"":850,""2006"":877,""2007"":1095,""2008"":1184,""2009"":1320,""2010"":1456,""2011"":1560,""2012"":1551,""2013"":1741,""2014"":1786,""2015"":1750,""2016"":1711,""2017"":1611,""2018"":1519,""2019"":1222,""2020"":1129,""2021"":1106,""2022"":1223,""2023"":1112,""2024"":1056,""2025"":1115,""2026"":733}"
Vikram Adve,https://scholar.google.com/citations?user=VbruE20AAAAJ,2026-09-27,University of Illinois at Urbana-Champaign,"[""Artificial Intelligence"", ""Digital Agriculture"", ""Compilers"", ""Programming Languages"", ""Parallel Computing""]",18718,52,101,6046,30,55,1995,"{""1995"":49,""1996"":57,""1997"":87,""1998"":118,""1999"":76,""2000"":97,""2001"":86,""2002"":115,""2003"":153,""2004"":154,""2005"":195,""2006"":203,""2007"":256,""2008"":276,""2009"":440,""2010"":661,""2011"":688,""2012"":733,""2013"":882,""2014"":852,""2015"":1027,""2016"":1085,""2017"":1014,""2018"":1012,""2019"":1116,""2020"":978,""2021"":1013,""2022"":990,""2023"":1028,""2024"":1036,""2025"":1106,""2026"":869}"
Yishay Mansour,https://scholar.google.com/citations?user=OEJUgwkAAAAJ,2026-09-27,Tel Aviv University,"[""machine learning"", ""reinforcement learning"", ""algorithmic game theory""]",45304,88,320,20967,54,212,1994,"{""1994"":151,""1995"":182,""1996"":206,""1997"":192,""1998"":286,""1999"":228,""2000"":255,""2001"":362,""2002"":392,""2003"":563,""2004"":594,""2005"":680,""2006"":705,""2007"":813,""2008"":906,""2009"":926,""2010"":897,""2011"":864,""2012"":977,""2013"":1036,""2014"":1117,""2015"":1175,""2016"":1290,""2017"":1511,""2018"":1784,""2019"":2369,""2020"":2909,""2021"":3229,""2022"":3418,""2023"":3674,""2024"":3941,""2025"":3697,""2026"":3003}"
Andrew C. Myers,https://scholar.google.com/citations?user=ovlpa_IAAAAJ,2026-09-27,"Class of 1912 Professor of Engineering, Dept. of Computer Science, Cornell University","[""Programming Languages"", ""Security"", ""Systems""]",17973,62,107,4036,31,74,1996,"{""1996"":45,""1997"":66,""1998"":98,""1999"":113,""2000"":118,""2001"":128,""2002"":198,""2003"":327,""2004"":395,""2005"":559,""2006"":637,""2007"":795,""2008"":739,""2009"":752,""2010"":754,""2011"":837,""2012"":818,""2013"":724,""2014"":781,""2015"":843,""2016"":782,""2017"":884,""2018"":759,""2019"":825,""2020"":663,""2021"":797,""2022"":615,""2023"":702,""2024"":680,""2025"":662,""2026"":580}"
Carlos José Pereira de Lucena,https://scholar.google.com/citations?user=BCW5XGIAAAAJ,2026-09-27,"Professor de Ciência da Computação, PUC-Rio","[""Engenharia de Software"", ""Agentes de Software"", ""Sistemas Muti-Agentes""]",16682,60,339,3484,27,78,1993,"{""1993"":54,""1994"":57,""1995"":85,""1996"":56,""1997"":52,""1998"":93,""1999"":140,""2000"":119,""2001"":165,""2002"":254,""2003"":325,""2004"":474,""2005"":477,""2006"":980,""2007"":672,""2008"":828,""2009"":788,""2010"":797,""2011"":751,""2012"":629,""2013"":696,""2014"":590,""2015"":589,""2016"":601,""2017"":577,""2018"":604,""2019"":598,""2020"":555,""2021"":621,""2022"":639,""2023"":684,""2024"":592,""2025"":585,""2026"":357}"
Charu Aggarwal,https://scholar.google.com/citations?user=x_wsduUAAAAJ,2026-09-27,"Distinguished Research Staff Member, IBM T. J. Watson Research Center","[""Linear Algebra and Optimization"", ""Data Mining"", ""Probability and Statistics"", ""Outlier Analysis"", ""AI""]",103172,143,518,42524,80,324,2001,"{""2001"":474,""2002"":650,""2003"":897,""2004"":1038,""2005"":1183,""2006"":1435,""2007"":1420,""2008"":1708,""2009"":1778,""2010"":2160,""2011"":2268,""2012"":2596,""2013"":2882,""2014"":3505,""2015"":4190,""2016"":4932,""2017"":5348,""2018"":6619,""2019"":6702,""2020"":6951,""2021"":7509,""2022"":7369,""2023"":6988,""2024"":7195,""2025"":7935,""2026"":5497}"
Christine L. Borgman,https://scholar.google.com/citations?user=e1y6CcQAAAAJ,2026-09-27,"Distinguished Professor of Information Studies, UCLA","[""information"", ""computing"", ""digital libraries"", ""scientific data""]",24537,60,171,6695,31,73,1987,"{""1987"":63,""1988"":79,""1989"":125,""1990"":125,""1991"":128,""1992"":117,""1993"":129,""1994"":148,""1995"":162,""1996"":206,""1997"":196,""1998"":223,""1999"":218,""2000"":242,""2001"":259,""2002"":307,""2003"":365,""2004"":422,""2005"":492,""2006"":438,""2007"":513,""2008"":574,""2009"":586,""2010"":740,""2011"":653,""2012"":769,""2013"":805,""2014"":988,""2015"":1030,""2016"":1202,""2017"":1123,""2018"":1068,""2019"":1194,""2020"":1250,""2021"":1103,""2022"":1202,""2023"":1081,""2024"":1083,""2025"":1255,""2026"":966}"
Christopher D Manning,https://scholar.google.com/citations?user=1zmDOdwAAAAJ,2026-09-27,"Professor of Computer Science and Linguistics, Stanford University","[""Natural Language Processing"", ""Computational Linguistics"", ""Deep Learning""]",342843,179,479,183804,122,356,2004,"{""2004"":1190,""2005"":1587,""2006"":1744,""2007"":2120,""2008"":2734,""2009"":3356,""2010"":4498,""2011"":4888,""2012"":5970,""2013"":6953,""2014"":8672,""2015"":10959,""2016"":13544,""2017"":15789,""2018"":19954,""2019"":23819,""2020"":25655,""2021"":26952,""2022"":26294,""2023"":27337,""2024"":31188,""2025"":37697,""2026"":33937}"
Dana Nau,https://scholar.google.com/citations?user=fez4ulcAAAAJ,2026-09-27,University of Maryland,"[""Artificial Intelligence"", ""Automated Planning"", ""Heuristic Search"", ""Evolutionary Game Theory"", ""Game Tree Search""]",27274,68,220,5519,28,69,1987,"{""1987"":137,""1988"":167,""1989"":270,""1990"":171,""1991"":171,""1992"":204,""1993"":220,""1994"":295,""1995"":363,""1996"":315,""1997"":334,""1998"":394,""1999"":354,""2000"":378,""2001"":385,""2002"":407,""2003"":465,""2004"":581,""2005"":758,""2006"":898,""2007"":1018,""2008"":1032,""2009"":1119,""2010"":993,""2011"":1034,""2012"":1027,""2013"":983,""2014"":936,""2015"":936,""2016"":1028,""2017"":918,""2018"":934,""2019"":817,""2020"":907,""2021"":955,""2022"":966,""2023"":890,""2024"":952,""2025"":1006,""2026"":730}"
David Forsyth,https://scholar.google.com/citations?user=5H0arvkAAAAJ,2026-09-27,"Professor of Computer Science, University of Illinois, Urbana Champaign","[""Computer Vision"", ""Computer Graphics"", ""Machine Learning""]",47212,90,244,12265,44,119,1993,"{""1993"":180,""1994"":163,""1995"":200,""1996"":230,""1997"":203,""1998"":299,""1999"":261,""2000"":279,""2001"":365,""2002"":341,""2003"":714,""2004"":991,""2005"":1302,""2006"":1491,""2007"":1676,""2008"":1817,""2009"":1845,""2010"":2003,""2011"":1984,""2012"":2110,""2013"":2100,""2014"":2144,""2015"":2018,""2016"":2019,""2017"":1888,""2018"":1781,""2019"":1805,""2020"":1955,""2021"":2032,""2022"":1925,""2023"":1883,""2024"":1957,""2025"":2272,""2026"":2184}"
David Garlan,https://scholar.google.com/citations?user=saLJmksAAAAJ,2026-09-27,"Professor of Computer Science, Carnegie Mellon University","[""software architecture"", ""self-adaptive systems"", ""end-user architecting""]",45532,85,281,5589,37,117,1994,"{""1994"":173,""1995"":392,""1996"":526,""1997"":701,""1998"":860,""1999"":1128,""2000"":1235,""2001"":1164,""2002"":1600,""2003"":1608,""2004"":2125,""2005"":2223,""2006"":2446,""2007"":2306,""2008"":2155,""2009"":2040,""2010"":1974,""2011"":1631,""2012"":1629,""2013"":1607,""2014"":1565,""2015"":1391,""2016"":1494,""2017"":1208,""2018"":1252,""2019"":1150,""2020"":1093,""2021"":1054,""2022"":1073,""2023"":948,""2024"":963,""2025"":865,""2026"":676}"
David P. Williamson,https://scholar.google.com/citations?user=pOd2M64AAAAJ,2026-09-27,"Professor of Operations Research, Cornell University","[""Algorithms"", ""Mathematical Programming"", ""Combinatorial Optimization"", ""Approximation Algorithms""]",18749,48,85,5178,27,50,1994,"{""1994"":91,""1995"":146,""1996"":150,""1997"":224,""1998"":297,""1999"":237,""2000"":302,""2001"":378,""2002"":385,""2003"":347,""2004"":434,""2005"":539,""2006"":499,""2007"":545,""2008"":541,""2009"":575,""2010"":614,""2011"":631,""2012"":666,""2013"":668,""2014"":723,""2015"":640,""2016"":690,""2017"":667,""2018"":825,""2019"":640,""2020"":770,""2021"":796,""2022"":866,""2023"":819,""2024"":891,""2025"":985,""2026"":818}"
David Zuckerman,https://scholar.google.com/citations?user=MCe-I6wAAAAJ,2026-09-28,"Regents Chair in Computer Science, University of Texas at Austin","[""Pseudorandomness"", ""Randomness"", ""Theory of Computation"", ""Complexity Theory""]",9918,44,66,2370,23,51,1993,"{""1993"":50,""1994"":72,""1995"":72,""1996"":122,""1997"":81,""1998"":139,""1999"":152,""2000"":138,""2001"":184,""2002"":180,""2003"":155,""2004"":191,""2005"":223,""2006"":368,""2007"":294,""2008"":277,""2009"":326,""2010"":369,""2011"":405,""2012"":365,""2013"":374,""2014"":395,""2015"":367,""2016"":437,""2017"":381,""2018"":398,""2019"":379,""2020"":494,""2021"":393,""2022"":413,""2023"":391,""2024"":450,""2025"":394,""2026"":329}"
Dennis Shasha,https://scholar.google.com/citations?user=UH3qseUAAAAJ,2026-09-27,"Professor of Computer Science, New York University/ Associate Director, NYU WIRELESS","[""data science"", ""puzzles"", ""genomics"", ""wireless""]",32605,84,236,5775,35,101,1991,"{""1991"":123,""1992"":109,""1993"":195,""1994"":197,""1995"":253,""1996"":226,""1997"":291,""1998"":302,""1999"":336,""2000"":375,""2001"":490,""2002"":708,""2003"":876,""2004"":1116,""2005"":1330,""2006"":1375,""2007"":1306,""2008"":1315,""2009"":1311,""2010"":1370,""2011"":1404,""2012"":1334,""2013"":1362,""2014"":1364,""2015"":1307,""2016"":1183,""2017"":1214,""2018"":1100,""2019"":1163,""2020"":1097,""2021"":1150,""2022"":1028,""2023"":972,""2024"":936,""2025"":971,""2026"":714}"
Dina Katabi,https://scholar.google.com/citations?user=nst5fHgAAAAJ,2026-09-27,"Thuan and Nicole Pham Professor, MIT","[""Machine learning for health"", ""wireless sensing"", ""computer networks""]",46466,102,196,18028,72,154,2003,"{""2003"":136,""2004"":218,""2005"":340,""2006"":481,""2007"":619,""2008"":971,""2009"":1361,""2010"":1629,""2011"":1764,""2012"":1837,""2013"":1919,""2014"":2102,""2015"":2090,""2016"":2164,""2017"":2338,""2018"":2448,""2019"":2670,""2020"":2940,""2021"":2877,""2022"":2968,""2023"":2849,""2024"":3341,""2025"":3508,""2026"":2464}"
Doug Lea,https://scholar.google.com/citations?user=7yk1kw4AAAAJ,2026-09-27,"Professor of Computer Science, SUNY Oswego","[""Concurrent programming"", ""system software""]",6531,28,49,668,10,10,1991,"{""1991"":17,""1992"":18,""1993"":50,""1994"":62,""1995"":71,""1996"":53,""1997"":139,""1998"":155,""1999"":191,""2000"":184,""2001"":173,""2002"":221,""2003"":218,""2004"":236,""2005"":254,""2006"":248,""2007"":240,""2008"":269,""2009"":289,""2010"":354,""2011"":345,""2012"":265,""2013"":264,""2014"":270,""2015"":233,""2016"":249,""2017"":157,""2018"":164,""2019"":178,""2020"":125,""2021"":111,""2022"":123,""2023"":127,""2024"":122,""2025"":94,""2026"":91}"
Ellen Zegura,https://scholar.google.com/citations?user=Z6EHuGcAAAAJ,2026-09-28,"Professor of Computer Science, Georgia Tech","[""Computer Networks"", ""Mobile and Wireless Networks"", ""Internet Topology"", ""Humanitarian Computing""]",36694,61,161,6384,26,57,1998,"{""1998"":197,""1999"":314,""2000"":448,""2001"":550,""2002"":720,""2003"":865,""2004"":917,""2005"":1023,""2006"":1084,""2007"":1130,""2008"":1083,""2009"":1174,""2010"":1238,""2011"":1205,""2012"":1299,""2013"":1694,""2014"":1939,""2015"":2218,""2016"":2435,""2017"":2274,""2018"":2218,""2019"":2014,""2020"":1600,""2021"":1530,""2022"":1229,""2023"":1035,""2024"":1001,""2025"":974,""2026"":613}"
Greg Morrisett,https://scholar.google.com/citations?user=Dswus94AAAAJ,2026-09-27,"Dean and Professor, Cornell University","[""programming languages"", ""security"", ""semantics"", ""type systems"", ""type theory""]",12522,51,91,1981,24,47,1996,"{""1996"":71,""1997"":94,""1998"":192,""1999"":184,""2000"":302,""2001"":270,""2002"":454,""2003"":483,""2004"":512,""2005"":506,""2006"":541,""2007"":512,""2008"":596,""2009"":525,""2010"":518,""2011"":493,""2012"":451,""2013"":469,""2014"":484,""2015"":473,""2016"":461,""2017"":465,""2018"":446,""2019"":462,""2020"":368,""2021"":383,""2022"":318,""2023"":387,""2024"":339,""2025"":326,""2026"":228}"
Henry Kautz,https://scholar.google.com/citations?user=WxQyOYQAAAAJ,2026-09-27,University of Viriginia,"[""artificial intelligence""]",38321,84,184,5177,36,90,1990,"{""1990"":124,""1991"":243,""1992"":174,""1993"":258,""1994"":325,""1995"":360,""1996"":445,""1997"":457,""1998"":511,""1999"":728,""2000"":846,""2001"":832,""2002"":788,""2003"":1002,""2004"":1040,""2005"":1322,""2006"":1282,""2007"":1585,""2008"":1677,""2009"":1627,""2010"":1699,""2011"":1672,""2012"":1790,""2013"":1756,""2014"":1718,""2015"":1573,""2016"":1512,""2017"":1376,""2018"":1280,""2019"":1165,""2020"":1193,""2021"":1016,""2022"":901,""2023"":917,""2024"":822,""2025"":822,""2026"":695}"
Ingemar J. Cox,https://scholar.google.com/citations?user=b88nUpYAAAAJ,2026-09-27,"Department of Computer Science, University College London / University of Copenhagen","[""digital epidemiology"", ""information retrieval"", ""digital watermarking"", ""computer vision"", ""multimedia""]",49345,89,211,6758,35,92,1993,"{""1993"":144,""1994"":168,""1995"":229,""1996"":202,""1997"":328,""1998"":531,""1999"":788,""2000"":790,""2001"":1105,""2002"":1416,""2003"":1758,""2004"":2130,""2005"":2490,""2006"":2355,""2007"":2141,""2008"":2321,""2009"":2311,""2010"":2396,""2011"":2220,""2012"":2296,""2013"":2239,""2014"":2046,""2015"":1725,""2016"":1587,""2017"":1551,""2018"":1470,""2019"":1285,""2020"":1340,""2021"":1397,""2022"":1351,""2023"":1092,""2024"":1059,""2025"":1067,""2026"":784}"
James H. Anderson,https://scholar.google.com/citations?user=mIZu9oQAAAAJ,2026-09-27,"Kenan Professor of Computer Science, The University of North Carolina at Chapel Hill","[""Real-Time Systems"", ""Distributed Computing"", ""Parallel Computing.""]",17393,70,252,4315,30,112,1991,"{""1991"":59,""1992"":55,""1993"":65,""1994"":99,""1995"":87,""1996"":92,""1997"":134,""1998"":105,""1999"":90,""2000"":128,""2001"":140,""2002"":152,""2003"":217,""2004"":301,""2005"":267,""2006"":407,""2007"":322,""2008"":427,""2009"":559,""2010"":626,""2011"":861,""2012"":733,""2013"":870,""2014"":1040,""2015"":736,""2016"":835,""2017"":729,""2018"":851,""2019"":738,""2020"":833,""2021"":960,""2022"":776,""2023"":659,""2024"":670,""2025"":800,""2026"":447}"
John Mellor-Crummey,https://scholar.google.com/citations?user=wX0XpxMAAAAJ,2026-09-27,"Professor of Computer Science, Rice University","[""High Performance Computing"", ""Parallel Computing"", ""Tools"", ""Performance Analysis"", ""Synchronization""]",14323,55,126,2510,24,50,1988,"{""1988"":48,""1989"":52,""1990"":67,""1991"":124,""1992"":144,""1993"":222,""1994"":241,""1995"":237,""1996"":250,""1997"":203,""1998"":250,""1999"":163,""2000"":175,""2001"":215,""2002"":220,""2003"":283,""2004"":289,""2005"":387,""2006"":381,""2007"":522,""2008"":413,""2009"":442,""2010"":546,""2011"":571,""2012"":618,""2013"":529,""2014"":599,""2015"":613,""2016"":616,""2017"":602,""2018"":551,""2019"":563,""2020"":455,""2021"":503,""2022"":439,""2023"":446,""2024"":390,""2025"":445,""2026"":284}"
Jon Kleinberg,https://scholar.google.com/citations?user=VX7d5EQAAAAJ,2026-09-27,"Professor of Computer Science, Cornell University","[""algorithms"", ""information networks"", ""social networks"", ""societal aspects of algorithms""]",145301,132,327,48826,79,248,2000,"{""2000"":507,""2001"":821,""2002"":1245,""2003"":1493,""2004"":1898,""2005"":2065,""2006"":2423,""2007"":2719,""2008"":2935,""2009"":3539,""2010"":4280,""2011"":5099,""2012"":6058,""2013"":6561,""2014"":7155,""2015"":7258,""2016"":7462,""2017"":7390,""2018"":7406,""2019"":7601,""2020"":7795,""2021"":8090,""2022"":7997,""2023"":7991,""2024"":8022,""2025"":8878,""2026"":7815}"
Krishnendu Chakrabarty,https://scholar.google.com/citations?user=R_VPUyEAAAAJ,2026-09-27,"Fulton Professor of Microelectronics, School of Electrical and Computer and Energy Engineering","[""Electronic design automation"", ""Testing and Design-for-Testability"", ""Microfluidics"", ""Computer Engineering"", ""Sensor Networks""]",41650,95,714,10805,43,325,2001,"{""2001"":183,""2002"":560,""2003"":645,""2004"":873,""2005"":1259,""2006"":1297,""2007"":1456,""2008"":1658,""2009"":1537,""2010"":1772,""2011"":1866,""2012"":1683,""2013"":1793,""2014"":2097,""2015"":2191,""2016"":1920,""2017"":1737,""2018"":1958,""2019"":1895,""2020"":1921,""2021"":1968,""2022"":1860,""2023"":1674,""2024"":1967,""2025"":1919,""2026"":1396}"
Kyuseok Shim,https://scholar.google.com/citations?user=3Y254i4AAAAJ,2026-09-27,"Professor of Electrical and Computer Engineering Department, Seoul National University, Korea","[""Data Mining"", ""Database Management Systems"", ""MapReduce Algorithms for Big Data Analysis""]",24624,52,103,4235,26,51,1996,"{""1996"":73,""1997"":116,""1998"":156,""1999"":298,""2000"":335,""2001"":568,""2002"":709,""2003"":845,""2004"":893,""2005"":1071,""2006"":1078,""2007"":1052,""2008"":1034,""2009"":1111,""2010"":1029,""2011"":1010,""2012"":981,""2013"":931,""2014"":966,""2015"":1018,""2016"":1005,""2017"":956,""2018"":902,""2019"":900,""2020"":864,""2021"":781,""2022"":793,""2023"":809,""2024"":708,""2025"":692,""2026"":447}"
Limsoon Wong 黄任祥,https://scholar.google.com/citations?user=Inqu8SkAAAAJ,2026-09-28,"KITHCT Professor of Computer Science & Professor of Pathology, National University of Singapore","[""Databases"", ""Data Mining"", ""Bioinformatics"", ""Computational Biology""]",19944,69,234,4209,29,102,1994,"{""1994"":112,""1995"":157,""1996"":114,""1997"":198,""1998"":193,""1999"":190,""2000"":183,""2001"":208,""2002"":239,""2003"":513,""2004"":624,""2005"":695,""2006"":702,""2007"":692,""2008"":637,""2009"":801,""2010"":735,""2011"":759,""2012"":808,""2013"":878,""2014"":887,""2015"":922,""2016"":883,""2017"":892,""2018"":794,""2019"":848,""2020"":787,""2021"":790,""2022"":789,""2023"":700,""2024"":699,""2025"":720,""2026"":510}"
Madhav Marathe,https://scholar.google.com/citations?user=diIore8AAAAJ,2026-09-27,"Distinguished Professor, Biocomplexity-Institute, Dept. Computer Science, University of Virginia","[""Network Science"", ""Computational Epidemiology"", ""Multi-agent systems"", ""Scalable computing"", ""AI""]",24224,75,307,8608,45,178,1997,"{""1997"":76,""1998"":104,""1999"":78,""2000"":99,""2001"":112,""2002"":155,""2003"":216,""2004"":320,""2005"":511,""2006"":556,""2007"":634,""2008"":585,""2009"":719,""2010"":705,""2011"":829,""2012"":824,""2013"":948,""2014"":1039,""2015"":1151,""2016"":1170,""2017"":1011,""2018"":964,""2019"":1062,""2020"":1307,""2021"":1505,""2022"":1432,""2023"":1356,""2024"":1434,""2025"":1654,""2026"":1207}"
Mark Ackerman,https://scholar.google.com/citations?user=qBTbnEQAAAAJ,2026-09-27,"University of Michigan, Ann Arbor","[""human-computer interaction"", ""social computing"", ""cscw""]",22097,65,153,4636,37,90,1995,"{""1995"":57,""1996"":85,""1997"":114,""1998"":178,""1999"":259,""2000"":346,""2001"":334,""2002"":408,""2003"":551,""2004"":523,""2005"":580,""2006"":562,""2007"":679,""2008"":725,""2009"":845,""2010"":866,""2011"":968,""2012"":1107,""2013"":1066,""2014"":1050,""2015"":1047,""2016"":983,""2017"":925,""2018"":993,""2019"":819,""2020"":701,""2021"":767,""2022"":778,""2023"":774,""2024"":790,""2025"":840,""2026"":682}"
Marti A Hearst,https://scholar.google.com/citations?user=664NOb0AAAAJ,2026-09-27,"Professor, University of California, Berkeley","[""Information Visualization"", ""Human-Computer Interaction"", ""Information Retrieval"", ""Natural Language""]",49897,83,200,14715,46,107,1995,"{""1995"":124,""1996"":173,""1997"":256,""1998"":326,""1999"":451,""2000"":508,""2001"":562,""2002"":784,""2003"":887,""2004"":1233,""2005"":1275,""2006"":1513,""2007"":1740,""2008"":1919,""2009"":1938,""2010"":2070,""2011"":1929,""2012"":1919,""2013"":1865,""2014"":1790,""2015"":1726,""2016"":1872,""2017"":1628,""2018"":1970,""2019"":1926,""2020"":1805,""2021"":2017,""2022"":1999,""2023"":2559,""2024"":2819,""2025"":3185,""2026"":2114}"
Matthias Jarke,https://scholar.google.com/citations?user=JbioEFgAAAAJ,2026-09-27,"Professor of Information Systems, RWTH Aachen University","[""databases"", ""information systems"", ""requirements engineering"", ""conceptual modeling"", ""data warehouse""]",27060,82,320,5248,33,93,1987,"{""1987"":189,""1988"":230,""1989"":305,""1990"":345,""1991"":326,""1992"":399,""1993"":399,""1994"":417,""1995"":395,""1996"":410,""1997"":450,""1998"":437,""1999"":518,""2000"":637,""2001"":581,""2002"":638,""2003"":671,""2004"":631,""2005"":690,""2006"":765,""2007"":847,""2008"":756,""2009"":978,""2010"":914,""2011"":898,""2012"":962,""2013"":959,""2014"":913,""2015"":884,""2016"":827,""2017"":671,""2018"":645,""2019"":635,""2020"":652,""2021"":736,""2022"":712,""2023"":929,""2024"":982,""2025"":1058,""2026"":808}"
Mihir Bellare,https://scholar.google.com/citations?user=td_5W1cAAAAJ,2026-09-27,"Professor, Dept. of Computer Science and Engineering, University of California San Diego (UCSD)","[""Cryptography"", ""theory""]",78293,125,265,18511,69,192,1995,"{""1995"":212,""1996"":346,""1997"":499,""1998"":646,""1999"":752,""2000"":915,""2001"":1123,""2002"":1272,""2003"":1560,""2004"":1897,""2005"":2277,""2006"":2631,""2007"":2597,""2008"":2818,""2009"":2814,""2010"":3116,""2011"":2693,""2012"":3020,""2013"":2868,""2014"":3383,""2015"":3536,""2016"":3578,""2017"":3535,""2018"":3504,""2019"":3560,""2020"":3457,""2021"":3338,""2022"":3337,""2023"":2947,""2024"":3113,""2025"":3459,""2026"":2317}"
Milind Tambe,https://scholar.google.com/citations?user=YOVZiJkAAAAJ,2026-09-27,"Professor; Director ""AI for Social Good"" @Google Research","[""Multiagent Systems"", ""Artificial Intelligence"", ""AI for Social Good"", ""AI for Public Health"", ""AI for""]",45552,104,500,15601,59,272,1995,"{""1995"":134,""1996"":167,""1997"":174,""1998"":331,""1999"":316,""2000"":380,""2001"":399,""2002"":529,""2003"":686,""2004"":867,""2005"":1016,""2006"":1139,""2007"":1145,""2008"":976,""2009"":1124,""2010"":1088,""2011"":1239,""2012"":1459,""2013"":1439,""2014"":1532,""2015"":1858,""2016"":1955,""2017"":1979,""2018"":2125,""2019"":2256,""2020"":2422,""2021"":2806,""2022"":2641,""2023"":2742,""2024"":2556,""2025"":2607,""2026"":2203}"
Moti Yung,https://scholar.google.com/citations?user=ScL8iFQAAAAJ,2026-09-28,Distinguished Research Scientist Google; Adjunct Research Prof. Columbia U.,"[""information security"", ""cryptography"", ""privacy"", ""computer security"", ""distributed algorithms""]",53928,127,452,11869,55,230,1992,"{""1992"":135,""1993"":156,""1994"":287,""1995"":277,""1996"":345,""1997"":537,""1998"":629,""1999"":898,""2000"":730,""2001"":939,""2002"":1106,""2003"":1275,""2004"":1428,""2005"":1670,""2006"":1804,""2007"":1938,""2008"":1845,""2009"":1991,""2010"":2125,""2011"":1952,""2012"":2048,""2013"":1911,""2014"":2116,""2015"":2130,""2016"":2091,""2017"":2047,""2018"":2089,""2019"":2348,""2020"":2274,""2021"":2290,""2022"":2188,""2023"":1958,""2024"":1894,""2025"":2199,""2026"":1329}"
Padhraic Smyth,https://scholar.google.com/citations?user=OsoQ-dcAAAAJ,2026-09-27,"Distinguished Professor, Computer Science, University of California Irvine","[""machine learning"", ""artificial intelligence"", ""pattern recognition"", ""statistics""]",72168,97,259,15361,56,163,1996,"{""1996"":282,""1997"":554,""1998"":704,""1999"":960,""2000"":993,""2001"":1034,""2002"":1434,""2003"":1657,""2004"":1746,""2005"":2001,""2006"":2089,""2007"":2216,""2008"":2342,""2009"":2550,""2010"":2503,""2011"":2656,""2012"":3025,""2013"":3126,""2014"":3288,""2015"":3432,""2016"":3376,""2017"":3245,""2018"":3523,""2019"":3393,""2020"":3012,""2021"":2902,""2022"":2781,""2023"":2647,""2024"":2453,""2025"":2583,""2026"":1983}"
P. R. Kumar,https://scholar.google.com/citations?user=qGUpTVwAAAAJ,2026-09-27,Texas A&M University,"[""Learning Theory"", ""Wireless"", ""Network Information Theory"", ""Stochastic Control"", ""Cyberphysical Systems""]",45134,82,273,6379,35,118,1989,"{""1989"":144,""1990"":149,""1991"":176,""1992"":194,""1993"":184,""1994"":282,""1995"":357,""1996"":368,""1997"":403,""1998"":326,""1999"":329,""2000"":327,""2001"":429,""2002"":580,""2003"":871,""2004"":1377,""2005"":1891,""2006"":2162,""2007"":2468,""2008"":2616,""2009"":2493,""2010"":2460,""2011"":2182,""2012"":2286,""2013"":2029,""2014"":1879,""2015"":1608,""2016"":1586,""2017"":1549,""2018"":1475,""2019"":1313,""2020"":1240,""2021"":1277,""2022"":1171,""2023"":1135,""2024"":1084,""2025"":1047,""2026"":660}"
Peter J Haas,https://scholar.google.com/citations?user=PeCI8KcAAAAJ,2026-09-27,"College of Information and Computer Sciences, University of Massachusetts Amherst","[""Comper Science"", ""Operations Research""]",15448,54,162,3796,28,83,1996,"{""1996"":67,""1997"":92,""1998"":122,""1999"":227,""2000"":171,""2001"":219,""2002"":238,""2003"":252,""2004"":330,""2005"":343,""2006"":411,""2007"":452,""2008"":440,""2009"":554,""2010"":469,""2011"":567,""2012"":515,""2013"":595,""2014"":696,""2015"":704,""2016"":713,""2017"":717,""2018"":765,""2019"":780,""2020"":794,""2021"":810,""2022"":770,""2023"":628,""2024"":590,""2025"":595,""2026"":400}"
Rama Chellappa,https://scholar.google.com/citations?user=L60tuywAAAAJ,2026-09-27,"Bloomberg Distinguished Professor, Johns Hopkins University","[""Image Analysis"", ""artificial intelligence"", ""biometrics"", ""Computer Vision"", ""Biomedical Data Science""]",113653,155,814,36378,84,392,1990,"{""1990"":307,""1991"":310,""1992"":468,""1993"":519,""1994"":589,""1995"":629,""1996"":727,""1997"":830,""1998"":909,""1999"":946,""2000"":946,""2001"":967,""2002"":1023,""2003"":1298,""2004"":1630,""2005"":2225,""2006"":2356,""2007"":2637,""2008"":2705,""2009"":3111,""2010"":3328,""2011"":3177,""2012"":3644,""2013"":4106,""2014"":4279,""2015"":4274,""2016"":4552,""2017"":4710,""2018"":5477,""2019"":6443,""2020"":6245,""2021"":7039,""2022"":6346,""2023"":6334,""2024"":6092,""2025"":6188,""2026"":4347}"
Rina Dechter,https://scholar.google.com/citations?user=PI_3bqEAAAAJ,2026-09-27,"University of California, Irvine","[""Heuristic Search"", ""Probabilistic Graphical models"", ""Constraint processing"", ""Artificial Intelligence""]",24712,65,181,3338,23,54,1989,"{""1989"":76,""1990"":105,""1991"":166,""1992"":232,""1993"":230,""1994"":394,""1995"":370,""1996"":465,""1997"":450,""1998"":396,""1999"":455,""2000"":522,""2001"":484,""2002"":517,""2003"":704,""2004"":642,""2005"":736,""2006"":963,""2007"":1092,""2008"":1020,""2009"":995,""2010"":971,""2011"":957,""2012"":1027,""2013"":992,""2014"":910,""2015"":771,""2016"":816,""2017"":776,""2018"":876,""2019"":684,""2020"":772,""2021"":683,""2022"":630,""2023"":614,""2024"":531,""2025"":512,""2026"":365}"
Sampath Kannan,https://scholar.google.com/citations?user=WhvtccoAAAAJ,2026-09-27,"Professor, Computer and Information Science, University of Pennsylvania","[""Theoretical Computer Science""]",14121,54,117,3350,29,59,1994,"{""1994"":81,""1995"":97,""1996"":93,""1997"":154,""1998"":156,""1999"":166,""2000"":127,""2001"":162,""2002"":195,""2003"":277,""2004"":300,""2005"":360,""2006"":326,""2007"":413,""2008"":422,""2009"":432,""2010"":466,""2011"":449,""2012"":537,""2013"":613,""2014"":646,""2015"":625,""2016"":636,""2017"":672,""2018"":687,""2019"":653,""2020"":672,""2021"":705,""2022"":660,""2023"":532,""2024"":558,""2025"":551,""2026"":344}"
Satish B Rao,https://scholar.google.com/citations?user=62Uqu6wAAAAJ,2026-09-27,Unknown affiliation,[],19565,64,118,3715,32,58,1991,"{""1991"":72,""1992"":89,""1993"":141,""1994"":147,""1995"":195,""1996"":237,""1997"":315,""1998"":358,""1999"":338,""2000"":361,""2001"":330,""2002"":332,""2003"":504,""2004"":558,""2005"":648,""2006"":644,""2007"":681,""2008"":666,""2009"":687,""2010"":771,""2011"":775,""2012"":705,""2013"":811,""2014"":734,""2015"":641,""2016"":666,""2017"":697,""2018"":839,""2019"":779,""2020"":731,""2021"":720,""2022"":732,""2023"":597,""2024"":611,""2025"":585,""2026"":470}"
Stefano Ceri,https://scholar.google.com/citations?user=aiulJmIAAAAJ,2026-09-27,"Professor, Politecnico di Milano","[""data management"", ""web management"", ""search computing"", ""genomic computing""]",37138,87,323,6581,37,119,1987,"{""1987"":161,""1988"":194,""1989"":196,""1990"":335,""1991"":290,""1992"":444,""1993"":535,""1994"":517,""1995"":599,""1996"":659,""1997"":810,""1998"":726,""1999"":837,""2000"":875,""2001"":954,""2002"":1032,""2003"":1212,""2004"":1146,""2005"":1236,""2006"":1217,""2007"":1520,""2008"":1201,""2009"":1368,""2010"":1281,""2011"":1258,""2012"":1170,""2013"":1147,""2014"":1026,""2015"":1021,""2016"":1021,""2017"":1015,""2018"":891,""2019"":835,""2020"":780,""2021"":1127,""2022"":1389,""2023"":1264,""2024"":1113,""2025"":993,""2026"":672}"
Timos Sellis,https://scholar.google.com/citations?user=G1Iux80AAAAJ,2026-09-27,Athena Research Center,"[""Data Management"", ""Data Science"", ""Databases"", ""Database systems"", ""Spatial Databases""]",21056,66,224,3773,31,80,1988,"{""1988"":76,""1989"":112,""1990"":114,""1991"":143,""1992"":163,""1993"":224,""1994"":246,""1995"":252,""1996"":276,""1997"":288,""1998"":371,""1999"":417,""2000"":551,""2001"":507,""2002"":462,""2003"":549,""2004"":563,""2005"":653,""2006"":587,""2007"":655,""2008"":694,""2009"":758,""2010"":679,""2011"":771,""2012"":865,""2013"":814,""2014"":825,""2015"":751,""2016"":708,""2017"":647,""2018"":696,""2019"":716,""2020"":766,""2021"":791,""2022"":741,""2023"":683,""2024"":625,""2025"":604,""2026"":326}"
Timothy Roscoe,https://scholar.google.com/citations?user=QfVWndgAAAAJ,2026-09-27,"Professor of Computer Science, ETH Zurich","[""operating systems"", ""networks"", ""distributed systems""]",16107,50,102,2721,24,47,1998,"{""1998"":43,""1999"":80,""2000"":59,""2001"":64,""2002"":75,""2003"":194,""2004"":417,""2005"":575,""2006"":689,""2007"":845,""2008"":835,""2009"":939,""2010"":1023,""2011"":954,""2012"":931,""2013"":841,""2014"":746,""2015"":750,""2016"":690,""2017"":616,""2018"":559,""2019"":637,""2020"":527,""2021"":511,""2022"":479,""2023"":481,""2024"":469,""2025"":485,""2026"":296}"
Val Tannen,https://scholar.google.com/citations?user=3Jus1k0AAAAJ,2026-09-27,University of Pennsylvania,[],10578,47,95,2136,22,44,1989,"{""1989"":32,""1990"":68,""1991"":95,""1992"":65,""1993"":136,""1994"":197,""1995"":178,""1996"":165,""1997"":137,""1998"":135,""1999"":153,""2000"":125,""2001"":143,""2002"":135,""2003"":201,""2004"":252,""2005"":306,""2006"":272,""2007"":322,""2008"":327,""2009"":369,""2010"":373,""2011"":388,""2012"":429,""2013"":499,""2014"":485,""2015"":376,""2016"":396,""2017"":421,""2018"":355,""2019"":401,""2020"":354,""2021"":407,""2022"":373,""2023"":326,""2024"":324,""2025"":360,""2026"":343}"
Wen Gao,https://scholar.google.com/citations?user=u9aw5o8AAAAJ,2026-09-27,"Peking University, Pengcheng Laboratory","[""multimedia"", ""video coding"", ""video processing"", ""computer vision""]",80262,131,970,35346,76,402,2002,"{""2002"":343,""2003"":368,""2004"":513,""2005"":802,""2006"":1048,""2007"":1399,""2008"":1672,""2009"":2020,""2010"":2270,""2011"":2411,""2012"":2734,""2013"":3023,""2014"":3350,""2015"":3497,""2016"":3573,""2017"":3170,""2018"":3541,""2019"":3975,""2020"":4295,""2021"":4851,""2022"":5407,""2023"":5547,""2024"":6272,""2025"":7491,""2026"":5741}"
Yoelle Maarek,https://scholar.google.com/citations?user=foccT34AAAAJ,2026-09-27,"Chief Researcher AI/IR, TII",[],8510,45,115,2146,20,47,1990,"{""1990"":23,""1991"":21,""1992"":28,""1993"":59,""1994"":66,""1995"":60,""1996"":48,""1997"":69,""1998"":69,""1999"":113,""2000"":126,""2001"":91,""2002"":157,""2003"":191,""2004"":226,""2005"":239,""2006"":241,""2007"":280,""2008"":265,""2009"":270,""2010"":269,""2011"":273,""2012"":279,""2013"":345,""2014"":330,""2015"":337,""2016"":358,""2017"":363,""2018"":355,""2019"":330,""2020"":357,""2021"":315,""2022"":353,""2023"":239,""2024"":351,""2025"":483,""2026"":401}"
Yuanyuan Zhou,https://scholar.google.com/citations?user=jJ_9TvEAAAAJ,2026-09-28,"Professor of Computer Science, University of California, San Diego","[""Operating Systems"", ""System Reliability"", ""Security""]",20861,71,115,4994,38,68,2003,"{""2003"":73,""2004"":140,""2005"":218,""2006"":362,""2007"":539,""2008"":690,""2009"":849,""2010"":1024,""2011"":1070,""2012"":1207,""2013"":1254,""2014"":1187,""2015"":1211,""2016"":1141,""2017"":1069,""2018"":1187,""2019"":1110,""2020"":1096,""2021"":1112,""2022"":857,""2023"":952,""2024"":785,""2025"":744,""2026"":544}"
Zhengyou Zhang,https://scholar.google.com/citations?user=1I-DKy8AAAAJ,2026-09-28,Tencent AI Lab & Tencent Robotics X,"[""Computer Vision"", ""Multimedia"", ""Speech"", ""Robotics"", ""AI""]",84097,111,353,24618,54,188,1996,"{""1996"":221,""1997"":327,""1998"":459,""1999"":478,""2000"":629,""2001"":710,""2002"":899,""2003"":1144,""2004"":1375,""2005"":1519,""2006"":1892,""2007"":1938,""2008"":2037,""2009"":2112,""2010"":2456,""2011"":2541,""2012"":3057,""2013"":3312,""2014"":3783,""2015"":4191,""2016"":4583,""2017"":4559,""2018"":4590,""2019"":4567,""2020"":4683,""2021"":4546,""2022"":4689,""2023"":4188,""2024"":4230,""2025"":4269,""2026"":2683}"
Ahmed Elmagarmid,https://scholar.google.com/citations?user=Cb9BDJkAAAAJ,2026-09-28,"Executive Director, Qatar Computing Research Institute","[""Database Systems""]",59159,82,228,35947,43,95,1991,"{""1991"":198,""1992"":216,""1993"":341,""1994"":241,""1995"":254,""1996"":312,""1997"":348,""1998"":309,""1999"":330,""2000"":369,""2001"":384,""2002"":485,""2003"":561,""2004"":754,""2005"":911,""2006"":880,""2007"":1040,""2008"":907,""2009"":1004,""2010"":1013,""2011"":1072,""2012"":1065,""2013"":1074,""2014"":1020,""2015"":909,""2016"":955,""2017"":890,""2018"":1149,""2019"":1375,""2020"":2008,""2021"":3182,""2022"":4383,""2023"":5191,""2024"":6605,""2025"":8594,""2026"":7986}"
Andrew Kahng,https://scholar.google.com/citations?user=zQ9GU2EAAAAJ,2026-09-28,"Professor of CSE and ECE, UC San Diego","[""VLSI design and EDA"", ""AI / machine learning"", ""optimization"", ""open-source"", ""technology roadmapping""]",37781,92,473,8514,40,180,1993,"{""1993"":146,""1994"":184,""1995"":321,""1996"":448,""1997"":406,""1998"":359,""1999"":494,""2000"":569,""2001"":620,""2002"":730,""2003"":1007,""2004"":1088,""2005"":1259,""2006"":1428,""2007"":1526,""2008"":1564,""2009"":1140,""2010"":1362,""2011"":1408,""2012"":1535,""2013"":1500,""2014"":1618,""2015"":1453,""2016"":1379,""2017"":1273,""2018"":1422,""2019"":1197,""2020"":1256,""2021"":1279,""2022"":1434,""2023"":1413,""2024"":1461,""2025"":1585,""2026"":1337}"
Andrew M Pitts FRS FACM,https://scholar.google.com/citations?user=J1wRn3oAAAAJ,2026-09-28,"Emeritus Professor of Theoretical Computer Science, University of Cambridge","[""type theory"", ""category theory"", ""nominal techniques"", ""programming language semantics"", ""logic in computer""]",8806,42,68,1903,21,37,1989,"{""1989"":39,""1990"":33,""1991"":47,""1992"":66,""1993"":82,""1994"":106,""1995"":105,""1996"":106,""1997"":129,""1998"":131,""1999"":137,""2000"":158,""2001"":130,""2002"":165,""2003"":221,""2004"":284,""2005"":390,""2006"":325,""2007"":356,""2008"":349,""2009"":312,""2010"":339,""2011"":276,""2012"":285,""2013"":257,""2014"":243,""2015"":258,""2016"":288,""2017"":267,""2018"":310,""2019"":312,""2020"":249,""2021"":337,""2022"":268,""2023"":332,""2024"":293,""2025"":334,""2026"":339}"
Anna R. Karlin,https://scholar.google.com/citations?user=9ZGqm5QAAAAJ,2026-09-28,"Bill & Melinda Gates Chair and Professor of Computer Science and Engineering, University of","[""Algorithms"", ""Algorithmic Game Theory""]",17328,55,91,2555,27,55,1989,"{""1989"":48,""1990"":73,""1991"":70,""1992"":102,""1993"":126,""1994"":142,""1995"":171,""1996"":235,""1997"":309,""1998"":316,""1999"":324,""2000"":389,""2001"":442,""2002"":522,""2003"":627,""2004"":688,""2005"":798,""2006"":691,""2007"":748,""2008"":717,""2009"":625,""2010"":669,""2011"":691,""2012"":558,""2013"":624,""2014"":572,""2015"":551,""2016"":570,""2017"":549,""2018"":589,""2019"":455,""2020"":468,""2021"":422,""2022"":419,""2023"":441,""2024"":441,""2025"":443,""2026"":386}"
Bart Selman,https://scholar.google.com/citations?user=pJ28HA0AAAAJ,2026-09-28,"Professor of Computer Science, Cornell University","[""Artificial Intelligence""]",36807,79,178,6867,37,83,1991,"{""1991"":174,""1992"":92,""1993"":192,""1994"":264,""1995"":320,""1996"":539,""1997"":529,""1998"":570,""1999"":852,""2000"":1023,""2001"":1108,""2002"":1000,""2003"":1192,""2004"":1203,""2005"":1337,""2006"":1243,""2007"":1512,""2008"":1557,""2009"":1333,""2010"":1261,""2011"":1174,""2012"":1332,""2013"":1364,""2014"":1295,""2015"":1184,""2016"":1232,""2017"":1111,""2018"":1037,""2019"":1060,""2020"":1206,""2021"":1280,""2022"":1164,""2023"":1192,""2024"":1145,""2025"":1274,""2026"":812}"
Benjamin C. Pierce,https://scholar.google.com/citations?user=2kkddh0AAAAJ,2026-09-28,"Professor of Computer and Information Science, University of Pennsylvania","[""Programming languages"", ""type systems"", ""security and privacy"", ""functional programming"", ""formal specification and verification""]",26807,73,182,6125,38,98,1992,"{""1992"":66,""1993"":118,""1994"":171,""1995"":162,""1996"":216,""1997"":256,""1998"":321,""1999"":438,""2000"":375,""2001"":429,""2002"":567,""2003"":596,""2004"":746,""2005"":929,""2006"":979,""2007"":1025,""2008"":963,""2009"":1064,""2010"":993,""2011"":922,""2012"":931,""2013"":879,""2014"":950,""2015"":947,""2016"":992,""2017"":944,""2018"":964,""2019"":1154,""2020"":918,""2021"":1089,""2022"":1002,""2023"":994,""2024"":983,""2025"":1091,""2026"":962}"
Clifford Stein,https://scholar.google.com/citations?user=r49_E2cAAAAJ,2026-09-28,"Professor of IEOR and CS, Columbia University","[""Algorithms"", ""Optimization"", ""Operations Research"", ""Scheduling""]",90382,59,164,18078,30,71,1993,"{""1993"":385,""1994"":516,""1995"":677,""1996"":817,""1997"":890,""1998"":1065,""1999"":1228,""2000"":1274,""2001"":1384,""2002"":1645,""2003"":2039,""2004"":2391,""2005"":2622,""2006"":2977,""2007"":3375,""2008"":3610,""2009"":3733,""2010"":3754,""2011"":3764,""2012"":3654,""2013"":3910,""2014"":3872,""2015"":3582,""2016"":3521,""2017"":3452,""2018"":3502,""2019"":3354,""2020"":3368,""2021"":3075,""2022"":3020,""2023"":2895,""2024"":3139,""2025"":3446,""2026"":2491}"
Craig Boutilier,https://scholar.google.com/citations?user=cXkm3rsAAAAJ,2026-09-28,"Principal Scientist, Google","[""Artificial Intelligence"", ""Recommender Systems"", ""Computational Economics"", ""Decision Theory"", ""User Models""]",32070,84,239,9455,47,145,1994,"{""1994"":110,""1995"":101,""1996"":189,""1997"":214,""1998"":223,""1999"":275,""2000"":390,""2001"":443,""2002"":531,""2003"":695,""2004"":799,""2005"":936,""2006"":1017,""2007"":1200,""2008"":1210,""2009"":999,""2010"":1143,""2011"":1246,""2012"":1216,""2013"":1192,""2014"":1086,""2015"":1172,""2016"":1122,""2017"":1045,""2018"":1017,""2019"":1091,""2020"":1293,""2021"":1309,""2022"":1322,""2023"":1492,""2024"":1772,""2025"":1894,""2026"":1647}"
David Grove,https://scholar.google.com/citations?user=iU8ijrYAAAAJ,2026-09-28,IBM Research,"[""Programming Languages""]",8945,42,88,1070,16,27,1995,"{""1995"":44,""1996"":81,""1997"":90,""1998"":104,""1999"":133,""2000"":200,""2001"":264,""2002"":337,""2003"":319,""2004"":382,""2005"":430,""2006"":391,""2007"":411,""2008"":342,""2009"":367,""2010"":374,""2011"":325,""2012"":384,""2013"":466,""2014"":375,""2015"":394,""2016"":392,""2017"":307,""2018"":291,""2019"":297,""2020"":240,""2021"":253,""2022"":212,""2023"":175,""2024"":166,""2025"":157,""2026"":107}"
Garth Alan Gibson,https://scholar.google.com/citations?user=WYctQAQAAAAJ,2026-09-28,"CTO & CAIO, Vdura Inc., Consulting Professor of Computer Science, Carnegie Mellon","[""Systems and Machine Learning""]",30551,80,160,4797,37,65,1989,"{""1989"":115,""1990"":125,""1991"":128,""1992"":158,""1993"":366,""1994"":403,""1995"":385,""1996"":510,""1997"":511,""1998"":563,""1999"":589,""2000"":657,""2001"":516,""2002"":715,""2003"":715,""2004"":646,""2005"":742,""2006"":657,""2007"":838,""2008"":937,""2009"":1025,""2010"":1130,""2011"":1305,""2012"":1258,""2013"":1306,""2014"":1217,""2015"":1320,""2016"":1327,""2017"":1276,""2018"":1230,""2019"":1276,""2020"":1210,""2021"":1106,""2022"":952,""2023"":849,""2024"":744,""2025"":698,""2026"":448}"
Gregor Kiczales,https://scholar.google.com/citations?user=Odh4GSYAAAAJ,2026-09-28,"Professor of Computer Science, University of British Columbia","[""Programming Languages"", ""Modularity"", ""Software Engineering""]",28105,43,82,983,10,11,1989,"{""1989"":80,""1990"":92,""1991"":102,""1992"":112,""1993"":166,""1994"":206,""1995"":228,""1996"":296,""1997"":316,""1998"":418,""1999"":495,""2000"":653,""2001"":749,""2002"":1129,""2003"":1391,""2004"":1876,""2005"":2124,""2006"":2035,""2007"":1950,""2008"":1906,""2009"":1640,""2010"":1429,""2011"":1310,""2012"":1096,""2013"":982,""2014"":776,""2015"":737,""2016"":618,""2017"":519,""2018"":461,""2019"":348,""2020"":224,""2021"":189,""2022"":191,""2023"":200,""2024"":150,""2025"":152,""2026"":101}"
Gustavo Alonso,https://scholar.google.com/citations?user=fkNjVcIAAAAJ,2026-09-28,"Professor of Computer Science, ETH Zürich, Switzerland","[""Data Management"", ""Distributed Systems"", ""Databases"", ""FPGAs""]",33920,93,305,7913,48,147,1996,"{""1996"":128,""1997"":193,""1998"":227,""1999"":426,""2000"":409,""2001"":347,""2002"":502,""2003"":636,""2004"":851,""2005"":1205,""2006"":1385,""2007"":1513,""2008"":1538,""2009"":1559,""2010"":1523,""2011"":1489,""2012"":1533,""2013"":1379,""2014"":1354,""2015"":1285,""2016"":1228,""2017"":1136,""2018"":1107,""2019"":1258,""2020"":1284,""2021"":1279,""2022"":1182,""2023"":1426,""2024"":1457,""2025"":1466,""2026"":1092}"
Hans-J. Boehm,https://scholar.google.com/citations?user=gqkpV2kAAAAJ,2026-09-28,Google,"[""Programming Languages""]",6777,37,64,1117,16,22,1988,"{""1988"":29,""1989"":33,""1990"":47,""1991"":50,""1992"":87,""1993"":82,""1994"":75,""1995"":70,""1996"":64,""1997"":99,""1998"":121,""1999"":66,""2000"":127,""2001"":92,""2002"":125,""2003"":108,""2004"":144,""2005"":137,""2006"":177,""2007"":203,""2008"":160,""2009"":193,""2010"":225,""2011"":279,""2012"":265,""2013"":262,""2014"":244,""2015"":286,""2016"":323,""2017"":383,""2018"":359,""2019"":297,""2020"":294,""2021"":273,""2022"":226,""2023"":174,""2024"":178,""2025"":162,""2026"":104}"
Ion Stoica,https://scholar.google.com/citations?user=vN-is70AAAAJ,2026-09-28,"Professor of Computer Science, UC Berkeley","[""Cloud Computing"", ""Networking"", ""Distributed Systems"", ""Big Data""]",234649,188,586,106619,120,447,2002,"{""2002"":1051,""2003"":1975,""2004"":2953,""2005"":3676,""2006"":3947,""2007"":4181,""2008"":4352,""2009"":4680,""2010"":5151,""2011"":5792,""2012"":6729,""2013"":8006,""2014"":8972,""2015"":10451,""2016"":11289,""2017"":10664,""2018"":10855,""2019"":10530,""2020"":9580,""2021"":9687,""2022"":9405,""2023"":10058,""2024"":16318,""2025"":26309,""2026"":34646}"
Joseph O'Rourke,https://scholar.google.com/citations?user=AdrTURsAAAAJ,2026-09-28,"Professor of Computer Science, and of Mathematics, Smith College","[""geometry"", ""discrete geometry"", ""computational geometry"", ""metric geometry""]",20186,52,144,3354,21,41,1987,"{""1987"":126,""1988"":177,""1989"":179,""1990"":178,""1991"":224,""1992"":200,""1993"":165,""1994"":165,""1995"":207,""1996"":194,""1997"":280,""1998"":349,""1999"":324,""2000"":453,""2001"":413,""2002"":392,""2003"":541,""2004"":597,""2005"":642,""2006"":669,""2007"":722,""2008"":718,""2009"":748,""2010"":701,""2011"":720,""2012"":590,""2013"":672,""2014"":643,""2015"":643,""2016"":638,""2017"":668,""2018"":568,""2019"":621,""2020"":624,""2021"":574,""2022"":587,""2023"":515,""2024"":615,""2025"":654,""2026"":407}"
Joseph Sifakis,https://scholar.google.com/citations?user=8jCwk4EAAAAJ,2026-09-28,"Reseracher at Verimag laboratory, Grenoble","[""software engineering"", ""formal methods"", ""web services"", ""middleware"", ""networks""]",24055,69,162,2927,25,58,1987,"{""1987"":85,""1988"":78,""1989"":92,""1990"":94,""1991"":147,""1992"":194,""1993"":260,""1994"":318,""1995"":400,""1996"":443,""1997"":497,""1998"":499,""1999"":558,""2000"":559,""2001"":570,""2002"":587,""2003"":674,""2004"":616,""2005"":780,""2006"":742,""2007"":912,""2008"":941,""2009"":923,""2010"":996,""2011"":1103,""2012"":948,""2013"":1105,""2014"":935,""2015"":957,""2016"":852,""2017"":701,""2018"":748,""2019"":668,""2020"":557,""2021"":547,""2022"":551,""2023"":584,""2024"":460,""2025"":448,""2026"":335}"
Karem A Sakallah,https://scholar.google.com/citations?user=M441iZ8AAAAJ,2026-09-28,University of Michigan,"[""Formal Verification"", ""Automated Reasoning""]",13506,54,137,2570,22,39,1991,"{""1991"":35,""1992"":48,""1993"":77,""1994"":59,""1995"":87,""1996"":85,""1997"":117,""1998"":98,""1999"":142,""2000"":184,""2001"":270,""2002"":350,""2003"":402,""2004"":480,""2005"":498,""2006"":595,""2007"":583,""2008"":590,""2009"":705,""2010"":576,""2011"":487,""2012"":489,""2013"":550,""2014"":489,""2015"":490,""2016"":445,""2017"":410,""2018"":454,""2019"":428,""2020"":450,""2021"":485,""2022"":384,""2023"":450,""2024"":433,""2025"":448,""2026"":369}"
Katherine Yelick,https://scholar.google.com/citations?user=93yNuV0AAAAJ,2026-09-28,"Vice Chancellor for Research and EECS Professor, UC Berkeley and Sr. Faculty Scientist, LBNL","[""Parallel Computing"", ""Programming Languages"", ""Compilers"", ""High Performance Computing""]",27912,70,212,5503,36,91,1994,"{""1994"":95,""1995"":159,""1996"":188,""1997"":236,""1998"":307,""1999"":292,""2000"":248,""2001"":211,""2002"":253,""2003"":317,""2004"":374,""2005"":407,""2006"":452,""2007"":760,""2008"":900,""2009"":1214,""2010"":1451,""2011"":1566,""2012"":1649,""2013"":1480,""2014"":1647,""2015"":1555,""2016"":1510,""2017"":1277,""2018"":1294,""2019"":1139,""2020"":964,""2021"":961,""2022"":1028,""2023"":910,""2024"":926,""2025"":957,""2026"":714}"
Keith Ross,https://scholar.google.com/citations?user=RhUcYmQAAAAJ,2026-09-28,"Professor of Computer Science, NYU Abu Dhabi","[""Deep Reinforcement Learning"", ""Networking"", ""Privacy""]",34102,83,228,6229,32,78,1993,"{""1993"":101,""1994"":135,""1995"":151,""1996"":162,""1997"":219,""1998"":309,""1999"":264,""2000"":344,""2001"":403,""2002"":565,""2003"":658,""2004"":891,""2005"":966,""2006"":1068,""2007"":1259,""2008"":1557,""2009"":1747,""2010"":1878,""2011"":1992,""2012"":1909,""2013"":1632,""2014"":1507,""2015"":1379,""2016"":1312,""2017"":1235,""2018"":1097,""2019"":1068,""2020"":949,""2021"":878,""2022"":934,""2023"":999,""2024"":1140,""2025"":1228,""2026"":1046}"
Keshav Pingali,https://scholar.google.com/citations?user=02UU6wgAAAAJ,2026-09-28,"Professor of Computer Science, The University of Texas at Austin","[""Programming languages"", ""parallel computing"", ""big-data computing""]",15400,67,173,3801,30,80,1988,"{""1988"":43,""1989"":46,""1990"":95,""1991"":149,""1992"":142,""1993"":148,""1994"":239,""1995"":206,""1996"":158,""1997"":170,""1998"":148,""1999"":161,""2000"":186,""2001"":170,""2002"":156,""2003"":233,""2004"":250,""2005"":292,""2006"":293,""2007"":356,""2008"":313,""2009"":365,""2010"":438,""2011"":504,""2012"":511,""2013"":525,""2014"":605,""2015"":724,""2016"":711,""2017"":774,""2018"":688,""2019"":745,""2020"":799,""2021"":842,""2022"":704,""2023"":618,""2024"":629,""2025"":634,""2026"":372}"
Klara Nahrstedt,https://scholar.google.com/citations?user=TW0t25AAAAAJ,2026-09-28,"Computer Science, University of Illinois, Urbana-Champaign","[""Quality of Service"", ""multimedia systems"", ""distributed systems"", ""networks"", ""teleimmersion""]",37484,95,421,5113,38,112,1996,"{""1996"":138,""1997"":248,""1998"":259,""1999"":433,""2000"":582,""2001"":660,""2002"":850,""2003"":1296,""2004"":1670,""2005"":2007,""2006"":1959,""2007"":2011,""2008"":2032,""2009"":1846,""2010"":1899,""2011"":1727,""2012"":1606,""2013"":1583,""2014"":1451,""2015"":1348,""2016"":1390,""2017"":1234,""2018"":1256,""2019"":1162,""2020"":1062,""2021"":959,""2022"":944,""2023"":845,""2024"":858,""2025"":845,""2026"":655}"
Larry Davis,https://scholar.google.com/citations?user=lc0ARagAAAAJ,2026-09-28,"Professor of Computer Science, University of Maryland","[""Computer Vision""]",103491,148,601,33459,81,256,1987,"{""1987"":333,""1988"":420,""1989"":397,""1990"":463,""1991"":378,""1992"":445,""1993"":379,""1994"":385,""1995"":378,""1996"":417,""1997"":474,""1998"":532,""1999"":556,""2000"":750,""2001"":909,""2002"":1070,""2003"":1228,""2004"":1525,""2005"":2029,""2006"":2307,""2007"":2664,""2008"":2923,""2009"":2992,""2010"":3314,""2011"":3251,""2012"":3717,""2013"":3843,""2014"":4086,""2015"":3808,""2016"":3937,""2017"":3682,""2018"":3870,""2019"":4704,""2020"":5361,""2021"":6343,""2022"":6531,""2023"":6261,""2024"":5835,""2025"":5296,""2026"":3186}"
Lars Arge,https://scholar.google.com/citations?user=MgdxxbAAAAAJ,2026-09-28,"Professor of Computer Science and MADALGO center director, Aarhus University","[""Algorithms and data structures""]",10301,53,90,2807,16,31,1996,"{""1996"":43,""1997"":67,""1998"":106,""1999"":130,""2000"":135,""2001"":233,""2002"":275,""2003"":327,""2004"":290,""2005"":278,""2006"":311,""2007"":297,""2008"":323,""2009"":338,""2010"":305,""2011"":305,""2012"":380,""2013"":330,""2014"":421,""2015"":335,""2016"":303,""2017"":361,""2018"":433,""2019"":442,""2020"":438,""2021"":538,""2022"":510,""2023"":450,""2024"":490,""2025"":480,""2026"":339}"
Leonid Libkin,https://scholar.google.com/citations?user=4q-MIB0AAAAJ,2026-09-28,"Professor of Computer Science, University of Edinburgh","[""Databases"", ""database theory"", ""graph databases"", ""logic in computer science""]",15156,64,161,4375,27,66,1993,"{""1993"":53,""1994"":86,""1995"":147,""1996"":91,""1997"":204,""1998"":208,""1999"":226,""2000"":258,""2001"":245,""2002"":220,""2003"":328,""2004"":369,""2005"":414,""2006"":361,""2007"":543,""2008"":480,""2009"":550,""2010"":493,""2011"":460,""2012"":510,""2013"":518,""2014"":486,""2015"":482,""2016"":533,""2017"":455,""2018"":532,""2019"":606,""2020"":571,""2021"":593,""2022"":654,""2023"":716,""2024"":802,""2025"":885,""2026"":720}"
Leslie Valiant,https://scholar.google.com/citations?user=H509xdsAAAAJ,2026-09-28,Unknown affiliation,[],45362,61,98,9330,36,64,1987,"{""1987"":333,""1988"":444,""1989"":589,""1990"":681,""1991"":694,""1992"":846,""1993"":880,""1994"":1021,""1995"":940,""1996"":1019,""1997"":902,""1998"":915,""1999"":814,""2000"":748,""2001"":762,""2002"":682,""2003"":862,""2004"":814,""2005"":965,""2006"":924,""2007"":1148,""2008"":1034,""2009"":1125,""2010"":1077,""2011"":1082,""2012"":1249,""2013"":1387,""2014"":1389,""2015"":1361,""2016"":1525,""2017"":1445,""2018"":1454,""2019"":1592,""2020"":1573,""2021"":1507,""2022"":1493,""2023"":1479,""2024"":1523,""2025"":1608,""2026"":1437}"
Lixin Gao,https://scholar.google.com/citations?user=bOKmjf8AAAAJ,2026-09-28,"Distinguished Professor, Univ. of Massachusetts","[""Internet Routing"", ""Multimedia Communication"", ""Cloud Computing""]",23170,70,348,6082,35,170,2001,"{""2001"":182,""2002"":250,""2003"":350,""2004"":544,""2005"":650,""2006"":746,""2007"":783,""2008"":712,""2009"":924,""2010"":923,""2011"":1017,""2012"":1089,""2013"":1144,""2014"":1107,""2015"":1093,""2016"":1158,""2017"":1039,""2018"":1028,""2019"":954,""2020"":1053,""2021"":1031,""2022"":1064,""2023"":1047,""2024"":1110,""2025"":1158,""2026"":667}"
Manish Gupta,https://scholar.google.com/citations?user=fHISoWoAAAAJ,2026-09-28,Google DeepMind,"[""High performance computing"", ""compilers"", ""mobile computing"", ""data analytics""]",8685,50,96,765,13,21,1992,"{""1992"":27,""1993"":90,""1994"":97,""1995"":104,""1996"":173,""1997"":164,""1998"":94,""1999"":127,""2000"":194,""2001"":244,""2002"":285,""2003"":335,""2004"":358,""2005"":469,""2006"":486,""2007"":467,""2008"":421,""2009"":381,""2010"":420,""2011"":390,""2012"":414,""2013"":348,""2014"":305,""2015"":291,""2016"":247,""2017"":217,""2018"":228,""2019"":213,""2020"":181,""2021"":172,""2022"":168,""2023"":125,""2024"":118,""2025"":110,""2026"":71}"
Markus Gross,https://scholar.google.com/citations?user=uxk0GmUAAAAJ,2026-09-28,"ETH Zurich, Disney Research Zurich","[""Computer Graphics"", ""Modeling"", ""Physics-based Animation"", ""Video Processing""]",60509,120,496,20980,62,291,1999,"{""1999"":164,""2000"":198,""2001"":267,""2002"":449,""2003"":685,""2004"":996,""2005"":1336,""2006"":1574,""2007"":1736,""2008"":1735,""2009"":1734,""2010"":1798,""2011"":2007,""2012"":2132,""2013"":2261,""2014"":2276,""2015"":2589,""2016"":2486,""2017"":2792,""2018"":2956,""2019"":2941,""2020"":3366,""2021"":3310,""2022"":3427,""2023"":3298,""2024"":3837,""2025"":4146,""2026"":2951}"
Patrick Valduriez,https://scholar.google.com/citations?user=Vj0m2A0AAAAJ,2026-09-28,Inria,[],21515,61,230,3170,25,65,1988,"{""1988"":119,""1989"":123,""1990"":214,""1991"":262,""1992"":323,""1993"":478,""1994"":341,""1995"":402,""1996"":444,""1997"":412,""1998"":412,""1999"":459,""2000"":419,""2001"":367,""2002"":433,""2003"":477,""2004"":578,""2005"":550,""2006"":531,""2007"":695,""2008"":700,""2009"":849,""2010"":745,""2011"":825,""2012"":773,""2013"":706,""2014"":802,""2015"":769,""2016"":697,""2017"":686,""2018"":777,""2019"":718,""2020"":682,""2021"":660,""2022"":564,""2023"":562,""2024"":480,""2025"":545,""2026"":354}"
Pierre Baldi,https://scholar.google.com/citations?user=RhFhIIgAAAAJ,2026-09-28,"Professor, University of California, Irvine","[""Artificial Intelligence"", ""Deep Learning"", ""Bioinformatics"", ""Physics"", ""Mathematics""]",89388,144,510,40247,94,390,1997,"{""1997"":238,""1998"":235,""1999"":216,""2000"":286,""2001"":384,""2002"":580,""2003"":792,""2004"":934,""2005"":1348,""2006"":1520,""2007"":1751,""2008"":1866,""2009"":2136,""2010"":2349,""2011"":2243,""2012"":2528,""2013"":2454,""2014"":2722,""2015"":2713,""2016"":3048,""2017"":3311,""2018"":3852,""2019"":4295,""2020"":5345,""2021"":6350,""2022"":6978,""2023"":6892,""2024"":7074,""2025"":7324,""2026"":5584}"
rachid guerraoui,https://scholar.google.com/citations?user=_TR-7CEAAAAJ,2026-09-28,"Professor of Computer and Communication Systems, EPFL","[""Algorithms"", ""Distributed Computing"", ""Concurrency"", ""Programming Languages""]",39789,85,397,13903,44,159,1997,"{""1997"":135,""1998"":218,""1999"":272,""2000"":348,""2001"":377,""2002"":514,""2003"":649,""2004"":778,""2005"":937,""2006"":1207,""2007"":1266,""2008"":1321,""2009"":1445,""2010"":1614,""2011"":1564,""2012"":1492,""2013"":1448,""2014"":1407,""2015"":1486,""2016"":1256,""2017"":1275,""2018"":1368,""2019"":1380,""2020"":1450,""2021"":1609,""2022"":1845,""2023"":2111,""2024"":2616,""2025"":3123,""2026"":2581}"
Raj Reddy,https://scholar.google.com/citations?user=mYu2uuIAAAAJ,2026-09-28,"University Professor of Computer Science and Robotics, Carnegie Mellon University","[""Artificial Intelligence"", ""Robotics"", ""Computer Science""]",12261,35,67,1249,11,14,1987,"{""1987"":158,""1988"":208,""1989"":180,""1990"":239,""1991"":201,""1992"":220,""1993"":159,""1994"":147,""1995"":129,""1996"":140,""1997"":149,""1998"":171,""1999"":147,""2000"":125,""2001"":110,""2002"":175,""2003"":327,""2004"":333,""2005"":353,""2006"":434,""2007"":444,""2008"":436,""2009"":424,""2010"":427,""2011"":418,""2012"":434,""2013"":442,""2014"":469,""2015"":402,""2016"":408,""2017"":350,""2018"":323,""2019"":320,""2020"":289,""2021"":258,""2022"":229,""2023"":245,""2024"":218,""2025"":178,""2026"":121}"
Rajeev Rastogi,https://scholar.google.com/citations?user=3ggE9SkAAAAJ,2026-09-28,Amazon,"[""Machine Learning"", ""Data Mining""]",30652,74,198,4669,26,61,1995,"{""1995"":77,""1996"":127,""1997"":203,""1998"":197,""1999"":253,""2000"":321,""2001"":513,""2002"":748,""2003"":993,""2004"":1196,""2005"":1435,""2006"":1501,""2007"":1432,""2008"":1359,""2009"":1469,""2010"":1356,""2011"":1426,""2012"":1367,""2013"":1230,""2014"":1238,""2015"":1240,""2016"":1240,""2017"":1102,""2018"":1112,""2019"":1081,""2020"":1079,""2021"":990,""2022"":991,""2023"":846,""2024"":758,""2025"":689,""2026"":395}"
Ramin Zabih,https://scholar.google.com/citations?user=8Lp0W54AAAAJ,2026-09-28,"Professor of Computer Science, Cornell University","[""Computer Vision""]",35659,41,78,4490,24,42,1997,"{""1997"":92,""1998"":142,""1999"":246,""2000"":246,""2001"":391,""2002"":479,""2003"":597,""2004"":738,""2005"":1042,""2006"":1092,""2007"":1436,""2008"":1586,""2009"":1816,""2010"":1930,""2011"":2137,""2012"":2237,""2013"":2167,""2014"":2254,""2015"":2169,""2016"":2087,""2017"":1797,""2018"":1486,""2019"":1227,""2020"":1147,""2021"":997,""2022"":894,""2023"":762,""2024"":744,""2025"":666,""2026"":426}"
Rick (Roderic G. G.) Cattell,https://scholar.google.com/citations?user=Kc64bEcAAAAJ,2026-09-28,Cattell.Net,"[""Neuromorphics"", ""scalable database systems"", ""NoSQL"", ""AI"", ""compilers""]",6557,26,39,218,9,8,1987,"{""1987"":60,""1988"":39,""1989"":45,""1990"":52,""1991"":44,""1992"":73,""1993"":159,""1994"":146,""1995"":302,""1996"":325,""1997"":427,""1998"":431,""1999"":393,""2000"":380,""2001"":320,""2002"":289,""2003"":272,""2004"":221,""2005"":225,""2006"":193,""2007"":195,""2008"":123,""2009"":142,""2010"":150,""2011"":107,""2012"":122,""2013"":96,""2014"":71,""2015"":81,""2016"":68,""2017"":45,""2018"":60,""2019"":41,""2020"":52,""2021"":45,""2022"":72,""2023"":35,""2024"":34,""2025"":17,""2026"":15}"
Rob Schreiber,https://scholar.google.com/citations?user=APiItS4AAAAJ,2026-09-28,Cerebras Systems,"[""scientific computing""]",20327,60,141,3180,23,56,1987,"{""1987"":53,""1988"":92,""1989"":99,""1990"":134,""1991"":138,""1992"":148,""1993"":291,""1994"":351,""1995"":456,""1996"":494,""1997"":522,""1998"":396,""1999"":371,""2000"":323,""2001"":314,""2002"":260,""2003"":303,""2004"":370,""2005"":364,""2006"":402,""2007"":485,""2008"":389,""2009"":556,""2010"":574,""2011"":697,""2012"":831,""2013"":779,""2014"":912,""2015"":982,""2016"":1031,""2017"":922,""2018"":908,""2019"":863,""2020"":836,""2021"":705,""2022"":610,""2023"":506,""2024"":496,""2025"":505,""2026"":358}"
Roberto Tamassia,https://scholar.google.com/citations?user=eEYPTKUAAAAJ,2026-09-28,"Plastech Professor of Computer Science, Brown University","[""algorithhms"", ""computer security"", ""applied cryptography"", ""graph drawing"", ""information visualization""]",29239,78,242,5197,35,87,1989,"{""1989"":128,""1990"":146,""1991"":196,""1992"":306,""1993"":286,""1994"":403,""1995"":396,""1996"":558,""1997"":536,""1998"":563,""1999"":513,""2000"":649,""2001"":525,""2002"":640,""2003"":820,""2004"":770,""2005"":751,""2006"":804,""2007"":852,""2008"":808,""2009"":874,""2010"":818,""2011"":853,""2012"":1052,""2013"":1110,""2014"":1227,""2015"":1172,""2016"":1228,""2017"":1172,""2018"":1173,""2019"":1099,""2020"":944,""2021"":910,""2022"":904,""2023"":966,""2024"":904,""2025"":866,""2026"":646}"
Ron Shamir,https://scholar.google.com/citations?user=ri4rEPMAAAAJ,2026-09-28,"Professor of Computer Science and Bioinformatics, Tel Aviv University","[""Bioinformatics"", ""computational biology"", ""algorithms"", ""digital medicine""]",34899,87,254,8571,42,137,1998,"{""1998"":87,""1999"":111,""2000"":139,""2001"":216,""2002"":356,""2003"":398,""2004"":594,""2005"":865,""2006"":1065,""2007"":1252,""2008"":1302,""2009"":1394,""2010"":1588,""2011"":1634,""2012"":1636,""2013"":1693,""2014"":1660,""2015"":1744,""2016"":1643,""2017"":1573,""2018"":1545,""2019"":1515,""2020"":1478,""2021"":1661,""2022"":1592,""2023"":1404,""2024"":1388,""2025"":1458,""2026"":1065}"
Saul Greenberg,https://scholar.google.com/citations?user=TthhUuoAAAAJ,2026-09-28,"Emeritus Professor, Computer Science, University of Calgary","[""Human Computer Interaction"", ""Ubiquitous Computing"", ""Computer Supported Cooperative Work""]",36229,102,269,6457,38,119,1993,"{""1993"":170,""1994"":150,""1995"":185,""1996"":348,""1997"":364,""1998"":501,""1999"":672,""2000"":589,""2001"":690,""2002"":760,""2003"":1036,""2004"":1157,""2005"":1172,""2006"":1410,""2007"":1467,""2008"":1380,""2009"":1581,""2010"":1463,""2011"":1434,""2012"":1472,""2013"":1529,""2014"":1567,""2015"":1377,""2016"":1360,""2017"":1354,""2018"":1305,""2019"":1223,""2020"":1099,""2021"":1274,""2022"":1170,""2023"":1163,""2024"":1069,""2025"":1003,""2026"":778}"
Simson Garfinkel,https://scholar.google.com/citations?user=87fGQ0AAAAAJ,2026-09-28,"BasisTech, LLC","[""AI and Data Science Ethics"", ""Applied Privacy"", ""Digital Forensics""]",19278,60,140,4560,33,69,1995,"{""1995"":54,""1996"":74,""1997"":99,""1998"":174,""1999"":178,""2000"":186,""2001"":226,""2002"":273,""2003"":288,""2004"":327,""2005"":361,""2006"":532,""2007"":634,""2008"":630,""2009"":719,""2010"":739,""2011"":870,""2012"":916,""2013"":982,""2014"":902,""2015"":852,""2016"":814,""2017"":791,""2018"":878,""2019"":921,""2020"":810,""2021"":786,""2022"":809,""2023"":764,""2024"":808,""2025"":804,""2026"":586}"
Srinivasan Keshav,https://scholar.google.com/citations?user=-EMkK7QAAAAJ,2026-09-28,"Professor of Computer Science, University of Cambridge","[""Computer networking"", ""Energy systems""]",22701,69,193,4177,33,82,1991,"{""1991"":96,""1992"":98,""1993"":148,""1994"":211,""1995"":286,""1996"":398,""1997"":475,""1998"":549,""1999"":682,""2000"":668,""2001"":683,""2002"":783,""2003"":823,""2004"":786,""2005"":729,""2006"":682,""2007"":781,""2008"":716,""2009"":734,""2010"":682,""2011"":711,""2012"":670,""2013"":733,""2014"":712,""2015"":788,""2016"":787,""2017"":679,""2018"":661,""2019"":692,""2020"":701,""2021"":748,""2022"":674,""2023"":639,""2024"":678,""2025"":730,""2026"":698}"
Tova Milo,https://scholar.google.com/citations?user=X1-ovCkAAAAJ,2026-09-28,"Professor of Computer Science, Tel Aviv University","[""Databases"", ""Web-based data management"", ""XML"", ""Data-centric Bussiness Processes"", ""Crowd-based Data Sourcing""]",13819,63,161,2145,23,51,1993,"{""1993"":42,""1994"":53,""1995"":109,""1996"":100,""1997"":193,""1998"":303,""1999"":317,""2000"":386,""2001"":347,""2002"":408,""2003"":501,""2004"":547,""2005"":621,""2006"":596,""2007"":623,""2008"":524,""2009"":563,""2010"":536,""2011"":523,""2012"":465,""2013"":445,""2014"":479,""2015"":448,""2016"":484,""2017"":484,""2018"":415,""2019"":416,""2020"":442,""2021"":397,""2022"":387,""2023"":396,""2024"":417,""2025"":333,""2026"":212}"
Tracy Camp,https://scholar.google.com/citations?user=8TyIlFgAAAAJ,2026-09-28,"Department Head and Professor of Computer Science, Colorado School of Mines","[""Wireless Networking"", ""Credibility of Simulations""]",15704,36,73,1853,18,28,2000,"{""2000"":45,""2001"":45,""2002"":126,""2003"":315,""2004"":531,""2005"":754,""2006"":885,""2007"":935,""2008"":979,""2009"":1020,""2010"":1011,""2011"":951,""2012"":876,""2013"":822,""2014"":809,""2015"":672,""2016"":632,""2017"":537,""2018"":591,""2019"":535,""2020"":488,""2021"":419,""2022"":344,""2023"":326,""2024"":301,""2025"":282,""2026"":181}"
Walter F. Tichy,https://scholar.google.com/citations?user=23RPQBQAAAAJ,2026-09-28,"Professor em. Karlsruhe Institute of Technology, professor Kutaisi International Univ., Georgia","[""Software engineering"", ""parallelism"", ""empirical software engineering"", ""configuration management"", ""AI and""]",10680,45,123,1328,17,25,1987,"{""1987"":111,""1988"":127,""1989"":127,""1990"":114,""1991"":131,""1992"":142,""1993"":221,""1994"":196,""1995"":201,""1996"":226,""1997"":234,""1998"":209,""1999"":232,""2000"":178,""2001"":198,""2002"":247,""2003"":279,""2004"":324,""2005"":359,""2006"":330,""2007"":441,""2008"":352,""2009"":373,""2010"":412,""2011"":370,""2012"":377,""2013"":313,""2014"":351,""2015"":364,""2016"":277,""2017"":295,""2018"":275,""2019"":270,""2020"":232,""2021"":203,""2022"":231,""2023"":213,""2024"":210,""2025"":277,""2026"":194}"
Wenfei Fan,https://scholar.google.com/citations?user=u0S6ofAAAAAJ,2026-09-28,"Professor of Web Data Management, University of Edinburgh","[""databases""]",16784,67,176,4556,38,87,2000,"{""2000"":56,""2001"":110,""2002"":153,""2003"":305,""2004"":292,""2005"":378,""2006"":369,""2007"":528,""2008"":467,""2009"":610,""2010"":544,""2011"":557,""2012"":624,""2013"":775,""2014"":846,""2015"":769,""2016"":981,""2017"":917,""2018"":944,""2019"":784,""2020"":978,""2021"":778,""2022"":791,""2023"":834,""2024"":915,""2025"":791,""2026"":442}"
Xiaodong Zhang,https://scholar.google.com/citations?user=qFiMLsIAAAAJ,2026-09-28,The Ohio State University,"[""Memory Systems"", ""Storage Systems"", ""Computer Systems""]",16973,66,176,3184,28,53,1995,"{""1995"":61,""1996"":55,""1997"":69,""1998"":88,""1999"":69,""2000"":72,""2001"":71,""2002"":104,""2003"":168,""2004"":253,""2005"":318,""2006"":443,""2007"":570,""2008"":689,""2009"":702,""2010"":850,""2011"":889,""2012"":962,""2013"":933,""2014"":1049,""2015"":1078,""2016"":1021,""2017"":801,""2018"":803,""2019"":758,""2020"":652,""2021"":640,""2022"":567,""2023"":512,""2024"":516,""2025"":539,""2026"":409}"
Yoav Shoham,https://scholar.google.com/citations?user=fV5P_6MAAAAJ,2026-09-28,Professor (emeritus),"[""Artificial Intelligence""]",48379,88,221,14621,48,106,1989,"{""1989"":144,""1990"":190,""1991"":254,""1992"":275,""1993"":420,""1994"":476,""1995"":521,""1996"":584,""1997"":613,""1998"":684,""1999"":671,""2000"":791,""2001"":907,""2002"":850,""2003"":928,""2004"":1009,""2005"":1228,""2006"":1202,""2007"":1404,""2008"":1399,""2009"":1572,""2010"":1671,""2011"":1551,""2012"":1690,""2013"":1701,""2014"":1644,""2015"":1415,""2016"":1451,""2017"":1365,""2018"":1380,""2019"":1404,""2020"":1372,""2021"":1508,""2022"":1596,""2023"":1898,""2024"":2764,""2025"":3627,""2026"":3107}"
Amin Vahdat,https://scholar.google.com/citations?user=r3aWCRUAAAAJ,2026-09-28,Google,"[""Systems"", ""Networking"", ""Computer Networks"", ""Distributed Systems"", ""Operating Systems""]",64407,105,228,18430,59,126,1996,"{""1996"":163,""1997"":252,""1998"":285,""1999"":367,""2000"":341,""2001"":423,""2002"":533,""2003"":741,""2004"":1001,""2005"":1099,""2006"":1292,""2007"":1489,""2008"":1598,""2009"":1840,""2010"":2188,""2011"":2286,""2012"":2540,""2013"":2776,""2014"":3093,""2015"":3413,""2016"":3590,""2017"":3536,""2018"":3593,""2019"":3549,""2020"":3207,""2021"":3283,""2022"":2958,""2023"":2936,""2024"":3248,""2025"":3403,""2026"":2589}"
Baining Guo,https://scholar.google.com/citations?user=h4kYmRYAAAAJ,2026-09-28,"Distinguished Scientist, Microsoft Research","[""Computer Graphics"", ""Virtual Reality"", ""Geometric Modeling"", ""Graphics""]",91094,90,241,75336,49,147,2004,"{""2004"":236,""2005"":410,""2006"":540,""2007"":725,""2008"":763,""2009"":856,""2010"":915,""2011"":1010,""2012"":968,""2013"":1094,""2014"":1077,""2015"":1121,""2016"":1122,""2017"":1018,""2018"":1023,""2019"":1033,""2020"":1013,""2021"":1811,""2022"":6020,""2023"":11854,""2024"":17215,""2025"":21796,""2026"":16397}"
Beng Chin OOI,https://scholar.google.com/citations?user=9560QjYAAAAJ,2026-09-28,Zhejiang University,"[""Databases"", ""distributed systems"", ""data analytics"", ""machine learning"", ""healthcare""]",35819,99,348,12399,52,186,1995,"{""1995"":103,""1996"":99,""1997"":123,""1998"":125,""1999"":157,""2000"":191,""2001"":212,""2002"":278,""2003"":388,""2004"":466,""2005"":597,""2006"":840,""2007"":882,""2008"":972,""2009"":1124,""2010"":1168,""2011"":1230,""2012"":1359,""2013"":1322,""2014"":1366,""2015"":1598,""2016"":1625,""2017"":1584,""2018"":1543,""2019"":1694,""2020"":1781,""2021"":1828,""2022"":1878,""2023"":2137,""2024"":2300,""2025"":2473,""2026"":1771}"
Christian S. Jensen,https://scholar.google.com/citations?user=wo20cPYAAAAJ,2026-09-28,"Aalborg University, Department of Computer Science","[""Data management"", ""analytics"", ""indexing"", ""query processing"", ""spatial data""]",46545,109,489,14575,62,283,1994,"{""1994"":132,""1995"":237,""1996"":191,""1997"":292,""1998"":368,""1999"":416,""2000"":503,""2001"":600,""2002"":721,""2003"":831,""2004"":986,""2005"":1174,""2006"":1355,""2007"":1064,""2008"":1344,""2009"":1455,""2010"":1280,""2011"":1373,""2012"":1591,""2013"":1775,""2014"":1815,""2015"":2159,""2016"":1972,""2017"":1848,""2018"":1876,""2019"":1894,""2020"":2041,""2021"":1771,""2022"":1749,""2023"":1965,""2024"":2471,""2025"":3385,""2026"":3209}"
Dahlia malkhi,https://scholar.google.com/citations?user=A_VZ7N0AAAAJ,2026-09-28,"University of California, Santa Barbara","[""reliable and secure distributed systems"", ""blockchains""]",22489,74,190,8084,41,99,1993,"{""1993"":57,""1994"":81,""1995"":125,""1996"":183,""1997"":272,""1998"":340,""1999"":327,""2000"":371,""2001"":345,""2002"":352,""2003"":506,""2004"":622,""2005"":714,""2006"":689,""2007"":708,""2008"":632,""2009"":601,""2010"":624,""2011"":567,""2012"":534,""2013"":632,""2014"":564,""2015"":589,""2016"":562,""2017"":574,""2018"":612,""2019"":844,""2020"":1050,""2021"":1142,""2022"":1408,""2023"":1334,""2024"":1513,""2025"":1606,""2026"":1077}"
Dan Roth,https://scholar.google.com/citations?user=E-bpPWgAAAAJ,2026-09-28,"Professor of Computer Science, University of Pennsylvania","[""Natural Language Processing"", ""Machine Learning"", ""Knowledge Representation and Reasoning"", ""Artificial Intelligence""]",60512,118,517,32073,81,354,1999,"{""1999"":159,""2000"":210,""2001"":228,""2002"":305,""2003"":345,""2004"":458,""2005"":751,""2006"":744,""2007"":880,""2008"":951,""2009"":1033,""2010"":1180,""2011"":1273,""2012"":1576,""2013"":1638,""2014"":1813,""2015"":1949,""2016"":2172,""2017"":2123,""2018"":2520,""2019"":2725,""2020"":2678,""2021"":3194,""2022"":3827,""2023"":4884,""2024"":6321,""2025"":7463,""2026"":6312}"
Dan Suciu,https://scholar.google.com/citations?user=SIxd6jgAAAAJ,2026-09-28,University of Washington,"[""Databases"", ""data management""]",40503,96,283,8032,46,152,1997,"{""1997"":169,""1998"":372,""1999"":623,""2000"":908,""2001"":1267,""2002"":1543,""2003"":1533,""2004"":1714,""2005"":1580,""2006"":1554,""2007"":1758,""2008"":1676,""2009"":1823,""2010"":1668,""2011"":1538,""2012"":1434,""2013"":1353,""2014"":1425,""2015"":1344,""2016"":1288,""2017"":1216,""2018"":1279,""2019"":1301,""2020"":1272,""2021"":1245,""2022"":1383,""2023"":1320,""2024"":1378,""2025"":1564,""2026"":1136}"
David Eppstein,https://scholar.google.com/citations?user=QSY7ufMAAAAJ,2026-09-28,"Distinguished Professor of Computer Science, University of California, Irvine","[""algorithms"", ""data structures"", ""graph theory"", ""geometry"", ""graph drawing""]",26053,80,276,5791,36,137,1991,"{""1991"":79,""1992"":134,""1993"":151,""1994"":191,""1995"":209,""1996"":283,""1997"":261,""1998"":282,""1999"":263,""2000"":345,""2001"":381,""2002"":474,""2003"":542,""2004"":694,""2005"":850,""2006"":762,""2007"":881,""2008"":898,""2009"":934,""2010"":914,""2011"":846,""2012"":913,""2013"":1054,""2014"":970,""2015"":1008,""2016"":1031,""2017"":1094,""2018"":1108,""2019"":1068,""2020"":1059,""2021"":996,""2022"":991,""2023"":989,""2024"":1009,""2025"":1048,""2026"":751}"
David Heckerman,https://scholar.google.com/citations?user=VTGXKrYAAAAJ,2026-09-28,Microsoft Research,"[""Machine Learning"", ""Computational Biology"", ""Genomics"", ""Expert Systems"", ""HIV""]",92639,130,384,18032,56,199,1993,"{""1993"":230,""1994"":227,""1995"":239,""1996"":329,""1997"":480,""1998"":466,""1999"":703,""2000"":840,""2001"":1119,""2002"":1349,""2003"":1806,""2004"":1935,""2005"":2265,""2006"":2629,""2007"":2866,""2008"":3043,""2009"":3385,""2010"":3820,""2011"":3983,""2012"":4816,""2013"":4961,""2014"":5055,""2015"":4792,""2016"":4369,""2017"":4300,""2018"":4147,""2019"":4246,""2020"":4114,""2021"":3893,""2022"":3745,""2023"":3177,""2024"":2833,""2025"":2630,""2026"":1750}"
David Wetherall,https://scholar.google.com/citations?user=HeEBacsAAAAJ,2026-09-28,"Professor of Computer Science & Engineering, University of Washington","[""networking"", ""mobile computing"", ""wireless"", ""distributed systems""]",68966,86,161,11233,40,88,1987,"{""1987"":193,""1988"":215,""1989"":249,""1990"":317,""1991"":329,""1992"":328,""1993"":343,""1994"":382,""1995"":310,""1996"":409,""1997"":560,""1998"":785,""1999"":1017,""2000"":1190,""2001"":1446,""2002"":1838,""2003"":1998,""2004"":2226,""2005"":2369,""2006"":2310,""2007"":2385,""2008"":2334,""2009"":2576,""2010"":2484,""2011"":2486,""2012"":2670,""2013"":2616,""2014"":2772,""2015"":2833,""2016"":2946,""2017"":2805,""2018"":2807,""2019"":2723,""2020"":2424,""2021"":2123,""2022"":1943,""2023"":1755,""2024"":1893,""2025"":2042,""2026"":1472}"
Dean Tullsen,https://scholar.google.com/citations?user=h8wSTmMAAAAJ,2026-09-28,"Department of Computer Science and Engineering, UC San Diego","[""computer architecture"", ""security""]",23613,66,142,4655,33,74,1996,"{""1996"":61,""1997"":95,""1998"":189,""1999"":238,""2000"":296,""2001"":365,""2002"":460,""2003"":526,""2004"":749,""2005"":792,""2006"":908,""2007"":884,""2008"":868,""2009"":887,""2010"":946,""2011"":937,""2012"":1105,""2013"":1034,""2014"":1085,""2015"":1196,""2016"":1225,""2017"":1009,""2018"":972,""2019"":966,""2020"":890,""2021"":808,""2022"":734,""2023"":735,""2024"":813,""2025"":939,""2026"":622}"
Diane Souvaine,https://scholar.google.com/citations?user=QTRDjTUAAAAJ,2026-09-28,"Professor of Computer Science & Vice Provost for Research, Tufts University","[""Computational Geometry"", ""Design and Analysis of Algorithms""]",2442,28,48,383,12,14,1987,"{""1987"":8,""1988"":19,""1989"":7,""1990"":21,""1991"":33,""1992"":40,""1993"":23,""1994"":24,""1995"":47,""1996"":37,""1997"":44,""1998"":33,""1999"":40,""2000"":35,""2001"":40,""2002"":36,""2003"":28,""2004"":54,""2005"":45,""2006"":73,""2007"":86,""2008"":84,""2009"":95,""2010"":96,""2011"":93,""2012"":122,""2013"":94,""2014"":94,""2015"":123,""2016"":91,""2017"":91,""2018"":75,""2019"":76,""2020"":90,""2021"":80,""2022"":67,""2023"":70,""2024"":63,""2025"":51,""2026"":52}"
Divesh Srivastava,https://scholar.google.com/citations?user=kGKlHp0AAAAJ,2026-09-28,AT&T Labs-Research,"[""Data management""]",39613,100,394,8783,45,179,1993,"{""1993"":127,""1994"":124,""1995"":215,""1996"":210,""1997"":303,""1998"":320,""1999"":394,""2000"":402,""2001"":464,""2002"":633,""2003"":802,""2004"":975,""2005"":1347,""2006"":1395,""2007"":1474,""2008"":1367,""2009"":1535,""2010"":1575,""2011"":1561,""2012"":1635,""2013"":1660,""2014"":1548,""2015"":1619,""2016"":1661,""2017"":1751,""2018"":1757,""2019"":1671,""2020"":1748,""2021"":1618,""2022"":1469,""2023"":1526,""2024"":1595,""2025"":1488,""2026"":1078}"
Divyakant Agrawal,https://scholar.google.com/citations?user=XcaEg-cAAAAJ,2026-09-28,"Distinguished Professor of Computer Science, UCSB","[""Big Data & Cloud Computing"", ""Databases"", ""Distributed Systems"", ""Data Security & Privacy""]",30911,86,349,5750,36,109,1992,"{""1992"":98,""1993"":105,""1994"":177,""1995"":189,""1996"":231,""1997"":328,""1998"":325,""1999"":422,""2000"":494,""2001"":475,""2002"":622,""2003"":704,""2004"":784,""2005"":955,""2006"":1034,""2007"":1150,""2008"":1128,""2009"":1143,""2010"":1101,""2011"":1188,""2012"":1290,""2013"":1418,""2014"":1587,""2015"":1532,""2016"":1418,""2017"":1307,""2018"":1203,""2019"":1098,""2020"":1083,""2021"":1062,""2022"":974,""2023"":1128,""2024"":1001,""2025"":985,""2026"":598}"
Geoffrey Fox,https://scholar.google.com/citations?user=dJ-fD-sAAAAJ,2026-09-28,"Professor of Computer Science, University of Virginia, Biocomplexity Institute","[""Cyberinfrastructure"", ""Distributed Systems"", ""Clouds"", ""Parallel Computing"", ""Particle Physics""]",47820,91,648,6757,37,159,1987,"{""1987"":184,""1988"":310,""1989"":408,""1990"":476,""1991"":667,""1992"":845,""1993"":955,""1994"":1127,""1995"":998,""1996"":899,""1997"":897,""1998"":943,""1999"":782,""2000"":867,""2001"":717,""2002"":884,""2003"":1218,""2004"":1256,""2005"":1581,""2006"":1339,""2007"":1557,""2008"":1407,""2009"":1470,""2010"":1312,""2011"":1371,""2012"":1598,""2013"":1591,""2014"":1465,""2015"":1513,""2016"":1458,""2017"":1276,""2018"":1419,""2019"":1371,""2020"":1273,""2021"":1267,""2022"":1126,""2023"":1186,""2024"":1096,""2025"":1221,""2026"":851}"
George Furnas,https://scholar.google.com/citations?user=9tzvo38AAAAJ,2026-09-28,"Professor of Information, Professor of Computer Science, Professor of Psychology, University of Michigan","[""Human Computer Interaction"", ""Visualization"", ""Information Retrieval"", ""Latent Semantic Analysis""]",38036,40,57,5331,16,25,1989,"{""1989"":100,""1990"":116,""1991"":172,""1992"":177,""1993"":232,""1994"":230,""1995"":337,""1996"":339,""1997"":400,""1998"":557,""1999"":547,""2000"":692,""2001"":724,""2002"":885,""2003"":1055,""2004"":1192,""2005"":1316,""2006"":1395,""2007"":1473,""2008"":1499,""2009"":1627,""2010"":1521,""2011"":1479,""2012"":1565,""2013"":1609,""2014"":1665,""2015"":1505,""2016"":1644,""2017"":1625,""2018"":1471,""2019"":1426,""2020"":1305,""2021"":1166,""2022"":1045,""2023"":927,""2024"":824,""2025"":767,""2026"":602}"
Gerard Holzmann,https://scholar.google.com/citations?user=thNT9QYAAAAJ,2026-09-28,Nimble Research,"[""Software verification"", ""logic model checking""]",25027,54,117,2643,20,38,1992,"{""1992"":98,""1993"":148,""1994"":124,""1995"":224,""1996"":300,""1997"":344,""1998"":467,""1999"":518,""2000"":659,""2001"":745,""2002"":904,""2003"":955,""2004"":1045,""2005"":1200,""2006"":1070,""2007"":1247,""2008"":1257,""2009"":1155,""2010"":980,""2011"":1014,""2012"":941,""2013"":930,""2014"":884,""2015"":882,""2016"":841,""2017"":742,""2018"":704,""2019"":714,""2020"":571,""2021"":442,""2022"":503,""2023"":501,""2024"":478,""2025"":447,""2026"":272}"
Guy Blelloch,https://scholar.google.com/citations?user=Z6nLCukAAAAJ,2026-09-28,"Professor of Computer Science, Carnegie Mellon University","[""Algorithms"", ""Programming Languages"", ""Parallelism""]",21750,72,184,6808,40,120,1989,"{""1989"":55,""1990"":100,""1991"":117,""1992"":219,""1993"":266,""1994"":295,""1995"":292,""1996"":338,""1997"":247,""1998"":291,""1999"":283,""2000"":193,""2001"":170,""2002"":152,""2003"":166,""2004"":232,""2005"":231,""2006"":329,""2007"":472,""2008"":404,""2009"":452,""2010"":575,""2011"":672,""2012"":656,""2013"":735,""2014"":805,""2015"":848,""2016"":919,""2017"":895,""2018"":947,""2019"":1084,""2020"":1125,""2021"":1150,""2022"":1068,""2023"":1138,""2024"":1114,""2025"":1354,""2026"":982}"
Howard Karloff,https://scholar.google.com/citations?user=i5PazXwAAAAJ,2026-09-28,Goldman Sachs,"[""algorithms"", ""machine learning"", ""optimization""]",8905,44,74,2135,21,38,1990,"{""1990"":49,""1991"":75,""1992"":59,""1993"":88,""1994"":126,""1995"":77,""1996"":99,""1997"":143,""1998"":117,""1999"":94,""2000"":136,""2001"":118,""2002"":121,""2003"":140,""2004"":197,""2005"":203,""2006"":202,""2007"":168,""2008"":222,""2009"":234,""2010"":289,""2011"":312,""2012"":346,""2013"":399,""2014"":352,""2015"":354,""2016"":365,""2017"":399,""2018"":367,""2019"":363,""2020"":376,""2021"":326,""2022"":382,""2023"":332,""2024"":377,""2025"":384,""2026"":334}"
Hugues Hoppe,https://scholar.google.com/citations?user=RXrifC8AAAAJ,2026-09-28,Computer science researcher,"[""Computer Graphics"", ""Geometry Processing"", ""Geometric Modeling"", ""Computer Vision""]",51082,76,116,10752,36,82,1995,"{""1995"":127,""1996"":216,""1997"":448,""1998"":658,""1999"":731,""2000"":1022,""2001"":1130,""2002"":1409,""2003"":1727,""2004"":1965,""2005"":1996,""2006"":2149,""2007"":2070,""2008"":2059,""2009"":2068,""2010"":2019,""2011"":1973,""2012"":1991,""2013"":1803,""2014"":1900,""2015"":1789,""2016"":1775,""2017"":1676,""2018"":1611,""2019"":1640,""2020"":1687,""2021"":1648,""2022"":1768,""2023"":1804,""2024"":1933,""2025"":2028,""2026"":1478}"
Janos Pach,https://scholar.google.com/citations?user=uOC_Z8QAAAAJ,2026-09-28,Ecole Polytechnique Federale de Lausanne and Renyi Institute Budapest,"[""Discrete Geometry"", ""Computational Geometry"", ""Combinatorics"", ""Graph Drawing""]",18261,69,246,4404,33,121,1989,"{""1989"":53,""1990"":55,""1991"":81,""1992"":69,""1993"":132,""1994"":156,""1995"":152,""1996"":113,""1997"":207,""1998"":211,""1999"":239,""2000"":241,""2001"":220,""2002"":291,""2003"":304,""2004"":450,""2005"":538,""2006"":394,""2007"":469,""2008"":532,""2009"":639,""2010"":605,""2011"":616,""2012"":733,""2013"":754,""2014"":744,""2015"":747,""2016"":660,""2017"":853,""2018"":735,""2019"":679,""2020"":735,""2021"":638,""2022"":573,""2023"":659,""2024"":811,""2025"":943,""2026"":775}"
Joseph S. B. Mitchell,https://scholar.google.com/citations?user=KICA5DoAAAAJ,2026-09-28,"Distinguished Professor, Applied Mathematics and Computer Science, Stony Brook University","[""algorithms"", ""computational geometry"", ""networks"", ""optimization""]",24919,77,247,4731,28,101,1987,"{""1987"":80,""1988"":78,""1989"":47,""1990"":72,""1991"":115,""1992"":101,""1993"":132,""1994"":119,""1995"":191,""1996"":200,""1997"":266,""1998"":308,""1999"":342,""2000"":440,""2001"":475,""2002"":497,""2003"":590,""2004"":699,""2005"":827,""2006"":900,""2007"":992,""2008"":1022,""2009"":1099,""2010"":1064,""2011"":1018,""2012"":914,""2013"":931,""2014"":953,""2015"":935,""2016"":874,""2017"":863,""2018"":869,""2019"":840,""2020"":852,""2021"":828,""2022"":822,""2023"":792,""2024"":824,""2025"":887,""2026"":576}"
Keith Marzullo,https://scholar.google.com/citations?user=hWzTk6MAAAAJ,2026-09-28,"Dean, College of Information and Computer Science, UMass Amherst","[""Distributed systems and algorithms"", ""cybersecurity"", ""privacy""]",9343,48,105,903,14,22,1989,"{""1989"":24,""1990"":45,""1991"":76,""1992"":80,""1993"":163,""1994"":193,""1995"":214,""1996"":192,""1997"":199,""1998"":255,""1999"":222,""2000"":219,""2001"":267,""2002"":284,""2003"":366,""2004"":344,""2005"":436,""2006"":399,""2007"":393,""2008"":395,""2009"":367,""2010"":376,""2011"":327,""2012"":311,""2013"":301,""2014"":276,""2015"":249,""2016"":245,""2017"":246,""2018"":246,""2019"":253,""2020"":230,""2021"":208,""2022"":154,""2023"":130,""2024"":169,""2025"":123,""2026"":119}"
Linda Petzold,https://scholar.google.com/citations?user=6IxWYR0AAAAJ,2026-09-28,"Professor, University of California Santa Barbara","[""Computational science and engineering"", ""Quantitative biology""]",43195,91,296,11829,46,177,1988,"{""1988"":119,""1989"":198,""1990"":227,""1991"":175,""1992"":218,""1993"":188,""1994"":321,""1995"":383,""1996"":401,""1997"":405,""1998"":448,""1999"":452,""2000"":548,""2001"":619,""2002"":694,""2003"":724,""2004"":796,""2005"":1053,""2006"":1167,""2007"":1289,""2008"":1385,""2009"":1443,""2010"":1391,""2011"":1446,""2012"":1604,""2013"":1564,""2014"":1663,""2015"":1627,""2016"":1640,""2017"":1543,""2018"":1535,""2019"":1556,""2020"":1521,""2021"":1689,""2022"":1619,""2023"":1731,""2024"":2207,""2025"":2556,""2026"":2010}"
Margo Seltzer,https://scholar.google.com/citations?user=XeyiyUYAAAAJ,2026-09-28,University of British Columbia,"[""Systems of all sorts""]",22126,77,191,6406,36,91,1993,"{""1993"":64,""1994"":79,""1995"":129,""1996"":156,""1997"":249,""1998"":267,""1999"":392,""2000"":296,""2001"":371,""2002"":451,""2003"":506,""2004"":488,""2005"":520,""2006"":554,""2007"":641,""2008"":726,""2009"":856,""2010"":820,""2011"":871,""2012"":772,""2013"":778,""2014"":716,""2015"":789,""2016"":805,""2017"":721,""2018"":758,""2019"":836,""2020"":767,""2021"":908,""2022"":936,""2023"":1009,""2024"":1089,""2025"":1338,""2026"":1124}"
Martha E. Pollack,https://scholar.google.com/citations?user=5oU0wxcAAAAJ,2026-09-28,"President Emerita, Cornell University","[""Artificial Intelligence""]",16438,54,103,1728,18,30,1988,"{""1988"":52,""1989"":66,""1990"":94,""1991"":121,""1992"":180,""1993"":282,""1994"":270,""1995"":328,""1996"":335,""1997"":263,""1998"":305,""1999"":337,""2000"":359,""2001"":378,""2002"":449,""2003"":521,""2004"":565,""2005"":660,""2006"":726,""2007"":714,""2008"":632,""2009"":683,""2010"":688,""2011"":616,""2012"":715,""2013"":608,""2014"":598,""2015"":575,""2016"":534,""2017"":470,""2018"":438,""2019"":392,""2020"":356,""2021"":337,""2022"":365,""2023"":312,""2024"":246,""2025"":294,""2026"":174}"
Ming Lin,https://scholar.google.com/citations?user=ugFNit4AAAAJ,2026-09-28,Distinguished University Professor of University of Maryland at College Park & Amazon,"[""Computer Animation"", ""Computer Graphics"", ""Geometric Modeling"", ""Robotics"", ""Virtual Reality""]",46535,106,333,12799,50,183,1996,"{""1996"":129,""1997"":230,""1998"":269,""1999"":276,""2000"":474,""2001"":548,""2002"":715,""2003"":899,""2004"":1265,""2005"":1443,""2006"":1500,""2007"":1573,""2008"":1518,""2009"":1504,""2010"":1565,""2011"":1540,""2012"":1610,""2013"":1901,""2014"":1918,""2015"":1871,""2016"":1955,""2017"":1844,""2018"":2049,""2019"":2054,""2020"":2088,""2021"":2120,""2022"":2156,""2023"":2029,""2024"":2248,""2025"":2535,""2026"":1702}"
Nelson Max,https://scholar.google.com/citations?user=di1ip9IAAAAJ,2026-09-28,"University of California, Davis","[""computer graphics and animation"", ""scientific visualization""]",9569,45,97,1522,11,16,1987,"{""1987"":46,""1988"":46,""1989"":43,""1990"":57,""1991"":60,""1992"":89,""1993"":121,""1994"":126,""1995"":188,""1996"":146,""1997"":208,""1998"":163,""1999"":169,""2000"":213,""2001"":313,""2002"":282,""2003"":366,""2004"":416,""2005"":425,""2006"":342,""2007"":312,""2008"":326,""2009"":284,""2010"":289,""2011"":312,""2012"":305,""2013"":266,""2014"":274,""2015"":254,""2016"":278,""2017"":233,""2018"":234,""2019"":177,""2020"":215,""2021"":178,""2022"":256,""2023"":308,""2024"":349,""2025"":254,""2026"":177}"
Peter Key,https://scholar.google.com/citations?user=muWfggEAAAAJ,2026-09-28,Consultant researcher,"[""Stochastic Networks"", ""Network Economics"", ""Game Theory"", ""Routing"", ""Pricing""]",6586,43,104,776,16,29,1991,"{""1991"":47,""1992"":9,""1993"":19,""1994"":23,""1995"":45,""1996"":49,""1997"":65,""1998"":69,""1999"":77,""2000"":115,""2001"":134,""2002"":163,""2003"":166,""2004"":158,""2005"":167,""2006"":210,""2007"":219,""2008"":220,""2009"":248,""2010"":300,""2011"":289,""2012"":307,""2013"":318,""2014"":374,""2015"":406,""2016"":389,""2017"":326,""2018"":304,""2019"":283,""2020"":217,""2021"":195,""2022"":181,""2023"":131,""2024"":114,""2025"":97,""2026"":57}"
Ramesh Govindan,https://scholar.google.com/citations?user=ZTkRs84AAAAJ,2026-09-28,"Professor of Computer Science, University of Southern California","[""Computer Networks""]",63824,106,276,7322,45,133,2000,"{""2000"":204,""2001"":397,""2002"":901,""2003"":1663,""2004"":2347,""2005"":3478,""2006"":3873,""2007"":4167,""2008"":3882,""2009"":3812,""2010"":3763,""2011"":3292,""2012"":3268,""2013"":3085,""2014"":2896,""2015"":2837,""2016"":2655,""2017"":2338,""2018"":2321,""2019"":1978,""2020"":1690,""2021"":1611,""2022"":1312,""2023"":1194,""2024"":1259,""2025"":1136,""2026"":808}"
Robert E. Kraut,https://scholar.google.com/citations?user=HKGYvu4AAAAJ,2026-09-28,"Herbert Simon University Professor Emeritus, Carnegie Mellon University,","[""Social computing"", ""Computational social science"", ""Online communities"", ""Human-Computer Interaction""]",75181,128,308,17478,63,210,1991,"{""1991"":252,""1992"":303,""1993"":411,""1994"":446,""1995"":409,""1996"":430,""1997"":434,""1998"":478,""1999"":657,""2000"":792,""2001"":925,""2002"":1183,""2003"":1233,""2004"":1530,""2005"":1556,""2006"":1786,""2007"":2136,""2008"":2269,""2009"":2378,""2010"":2461,""2011"":2834,""2012"":2985,""2013"":3278,""2014"":3376,""2015"":3543,""2016"":3379,""2017"":3413,""2018"":3456,""2019"":3432,""2020"":3227,""2021"":3247,""2022"":3089,""2023"":2708,""2024"":2747,""2025"":3089,""2026"":2573}"
Ron Baecker,https://scholar.google.com/citations?user=-X6Rj5EAAAAJ,2026-09-28,"Professor of Computer Science, University of Toronto","[""Human-computer interaction"", ""technology for seniors""]",15452,58,140,2808,24,52,1989,"{""1989"":52,""1990"":86,""1991"":104,""1992"":113,""1993"":185,""1994"":227,""1995"":211,""1996"":258,""1997"":315,""1998"":288,""1999"":335,""2000"":309,""2001"":256,""2002"":370,""2003"":390,""2004"":419,""2005"":423,""2006"":416,""2007"":453,""2008"":514,""2009"":545,""2010"":545,""2011"":490,""2012"":553,""2013"":482,""2014"":479,""2015"":501,""2016"":492,""2017"":479,""2018"":500,""2019"":521,""2020"":518,""2021"":538,""2022"":559,""2023"":482,""2024"":500,""2025"":434,""2026"":293}"
Satoshi Matsuoka,https://scholar.google.com/citations?user=UcWOl8YAAAAJ,2026-09-28,RIKEN Center for Computational Science (R-CCS),"[""HPC"", ""Big Data"", ""AI for Science"", ""Green Computing"", ""Post-Moore Computing""]",19179,68,250,4650,33,101,1992,"{""1992"":54,""1993"":96,""1994"":114,""1995"":163,""1996"":191,""1997"":252,""1998"":255,""1999"":260,""2000"":279,""2001"":320,""2002"":314,""2003"":425,""2004"":482,""2005"":481,""2006"":568,""2007"":581,""2008"":501,""2009"":567,""2010"":636,""2011"":624,""2012"":727,""2013"":760,""2014"":816,""2015"":779,""2016"":776,""2017"":705,""2018"":783,""2019"":862,""2020"":861,""2021"":907,""2022"":865,""2023"":800,""2024"":805,""2025"":767,""2026"":503}"
Scott Kirkpatrick,https://scholar.google.com/citations?user=qlKWTsUAAAAJ,2026-09-28,"Professor, School of Engineering and Computer Science, Hebrew University","[""condensed matter physics"", ""computer science"", ""optimization"", ""networks""]",105567,66,125,19579,27,50,1987,"{""1987"":900,""1988"":904,""1989"":1009,""1990"":1118,""1991"":1264,""1992"":1291,""1993"":1382,""1994"":1435,""1995"":1429,""1996"":1495,""1997"":1518,""1998"":1510,""1999"":1516,""2000"":1573,""2001"":1850,""2002"":1845,""2003"":2021,""2004"":2168,""2005"":2581,""2006"":2611,""2007"":2892,""2008"":3141,""2009"":3170,""2010"":3247,""2011"":3276,""2012"":3684,""2013"":3588,""2014"":3514,""2015"":3376,""2016"":3473,""2017"":3214,""2018"":3354,""2019"":3278,""2020"":3245,""2021"":3353,""2022"":3345,""2023"":3096,""2024"":3266,""2025"":3638,""2026"":2880}"
Serge Abiteboul,https://scholar.google.com/citations?user=lk_jn24AAAAJ,2026-09-28,INRIA Saclay,"[""data bases""]",38388,87,204,3468,23,48,1988,"{""1988"":115,""1989"":173,""1990"":379,""1991"":400,""1992"":523,""1993"":551,""1994"":536,""1995"":722,""1996"":571,""1997"":973,""1998"":1093,""1999"":1260,""2000"":1445,""2001"":1620,""2002"":1768,""2003"":1710,""2004"":1590,""2005"":1702,""2006"":1491,""2007"":1680,""2008"":1246,""2009"":1488,""2010"":1318,""2011"":1216,""2012"":1259,""2013"":1182,""2014"":1045,""2015"":899,""2016"":942,""2017"":831,""2018"":771,""2019"":828,""2020"":687,""2021"":659,""2022"":642,""2023"":613,""2024"":593,""2025"":528,""2026"":433}"
Shubu Mukherjee,https://scholar.google.com/citations?user=tRaNOv4AAAAJ,2026-09-28,"Vice President, Architecture, SiFive, Inc.","[""Computer architecture""]",10024,42,100,1569,18,39,1996,"{""1996"":34,""1997"":37,""1998"":96,""1999"":52,""2000"":72,""2001"":84,""2002"":118,""2003"":119,""2004"":177,""2005"":306,""2006"":356,""2007"":441,""2008"":564,""2009"":454,""2010"":544,""2011"":558,""2012"":478,""2013"":463,""2014"":509,""2015"":583,""2016"":527,""2017"":459,""2018"":410,""2019"":433,""2020"":378,""2021"":385,""2022"":350,""2023"":206,""2024"":272,""2025"":219,""2026"":137}"
Steve Keckler,https://scholar.google.com/citations?user=PpjjRvoAAAAJ,2026-09-28,"Vice President of Architecture Research, NVIDIA","[""computer architecture""]",31651,82,199,11960,48,132,2000,"{""2000"":93,""2001"":150,""2002"":236,""2003"":363,""2004"":545,""2005"":578,""2006"":692,""2007"":696,""2008"":817,""2009"":964,""2010"":965,""2011"":1055,""2012"":1050,""2013"":1160,""2014"":1131,""2015"":1216,""2016"":1273,""2017"":1267,""2018"":1484,""2019"":1518,""2020"":1781,""2021"":1891,""2022"":2168,""2023"":2122,""2024"":2178,""2025"":2133,""2026"":1456}"
Susan Landau,https://scholar.google.com/citations?user=6emSUYoAAAAJ,2026-09-28,Tufts University,"[""encryption policy"", ""surveillance"", ""privacy"", ""cybersecurity policy""]",5033,35,76,1349,18,35,1989,"{""1989"":13,""1990"":24,""1991"":23,""1992"":38,""1993"":22,""1994"":42,""1995"":26,""1996"":44,""1997"":36,""1998"":36,""1999"":51,""2000"":66,""2001"":68,""2002"":71,""2003"":75,""2004"":65,""2005"":66,""2006"":95,""2007"":82,""2008"":115,""2009"":122,""2010"":118,""2011"":131,""2012"":135,""2013"":187,""2014"":191,""2015"":250,""2016"":250,""2017"":271,""2018"":257,""2019"":262,""2020"":250,""2021"":260,""2022"":244,""2023"":239,""2024"":230,""2025"":207,""2026"":166}"
Thomas Ball,https://scholar.google.com/citations?user=d2f0VUQAAAAJ,2026-09-28,Univ. Washington & Lancaster Univ.,"[""Program analysis"", ""verification"", ""testing"", ""CS education""]",26939,71,143,4446,36,72,1994,"{""1994"":100,""1995"":91,""1996"":102,""1997"":152,""1998"":190,""1999"":244,""2000"":231,""2001"":379,""2002"":558,""2003"":619,""2004"":873,""2005"":1110,""2006"":1019,""2007"":1181,""2008"":1165,""2009"":1222,""2010"":1270,""2011"":1230,""2012"":1251,""2013"":1326,""2014"":1301,""2015"":1240,""2016"":1206,""2017"":1045,""2018"":1051,""2019"":965,""2020"":948,""2021"":893,""2022"":781,""2023"":733,""2024"":745,""2025"":729,""2026"":563}"
Z. Meral Ozsoyoglu,https://scholar.google.com/citations?user=QRrrUU0AAAAJ,2026-09-28,"Professor of Computer Science, Case Western Reserve University","[""database systems"", ""query processing"", ""index structures""]",4793,30,70,356,8,7,1987,"{""1987"":63,""1988"":50,""1989"":76,""1990"":110,""1991"":77,""1992"":116,""1993"":96,""1994"":88,""1995"":106,""1996"":74,""1997"":79,""1998"":108,""1999"":115,""2000"":106,""2001"":128,""2002"":156,""2003"":155,""2004"":233,""2005"":187,""2006"":198,""2007"":163,""2008"":197,""2009"":204,""2010"":205,""2011"":173,""2012"":160,""2013"":137,""2014"":128,""2015"":98,""2016"":98,""2017"":89,""2018"":78,""2019"":85,""2020"":73,""2021"":85,""2022"":75,""2023"":50,""2024"":51,""2025"":59,""2026"":36}"
Amr El Abbadi,https://scholar.google.com/citations?user=tNmIw4MAAAAJ,2026-09-28,"Professor of Computer Science, UC Santa Barbara","[""Databases"", ""Distributed systems"", ""social NW"", ""cloud computing""]",25941,80,302,5165,35,105,1990,"{""1990"":93,""1991"":102,""1992"":131,""1993"":133,""1994"":208,""1995"":219,""1996"":245,""1997"":341,""1998"":329,""1999"":422,""2000"":473,""2001"":424,""2002"":550,""2003"":614,""2004"":653,""2005"":770,""2006"":778,""2007"":851,""2008"":801,""2009"":856,""2010"":803,""2011"":893,""2012"":1001,""2013"":1139,""2014"":1270,""2015"":1224,""2016"":1116,""2017"":1027,""2018"":1002,""2019"":895,""2020"":906,""2021"":924,""2022"":880,""2023"":982,""2024"":906,""2025"":931,""2026"":540}"
Andreas Zeller,https://scholar.google.com/citations?user=-Qytr_YAAAAJ,2026-09-28,"Faculty, CISPA Helmholtz Center for Information Security • Professor, Saarland University","[""Software Engineering"", ""Program Analysis"", ""Software Testing"", ""Automated Debugging"", ""Software Security""]",28015,73,192,9088,45,131,2002,"{""2002"":88,""2003"":112,""2004"":168,""2005"":344,""2006"":426,""2007"":498,""2008"":578,""2009"":730,""2010"":959,""2011"":1043,""2012"":1095,""2013"":1402,""2014"":1418,""2015"":1497,""2016"":1568,""2017"":1543,""2018"":1661,""2019"":1660,""2020"":1611,""2021"":1641,""2022"":1530,""2023"":1513,""2024"":1495,""2025"":1546,""2026"":1357}"
Anne Condon,https://scholar.google.com/citations?user=SO_j4zwAAAAJ,2026-09-28,"Professor of Computer Science, University of British Columbia","[""Algorithms Complexity Theory"", ""DNA Computing"", ""Molecular Programming"", ""Formal Verification""]",11815,51,112,2833,26,53,1994,"{""1994"":54,""1995"":94,""1996"":66,""1997"":75,""1998"":97,""1999"":100,""2000"":165,""2001"":141,""2002"":211,""2003"":269,""2004"":271,""2005"":349,""2006"":359,""2007"":373,""2008"":447,""2009"":459,""2010"":445,""2011"":453,""2012"":552,""2013"":482,""2014"":452,""2015"":440,""2016"":433,""2017"":372,""2018"":487,""2019"":539,""2020"":502,""2021"":486,""2022"":506,""2023"":550,""2024"":455,""2025"":471,""2026"":365}"
Christos Faloutsos,https://scholar.google.com/citations?user=nd8lQQIAAAAJ,2026-09-28,CMU,"[""Data Mining"", ""Graph Mining"", ""Databases""]",126112,159,648,30683,81,367,1993,"{""1993"":327,""1994"":349,""1995"":520,""1996"":680,""1997"":929,""1998"":1170,""1999"":1348,""2000"":1475,""2001"":1838,""2002"":1923,""2003"":2218,""2004"":2441,""2005"":2748,""2006"":2999,""2007"":3103,""2008"":3366,""2009"":3776,""2010"":3975,""2011"":4511,""2012"":5072,""2013"":4985,""2014"":5560,""2015"":6048,""2016"":6222,""2017"":6426,""2018"":6374,""2019"":6522,""2020"":6203,""2021"":6041,""2022"":5489,""2023"":5177,""2024"":5007,""2025"":5263,""2026"":3696}"
Daniel Spielman,https://scholar.google.com/citations?user=L82mYv8AAAAJ,2026-09-28,"Professor of Computer Science, Yale University","[""Theoretical Computer Science""]",25565,62,93,8072,41,63,1997,"{""1997"":77,""1998"":85,""1999"":103,""2000"":128,""2001"":217,""2002"":264,""2003"":368,""2004"":527,""2005"":595,""2006"":647,""2007"":665,""2008"":633,""2009"":774,""2010"":817,""2011"":834,""2012"":887,""2013"":917,""2014"":1113,""2015"":1122,""2016"":1235,""2017"":1233,""2018"":1225,""2019"":1242,""2020"":1219,""2021"":1182,""2022"":1189,""2023"":1360,""2024"":1358,""2025"":1575,""2026"":1408}"
David Ungar,https://scholar.google.com/citations?user=wmKyC-EAAAAJ,2026-09-28,Apple,"[""Programming Languages and Implementation""]",10334,44,75,884,14,17,1987,"{""1987"":42,""1988"":92,""1989"":128,""1990"":137,""1991"":226,""1992"":241,""1993"":266,""1994"":276,""1995"":365,""1996"":391,""1997"":259,""1998"":284,""1999"":319,""2000"":308,""2001"":285,""2002"":299,""2003"":278,""2004"":369,""2005"":342,""2006"":382,""2007"":393,""2008"":313,""2009"":308,""2010"":296,""2011"":338,""2012"":304,""2013"":299,""2014"":297,""2015"":280,""2016"":246,""2017"":266,""2018"":238,""2019"":193,""2020"":167,""2021"":190,""2022"":180,""2023"":136,""2024"":132,""2025"":145,""2026"":101}"
David S. Rosenblum,https://scholar.google.com/citations?user=FyUQvCoAAAAJ,2026-09-28,"Vice President for Research, Constructor University","[""Machine Learning"", ""Mobile Computing"", ""Software Testing"", ""Distributed Systems""]",17526,60,136,3348,27,50,1995,"{""1995"":53,""1996"":51,""1997"":93,""1998"":141,""1999"":234,""2000"":286,""2001"":420,""2002"":570,""2003"":626,""2004"":697,""2005"":726,""2006"":726,""2007"":693,""2008"":702,""2009"":637,""2010"":691,""2011"":615,""2012"":619,""2013"":651,""2014"":577,""2015"":496,""2016"":525,""2017"":464,""2018"":884,""2019"":1006,""2020"":578,""2021"":582,""2022"":536,""2023"":560,""2024"":567,""2025"":684,""2026"":416}"
Dieter Rombach,https://scholar.google.com/citations?user=T_618nIAAAAJ,2026-09-28,"Professor of Computer Science, University of Kaiserslautern","[""Software Engineering"", ""Processes"", ""Measurement""]",14658,42,109,2552,17,30,1989,"{""1989"":91,""1990"":90,""1991"":106,""1992"":116,""1993"":193,""1994"":179,""1995"":217,""1996"":282,""1997"":272,""1998"":245,""1999"":316,""2000"":293,""2001"":336,""2002"":341,""2003"":362,""2004"":317,""2005"":411,""2006"":395,""2007"":500,""2008"":493,""2009"":512,""2010"":521,""2011"":476,""2012"":624,""2013"":607,""2014"":579,""2015"":508,""2016"":517,""2017"":509,""2018"":486,""2019"":492,""2020"":411,""2021"":442,""2022"":476,""2023"":441,""2024"":453,""2025"":429,""2026"":311}"
Doug Burger,https://scholar.google.com/citations?user=5JtQbw0AAAAJ,2026-09-28,"Corporate VP, Managing Director, Microsoft Research Core","[""AI architecture and large-scale AI systems""]",49177,86,289,16609,47,160,1997,"{""1997"":137,""1998"":182,""1999"":248,""2000"":385,""2001"":536,""2002"":675,""2003"":880,""2004"":1092,""2005"":1206,""2006"":1306,""2007"":1209,""2008"":1254,""2009"":1284,""2010"":1236,""2011"":1272,""2012"":1312,""2013"":1554,""2014"":1749,""2015"":2082,""2016"":2128,""2017"":2201,""2018"":2475,""2019"":2821,""2020"":2735,""2021"":2814,""2022"":2479,""2023"":1824,""2024"":2210,""2025"":3185,""2026"":4065}"
Fernando Pereira,https://scholar.google.com/citations?user=qWDmIgIAAAAJ,2026-09-28,"VP, Google","[""Machine Learning"", ""Computational Linguistics"", ""Speech Recognition"", ""Artificial Intelligence"", ""Bioinformatics""]",91846,92,206,34369,39,90,1987,"{""1987"":247,""1988"":295,""1989"":254,""1990"":369,""1991"":342,""1992"":292,""1993"":342,""1994"":422,""1995"":409,""1996"":360,""1997"":452,""1998"":445,""1999"":498,""2000"":551,""2001"":583,""2002"":692,""2003"":842,""2004"":847,""2005"":1313,""2006"":1466,""2007"":1962,""2008"":2134,""2009"":2606,""2010"":2986,""2011"":2849,""2012"":3235,""2013"":3436,""2014"":3423,""2015"":3374,""2016"":3307,""2017"":3268,""2018"":3623,""2019"":4053,""2020"":4383,""2021"":4541,""2022"":4665,""2023"":4301,""2024"":5021,""2025"":7065,""2026"":8755}"
Frank Tompa,https://scholar.google.com/citations?user=sOl6-dEAAAAJ,2026-09-28,"Distinguished Professor Emeritus, University of Waterloo","[""Text Databases"", ""Search Engines"", ""Document Engineering""]",4260,30,66,497,12,12,1987,"{""1987"":35,""1988"":57,""1989"":75,""1990"":72,""1991"":102,""1992"":96,""1993"":113,""1994"":103,""1995"":153,""1996"":118,""1997"":171,""1998"":153,""1999"":119,""2000"":93,""2001"":89,""2002"":111,""2003"":98,""2004"":120,""2005"":115,""2006"":92,""2007"":96,""2008"":102,""2009"":108,""2010"":120,""2011"":111,""2012"":108,""2013"":106,""2014"":123,""2015"":91,""2016"":100,""2017"":104,""2018"":82,""2019"":97,""2020"":90,""2021"":113,""2022"":87,""2023"":94,""2024"":68,""2025"":66,""2026"":69}"
James Goodman,https://scholar.google.com/citations?user=Qef1aiAAAAAJ,2026-09-28,"Professor Emeritus of Computer Science, University of Wisconsin-Madison","[""computer architecture"", ""transactional memory""]",8643,41,76,514,11,19,1987,"{""1987"":80,""1988"":138,""1989"":129,""1990"":190,""1991"":183,""1992"":201,""1993"":248,""1994"":221,""1995"":259,""1996"":260,""1997"":274,""1998"":272,""1999"":226,""2000"":234,""2001"":204,""2002"":209,""2003"":212,""2004"":227,""2005"":294,""2006"":259,""2007"":325,""2008"":296,""2009"":272,""2010"":322,""2011"":289,""2012"":199,""2013"":200,""2014"":244,""2015"":222,""2016"":306,""2017"":207,""2018"":247,""2019"":200,""2020"":161,""2021"":140,""2022"":125,""2023"":86,""2024"":55,""2025"":75,""2026"":33}"
Jean-Pierre Hubaux,https://scholar.google.com/citations?user=W7YBLlEAAAAJ,2026-09-28,"Professor, EPFL","[""Privacy"", ""Security"", ""Networking""]",51390,104,309,10722,50,160,2001,"{""2001"":153,""2002"":299,""2003"":642,""2004"":987,""2005"":1425,""2006"":1676,""2007"":1949,""2008"":2330,""2009"":2399,""2010"":2846,""2011"":2745,""2012"":2762,""2013"":2700,""2014"":2739,""2015"":2441,""2016"":2463,""2017"":2458,""2018"":2440,""2019"":2236,""2020"":2122,""2021"":1984,""2022"":2115,""2023"":1685,""2024"":1745,""2025"":1907,""2026"":1267}"
Jennifer Chayes,https://scholar.google.com/citations?user=YAHWbtkAAAAJ,2026-09-28,"Professor, UC Berkeley",[],24175,77,189,11317,42,123,1987,"{""1987"":110,""1988"":80,""1989"":83,""1990"":103,""1991"":99,""1992"":89,""1993"":135,""1994"":104,""1995"":117,""1996"":107,""1997"":108,""1998"":122,""1999"":138,""2000"":153,""2001"":150,""2002"":153,""2003"":164,""2004"":177,""2005"":215,""2006"":318,""2007"":313,""2008"":427,""2009"":442,""2010"":505,""2011"":484,""2012"":613,""2013"":664,""2014"":676,""2015"":667,""2016"":787,""2017"":882,""2018"":1055,""2019"":1001,""2020"":1149,""2021"":1227,""2022"":1418,""2023"":1516,""2024"":2024,""2025"":2671,""2026"":2394}"
John Launchbury,https://scholar.google.com/citations?user=00kXvqYAAAAJ,2026-09-28,"Chief Scientist, Galois",[],5425,33,51,525,11,12,1990,"{""1990"":15,""1991"":34,""1992"":39,""1993"":83,""1994"":128,""1995"":174,""1996"":188,""1997"":141,""1998"":204,""1999"":201,""2000"":250,""2001"":209,""2002"":242,""2003"":205,""2004"":242,""2005"":189,""2006"":174,""2007"":237,""2008"":172,""2009"":180,""2010"":140,""2011"":140,""2012"":144,""2013"":135,""2014"":128,""2015"":165,""2016"":113,""2017"":155,""2018"":132,""2019"":127,""2020"":106,""2021"":97,""2022"":88,""2023"":86,""2024"":87,""2025"":89,""2026"":78}"
Josep Torrellas,https://scholar.google.com/citations?user=zdnAkgsAAAAJ,2026-09-28,"Professor of Computer Science, University of Illinois Urbana-Champaign","[""Computer architecture"", ""parallel computing"", ""shared-memory architectures""]",19994,74,252,5753,38,109,1995,"{""1995"":74,""1996"":102,""1997"":135,""1998"":172,""1999"":191,""2000"":233,""2001"":245,""2002"":318,""2003"":340,""2004"":387,""2005"":541,""2006"":525,""2007"":532,""2008"":622,""2009"":796,""2010"":857,""2011"":868,""2012"":860,""2013"":808,""2014"":758,""2015"":820,""2016"":757,""2017"":749,""2018"":654,""2019"":803,""2020"":740,""2021"":844,""2022"":845,""2023"":910,""2024"":916,""2025"":1187,""2026"":1047}"
Kathleen Fisher,https://scholar.google.com/citations?user=8mi-oYYAAAAJ,2026-09-28,"Adjunct Professor of Computer Science, Tufts University","[""Programming Languages""]",4253,33,59,998,17,23,1994,"{""1994"":17,""1995"":20,""1996"":47,""1997"":46,""1998"":51,""1999"":107,""2000"":85,""2001"":70,""2002"":107,""2003"":80,""2004"":100,""2005"":124,""2006"":122,""2007"":124,""2008"":140,""2009"":120,""2010"":118,""2011"":134,""2012"":130,""2013"":108,""2014"":139,""2015"":177,""2016"":177,""2017"":184,""2018"":178,""2019"":224,""2020"":251,""2021"":200,""2022"":196,""2023"":169,""2024"":144,""2025"":165,""2026"":124}"
Lorenzo Alvisi,https://scholar.google.com/citations?user=TIGS4c8AAAAJ,2026-09-28,"Tisch University Professor of Computer Science, Cornell University","[""Distributed Computing""]",16887,59,98,3987,28,47,1998,"{""1998"":69,""1999"":72,""2000"":89,""2001"":187,""2002"":230,""2003"":287,""2004"":473,""2005"":525,""2006"":564,""2007"":597,""2008"":684,""2009"":685,""2010"":752,""2011"":749,""2012"":689,""2013"":720,""2014"":780,""2015"":686,""2016"":670,""2017"":653,""2018"":690,""2019"":828,""2020"":704,""2021"":751,""2022"":648,""2023"":697,""2024"":714,""2025"":699,""2026"":474}"
Lydia E. Kavraki,https://scholar.google.com/citations?user=Q6pxNZYAAAAJ,2026-09-28,Rice University,"[""Robotics"", ""AI"", ""Bioinformatics"", ""Algorithms""]",45502,89,274,15242,48,171,1997,"{""1997"":128,""1998"":191,""1999"":235,""2000"":294,""2001"":442,""2002"":468,""2003"":529,""2004"":856,""2005"":1011,""2006"":1085,""2007"":1312,""2008"":1386,""2009"":1350,""2010"":1478,""2011"":1604,""2012"":1615,""2013"":1788,""2014"":1746,""2015"":1738,""2016"":1918,""2017"":1799,""2018"":2056,""2019"":2028,""2020"":2318,""2021"":2448,""2022"":2509,""2023"":2495,""2024"":2564,""2025"":2958,""2026"":2263}"
Mark Crovella,https://scholar.google.com/citations?user=vrHhOlUAAAAJ,2026-09-28,"Professor of Computer Science and Computing & Data Sciences, Boston University","[""Networking"", ""Systems"", ""Data Mining"", ""Statistics"", ""Performance Evaluation""]",33904,73,139,3756,29,71,1996,"{""1996"":133,""1997"":277,""1998"":383,""1999"":667,""2000"":870,""2001"":1142,""2002"":1402,""2003"":1417,""2004"":1570,""2005"":1580,""2006"":1640,""2007"":1684,""2008"":1531,""2009"":1590,""2010"":1586,""2011"":1351,""2012"":1383,""2013"":1310,""2014"":1392,""2015"":1231,""2016"":1097,""2017"":1073,""2018"":1109,""2019"":1156,""2020"":913,""2021"":802,""2022"":750,""2023"":591,""2024"":641,""2025"":538,""2026"":433}"
M Dahlin,https://scholar.google.com/citations?user=hdXvVdgAAAAJ,2026-09-28,Professor of Computer Science University of Texas,"[""operating systems"", ""distributed systems""]",17133,59,99,2761,23,35,1995,"{""1995"":71,""1996"":173,""1997"":275,""1998"":278,""1999"":382,""2000"":348,""2001"":422,""2002"":505,""2003"":527,""2004"":625,""2005"":559,""2006"":558,""2007"":655,""2008"":700,""2009"":717,""2010"":694,""2011"":706,""2012"":659,""2013"":718,""2014"":701,""2015"":591,""2016"":650,""2017"":608,""2018"":601,""2019"":735,""2020"":598,""2021"":622,""2022"":495,""2023"":499,""2024"":459,""2025"":429,""2026"":257}"
Michael I. Jordan,https://scholar.google.com/citations?user=yxUduqMAAAAJ,2026-09-28,"Professor of Electrical Engineering and Computer Sciences and Professor of Statistics, UC Berkeley","[""machine learning"", ""computer science"", ""statistics"", ""artificial intelligence"", ""optimization""]",381984,225,866,183206,149,657,1997,"{""1997"":1227,""1998"":1266,""1999"":1255,""2000"":1264,""2001"":1491,""2002"":1621,""2003"":2285,""2004"":2878,""2005"":3647,""2006"":4256,""2007"":5010,""2008"":5778,""2009"":6911,""2010"":7842,""2011"":8666,""2012"":10054,""2013"":10726,""2014"":11604,""2015"":12583,""2016"":14125,""2017"":14918,""2018"":17505,""2019"":20547,""2020"":23584,""2021"":26769,""2022"":28070,""2023"":30086,""2024"":32454,""2025"":35708,""2026"":30034}"
Pavel Pevzner,https://scholar.google.com/citations?user=rfS5yTMAAAAJ,2026-09-28,University of California at San Diego,"[""bioinformatics"", ""computational molecular biology"", ""algorithms""]",111500,117,282,56691,62,181,2001,"{""2001"":319,""2002"":546,""2003"":681,""2004"":1063,""2005"":1743,""2006"":1980,""2007"":2045,""2008"":2210,""2009"":2046,""2010"":2089,""2011"":2173,""2012"":2150,""2013"":2353,""2014"":2470,""2015"":2680,""2016"":3433,""2017"":4202,""2018"":4923,""2019"":6027,""2020"":7524,""2021"":8906,""2022"":9395,""2023"":9518,""2024"":9830,""2025"":10624,""2026"":8352}"
Peter M. Chen,https://scholar.google.com/citations?user=dVZNQqUAAAAJ,2026-09-28,University of Michigan,"[""operating systems"", ""virtual machines"", ""file systems"", ""fault tolerance"", ""security""]",16885,56,82,2627,28,44,1990,"{""1990"":50,""1991"":59,""1992"":64,""1993"":140,""1994"":146,""1995"":179,""1996"":216,""1997"":200,""1998"":190,""1999"":250,""2000"":249,""2001"":166,""2002"":211,""2003"":283,""2004"":301,""2005"":411,""2006"":508,""2007"":586,""2008"":650,""2009"":661,""2010"":754,""2011"":737,""2012"":759,""2013"":835,""2014"":706,""2015"":716,""2016"":689,""2017"":775,""2018"":784,""2019"":785,""2020"":781,""2021"":676,""2022"":536,""2023"":419,""2024"":399,""2025"":368,""2026"":229}"
Philip Klein,https://scholar.google.com/citations?user=gVUD47sAAAAJ,2026-09-28,"Professor of Computer Science, Brown University","[""Algorithms"", ""graphs"", ""approximation algorithms"", ""combinatorial optimization""]",11825,55,100,2257,27,57,1989,"{""1989"":29,""1990"":35,""1991"":39,""1992"":45,""1993"":104,""1994"":94,""1995"":103,""1996"":109,""1997"":155,""1998"":175,""1999"":130,""2000"":142,""2001"":163,""2002"":167,""2003"":273,""2004"":305,""2005"":368,""2006"":388,""2007"":417,""2008"":477,""2009"":466,""2010"":554,""2011"":513,""2012"":420,""2013"":518,""2014"":450,""2015"":385,""2016"":438,""2017"":402,""2018"":551,""2019"":418,""2020"":467,""2021"":378,""2022"":476,""2023"":362,""2024"":310,""2025"":400,""2026"":331}"
Raymond Mooney,https://scholar.google.com/citations?user=p9RsPG4AAAAJ,2026-09-28,"Professor of Computer Science, University of Texas at Austin","[""Artificial Intelligence"", ""Machine Learning"", ""Data Mining"", ""Natural Language Processing"", ""Computational Linguistics""]",51456,102,277,12391,60,145,1989,"{""1989"":198,""1990"":213,""1991"":246,""1992"":253,""1993"":325,""1994"":352,""1995"":358,""1996"":343,""1997"":272,""1998"":325,""1999"":351,""2000"":319,""2001"":310,""2002"":393,""2003"":528,""2004"":678,""2005"":1072,""2006"":1161,""2007"":1364,""2008"":1559,""2009"":1576,""2010"":1789,""2011"":1884,""2012"":2147,""2013"":2019,""2014"":2258,""2015"":2323,""2016"":2471,""2017"":2764,""2018"":2758,""2019"":2841,""2020"":2678,""2021"":2681,""2022"":2574,""2023"":2283,""2024"":1974,""2025"":1792,""2026"":1084}"
Richard F. Lyon,https://scholar.google.com/citations?user=sJJamz4AAAAJ,2026-09-28,"Research Scientist, Google Inc.","[""Machine Hearing"", ""Signal Processing"", ""Sensors"", ""Hearing Accessibility"", ""Photography""]",11514,54,137,2653,24,49,1987,"{""1987"":61,""1988"":96,""1989"":83,""1990"":87,""1991"":115,""1992"":129,""1993"":130,""1994"":109,""1995"":93,""1996"":183,""1997"":142,""1998"":168,""1999"":153,""2000"":142,""2001"":180,""2002"":139,""2003"":194,""2004"":233,""2005"":336,""2006"":306,""2007"":278,""2008"":261,""2009"":308,""2010"":354,""2011"":334,""2012"":414,""2013"":369,""2014"":412,""2015"":439,""2016"":394,""2017"":477,""2018"":450,""2019"":439,""2020"":500,""2021"":555,""2022"":575,""2023"":425,""2024"":388,""2025"":447,""2026"":262}"
S Muthukrishnan,https://scholar.google.com/citations?user=MvyO9jAAAAAJ,2026-09-28,Rutgers Univ,[],32588,87,261,8105,40,114,1999,"{""1999"":120,""2000"":172,""2001"":214,""2002"":354,""2003"":533,""2004"":791,""2005"":979,""2006"":1163,""2007"":1297,""2008"":1286,""2009"":1404,""2010"":1307,""2011"":1276,""2012"":1334,""2013"":1489,""2014"":1461,""2015"":1384,""2016"":1398,""2017"":1394,""2018"":1451,""2019"":1467,""2020"":1498,""2021"":1622,""2022"":1525,""2023"":1441,""2024"":1336,""2025"":1305,""2026"":876}"
Sara Kiesler,https://scholar.google.com/citations?user=8Qu_gAMAAAAJ,2026-09-28,"Emeritus Hillman Professor of Computer Science and Human Computer Interaction, Carnegie Mellon","[""human-computer interaction"", ""collaboration"", ""human-robot interaction"", ""social computing"", ""online communities""]",86904,111,231,16088,60,136,1990,"{""1990"":290,""1991"":361,""1992"":402,""1993"":398,""1994"":629,""1995"":696,""1996"":817,""1997"":769,""1998"":983,""1999"":1157,""2000"":1484,""2001"":1656,""2002"":2007,""2003"":2074,""2004"":2129,""2005"":2232,""2006"":2313,""2007"":2707,""2008"":2932,""2009"":2962,""2010"":3022,""2011"":3333,""2012"":3365,""2013"":3793,""2014"":3634,""2015"":3686,""2016"":3595,""2017"":3431,""2018"":3352,""2019"":3336,""2020"":3306,""2021"":3248,""2022"":3095,""2023"":2834,""2024"":2633,""2025"":2532,""2026"":1746}"
Sarita Adve,https://scholar.google.com/citations?user=5m-oAesAAAAJ,2026-09-28,"Professor of Computer Science, University of Illinois at Urbana-Champaign","[""Computer architecture"", ""parallel computing"", ""computer systems"", ""reliability"", ""energy""]",18938,69,138,3251,31,74,1992,"{""1992"":71,""1993"":126,""1994"":88,""1995"":109,""1996"":125,""1997"":174,""1998"":258,""1999"":256,""2000"":291,""2001"":212,""2002"":337,""2003"":344,""2004"":494,""2005"":501,""2006"":470,""2007"":583,""2008"":646,""2009"":694,""2010"":962,""2011"":955,""2012"":945,""2013"":932,""2014"":917,""2015"":959,""2016"":851,""2017"":907,""2018"":725,""2019"":738,""2020"":673,""2021"":596,""2022"":562,""2023"":538,""2024"":558,""2025"":544,""2026"":450}"
Shumin Zhai,https://scholar.google.com/citations?user=jJLvY8AAAAAJ,2026-09-28,Google,"[""Mobile User Interfaces"", ""Human-Computer Interaction"", ""Human Performance Models"", ""Text Input"", ""Input Devices and Methods""]",24681,88,212,6474,43,133,1996,"{""1996"":76,""1997"":86,""1998"":117,""1999"":157,""2000"":135,""2001"":121,""2002"":283,""2003"":313,""2004"":505,""2005"":523,""2006"":585,""2007"":767,""2008"":760,""2009"":746,""2010"":902,""2011"":845,""2012"":926,""2013"":1061,""2014"":1174,""2015"":1184,""2016"":1066,""2017"":1291,""2018"":1371,""2019"":1524,""2020"":1300,""2021"":1312,""2022"":1317,""2023"":1017,""2024"":1179,""2025"":1113,""2026"":533}"
Stefan Savage,https://scholar.google.com/citations?user=_JhgbioAAAAJ,2026-09-28,"Professor of Computer Science and Engineering, UC San Diego","[""Security"", ""Computer Security"", ""Networking"", ""Computer Networks"", ""Operating Systems""]",55447,92,187,12771,53,130,1996,"{""1996"":187,""1997"":209,""1998"":252,""1999"":222,""2000"":282,""2001"":396,""2002"":619,""2003"":940,""2004"":1370,""2005"":1630,""2006"":1770,""2007"":1840,""2008"":1804,""2009"":1837,""2010"":2026,""2011"":2241,""2012"":2173,""2013"":2384,""2014"":2575,""2015"":2799,""2016"":2825,""2017"":2906,""2018"":2936,""2019"":2824,""2020"":2707,""2021"":2472,""2022"":2233,""2023"":2177,""2024"":2047,""2025"":2160,""2026"":1667}"
Subhash Suri,https://scholar.google.com/citations?user=VgrH9A8AAAAJ,2026-09-28,"Professor of Computer Science, University of California, Santa Barbara","[""Algorithms"", ""Networking"", ""Artificial Intelligence"", ""Databases"", ""Game Theory""]",21682,76,214,2684,24,72,1990,"{""1990"":73,""1991"":121,""1992"":120,""1993"":103,""1994"":131,""1995"":184,""1996"":136,""1997"":166,""1998"":177,""1999"":226,""2000"":313,""2001"":318,""2002"":447,""2003"":589,""2004"":806,""2005"":967,""2006"":1040,""2007"":1040,""2008"":1041,""2009"":1129,""2010"":1078,""2011"":1044,""2012"":915,""2013"":971,""2014"":970,""2015"":817,""2016"":770,""2017"":740,""2018"":675,""2019"":724,""2020"":674,""2021"":555,""2022"":558,""2023"":480,""2024"":410,""2025"":400,""2026"":276}"
Wendy Hall,https://scholar.google.com/citations?user=9NaDv3oAAAAJ,2026-09-28,"University of Southampton, UK","[""Web Science and Technologies"", ""Semantic Web"", ""Digital Libraries"", ""Hypermedia"", ""Multimedia""]",20587,62,259,3595,28,59,1992,"{""1992"":59,""1993"":101,""1994"":114,""1995"":224,""1996"":247,""1997"":367,""1998"":328,""1999"":428,""2000"":477,""2001"":486,""2002"":568,""2003"":615,""2004"":666,""2005"":551,""2006"":562,""2007"":662,""2008"":726,""2009"":882,""2010"":780,""2011"":717,""2012"":780,""2013"":734,""2014"":777,""2015"":689,""2016"":767,""2017"":682,""2018"":660,""2019"":826,""2020"":783,""2021"":719,""2022"":694,""2023"":652,""2024"":619,""2025"":601,""2026"":305}"
Alok Choudhary,https://scholar.google.com/citations?user=6nvFl5sAAAAJ,2026-09-28,Professor Northwestern University,"[""Data Science"", ""AI/ML"", ""Supercomputing"", ""business intelligence"", ""marketing""]",40593,89,457,16794,51,161,1993,"{""1993"":117,""1994"":278,""1995"":412,""1996"":452,""1997"":388,""1998"":422,""1999"":385,""2000"":379,""2001"":434,""2002"":359,""2003"":492,""2004"":471,""2005"":493,""2006"":543,""2007"":609,""2008"":560,""2009"":715,""2010"":785,""2011"":905,""2012"":990,""2013"":1149,""2014"":1274,""2015"":1370,""2016"":1447,""2017"":1469,""2018"":1748,""2019"":2100,""2020"":2474,""2021"":2614,""2022"":2856,""2023"":2851,""2024"":2896,""2025"":3068,""2026"":2495}"
Andrew V. Goldberg,https://scholar.google.com/citations?user=U5iFVowAAAAJ,2026-09-28,"Endowed Chair Professor, ISE, Lehigh University","[""Algorithms"", ""Algoritm Engineering"", ""Mechanism Design"", ""Combinatorial Optimization""]",27865,74,154,6078,37,88,1988,"{""1988"":94,""1989"":103,""1990"":127,""1991"":148,""1992"":184,""1993"":172,""1994"":142,""1995"":203,""1996"":137,""1997"":243,""1998"":282,""1999"":234,""2000"":272,""2001"":334,""2002"":340,""2003"":443,""2004"":470,""2005"":701,""2006"":645,""2007"":737,""2008"":856,""2009"":830,""2010"":978,""2011"":1053,""2012"":1110,""2013"":1274,""2014"":1206,""2015"":1331,""2016"":1415,""2017"":1204,""2018"":1327,""2019"":1325,""2020"":1254,""2021"":1190,""2022"":1191,""2023"":998,""2024"":1037,""2025"":1029,""2026"":629}"
Arie Kaufman,https://scholar.google.com/citations?user=fDdcWBEAAAAJ,2026-09-28,"Distinguished Professor and Chair of Computer Science, Stony Brook University","[""visualization"", ""computer graphics"", ""virtual reality"", ""geometric modeling"", ""medical imaging""]",27592,90,329,4172,33,98,1989,"{""1989"":69,""1990"":97,""1991"":165,""1992"":164,""1993"":195,""1994"":288,""1995"":365,""1996"":427,""1997"":470,""1998"":498,""1999"":644,""2000"":755,""2001"":835,""2002"":900,""2003"":870,""2004"":979,""2005"":1195,""2006"":1093,""2007"":1204,""2008"":1192,""2009"":1066,""2010"":945,""2011"":1076,""2012"":928,""2013"":1059,""2014"":855,""2015"":796,""2016"":735,""2017"":703,""2018"":722,""2019"":742,""2020"":747,""2021"":779,""2022"":785,""2023"":659,""2024"":715,""2025"":744,""2026"":488}"
Baba C Vemuri,https://scholar.google.com/citations?user=1fEZ_osAAAAJ,2026-09-28,"Distinguished Professor, Dept. of CISE, University of Florida","[""First interest"", ""Second interest"", ""...Statistics on Manifolds"", ""Computer Vision and Medical Image Computing""]",19838,60,186,3278,24,66,1992,"{""1992"":71,""1993"":75,""1994"":93,""1995"":73,""1996"":89,""1997"":84,""1998"":119,""1999"":133,""2000"":152,""2001"":268,""2002"":390,""2003"":355,""2004"":456,""2005"":585,""2006"":691,""2007"":793,""2008"":817,""2009"":970,""2010"":818,""2011"":942,""2012"":1019,""2013"":1001,""2014"":834,""2015"":921,""2016"":944,""2017"":802,""2018"":768,""2019"":740,""2020"":731,""2021"":685,""2022"":561,""2023"":557,""2024"":542,""2025"":519,""2026"":412}"
Bruce Davie,https://scholar.google.com/citations?user=NzwUAfIAAAAJ,2026-09-28,"Founder, Systems Approach, LLC","[""Networking""]",16102,47,95,2715,25,43,1993,"{""1993"":87,""1994"":79,""1995"":87,""1996"":89,""1997"":137,""1998"":208,""1999"":203,""2000"":387,""2001"":547,""2002"":664,""2003"":847,""2004"":849,""2005"":771,""2006"":710,""2007"":696,""2008"":587,""2009"":571,""2010"":501,""2011"":499,""2012"":519,""2013"":471,""2014"":454,""2015"":469,""2016"":478,""2017"":466,""2018"":574,""2019"":587,""2020"":455,""2021"":580,""2022"":772,""2023"":335,""2024"":464,""2025"":374,""2026"":190}"
Bruce Donald,https://scholar.google.com/citations?user=TkayRqQAAAAJ,2026-09-28,"Professor of Computer Science, Mathematics, Chemistry, and Biochemistry, Duke University","[""Protein Design"", ""Geometric Computing"", ""Computational Structural Biology"", ""Computational Biology"", ""MEMS/Nanoscience and Robotics""]",15773,66,155,3025,24,59,1988,"{""1988"":68,""1989"":100,""1990"":96,""1991"":129,""1992"":129,""1993"":175,""1994"":149,""1995"":239,""1996"":175,""1997"":242,""1998"":197,""1999"":221,""2000"":281,""2001"":311,""2002"":251,""2003"":266,""2004"":362,""2005"":429,""2006"":452,""2007"":458,""2008"":491,""2009"":535,""2010"":529,""2011"":538,""2012"":560,""2013"":663,""2014"":574,""2015"":715,""2016"":754,""2017"":629,""2018"":591,""2019"":598,""2020"":565,""2021"":570,""2022"":564,""2023"":510,""2024"":524,""2025"":515,""2026"":340}"
Chandrajit Bajaj,https://scholar.google.com/citations?user=gyL3CZ0AAAAJ,2026-09-28,"Computational Applied Mathematics Chair, Professor of Computer Science,","[""Comp. Math."", ""Data Sciences"", ""Image Processing"", ""Geometric Modeling"", ""Structural Bioinformatics and Visualization""]",26254,77,314,4187,30,92,1988,"{""1988"":146,""1989"":108,""1990"":138,""1991"":150,""1992"":250,""1993"":203,""1994"":244,""1995"":223,""1996"":222,""1997"":352,""1998"":367,""1999"":420,""2000"":512,""2001"":572,""2002"":667,""2003"":808,""2004"":871,""2005"":996,""2006"":1005,""2007"":1047,""2008"":1118,""2009"":1101,""2010"":1045,""2011"":971,""2012"":1043,""2013"":1008,""2014"":975,""2015"":930,""2016"":853,""2017"":760,""2018"":851,""2019"":782,""2020"":704,""2021"":684,""2022"":773,""2023"":737,""2024"":726,""2025"":742,""2026"":524}"
David F. Bacon,https://scholar.google.com/citations?user=guNVlmIAAAAJ,2026-09-28,Google,"[""Databases"", ""Programming Languages"", ""Cloud Data Storage""]",8508,44,89,1019,14,25,1991,"{""1991"":46,""1992"":57,""1993"":69,""1994"":88,""1995"":103,""1996"":101,""1997"":137,""1998"":141,""1999"":128,""2000"":141,""2001"":168,""2002"":204,""2003"":260,""2004"":290,""2005"":295,""2006"":338,""2007"":385,""2008"":345,""2009"":376,""2010"":426,""2011"":334,""2012"":385,""2013"":399,""2014"":385,""2015"":360,""2016"":341,""2017"":317,""2018"":272,""2019"":274,""2020"":189,""2021"":200,""2022"":194,""2023"":177,""2024"":197,""2025"":155,""2026"":95}"
David Karger,https://scholar.google.com/citations?user=2vQRGrYAAAAJ,2026-09-28,"Professor of Computer Science, MIT","[""Information Management"", ""HCI"", ""Semantic Web"", ""PIM"", ""Algorithms""]",76779,102,256,10736,47,136,1997,"{""1997"":259,""1998"":328,""1999"":348,""2000"":350,""2001"":494,""2002"":1190,""2003"":2108,""2004"":2970,""2005"":3707,""2006"":3909,""2007"":4097,""2008"":4261,""2009"":4383,""2010"":4228,""2011"":4023,""2012"":3934,""2013"":3946,""2014"":3640,""2015"":3381,""2016"":3080,""2017"":2811,""2018"":2583,""2019"":2295,""2020"":2188,""2021"":2023,""2022"":1894,""2023"":1800,""2024"":1711,""2025"":1865,""2026"":1436}"
Dinesh Manocha,https://scholar.google.com/citations?user=Nqawxa0AAAAJ,2026-09-28,University of Maryland,"[""Robotics"", ""Computer Graphics"", ""Virtual Reality"", ""Audio Processing"", ""Motion Planning""]",82165,152,754,35625,80,553,1997,"{""1997"":437,""1998"":493,""1999"":589,""2000"":736,""2001"":808,""2002"":1008,""2003"":1192,""2004"":1545,""2005"":1733,""2006"":1841,""2007"":1969,""2008"":2026,""2009"":2056,""2010"":2223,""2011"":2216,""2012"":2342,""2013"":2587,""2014"":2653,""2015"":2507,""2016"":2641,""2017"":2369,""2018"":2734,""2019"":2819,""2020"":3479,""2021"":3987,""2022"":4610,""2023"":5150,""2024"":6276,""2025"":8283,""2026"":7253}"
Erich Kaltofen,https://scholar.google.com/citations?user=irht4jgAAAAJ,2026-09-28,NCSU,"[""Symbolic Computation""]",8914,52,124,1494,19,42,1987,"{""1987"":59,""1988"":51,""1989"":59,""1990"":95,""1991"":102,""1992"":94,""1993"":89,""1994"":117,""1995"":100,""1996"":116,""1997"":126,""1998"":136,""1999"":172,""2000"":194,""2001"":174,""2002"":240,""2003"":238,""2004"":292,""2005"":222,""2006"":258,""2007"":387,""2008"":254,""2009"":277,""2010"":351,""2011"":335,""2012"":286,""2013"":372,""2014"":300,""2015"":272,""2016"":251,""2017"":296,""2018"":296,""2019"":260,""2020"":240,""2021"":296,""2022"":262,""2023"":223,""2024"":233,""2025"":261,""2026"":219}"
Hagit Attiya,https://scholar.google.com/citations?user=eoMK92MAAAAJ,2026-09-28,"Department of Computer Science, Technion","[""Distributed Computing"", ""Distributed Algorithms""]",11307,49,114,2178,22,49,1989,"{""1989"":33,""1990"":55,""1991"":61,""1992"":128,""1993"":138,""1994"":178,""1995"":142,""1996"":151,""1997"":133,""1998"":168,""1999"":134,""2000"":164,""2001"":127,""2002"":118,""2003"":295,""2004"":238,""2005"":237,""2006"":327,""2007"":310,""2008"":356,""2009"":333,""2010"":391,""2011"":434,""2012"":429,""2013"":457,""2014"":486,""2015"":505,""2016"":478,""2017"":411,""2018"":483,""2019"":457,""2020"":370,""2021"":348,""2022"":395,""2023"":393,""2024"":394,""2025"":382,""2026"":261}"
Hans-Peter Kriegel,https://scholar.google.com/citations?user=DBf9LC4AAAAJ,2026-09-28,"Professor für Informatik, Ludwig-Maximilians-University Munich","[""Database Systems"", ""Data Mining""]",133494,106,321,53986,48,124,1997,"{""1997"":412,""1998"":620,""1999"":946,""2000"":1075,""2001"":1385,""2002"":1534,""2003"":1715,""2004"":1931,""2005"":2219,""2006"":2549,""2007"":2453,""2008"":2572,""2009"":2958,""2010"":3016,""2011"":3084,""2012"":3624,""2013"":4076,""2014"":4327,""2015"":4882,""2016"":5292,""2017"":5370,""2018"":6391,""2019"":7078,""2020"":7568,""2021"":8814,""2022"":8799,""2023"":9103,""2024"":9573,""2025"":10441,""2026"":7256}"
Ian T. Foster,https://scholar.google.com/citations?user=VGoSakQAAAAJ,2026-09-28,University of Chicago and Argonne National Laboratory,"[""Computer science"", ""computational science"", ""distributed computing"", ""data science""]",152216,147,790,26312,68,362,1996,"{""1996"":396,""1997"":553,""1998"":685,""1999"":920,""2000"":1302,""2001"":1875,""2002"":3220,""2003"":5984,""2004"":7976,""2005"":10061,""2006"":10248,""2007"":9677,""2008"":8681,""2009"":8056,""2010"":7315,""2011"":6580,""2012"":5841,""2013"":5203,""2014"":4498,""2015"":4137,""2016"":3859,""2017"":3531,""2018"":3647,""2019"":3810,""2020"":3589,""2021"":3957,""2022"":4186,""2023"":4019,""2024"":4498,""2025"":5275,""2026"":4298}"
John Riedl,https://scholar.google.com/citations?user=iFWaKtMAAAAJ,2026-09-28,"Professor of Computer Science, University of Minnesota","[""Intelligent User Interfaces"", ""Social Web"", ""Recommender Systems""]",86077,79,158,17728,43,83,1999,"{""1999"":235,""2000"":434,""2001"":763,""2002"":884,""2003"":1247,""2004"":1708,""2005"":1909,""2006"":2221,""2007"":2498,""2008"":3037,""2009"":3353,""2010"":3863,""2011"":3805,""2012"":4419,""2013"":4567,""2014"":4669,""2015"":4753,""2016"":4708,""2017"":4431,""2018"":4493,""2019"":4483,""2020"":4035,""2021"":3755,""2022"":3394,""2023"":3000,""2024"":2970,""2025"":2704,""2026"":1905}"
Jose Blakeley,https://scholar.google.com/citations?user=VV3ByXUAAAAJ,2026-09-28,Microsoft Corporation,"[""Database Systems"", ""Distributed Database Systems"", ""Data Warehousing"", ""Massively Parallel Processing"", ""Database Appliance""]",5058,34,61,481,10,12,1987,"{""1987"":14,""1988"":29,""1989"":35,""1990"":29,""1991"":55,""1992"":55,""1993"":86,""1994"":87,""1995"":142,""1996"":162,""1997"":178,""1998"":143,""1999"":151,""2000"":128,""2001"":93,""2002"":102,""2003"":80,""2004"":119,""2005"":98,""2006"":121,""2007"":155,""2008"":146,""2009"":199,""2010"":212,""2011"":171,""2012"":184,""2013"":221,""2014"":215,""2015"":196,""2016"":187,""2017"":210,""2018"":173,""2019"":162,""2020"":142,""2021"":134,""2022"":111,""2023"":62,""2024"":71,""2025"":60,""2026"":43}"
Joseph Hellerstein,https://scholar.google.com/citations?user=uFJi3IUAAAAJ,2026-09-28,"Jim Gray Professor of the Graduate School, UC Berkeley","[""Databases"", ""Distributed Systems"", ""Programming Languages""]",56229,109,257,11369,56,145,1998,"{""1998"":240,""1999"":420,""2000"":417,""2001"":517,""2002"":725,""2003"":1148,""2004"":1663,""2005"":2006,""2006"":2372,""2007"":2514,""2008"":2474,""2009"":2682,""2010"":2347,""2011"":2250,""2012"":2307,""2013"":2482,""2014"":2627,""2015"":2663,""2016"":2528,""2017"":2391,""2018"":2355,""2019"":2295,""2020"":2194,""2021"":2214,""2022"":2065,""2023"":1965,""2024"":1879,""2025"":1878,""2026"":1364}"
Kyu-Young Whang,https://scholar.google.com/citations?user=LZSo1YEAAAAJ,2026-09-28,"Distinguished Professor Emeritus of Computer Science, KAIST","[""Database"", ""Search Engines""]",6370,33,75,1131,10,12,1987,"{""1987"":30,""1988"":22,""1989"":31,""1990"":26,""1991"":19,""1992"":31,""1993"":56,""1994"":37,""1995"":35,""1996"":42,""1997"":52,""1998"":44,""1999"":48,""2000"":69,""2001"":82,""2002"":81,""2003"":67,""2004"":123,""2005"":133,""2006"":178,""2007"":179,""2008"":215,""2009"":250,""2010"":246,""2011"":293,""2012"":309,""2013"":312,""2014"":311,""2015"":373,""2016"":307,""2017"":288,""2018"":296,""2019"":281,""2020"":247,""2021"":266,""2022"":224,""2023"":211,""2024"":189,""2025"":148,""2026"":93}"
Margaret Martonosi,https://scholar.google.com/citations?user=tgYsFS0AAAAJ,2026-09-28,"Professor of Computer Science, Princeton University","[""Computer Architecture"", ""Mobile Computing"", ""Quantum Computing""]",40545,95,250,10291,51,140,1998,"{""1998"":119,""1999"":166,""2000"":250,""2001"":329,""2002"":477,""2003"":664,""2004"":826,""2005"":1003,""2006"":1214,""2007"":1393,""2008"":1462,""2009"":1481,""2010"":1870,""2011"":1869,""2012"":2083,""2013"":2072,""2014"":1960,""2015"":2059,""2016"":1828,""2017"":1674,""2018"":1639,""2019"":1665,""2020"":1557,""2021"":1651,""2022"":1591,""2023"":1623,""2024"":1808,""2025"":1968,""2026"":1637}"
martin rinard,https://scholar.google.com/citations?user=hxlxVEUAAAAJ,2026-09-28,MIT,"[""programming languages"", ""software engineering""]",25277,79,222,5863,37,119,1993,"{""1993"":79,""1994"":127,""1995"":127,""1996"":147,""1997"":150,""1998"":167,""1999"":170,""2000"":214,""2001"":226,""2002"":310,""2003"":484,""2004"":595,""2005"":673,""2006"":690,""2007"":855,""2008"":737,""2009"":803,""2010"":841,""2011"":898,""2012"":869,""2013"":888,""2014"":951,""2015"":1264,""2016"":1338,""2017"":1347,""2018"":1446,""2019"":1413,""2020"":1181,""2021"":1193,""2022"":1046,""2023"":993,""2024"":986,""2025"":970,""2026"":672}"
martin vetterli,https://scholar.google.com/citations?user=YQcU3NYAAAAJ,2026-09-28,"Professor of computer and communication science, Ecole Polytechnique Federale Lausanne","[""signal processing"", ""communications"", ""information theory""]",85348,121,483,11200,41,164,1990,"{""1990"":271,""1991"":335,""1992"":547,""1993"":859,""1994"":979,""1995"":1118,""1996"":1323,""1997"":1508,""1998"":1835,""1999"":1531,""2000"":1700,""2001"":1575,""2002"":1722,""2003"":2101,""2004"":2334,""2005"":2859,""2006"":3047,""2007"":3322,""2008"":3396,""2009"":3808,""2010"":3748,""2011"":3509,""2012"":3863,""2013"":3888,""2014"":3514,""2015"":3542,""2016"":3450,""2017"":3109,""2018"":3028,""2019"":2563,""2020"":2263,""2021"":2112,""2022"":1942,""2023"":1889,""2024"":1860,""2025"":1834,""2026"":1561}"
Maurizio Lenzerini,https://scholar.google.com/citations?user=EYxaICEAAAAJ,2026-09-28,"Professor of Computer Science, Sapienza University of Rome","[""Data Management"", ""Artificial Intelligence"", ""Knowledge Representation"", ""Description Logics"", ""Ontology languages""]",33120,87,212,3894,27,70,1991,"{""1991"":125,""1992"":152,""1993"":216,""1994"":267,""1995"":288,""1996"":332,""1997"":266,""1998"":455,""1999"":530,""2000"":652,""2001"":815,""2002"":838,""2003"":855,""2004"":1048,""2005"":1336,""2006"":1341,""2007"":1653,""2008"":1682,""2009"":1705,""2010"":1590,""2011"":1369,""2012"":1447,""2013"":1448,""2014"":1366,""2015"":1273,""2016"":1270,""2017"":1093,""2018"":965,""2019"":1065,""2020"":887,""2021"":748,""2022"":675,""2023"":678,""2024"":686,""2025"":676,""2026"":426}"
Michael T. Goodrich,https://scholar.google.com/citations?user=sSS9gSoAAAAJ,2026-09-28,"Professor of Computer Science, University of California, Irvine","[""Algorithms"", ""Data Structures"", ""Computer Security"", ""Computational Geometry"", ""Graph Drawing""]",19419,77,229,3680,28,91,1988,"{""1988"":75,""1989"":104,""1990"":114,""1991"":90,""1992"":167,""1993"":141,""1994"":187,""1995"":198,""1996"":232,""1997"":233,""1998"":265,""1999"":248,""2000"":326,""2001"":285,""2002"":319,""2003"":413,""2004"":474,""2005"":492,""2006"":485,""2007"":585,""2008"":582,""2009"":622,""2010"":602,""2011"":691,""2012"":759,""2013"":846,""2014"":923,""2015"":829,""2016"":837,""2017"":841,""2018"":952,""2019"":772,""2020"":660,""2021"":687,""2022"":646,""2023"":679,""2024"":535,""2025"":639,""2026"":491}"
Paulo Esteves-Verissimo,https://scholar.google.com/citations?user=aMHx8aUAAAAJ,2026-09-28,"Former Professor of Computer Science and RC3 Center Director, CEMSE -- KAUST","[""Dependability"", ""Cyber Resilience"", ""Real-Time Systems"", ""Software Defined Networking"", ""Distributed Systems""]",19727,59,157,6357,26,62,1992,"{""1992"":85,""1993"":118,""1994"":62,""1995"":111,""1996"":104,""1997"":129,""1998"":148,""1999"":176,""2000"":161,""2001"":238,""2002"":326,""2003"":341,""2004"":330,""2005"":347,""2006"":314,""2007"":491,""2008"":375,""2009"":472,""2010"":385,""2011"":387,""2012"":320,""2013"":351,""2014"":429,""2015"":638,""2016"":974,""2017"":1206,""2018"":1312,""2019"":1425,""2020"":1199,""2021"":1289,""2022"":1240,""2023"":1022,""2024"":1022,""2025"":1039,""2026"":743}"
Rajiv Gupta,https://scholar.google.com/citations?user=6P4bGWAAAAAJ,2026-09-28,"Distinguished Professor & Amrik Singh Poonian Chair, University of California, Riverside","[""Compilers"", ""Software Engineering"", ""Computer Architecture"", ""Parallel Computing"", ""Graph Analytics""]",16716,68,236,2983,27,76,1990,"{""1990"":46,""1991"":51,""1992"":97,""1993"":113,""1994"":181,""1995"":186,""1996"":191,""1997"":232,""1998"":278,""1999"":295,""2000"":282,""2001"":319,""2002"":372,""2003"":394,""2004"":577,""2005"":569,""2006"":710,""2007"":592,""2008"":550,""2009"":595,""2010"":574,""2011"":638,""2012"":654,""2013"":655,""2014"":746,""2015"":594,""2016"":643,""2017"":610,""2018"":606,""2019"":571,""2020"":592,""2021"":613,""2022"":458,""2023"":547,""2024"":488,""2025"":569,""2026"":308}"
Ricardo Baeza-Yates,https://scholar.google.com/citations?user=v9xULZwAAAAJ,2026-09-28,"KTH - Univ. Pompeu Fabra - Univ. de Chile; Sweden, Spain & Chile","[""Responsible AI"", ""Information retrieval"", ""Web search"", ""Web mining"", ""algorithms and data structures""]",60377,95,381,10026,39,143,1992,"{""1992"":174,""1993"":146,""1994"":184,""1995"":208,""1996"":334,""1997"":382,""1998"":489,""1999"":474,""2000"":715,""2001"":904,""2002"":1298,""2003"":1637,""2004"":1955,""2005"":2201,""2006"":2445,""2007"":2571,""2008"":2826,""2009"":2778,""2010"":2919,""2011"":2740,""2012"":2782,""2013"":2910,""2014"":2680,""2015"":2591,""2016"":2387,""2017"":2199,""2018"":2098,""2019"":2020,""2020"":1870,""2021"":1758,""2022"":1776,""2023"":1550,""2024"":1794,""2025"":1831,""2026"":1296}"
Renee Miller,https://scholar.google.com/citations?user=NjeM1LsAAAAJ,2026-09-28,University of Waterloo,"[""Data Management"", ""Database Systems"", ""Computer Science""]",16685,63,137,4482,30,74,1998,"{""1998"":42,""1999"":55,""2000"":100,""2001"":149,""2002"":183,""2003"":342,""2004"":466,""2005"":612,""2006"":598,""2007"":639,""2008"":708,""2009"":797,""2010"":773,""2011"":775,""2012"":685,""2013"":694,""2014"":674,""2015"":606,""2016"":579,""2017"":579,""2018"":632,""2019"":573,""2020"":630,""2021"":644,""2022"":628,""2023"":704,""2024"":881,""2025"":953,""2026"":665}"
Robbert van Renesse,https://scholar.google.com/citations?user=uJbM58UAAAAJ,2026-09-28,"Professor of Computer Science, Cornell University","[""distributed systems"", ""fault tolerance""]",26334,73,189,4432,28,60,1988,"{""1988"":86,""1989"":139,""1990"":155,""1991"":157,""1992"":242,""1993"":272,""1994"":231,""1995"":339,""1996"":472,""1997"":576,""1998"":687,""1999"":588,""2000"":663,""2001"":637,""2002"":671,""2003"":774,""2004"":900,""2005"":960,""2006"":972,""2007"":923,""2008"":822,""2009"":824,""2010"":856,""2011"":732,""2012"":763,""2013"":727,""2014"":675,""2015"":713,""2016"":711,""2017"":813,""2018"":1040,""2019"":1165,""2020"":1117,""2021"":1011,""2022"":923,""2023"":759,""2024"":641,""2025"":706,""2026"":392}"
Shang-Hua Teng,https://scholar.google.com/citations?user=JknkZcQAAAAJ,2026-09-28,"University Professor of Computer Science and Math, USC","[""algorithms"", ""complexity theory"", ""game theory"", ""network science"", ""optimization""]",22107,67,173,5231,32,76,1993,"{""1993"":134,""1994"":139,""1995"":184,""1996"":219,""1997"":240,""1998"":232,""1999"":214,""2000"":211,""2001"":189,""2002"":240,""2003"":252,""2004"":340,""2005"":404,""2006"":477,""2007"":632,""2008"":665,""2009"":767,""2010"":841,""2011"":938,""2012"":895,""2013"":973,""2014"":1075,""2015"":1037,""2016"":1061,""2017"":1000,""2018"":1002,""2019"":965,""2020"":988,""2021"":919,""2022"":870,""2023"":918,""2024"":884,""2025"":934,""2026"":706}"
Thomas Erickson,https://scholar.google.com/citations?user=e5yN9ewAAAAJ,2026-09-28,retired@Minneapolis,"[""Human Computer Interaction"", ""Computer Supported Cooperative Work"", ""Interaction Design""]",15035,54,132,3168,25,60,1994,"{""1994"":39,""1995"":64,""1996"":84,""1997"":91,""1998"":119,""1999"":161,""2000"":228,""2001"":260,""2002"":432,""2003"":440,""2004"":512,""2005"":602,""2006"":551,""2007"":582,""2008"":593,""2009"":652,""2010"":550,""2011"":519,""2012"":556,""2013"":574,""2014"":587,""2015"":521,""2016"":527,""2017"":526,""2018"":476,""2019"":529,""2020"":605,""2021"":628,""2022"":684,""2023"":535,""2024"":513,""2025"":481,""2026"":327}"
Thomas Dean,https://scholar.google.com/citations?user=zJd3D4YAAAAJ,2026-09-28,Brown University,"[""Artificial Intelligence""]",16010,45,96,2088,19,25,1987,"{""1987"":51,""1988"":87,""1989"":111,""1990"":255,""1991"":236,""1992"":288,""1993"":303,""1994"":535,""1995"":378,""1996"":416,""1997"":441,""1998"":449,""1999"":439,""2000"":436,""2001"":455,""2002"":441,""2003"":489,""2004"":507,""2005"":517,""2006"":499,""2007"":593,""2008"":528,""2009"":510,""2010"":435,""2011"":373,""2012"":485,""2013"":514,""2014"":457,""2015"":425,""2016"":409,""2017"":379,""2018"":344,""2019"":377,""2020"":436,""2021"":401,""2022"":345,""2023"":328,""2024"":373,""2025"":359,""2026"":272}"
Urs Hölzle,https://scholar.google.com/citations?user=3ox8XlUAAAAJ,2026-09-28,Google Inc,[],22554,48,82,5252,19,25,1994,"{""1994"":63,""1995"":107,""1996"":164,""1997"":147,""1998"":171,""1999"":269,""2000"":308,""2001"":338,""2002"":321,""2003"":296,""2004"":351,""2005"":356,""2006"":387,""2007"":395,""2008"":382,""2009"":455,""2010"":593,""2011"":690,""2012"":970,""2013"":1108,""2014"":1255,""2015"":1398,""2016"":1424,""2017"":1372,""2018"":1289,""2019"":1091,""2020"":996,""2021"":894,""2022"":829,""2023"":774,""2024"":831,""2025"":976,""2026"":940}"
Venu Govindaraju,https://scholar.google.com/citations?user=ruIgbscAAAAJ,2026-09-28,"SUNY Distinguished Professor, State University of New York, Buffalo","[""Machine Learning"", ""Pattern Recognition"", ""Biometrics"", ""Language Technologies""]",18504,70,294,3747,30,106,1994,"{""1994"":57,""1995"":97,""1996"":97,""1997"":128,""1998"":90,""1999"":158,""2000"":165,""2001"":213,""2002"":227,""2003"":225,""2004"":286,""2005"":367,""2006"":402,""2007"":526,""2008"":662,""2009"":700,""2010"":730,""2011"":955,""2012"":1025,""2013"":952,""2014"":1061,""2015"":1000,""2016"":901,""2017"":915,""2018"":939,""2019"":789,""2020"":755,""2021"":734,""2022"":728,""2023"":658,""2024"":641,""2025"":598,""2026"":386}"
Yorick Wilks,https://scholar.google.com/citations?user=NsHFYDcAAAAJ,2026-09-28,"Senior Research Scientist, IHMC, Florida","[""Artificial Intelligence"", ""Natural Language Processing"", ""Computational Linguistics""]",28394,81,287,3870,25,69,1987,"{""1987"":187,""1988"":213,""1989"":216,""1990"":187,""1991"":245,""1992"":302,""1993"":287,""1994"":289,""1995"":273,""1996"":332,""1997"":394,""1998"":475,""1999"":535,""2000"":537,""2001"":564,""2002"":680,""2003"":778,""2004"":901,""2005"":923,""2006"":963,""2007"":1105,""2008"":1094,""2009"":969,""2010"":995,""2011"":960,""2012"":1023,""2013"":1007,""2014"":970,""2015"":870,""2016"":849,""2017"":763,""2018"":768,""2019"":850,""2020"":801,""2021"":848,""2022"":759,""2023"":770,""2024"":623,""2025"":552,""2026"":289}"
Yossi Matias,https://scholar.google.com/citations?user=IwSe1-MAAAAJ,2026-09-28,Google,[],53057,77,248,37672,56,165,1998,"{""1998"":219,""1999"":256,""2000"":216,""2001"":289,""2002"":387,""2003"":488,""2004"":533,""2005"":601,""2006"":642,""2007"":712,""2008"":631,""2009"":718,""2010"":666,""2011"":687,""2012"":714,""2013"":720,""2014"":800,""2015"":773,""2016"":853,""2017"":748,""2018"":852,""2019"":906,""2020"":994,""2021"":913,""2022"":1042,""2023"":1788,""2024"":5046,""2025"":11016,""2026"":17536}"
Alex Aiken,https://scholar.google.com/citations?user=3vKjkoQAAAAJ,2026-09-28,"Professor of Computer Science, Stanford University","[""programming languages"", ""compilers"", ""verification"", ""parallelism""]",31837,93,220,9377,44,139,1991,"{""1991"":80,""1992"":117,""1993"":169,""1994"":197,""1995"":225,""1996"":245,""1997"":236,""1998"":302,""1999"":222,""2000"":271,""2001"":364,""2002"":386,""2003"":386,""2004"":590,""2005"":676,""2006"":759,""2007"":969,""2008"":1011,""2009"":996,""2010"":1117,""2011"":1081,""2012"":1161,""2013"":1251,""2014"":1277,""2015"":1283,""2016"":1283,""2017"":1294,""2018"":1270,""2019"":1421,""2020"":1354,""2021"":1555,""2022"":1420,""2023"":1537,""2024"":1577,""2025"":1851,""2026"":1429}"
Bertrand Meyer,https://scholar.google.com/citations?user=W8nOgCwAAAAJ,2026-09-28,"Professor of Software Engineering, Constructor Institute of Technology","[""Software engineering"", ""object-oriented programming"", ""software verification"", ""Eiffel"", ""concurrent programming""]",33959,63,219,3846,28,62,1988,"{""1988"":94,""1989"":226,""1990"":413,""1991"":516,""1992"":695,""1993"":753,""1994"":729,""1995"":757,""1996"":746,""1997"":692,""1998"":721,""1999"":763,""2000"":755,""2001"":815,""2002"":958,""2003"":1095,""2004"":1052,""2005"":1065,""2006"":1091,""2007"":1216,""2008"":1199,""2009"":1163,""2010"":1246,""2011"":1145,""2012"":1270,""2013"":1198,""2014"":1178,""2015"":1106,""2016"":999,""2017"":906,""2018"":921,""2019"":918,""2020"":730,""2021"":715,""2022"":706,""2023"":622,""2024"":639,""2025"":613,""2026"":549}"
Brian Randell,https://scholar.google.com/citations?user=5sqk-sYAAAAJ,2026-09-28,"Emeritus Professor of Computing Science, Newcastle University","[""Dependability"", ""History of Digital Computers""]",26735,51,139,3630,17,31,1987,"{""1987"":184,""1988"":238,""1989"":198,""1990"":238,""1991"":182,""1992"":222,""1993"":236,""1994"":241,""1995"":247,""1996"":200,""1997"":286,""1998"":290,""1999"":321,""2000"":385,""2001"":382,""2002"":398,""2003"":469,""2004"":565,""2005"":723,""2006"":876,""2007"":1078,""2008"":1007,""2009"":1058,""2010"":1053,""2011"":1119,""2012"":953,""2013"":1186,""2014"":1023,""2015"":982,""2016"":918,""2017"":828,""2018"":870,""2019"":860,""2020"":771,""2021"":698,""2022"":671,""2023"":589,""2024"":633,""2025"":557,""2026"":479}"
Douglas Terry,https://scholar.google.com/citations?user=4ZYEiVEAAAAJ,2026-09-28,Former Distinguished Scientist at Amazon Web Services,"[""distributed systems"", ""databases"", ""mobile computing"", ""IoT"", ""cloud""]",22778,50,92,3755,21,36,1992,"{""1992"":78,""1993"":72,""1994"":96,""1995"":103,""1996"":154,""1997"":175,""1998"":245,""1999"":347,""2000"":376,""2001"":432,""2002"":604,""2003"":626,""2004"":826,""2005"":737,""2006"":845,""2007"":765,""2008"":928,""2009"":940,""2010"":1003,""2011"":1045,""2012"":1012,""2013"":967,""2014"":1000,""2015"":933,""2016"":906,""2017"":895,""2018"":811,""2019"":814,""2020"":816,""2021"":776,""2022"":800,""2023"":591,""2024"":595,""2025"":595,""2026"":394}"
Gregory D. Abowd,https://scholar.google.com/citations?user=gb8sbdcAAAAJ,2026-09-28,"Professor, Dept of Electrical and Computer Engineering, Northeastern University","[""Human-Computer Interaction"", ""Mobile and Ubiquitous Computing""]",67719,102,356,11194,49,184,1995,"{""1995"":191,""1996"":236,""1997"":253,""1998"":411,""1999"":555,""2000"":724,""2001"":1039,""2002"":1411,""2003"":1799,""2004"":2452,""2005"":2865,""2006"":3072,""2007"":3128,""2008"":3021,""2009"":3203,""2010"":3215,""2011"":3034,""2012"":3117,""2013"":2847,""2014"":2778,""2015"":2827,""2016"":2751,""2017"":2746,""2018"":2560,""2019"":2598,""2020"":2306,""2021"":2196,""2022"":2129,""2023"":1903,""2024"":1861,""2025"":1891,""2026"":1211}"
hamid pirahesh,https://scholar.google.com/citations?user=QQVlcOUAAAAJ,2026-09-28,IBM,"[""Information Management"", ""cloud computing"", ""cognitive computing""]",15002,47,78,1600,18,26,1988,"{""1988"":48,""1989"":82,""1990"":110,""1991"":171,""1992"":212,""1993"":263,""1994"":263,""1995"":242,""1996"":280,""1997"":310,""1998"":326,""1999"":416,""2000"":355,""2001"":406,""2002"":504,""2003"":527,""2004"":543,""2005"":581,""2006"":644,""2007"":692,""2008"":590,""2009"":686,""2010"":603,""2011"":477,""2012"":466,""2013"":496,""2014"":506,""2015"":366,""2016"":357,""2017"":421,""2018"":446,""2019"":371,""2020"":310,""2021"":311,""2022"":301,""2023"":298,""2024"":252,""2025"":243,""2026"":195}"
Hari Balakrishnan,https://scholar.google.com/citations?user=Qf4bw4UAAAAJ,2026-09-28,MIT,"[""Networked computer systems"", ""wireless networks"", ""network architecture"", ""mobile computing""]",153575,130,274,23195,55,171,1999,"{""1999"":402,""2000"":616,""2001"":1094,""2002"":2213,""2003"":3403,""2004"":5026,""2005"":6224,""2006"":6681,""2007"":7363,""2008"":7399,""2009"":7759,""2010"":7939,""2011"":7464,""2012"":7865,""2013"":7981,""2014"":7960,""2015"":7807,""2016"":7720,""2017"":7028,""2018"":6680,""2019"":6049,""2020"":5313,""2021"":4912,""2022"":4582,""2023"":4028,""2024"":3706,""2025"":3505,""2026"":2456}"
Ian Munro,https://scholar.google.com/citations?user=O55rM6QAAAAJ,2026-09-28,"University Professor, University of Waterloo","[""Algorithms"", ""Data Structures"", ""Analysis of Algorithms""]",12219,55,158,2096,23,53,1987,"{""1987"":69,""1988"":82,""1989"":87,""1990"":87,""1991"":111,""1992"":115,""1993"":74,""1994"":88,""1995"":82,""1996"":124,""1997"":100,""1998"":83,""1999"":97,""2000"":69,""2001"":130,""2002"":140,""2003"":197,""2004"":270,""2005"":340,""2006"":349,""2007"":423,""2008"":469,""2009"":494,""2010"":454,""2011"":419,""2012"":408,""2013"":522,""2014"":538,""2015"":456,""2016"":530,""2017"":502,""2018"":522,""2019"":422,""2020"":418,""2021"":363,""2022"":329,""2023"":366,""2024"":370,""2025"":415,""2026"":253}"
J.J. Garcia-Luna-Aceves,https://scholar.google.com/citations?user=wLtmXGQAAAAJ,2026-09-28,"Professor & CERC, University of Toronto; Distinguished Professor Emeritus, UC Santa Cruz","[""routing"", ""Internet"", ""wireless networks"", ""computer networks"", ""network security""]",40144,104,411,2867,21,60,1996,"{""1996"":136,""1997"":265,""1998"":419,""1999"":647,""2000"":741,""2001"":731,""2002"":1047,""2003"":1251,""2004"":1628,""2005"":1830,""2006"":2120,""2007"":1988,""2008"":1992,""2009"":2161,""2010"":2077,""2011"":1979,""2012"":1902,""2013"":1948,""2014"":1634,""2015"":1487,""2016"":1804,""2017"":1594,""2018"":2114,""2019"":1430,""2020"":1099,""2021"":719,""2022"":732,""2023"":398,""2024"":496,""2025"":366,""2026"":155}"
Jingsheng Jason Cong,https://scholar.google.com/citations?user=UVGe0gQAAAAJ,2026-09-28,"Volgenau Chair for Engineering Excellence, Computer Science and Electrical Engineering, University","[""customized computing"", ""FPGA"", ""electronic design automation"", ""quantum computing""]",44975,107,509,15646,61,243,1993,"{""1993"":192,""1994"":213,""1995"":309,""1996"":451,""1997"":375,""1998"":411,""1999"":409,""2000"":537,""2001"":581,""2002"":541,""2003"":739,""2004"":866,""2005"":1086,""2006"":1333,""2007"":1127,""2008"":1187,""2009"":1173,""2010"":997,""2011"":1045,""2012"":1227,""2013"":1299,""2014"":1377,""2015"":1487,""2016"":1562,""2017"":1755,""2018"":2036,""2019"":2079,""2020"":2286,""2021"":2571,""2022"":2569,""2023"":2680,""2024"":2727,""2025"":2838,""2026"":2238}"
Jennifer Rexford,https://scholar.google.com/citations?user=07ds-DAAAAAJ,2026-09-28,"Professor of Computer Science, Princeton University","[""Networking"", ""Computer Networks"", ""Internet Routing"", ""Network Management""]",74541,122,365,18229,60,204,1999,"{""1999"":202,""2000"":267,""2001"":487,""2002"":673,""2003"":750,""2004"":1090,""2005"":1206,""2006"":1109,""2007"":1325,""2008"":1297,""2009"":1858,""2010"":2063,""2011"":2345,""2012"":2754,""2013"":3636,""2014"":4310,""2015"":4942,""2016"":5740,""2017"":5162,""2018"":5060,""2019"":4692,""2020"":4179,""2021"":4057,""2022"":3603,""2023"":3166,""2024"":3077,""2025"":2676,""2026"":1645}"
Jitendra MALIK,https://scholar.google.com/citations?user=aOklxsQAAAAJ,2026-09-28,"Professor of EECS, UC Berkeley","[""computer vision"", ""machine learning"", ""robotics"", ""artificial intelligence"", ""computer graphics""]",370240,194,447,168452,136,345,1998,"{""1998"":1255,""1999"":1649,""2000"":1920,""2001"":2404,""2002"":2727,""2003"":3449,""2004"":4130,""2005"":5067,""2006"":5743,""2007"":6403,""2008"":7075,""2009"":7606,""2010"":8571,""2011"":9020,""2012"":9810,""2013"":10136,""2014"":10711,""2015"":11863,""2016"":13836,""2017"":14702,""2018"":16545,""2019"":19094,""2020"":20177,""2021"":22824,""2022"":23367,""2023"":25896,""2024"":30524,""2025"":36237,""2026"":29394}"
John C Mitchell,https://scholar.google.com/citations?user=1_kJPIEAAAAJ,2026-09-28,"Professor of Computer Science, Stanford University","[""Computer security"", ""programming languages"", ""mathematical logic"", ""education""]",37177,98,230,6851,36,108,1988,"{""1988"":106,""1989"":154,""1990"":219,""1991"":263,""1992"":294,""1993"":366,""1994"":437,""1995"":388,""1996"":459,""1997"":441,""1998"":444,""1999"":590,""2000"":538,""2001"":514,""2002"":633,""2003"":847,""2004"":882,""2005"":1127,""2006"":1287,""2007"":1431,""2008"":1401,""2009"":1354,""2010"":1352,""2011"":1314,""2012"":1478,""2013"":1371,""2014"":1593,""2015"":1484,""2016"":1476,""2017"":1406,""2018"":1398,""2019"":1292,""2020"":1197,""2021"":1083,""2022"":1005,""2023"":973,""2024"":1222,""2025"":1433,""2026"":1126}"
Jonathan Rose,https://scholar.google.com/citations?user=Icox8ecAAAAJ,2026-09-28,"Professor of Electrical and Computer Engineering, University of Toronto","[""Recent: Natural Language Processing and Software in the service of Mental Health"", ""Previous:FPGAs"", ""Architecture"", ""CAD""]",23213,67,153,3670,29,65,1991,"{""1991"":64,""1992"":110,""1993"":195,""1994"":270,""1995"":238,""1996"":272,""1997"":272,""1998"":350,""1999"":431,""2000"":412,""2001"":412,""2002"":423,""2003"":629,""2004"":656,""2005"":798,""2006"":764,""2007"":900,""2008"":973,""2009"":1011,""2010"":1025,""2011"":975,""2012"":1008,""2013"":930,""2014"":1047,""2015"":976,""2016"":905,""2017"":935,""2018"":850,""2019"":748,""2020"":638,""2021"":618,""2022"":527,""2023"":669,""2024"":683,""2025"":651,""2026"":518}"
Joseph A. Konstan,https://scholar.google.com/citations?user=PH4mytYAAAAJ,2026-09-28,University of Minnesota,"[""Human-Computer Interaction"", ""Recommender Systems"", ""Social Computing"", ""Human-Centered AI""]",90356,90,185,25879,52,121,2000,"{""2000"":274,""2001"":565,""2002"":730,""2003"":1006,""2004"":1489,""2005"":1620,""2006"":1918,""2007"":2205,""2008"":2710,""2009"":2961,""2010"":3420,""2011"":3492,""2012"":4047,""2013"":4163,""2014"":4266,""2015"":4430,""2016"":4515,""2017"":4566,""2018"":4930,""2019"":5048,""2020"":4745,""2021"":4698,""2022"":4492,""2023"":4209,""2024"":4531,""2025"":4493,""2026"":3438}"
Judith Olson,https://scholar.google.com/citations?user=xfwOz_kAAAAJ,2026-09-28,"Professor of Informatics, University of California Irvine","[""Human Computer Interaction"", ""Computer Supported Cooperative Work""]",17453,58,94,3372,27,50,1990,"{""1990"":56,""1991"":100,""1992"":108,""1993"":179,""1994"":154,""1995"":177,""1996"":176,""1997"":173,""1998"":207,""1999"":184,""2000"":265,""2001"":245,""2002"":316,""2003"":388,""2004"":446,""2005"":532,""2006"":621,""2007"":745,""2008"":731,""2009"":713,""2010"":746,""2011"":694,""2012"":746,""2013"":707,""2014"":628,""2015"":641,""2016"":612,""2017"":573,""2018"":564,""2019"":576,""2020"":614,""2021"":657,""2022"":645,""2023"":580,""2024"":570,""2025"":523,""2026"":396}"
Kathryn S McKinley,https://scholar.google.com/citations?user=Rt1a5-6vh4UC,2026-09-28,Google,"[""Programming Language Implementation""]",19730,74,171,3816,35,85,1991,"{""1991"":56,""1992"":85,""1993"":106,""1994"":112,""1995"":111,""1996"":152,""1997"":154,""1998"":231,""1999"":221,""2000"":246,""2001"":247,""2002"":287,""2003"":364,""2004"":415,""2005"":508,""2006"":635,""2007"":643,""2008"":628,""2009"":688,""2010"":719,""2011"":818,""2012"":711,""2013"":876,""2014"":896,""2015"":1004,""2016"":1013,""2017"":916,""2018"":897,""2019"":1008,""2020"":882,""2021"":796,""2022"":694,""2023"":700,""2024"":642,""2025"":623,""2026"":361}"
Kenneth L. Clarkson,https://scholar.google.com/citations?user=F7ODi8QAAAAJ,2026-09-28,IBM Research,"[""Algorithms""]",12804,49,81,3370,31,54,1988,"{""1988"":64,""1989"":99,""1990"":104,""1991"":154,""1992"":198,""1993"":178,""1994"":187,""1995"":179,""1996"":163,""1997"":181,""1998"":182,""1999"":148,""2000"":192,""2001"":187,""2002"":153,""2003"":155,""2004"":215,""2005"":232,""2006"":223,""2007"":308,""2008"":302,""2009"":317,""2010"":358,""2011"":321,""2012"":369,""2013"":443,""2014"":507,""2015"":412,""2016"":451,""2017"":538,""2018"":518,""2019"":550,""2020"":612,""2021"":596,""2022"":576,""2023"":515,""2024"":606,""2025"":585,""2026"":487}"
Madhu Sudan,https://scholar.google.com/citations?user=D-RwB3YAAAAJ,2026-09-28,"Gordon McKay Professor of Computer Science, Harvard University",[],32666,71,178,7416,40,108,1994,"{""1994"":201,""1995"":284,""1996"":390,""1997"":468,""1998"":527,""1999"":498,""2000"":549,""2001"":644,""2002"":701,""2003"":766,""2004"":875,""2005"":1051,""2006"":1024,""2007"":1130,""2008"":1143,""2009"":1151,""2010"":1309,""2011"":1152,""2012"":1235,""2013"":1222,""2014"":1210,""2015"":1247,""2016"":1247,""2017"":1183,""2018"":1168,""2019"":1116,""2020"":1077,""2021"":1091,""2022"":1172,""2023"":1100,""2024"":1194,""2025"":1562,""2026"":1288}"
Mark S. Squillante,https://scholar.google.com/citations?user=ScmX2AcAAAAJ,2026-09-28,"Mathematical Sciences Department, IBM Research","[""Probability theory"", ""Stochastic optimization"", ""Stochastic optimal control"", ""Mathematical analysis"", ""Dynamical systems""]",7355,45,124,1407,18,34,1993,"{""1993"":39,""1994"":50,""1995"":98,""1996"":120,""1997"":121,""1998"":91,""1999"":101,""2000"":87,""2001"":141,""2002"":154,""2003"":174,""2004"":261,""2005"":231,""2006"":290,""2007"":282,""2008"":276,""2009"":288,""2010"":321,""2011"":271,""2012"":284,""2013"":340,""2014"":321,""2015"":292,""2016"":249,""2017"":231,""2018"":238,""2019"":232,""2020"":226,""2021"":232,""2022"":310,""2023"":212,""2024"":240,""2025"":238,""2026"":175}"
Martin Abadi,https://scholar.google.com/citations?user=vWTI60AAAAAJ,2026-09-28,"Research Scientist, Google, and Professor Emeritus, UC Santa Cruz","[""security"", ""programming languages and systems"", ""specification and verification""]",143382,107,325,68545,49,161,1993,"{""1993"":426,""1994"":521,""1995"":567,""1996"":738,""1997"":831,""1998"":1024,""1999"":1190,""2000"":1181,""2001"":1235,""2002"":1412,""2003"":1777,""2004"":1668,""2005"":2015,""2006"":2066,""2007"":2104,""2008"":1997,""2009"":1976,""2010"":1866,""2011"":1695,""2012"":1806,""2013"":1548,""2014"":1641,""2015"":1598,""2016"":2368,""2017"":4775,""2018"":8543,""2019"":11207,""2020"":12623,""2021"":13500,""2022"":12780,""2023"":12116,""2024"":11497,""2025"":11030,""2026"":7612}"
Michael Reiter,https://scholar.google.com/citations?user=GaRxukMAAAAJ,2026-09-28,"James B. Duke Distinguished Professor, Duke University","[""computer security"", ""distributed systems"", ""applied cryptography"", ""networking""]",47907,94,229,16457,48,128,1998,"{""1998"":209,""1999"":250,""2000"":333,""2001"":354,""2002"":469,""2003"":603,""2004"":731,""2005"":983,""2006"":1073,""2007"":1255,""2008"":1385,""2009"":1433,""2010"":1566,""2011"":1522,""2012"":1617,""2013"":1654,""2014"":1823,""2015"":1833,""2016"":1872,""2017"":2101,""2018"":2238,""2019"":2555,""2020"":2823,""2021"":2911,""2022"":2897,""2023"":2794,""2024"":2852,""2025"":2896,""2026"":2104}"
Michel Goemans,https://scholar.google.com/citations?user=nf_EnbAAAAAJ,2026-09-28,"RSA Professor of Mathematics, MIT",[],31505,49,89,6433,31,56,1991,"{""1991"":97,""1992"":143,""1993"":189,""1994"":280,""1995"":356,""1996"":374,""1997"":503,""1998"":635,""1999"":526,""2000"":558,""2001"":695,""2002"":768,""2003"":782,""2004"":844,""2005"":1029,""2006"":986,""2007"":1092,""2008"":1123,""2009"":1119,""2010"":1119,""2011"":1150,""2012"":1166,""2013"":1192,""2014"":1195,""2015"":1174,""2016"":1155,""2017"":1066,""2018"":1116,""2019"":1019,""2020"":1082,""2021"":1059,""2022"":1058,""2023"":996,""2024"":1053,""2025"":1174,""2026"":1093}"
Patrick Hanrahan,https://scholar.google.com/citations?user=RzEnQmgAAAAJ,2026-09-28,Stanford University,"[""computer graphics"", ""visualization"", ""parallel computing""]",66525,100,213,18415,47,130,1991,"{""1991"":186,""1992"":221,""1993"":305,""1994"":353,""1995"":515,""1996"":493,""1997"":598,""1998"":726,""1999"":696,""2000"":787,""2001"":955,""2002"":1252,""2003"":1386,""2004"":1636,""2005"":1881,""2006"":1805,""2007"":2126,""2008"":2150,""2009"":2350,""2010"":2317,""2011"":2165,""2012"":2210,""2013"":2165,""2014"":2190,""2015"":2191,""2016"":2404,""2017"":2336,""2018"":2633,""2019"":2895,""2020"":2885,""2021"":2987,""2022"":3055,""2023"":3139,""2024"":3480,""2025"":3334,""2026"":2268}"
Per Stenström,https://scholar.google.com/citations?user=wsMoM6cAAAAJ,2026-09-28,Chalmers University of Technology,"[""Computer architecture""]",11429,50,137,1783,18,41,1991,"{""1991"":29,""1992"":67,""1993"":101,""1994"":141,""1995"":212,""1996"":210,""1997"":259,""1998"":217,""1999"":201,""2000"":229,""2001"":153,""2002"":193,""2003"":193,""2004"":194,""2005"":203,""2006"":228,""2007"":275,""2008"":328,""2009"":471,""2010"":494,""2011"":592,""2012"":500,""2013"":516,""2014"":550,""2015"":535,""2016"":525,""2017"":485,""2018"":507,""2019"":434,""2020"":389,""2021"":347,""2022"":360,""2023"":275,""2024"":259,""2025"":312,""2026"":226}"
Richard Szeliski,https://scholar.google.com/citations?user=3_u1jHQAAAAJ,2026-09-28,"Google DeepMind + CSE, The University of Washington","[""Computer Vision"", ""Computer Graphics""]",118546,133,346,27739,58,198,1994,"{""1994"":408,""1995"":407,""1996"":489,""1997"":636,""1998"":912,""1999"":1047,""2000"":1189,""2001"":1404,""2002"":1472,""2003"":1749,""2004"":2110,""2005"":2173,""2006"":2620,""2007"":2852,""2008"":3021,""2009"":3457,""2010"":4526,""2011"":5067,""2012"":5685,""2013"":6033,""2014"":6295,""2015"":6441,""2016"":6279,""2017"":5911,""2018"":5508,""2019"":5311,""2020"":5195,""2021"":5207,""2022"":4781,""2023"":4426,""2024"":4854,""2025"":4935,""2026"":3407}"
Rob A. Rutenbar,https://scholar.google.com/citations?user=avq8-1QAAAAJ,2026-09-28,"Professor of Computer Science and Electrical and Computer Engineering, University of Pittsburgh","[""VLSI"", ""Analog"", ""EDA"", ""Hardware"", ""AI""]",14742,62,156,2443,21,46,1988,"{""1988"":68,""1989"":101,""1990"":143,""1991"":129,""1992"":113,""1993"":142,""1994"":166,""1995"":217,""1996"":229,""1997"":161,""1998"":146,""1999"":248,""2000"":320,""2001"":280,""2002"":360,""2003"":406,""2004"":458,""2005"":483,""2006"":531,""2007"":479,""2008"":613,""2009"":601,""2010"":610,""2011"":563,""2012"":552,""2013"":597,""2014"":522,""2015"":521,""2016"":556,""2017"":500,""2018"":440,""2019"":428,""2020"":379,""2021"":415,""2022"":453,""2023"":421,""2024"":451,""2025"":435,""2026"":265}"
Sanjeev Arora,https://scholar.google.com/citations?user=RUP4S68AAAAJ,2026-09-28,"Professor of Computer Science, Princeton University","[""AI"", ""theory of deep learning"", ""theoretical computer science""]",49815,90,169,25489,70,139,1994,"{""1994"":137,""1995"":161,""1996"":226,""1997"":257,""1998"":349,""1999"":319,""2000"":326,""2001"":333,""2002"":371,""2003"":433,""2004"":405,""2005"":574,""2006"":603,""2007"":652,""2008"":642,""2009"":760,""2010"":818,""2011"":888,""2012"":1049,""2013"":1124,""2014"":1329,""2015"":1237,""2016"":1446,""2017"":1552,""2018"":2013,""2019"":2493,""2020"":2998,""2021"":3241,""2022"":3679,""2023"":3940,""2024"":4434,""2025"":5302,""2026"":4873}"
Stephen Cook,https://scholar.google.com/citations?user=VGxPtzIAAAAJ,2026-09-28,"Department of Computer Science, University of Toronto","[""Computational Complexity"", ""Proof Complexity""]",28431,56,99,6091,29,55,1987,"{""1987"":255,""1988"":343,""1989"":374,""1990"":415,""1991"":382,""1992"":437,""1993"":354,""1994"":407,""1995"":400,""1996"":412,""1997"":355,""1998"":376,""1999"":388,""2000"":377,""2001"":463,""2002"":406,""2003"":452,""2004"":547,""2005"":636,""2006"":646,""2007"":742,""2008"":694,""2009"":787,""2010"":803,""2011"":743,""2012"":842,""2013"":967,""2014"":810,""2015"":773,""2016"":915,""2017"":820,""2018"":837,""2019"":918,""2020"":809,""2021"":866,""2022"":937,""2023"":970,""2024"":931,""2025"":1159,""2026"":1014}"
Tuomas Sandholm,https://scholar.google.com/citations?user=0DpK1EMAAAAJ,2026-09-28,"Angel Jordan University Professor of Computer Science, Carnegie Mellon University","[""Artificial intelligence"", ""auctions"", ""market design"", ""game theory"", ""mechanism design""]",39196,102,364,12502,53,228,1996,"{""1996"":103,""1997"":135,""1998"":260,""1999"":410,""2000"":548,""2001"":657,""2002"":887,""2003"":995,""2004"":1114,""2005"":1179,""2006"":1267,""2007"":1414,""2008"":1274,""2009"":1292,""2010"":1304,""2011"":1181,""2012"":1208,""2013"":1239,""2014"":1207,""2015"":1331,""2016"":1107,""2017"":1161,""2018"":1379,""2019"":1545,""2020"":1766,""2021"":1865,""2022"":2027,""2023"":1922,""2024"":2270,""2025"":2374,""2026"":2033}"
Vivek Sarkar,https://scholar.google.com/citations?user=XjeIqxYAAAAJ,2026-09-28,"School of Computer Science, Georgia Institute of Technology","[""Parallel computing"", ""Programming languages"", ""Compilers"", ""Program Analysis"", ""Runtime Systems""]",23001,73,246,4366,29,113,1990,"{""1990"":85,""1991"":122,""1992"":148,""1993"":163,""1994"":234,""1995"":194,""1996"":177,""1997"":167,""1998"":189,""1999"":262,""2000"":351,""2001"":380,""2002"":405,""2003"":452,""2004"":511,""2005"":515,""2006"":595,""2007"":640,""2008"":587,""2009"":752,""2010"":892,""2011"":1051,""2012"":1124,""2013"":1111,""2014"":1118,""2015"":1130,""2016"":1153,""2017"":1020,""2018"":1001,""2019"":950,""2020"":851,""2021"":924,""2022"":763,""2023"":729,""2024"":732,""2025"":787,""2026"":430}"
Bill Buxton,https://scholar.google.com/citations?user=yrWgTM8AAAAJ,2026-09-28,Microsoft Research,"[""HCI Design""]",9607,39,56,2164,18,28,1997,"{""1997"":25,""1998"":34,""1999"":33,""2000"":37,""2001"":53,""2002"":45,""2003"":72,""2004"":103,""2005"":90,""2006"":121,""2007"":161,""2008"":162,""2009"":431,""2010"":511,""2011"":542,""2012"":568,""2013"":573,""2014"":618,""2015"":503,""2016"":531,""2017"":519,""2018"":422,""2019"":469,""2020"":408,""2021"":398,""2022"":380,""2023"":330,""2024"":397,""2025"":353,""2026"":303}"
Xiaotie Deng,https://scholar.google.com/citations?user=OBUwP_oAAAAJ,2026-09-28,"Chair Professor of Computer Science, Peking University, Beijing, China","[""Algorithmic Game Theory"", ""Approximate Computing"", ""Parallel Computing"", ""Combinatorial Optimization""]",15624,58,191,4631,31,89,1994,"{""1994"":50,""1995"":44,""1996"":69,""1997"":90,""1998"":85,""1999"":83,""2000"":85,""2001"":116,""2002"":98,""2003"":158,""2004"":190,""2005"":252,""2006"":386,""2007"":444,""2008"":627,""2009"":670,""2010"":636,""2011"":646,""2012"":627,""2013"":602,""2014"":680,""2015"":632,""2016"":656,""2017"":664,""2018"":667,""2019"":684,""2020"":713,""2021"":707,""2022"":704,""2023"":655,""2024"":800,""2025"":960,""2026"":793}"
Anant Agarwal,https://scholar.google.com/citations?user=E6XXUFcAAAAJ,2026-09-28,"Founder and CEO of edX, Professor of Electrical Engineering and Computer Science at MIT","[""Online learning"", ""computer architecture"", ""computer systems"", ""parallel processing""]",27586,76,218,3565,30,80,1989,"{""1989"":125,""1990"":185,""1991"":282,""1992"":331,""1993"":575,""1994"":634,""1995"":731,""1996"":593,""1997"":606,""1998"":642,""1999"":591,""2000"":523,""2001"":502,""2002"":447,""2003"":498,""2004"":512,""2005"":531,""2006"":575,""2007"":726,""2008"":640,""2009"":854,""2010"":1231,""2011"":1161,""2012"":1271,""2013"":1185,""2014"":1243,""2015"":1223,""2016"":1264,""2017"":1081,""2018"":1030,""2019"":916,""2020"":745,""2021"":764,""2022"":844,""2023"":641,""2024"":604,""2025"":478,""2026"":234}"
Andrei Broder,https://scholar.google.com/citations?user=7b858c0AAAAJ,2026-09-28,"Distinguished Scientist, Google","[""Web ecosystems"", ""Computational advertising"", ""Web search"", ""User understanding"", ""Randomized algorithms""]",40009,70,176,7178,29,64,1996,"{""1996"":101,""1997"":114,""1998"":186,""1999"":235,""2000"":342,""2001"":478,""2002"":643,""2003"":781,""2004"":862,""2005"":1031,""2006"":1300,""2007"":1375,""2008"":1546,""2009"":1813,""2010"":2029,""2011"":2173,""2012"":2069,""2013"":2116,""2014"":2167,""2015"":2017,""2016"":1910,""2017"":1817,""2018"":1715,""2019"":1638,""2020"":1426,""2021"":1450,""2022"":1289,""2023"":1165,""2024"":1170,""2025"":1123,""2026"":981}"
Avrim Blum,https://scholar.google.com/citations?user=Jlv4MR4AAAAJ,2026-09-28,"Professor and Chief Academic Officer, Toyota Technological Institute at Chicago","[""Theoretical Computer Science"", ""Machine Learning"", ""Approximation Algorithms"", ""Algorithmic Game Theory"", ""Privacy""]",46189,85,188,12661,48,133,1993,"{""1993"":115,""1994"":204,""1995"":185,""1996"":226,""1997"":243,""1998"":319,""1999"":312,""2000"":404,""2001"":428,""2002"":508,""2003"":716,""2004"":862,""2005"":1092,""2006"":1221,""2007"":1390,""2008"":1606,""2009"":1627,""2010"":1649,""2011"":1671,""2012"":1754,""2013"":1819,""2014"":1880,""2015"":1884,""2016"":1981,""2017"":1956,""2018"":2179,""2019"":2291,""2020"":2262,""2021"":2369,""2022"":2195,""2023"":2257,""2024"":2198,""2025"":2030,""2026"":1608}"
Bud Mishra,https://scholar.google.com/citations?user=kXVBr20AAAAJ,2026-09-28,Professor of Computer Science and Mathematics,"[""Computer Science"", ""Mathematics"", ""Biology"", ""Finance"", ""Nano-Technology""]",18575,56,179,5285,26,58,1990,"{""1990"":47,""1991"":61,""1992"":82,""1993"":96,""1994"":123,""1995"":182,""1996"":121,""1997"":152,""1998"":127,""1999"":197,""2000"":220,""2001"":209,""2002"":236,""2003"":285,""2004"":376,""2005"":365,""2006"":492,""2007"":451,""2008"":406,""2009"":474,""2010"":410,""2011"":507,""2012"":685,""2013"":712,""2014"":729,""2015"":733,""2016"":761,""2017"":850,""2018"":933,""2019"":959,""2020"":947,""2021"":989,""2022"":1022,""2023"":839,""2024"":827,""2025"":897,""2026"":710}"
Daniel Huttenlocher,https://scholar.google.com/citations?user=q16KVs0AAAAJ,2026-09-28,Massachusetts Institute of Technology,"[""Computer Vision"", ""AI"", ""Social Networks""]",53176,73,136,10796,31,61,1992,"{""1992"":262,""1993"":300,""1994"":395,""1995"":419,""1996"":405,""1997"":473,""1998"":562,""1999"":542,""2000"":501,""2001"":546,""2002"":591,""2003"":643,""2004"":665,""2005"":852,""2006"":1020,""2007"":1228,""2008"":1413,""2009"":1675,""2010"":2079,""2011"":2350,""2012"":2636,""2013"":2922,""2014"":3051,""2015"":3183,""2016"":2992,""2017"":2774,""2018"":2499,""2019"":2355,""2020"":2030,""2021"":1957,""2022"":1900,""2023"":1798,""2024"":1778,""2025"":1909,""2026"":1426}"
Danny Dolev,https://scholar.google.com/citations?user=RAt7zSUAAAAJ,2026-09-28,"Professor of Computer Science, The Hebrew University","[""Distributed Computing"", ""Fault Tolerance"", ""Networking"", ""Security""]",32970,74,202,7604,29,60,1987,"{""1987"":191,""1988"":212,""1989"":286,""1990"":289,""1991"":251,""1992"":317,""1993"":380,""1994"":388,""1995"":421,""1996"":469,""1997"":479,""1998"":505,""1999"":564,""2000"":670,""2001"":635,""2002"":702,""2003"":854,""2004"":795,""2005"":974,""2006"":995,""2007"":983,""2008"":1079,""2009"":1044,""2010"":1085,""2011"":998,""2012"":1003,""2013"":930,""2014"":961,""2015"":887,""2016"":897,""2017"":808,""2018"":955,""2019"":1079,""2020"":1143,""2021"":1169,""2022"":1322,""2023"":1263,""2024"":1293,""2025"":1491,""2026"":1066}"
David Padua,https://scholar.google.com/citations?user=QaLf6bEAAAAJ,2026-09-28,"Professor Emeritus, University of Illinois at Urbana-Champaign","[""Compilers"", ""Parallel Computing""]",17286,65,173,1724,20,46,1987,"{""1987"":157,""1988"":236,""1989"":222,""1990"":303,""1991"":335,""1992"":371,""1993"":320,""1994"":395,""1995"":419,""1996"":448,""1997"":338,""1998"":426,""1999"":336,""2000"":399,""2001"":354,""2002"":314,""2003"":358,""2004"":415,""2005"":474,""2006"":457,""2007"":608,""2008"":484,""2009"":605,""2010"":558,""2011"":615,""2012"":645,""2013"":596,""2014"":635,""2015"":627,""2016"":544,""2017"":559,""2018"":556,""2019"":484,""2020"":411,""2021"":383,""2022"":360,""2023"":269,""2024"":280,""2025"":249,""2026"":183}"
Demetri Terzopoulos,https://scholar.google.com/citations?user=pKuBFaQAAAAJ,2026-09-28,"Distinguished Professor & Chancellor's Professor of Computer Science, UCLA","[""Computer Graphics"", ""Computer Vision"", ""Medical Image Analysis"", ""Computer-Aided Design"", ""Artificial Intelligence""]",81168,90,252,15224,44,115,1988,"{""1988"":263,""1989"":288,""1990"":482,""1991"":608,""1992"":695,""1993"":754,""1994"":1141,""1995"":1230,""1996"":1386,""1997"":1493,""1998"":1772,""1999"":1633,""2000"":2057,""2001"":2172,""2002"":2074,""2003"":2501,""2004"":2611,""2005"":3161,""2006"":3049,""2007"":3255,""2008"":3243,""2009"":3067,""2010"":3038,""2011"":2910,""2012"":2695,""2013"":2934,""2014"":2400,""2015"":2239,""2016"":2152,""2017"":1916,""2018"":1841,""2019"":1690,""2020"":1680,""2021"":2041,""2022"":2465,""2023"":2550,""2024"":2848,""2025"":3201,""2026"":2069}"
Edward W. Felten,https://scholar.google.com/citations?user=watx0IAAAAAJ,2026-09-28,"Robert E. Kahn Professor of Computer Science and Public Affairs, Princeton University","[""Computer Security"", ""Privacy"", ""Tech policy""]",31568,72,146,11661,38,67,1994,"{""1994"":101,""1995"":156,""1996"":351,""1997"":453,""1998"":563,""1999"":464,""2000"":456,""2001"":437,""2002"":476,""2003"":501,""2004"":522,""2005"":561,""2006"":521,""2007"":668,""2008"":642,""2009"":633,""2010"":654,""2011"":645,""2012"":691,""2013"":722,""2014"":817,""2015"":872,""2016"":1036,""2017"":1220,""2018"":1621,""2019"":1855,""2020"":1556,""2021"":1667,""2022"":1548,""2023"":1737,""2024"":2175,""2025"":2457,""2026"":2037}"
J. Eliot B. Moss,https://scholar.google.com/citations?user=yYtaDFUAAAAJ,2026-09-28,"Professor Emeritus of Information and Computer Sciences, University of Massachusetts Amherst","[""Programming languages"", ""transactions"", ""machine learning"", ""verification""]",14961,54,90,1711,16,24,1987,"{""1987"":88,""1988"":100,""1989"":107,""1990"":107,""1991"":113,""1992"":150,""1993"":177,""1994"":218,""1995"":241,""1996"":203,""1997"":241,""1998"":211,""1999"":257,""2000"":233,""2001"":182,""2002"":284,""2003"":234,""2004"":255,""2005"":331,""2006"":528,""2007"":601,""2008"":671,""2009"":717,""2010"":711,""2011"":741,""2012"":669,""2013"":657,""2014"":611,""2015"":668,""2016"":604,""2017"":528,""2018"":485,""2019"":458,""2020"":367,""2021"":324,""2022"":297,""2023"":305,""2024"":305,""2025"":286,""2026"":186}"
Eric Brewer,https://scholar.google.com/citations?user=BbzYzsgAAAAJ,2026-09-28,Google and UC Berkeley,"[""Internet and distributed systems"", ""developing regions""]",37904,80,169,6306,31,60,1995,"{""1995"":97,""1996"":170,""1997"":282,""1998"":422,""1999"":531,""2000"":570,""2001"":712,""2002"":869,""2003"":855,""2004"":1148,""2005"":1420,""2006"":1490,""2007"":1711,""2008"":1620,""2009"":1697,""2010"":1933,""2011"":1644,""2012"":1745,""2013"":1697,""2014"":1675,""2015"":1597,""2016"":1511,""2017"":1380,""2018"":1436,""2019"":1344,""2020"":1261,""2021"":1203,""2022"":1040,""2023"":985,""2024"":873,""2025"":1082,""2026"":1123}"
Gary M. Olson,https://scholar.google.com/citations?user=4XyoYbAAAAAJ,2026-09-28,"Dept. of Informatics, University of California, Irvine","[""Human Computer Interaction"", ""Computer Supported Cooperative Work""]",16993,61,119,2814,26,50,1988,"{""1988"":63,""1989"":67,""1990"":88,""1991"":112,""1992"":116,""1993"":200,""1994"":169,""1995"":233,""1996"":231,""1997"":191,""1998"":217,""1999"":207,""2000"":276,""2001"":269,""2002"":328,""2003"":438,""2004"":449,""2005"":530,""2006"":602,""2007"":668,""2008"":644,""2009"":650,""2010"":714,""2011"":635,""2012"":714,""2013"":737,""2014"":631,""2015"":581,""2016"":579,""2017"":547,""2018"":508,""2019"":505,""2020"":521,""2021"":558,""2022"":518,""2023"":492,""2024"":464,""2025"":448,""2026"":332}"
Georg Gottlob,https://scholar.google.com/citations?user=i72_SkUAAAAJ,2026-09-28,"Professor of Informatics, University of Calabria","[""Algorithms in Artificial Intelligence and Information Systems"", ""Databases"", ""Database Theory""]",31580,88,273,6023,39,112,1990,"{""1990"":116,""1991"":114,""1992"":163,""1993"":224,""1994"":276,""1995"":257,""1996"":290,""1997"":385,""1998"":304,""1999"":342,""2000"":331,""2001"":402,""2002"":424,""2003"":649,""2004"":758,""2005"":917,""2006"":1091,""2007"":1165,""2008"":1186,""2009"":1278,""2010"":1369,""2011"":1436,""2012"":1477,""2013"":1406,""2014"":1407,""2015"":1181,""2016"":1293,""2017"":1185,""2018"":1210,""2019"":1044,""2020"":1075,""2021"":938,""2022"":1164,""2023"":1042,""2024"":939,""2025"":1182,""2026"":753}"
HongJiang Zhang,https://scholar.google.com/citations?user=u6wmNbQAAAAJ,2026-09-28,Sourcecode Capital,"[""Multimedia Computing"", ""Pattern Recognition"", ""Computer Vision"", ""Image Processing"", ""Video Processing ..""]",76032,139,483,6969,39,132,1995,"{""1995"":209,""1996"":288,""1997"":453,""1998"":514,""1999"":589,""2000"":616,""2001"":792,""2002"":1196,""2003"":1834,""2004"":2343,""2005"":2867,""2006"":2859,""2007"":3272,""2008"":3853,""2009"":4334,""2010"":4746,""2011"":4452,""2012"":4611,""2013"":4726,""2014"":4633,""2015"":4035,""2016"":3800,""2017"":3227,""2018"":2975,""2019"":2697,""2020"":2255,""2021"":2017,""2022"":1613,""2023"":1251,""2024"":986,""2025"":785,""2026"":317}"
Lance Fortnow,https://scholar.google.com/citations?user=Yf5wVssAAAAJ,2026-09-28,Unknown affiliation,"[""Computational Complexity""]",13018,51,115,2987,25,50,1990,"{""1990"":63,""1991"":119,""1992"":116,""1993"":146,""1994"":208,""1995"":194,""1996"":169,""1997"":195,""1998"":231,""1999"":229,""2000"":171,""2001"":208,""2002"":209,""2003"":310,""2004"":314,""2005"":336,""2006"":334,""2007"":377,""2008"":365,""2009"":378,""2010"":474,""2011"":447,""2012"":440,""2013"":457,""2014"":445,""2015"":416,""2016"":455,""2017"":432,""2018"":457,""2019"":508,""2020"":517,""2021"":421,""2022"":459,""2023"":478,""2024"":509,""2025"":609,""2026"":511}"
Larry Constantine,https://scholar.google.com/citations?user=sDomS30AAAAJ,2026-09-28,"Professor (ret.), University of Madeira","[""social psychology"", ""systems theory"", ""software engineering"", ""interaction design""]",15838,38,80,2450,16,21,1987,"{""1987"":134,""1988"":155,""1989"":138,""1990"":164,""1991"":186,""1992"":193,""1993"":221,""1994"":207,""1995"":203,""1996"":256,""1997"":218,""1998"":192,""1999"":232,""2000"":259,""2001"":305,""2002"":360,""2003"":465,""2004"":386,""2005"":431,""2006"":417,""2007"":536,""2008"":455,""2009"":495,""2010"":448,""2011"":500,""2012"":482,""2013"":567,""2014"":539,""2015"":459,""2016"":483,""2017"":478,""2018"":523,""2019"":492,""2020"":503,""2021"":456,""2022"":511,""2023"":428,""2024"":398,""2025"":390,""2026"":267}"
Marc Levoy,https://scholar.google.com/citations?user=gbVh3PEAAAAJ,2026-09-28,"Professor of Computer Science, Emeritus, Stanford University","[""Computer graphics"", ""computational photography""]",65397,80,142,14433,48,89,1990,"{""1990"":170,""1991"":222,""1992"":251,""1993"":231,""1994"":270,""1995"":357,""1996"":422,""1997"":594,""1998"":663,""1999"":734,""2000"":928,""2001"":1148,""2002"":1429,""2003"":1801,""2004"":1974,""2005"":2192,""2006"":2163,""2007"":2305,""2008"":2078,""2009"":2080,""2010"":1966,""2011"":2062,""2012"":2221,""2013"":2356,""2014"":2574,""2015"":2666,""2016"":2820,""2017"":2730,""2018"":2766,""2019"":2904,""2020"":2891,""2021"":2690,""2022"":2842,""2023"":2376,""2024"":2475,""2025"":2350,""2026"":1569}"
Martin Odersky,https://scholar.google.com/citations?user=LbRD9tEAAAAJ,2026-09-28,EPFL,"[""Programming Languages and Methods""]",15781,63,155,2404,26,69,1993,"{""1993"":50,""1994"":86,""1995"":104,""1996"":124,""1997"":166,""1998"":220,""1999"":198,""2000"":228,""2001"":230,""2002"":255,""2003"":267,""2004"":346,""2005"":333,""2006"":402,""2007"":436,""2008"":468,""2009"":432,""2010"":568,""2011"":633,""2012"":756,""2013"":783,""2014"":964,""2015"":895,""2016"":943,""2017"":960,""2018"":778,""2019"":884,""2020"":596,""2021"":458,""2022"":436,""2023"":452,""2024"":389,""2025"":332,""2026"":337}"
Michael F Cohen,https://scholar.google.com/citations?user=YAtwLpwAAAAJ,2026-09-28,Facebook,"[""Computer Graphics"", ""Computer Vision"", ""Image Based Rendering""]",65865,108,517,18955,54,192,1987,"{""1987"":179,""1988"":231,""1989"":245,""1990"":337,""1991"":366,""1992"":397,""1993"":499,""1994"":495,""1995"":618,""1996"":492,""1997"":642,""1998"":755,""1999"":763,""2000"":761,""2001"":807,""2002"":1051,""2003"":1145,""2004"":1277,""2005"":1277,""2006"":1553,""2007"":1683,""2008"":1584,""2009"":1816,""2010"":1855,""2011"":1962,""2012"":2246,""2013"":2383,""2014"":2411,""2015"":2458,""2016"":2507,""2017"":2444,""2018"":2326,""2019"":2599,""2020"":2881,""2021"":2760,""2022"":2695,""2023"":2281,""2024"":2247,""2025"":3409,""2026"":5461}"
Mitchell Wand,https://scholar.google.com/citations?user=Y0E0lsgAAAAJ,2026-09-28,"Professor of Computer Science, Northeastern University","[""programming languages"", ""semantics"", ""types""]",8190,44,91,613,13,19,1987,"{""1987"":80,""1988"":106,""1989"":123,""1990"":140,""1991"":220,""1992"":204,""1993"":197,""1994"":231,""1995"":199,""1996"":209,""1997"":198,""1998"":190,""1999"":233,""2000"":205,""2001"":206,""2002"":240,""2003"":274,""2004"":297,""2005"":364,""2006"":314,""2007"":340,""2008"":313,""2009"":302,""2010"":218,""2011"":204,""2012"":214,""2013"":175,""2014"":145,""2015"":153,""2016"":116,""2017"":140,""2018"":135,""2019"":126,""2020"":127,""2021"":126,""2022"":100,""2023"":114,""2024"":97,""2025"":93,""2026"":83}"
Monica S. Lam,https://scholar.google.com/citations?user=4hS0jZ8AAAAJ,2026-09-28,"Professor of Computer Science, Stanford University","[""Compilers"", ""natural language processing"", ""machine learning"", ""architecture"", ""computer-human interaction""]",49637,91,199,7902,35,97,1987,"{""1987"":127,""1988"":210,""1989"":212,""1990"":309,""1991"":364,""1992"":464,""1993"":668,""1994"":848,""1995"":930,""1996"":1001,""1997"":1060,""1998"":1093,""1999"":906,""2000"":927,""2001"":818,""2002"":761,""2003"":852,""2004"":952,""2005"":1149,""2006"":1147,""2007"":1382,""2008"":1253,""2009"":1279,""2010"":1413,""2011"":1537,""2012"":1718,""2013"":2126,""2014"":2266,""2015"":2409,""2016"":2534,""2017"":2293,""2018"":2183,""2019"":2022,""2020"":1716,""2021"":1526,""2022"":1372,""2023"":1117,""2024"":1202,""2025"":1406,""2026"":1267}"
Philip Wadler,https://scholar.google.com/citations?user=Iz-3VFQAAAAJ,2026-09-28,University of Edinburgh and IOHK/IOG,"[""Programming Languages"", ""Type Systems"", ""Functional Programming"", ""Formal Methods""]",29879,79,155,4536,34,77,1989,"{""1989"":97,""1990"":157,""1991"":255,""1992"":325,""1993"":511,""1994"":630,""1995"":714,""1996"":678,""1997"":603,""1998"":776,""1999"":745,""2000"":753,""2001"":814,""2002"":815,""2003"":833,""2004"":1002,""2005"":979,""2006"":944,""2007"":1187,""2008"":1095,""2009"":1095,""2010"":976,""2011"":898,""2012"":813,""2013"":830,""2014"":863,""2015"":802,""2016"":863,""2017"":865,""2018"":896,""2019"":1012,""2020"":806,""2021"":857,""2022"":806,""2023"":790,""2024"":764,""2025"":727,""2026"":592}"
Rajeev Alur,https://scholar.google.com/citations?user=ZvLa1RIAAAAJ,2026-09-28,"Zisman Family Professor of Computer and Information Science, University of Pennsylvania","[""Formal methods"", ""Trustworthy AI"", ""Cyber-physical systems"", ""Programming languages"", ""Logic in Computer Science""]",58484,102,260,11099,48,150,1993,"{""1993"":207,""1994"":398,""1995"":466,""1996"":591,""1997"":714,""1998"":828,""1999"":1057,""2000"":1107,""2001"":1237,""2002"":1371,""2003"":1723,""2004"":1769,""2005"":2082,""2006"":2043,""2007"":2185,""2008"":2241,""2009"":2214,""2010"":2201,""2011"":2203,""2012"":2096,""2013"":2302,""2014"":2163,""2015"":2312,""2016"":2175,""2017"":2219,""2018"":2180,""2019"":2186,""2020"":1944,""2021"":1944,""2022"":1929,""2023"":1930,""2024"":1923,""2025"":1876,""2026"":1488}"
Richard Hull,https://scholar.google.com/citations?user=Yd6uJAgAAAAJ,2026-09-28,"Principal Scientist, IC-FOODS","[""computer science"", ""databases"", ""web services"", ""business process management"", ""business artifacts""]",24751,57,158,3929,24,40,1987,"{""1987"":87,""1988"":104,""1989"":210,""1990"":299,""1991"":333,""1992"":413,""1993"":418,""1994"":351,""1995"":461,""1996"":396,""1997"":488,""1998"":484,""1999"":484,""2000"":488,""2001"":455,""2002"":468,""2003"":484,""2004"":570,""2005"":695,""2006"":712,""2007"":884,""2008"":777,""2009"":918,""2010"":816,""2011"":844,""2012"":995,""2013"":899,""2014"":836,""2015"":849,""2016"":869,""2017"":741,""2018"":798,""2019"":911,""2020"":778,""2021"":759,""2022"":791,""2023"":722,""2024"":649,""2025"":597,""2026"":411}"
rod downey,https://scholar.google.com/citations?user=9xo0qlMAAAAJ,2026-09-28,"Victoria University, Wellington","[""Logic"", ""Computability"", ""Complexity"", ""Algebra""]",19915,52,193,4267,21,60,1993,"{""1993"":96,""1994"":101,""1995"":112,""1996"":128,""1997"":140,""1998"":237,""1999"":191,""2000"":195,""2001"":210,""2002"":313,""2003"":429,""2004"":451,""2005"":440,""2006"":647,""2007"":648,""2008"":692,""2009"":721,""2010"":771,""2011"":808,""2012"":911,""2013"":943,""2014"":821,""2015"":871,""2016"":888,""2017"":803,""2018"":887,""2019"":804,""2020"":827,""2021"":743,""2022"":742,""2023"":608,""2024"":732,""2025"":792,""2026"":644}"
Tao Jiang,https://scholar.google.com/citations?user=XUhsCZwAAAAJ,2026-09-28,UC Riverside,"[""algorithms"", ""computational biology"", ""bioinformatics"", ""computational complexity"", ""formal languages""]",17797,72,186,4150,31,77,1993,"{""1993"":54,""1994"":71,""1995"":112,""1996"":95,""1997"":113,""1998"":138,""1999"":137,""2000"":187,""2001"":131,""2002"":257,""2003"":367,""2004"":503,""2005"":663,""2006"":665,""2007"":733,""2008"":759,""2009"":634,""2010"":748,""2011"":739,""2012"":698,""2013"":732,""2014"":776,""2015"":666,""2016"":741,""2017"":639,""2018"":661,""2019"":677,""2020"":672,""2021"":844,""2022"":780,""2023"":694,""2024"":719,""2025"":650,""2026"":462}"
Viktor K. Prasanna,https://scholar.google.com/citations?user=4FQXSP8AAAAJ,2026-09-28,University of Southern California,"[""parallel computation"", ""high performance computing"", ""reconfigurable computing"", ""data science"", ""energy efficient computing""]",32135,84,556,10038,44,194,1991,"{""1991"":83,""1992"":124,""1993"":203,""1994"":257,""1995"":298,""1996"":250,""1997"":296,""1998"":243,""1999"":316,""2000"":313,""2001"":232,""2002"":338,""2003"":333,""2004"":599,""2005"":807,""2006"":893,""2007"":991,""2008"":1024,""2009"":1003,""2010"":1081,""2011"":1066,""2012"":1073,""2013"":1166,""2014"":1165,""2015"":1253,""2016"":1213,""2017"":1135,""2018"":1255,""2019"":1281,""2020"":1305,""2021"":1398,""2022"":1664,""2023"":1675,""2024"":1913,""2025"":1913,""2026"":1465}"
Alexander L Wolf,https://scholar.google.com/citations?user=21FXjJgAAAAJ,2026-09-28,"Dean of Engineering, University of California, Santa Cruz","[""Software Engineering"", ""Distributed Systems"", ""Networking""]",22405,57,138,2478,16,22,1989,"{""1989"":70,""1990"":99,""1991"":94,""1992"":94,""1993"":121,""1994"":115,""1995"":147,""1996"":200,""1997"":234,""1998"":378,""1999"":406,""2000"":439,""2001"":639,""2002"":756,""2003"":803,""2004"":1060,""2005"":1102,""2006"":1155,""2007"":1109,""2008"":1029,""2009"":1032,""2010"":916,""2011"":902,""2012"":847,""2013"":889,""2014"":723,""2015"":636,""2016"":709,""2017"":683,""2018"":783,""2019"":689,""2020"":564,""2021"":489,""2022"":458,""2023"":394,""2024"":425,""2025"":404,""2026"":308}"
Alon Halevy,https://scholar.google.com/citations?user=F_MI0pcAAAAJ,2026-09-28,Google,"[""Database systems"", ""Web data management"", ""Artificial Intelligence""]",60613,111,273,9462,43,136,1996,"{""1996"":185,""1997"":354,""1998"":614,""1999"":922,""2000"":1160,""2001"":1378,""2002"":1646,""2003"":1884,""2004"":2224,""2005"":2551,""2006"":2689,""2007"":2821,""2008"":2910,""2009"":3089,""2010"":2923,""2011"":2690,""2012"":2703,""2013"":2698,""2014"":2563,""2015"":2397,""2016"":2381,""2017"":1854,""2018"":1753,""2019"":1862,""2020"":1758,""2021"":1506,""2022"":1543,""2023"":1567,""2024"":1701,""2025"":1816,""2026"":1310}"
Arvind,https://scholar.google.com/citations?user=_BqpjCgAAAAJ,2026-09-28,MIT,"[""Computer Architecture""]",8958,47,114,1959,14,23,1987,"{""1987"":70,""1988"":107,""1989"":105,""1990"":184,""1991"":226,""1992"":205,""1993"":219,""1994"":281,""1995"":272,""1996"":211,""1997"":218,""1998"":255,""1999"":182,""2000"":199,""2001"":131,""2002"":128,""2003"":142,""2004"":158,""2005"":147,""2006"":148,""2007"":223,""2008"":208,""2009"":157,""2010"":228,""2011"":229,""2012"":222,""2013"":205,""2014"":222,""2015"":200,""2016"":178,""2017"":192,""2018"":190,""2019"":269,""2020"":351,""2021"":423,""2022"":344,""2023"":374,""2024"":310,""2025"":284,""2026"":223}"
Charles E. Leiserson,https://scholar.google.com/citations?user=gWBoNCsAAAAJ,2026-09-28,MIT,"[""algorithms"", ""computer science and engineering"", ""graph drawing"", ""parallel computing"", ""performance engineering""]",113683,71,186,24303,36,80,1988,"{""1988"":367,""1989"":362,""1990"":340,""1991"":417,""1992"":545,""1993"":805,""1994"":976,""1995"":1067,""1996"":1212,""1997"":1235,""1998"":1432,""1999"":1527,""2000"":1525,""2001"":1579,""2002"":1862,""2003"":2238,""2004"":2543,""2005"":2905,""2006"":3300,""2007"":3799,""2008"":3990,""2009"":4203,""2010"":4479,""2011"":4472,""2012"":4465,""2013"":4689,""2014"":4756,""2015"":4350,""2016"":4281,""2017"":4150,""2018"":4139,""2019"":4002,""2020"":3938,""2021"":3876,""2022"":3862,""2023"":3842,""2024"":4216,""2025"":4749,""2026"":3747}"
Dianne P O'Leary,https://scholar.google.com/citations?user=5mXaSbgAAAAJ,2026-09-28,"Professor of Computer Science, University of Maryland","[""computational linear algebra and optimization"", ""scientific computing""]",20428,58,152,4823,27,55,1987,"{""1987"":90,""1988"":96,""1989"":124,""1990"":105,""1991"":109,""1992"":134,""1993"":103,""1994"":164,""1995"":142,""1996"":147,""1997"":153,""1998"":173,""1999"":159,""2000"":216,""2001"":211,""2002"":236,""2003"":280,""2004"":329,""2005"":400,""2006"":464,""2007"":487,""2008"":583,""2009"":664,""2010"":721,""2011"":755,""2012"":759,""2013"":917,""2014"":888,""2015"":875,""2016"":909,""2017"":910,""2018"":911,""2019"":894,""2020"":882,""2021"":882,""2022"":868,""2023"":766,""2024"":789,""2025"":823,""2026"":695}"
Eric Allender,https://scholar.google.com/citations?user=dQwv9e4AAAAJ,2026-09-28,Rutgers University,"[""Computational Complexity Theory""]",5776,44,82,1235,18,42,1988,"{""1988"":42,""1989"":43,""1990"":70,""1991"":71,""1992"":80,""1993"":96,""1994"":86,""1995"":91,""1996"":94,""1997"":105,""1998"":106,""1999"":71,""2000"":80,""2001"":120,""2002"":84,""2003"":125,""2004"":143,""2005"":114,""2006"":141,""2007"":186,""2008"":153,""2009"":179,""2010"":196,""2011"":138,""2012"":222,""2013"":165,""2014"":226,""2015"":146,""2016"":175,""2017"":189,""2018"":181,""2019"":212,""2020"":218,""2021"":198,""2022"":197,""2023"":258,""2024"":198,""2025"":200,""2026"":179}"
Heung-Yeung Shum,https://scholar.google.com/citations?user=9akH-n8AAAAJ,2026-09-28,Microsoft,"[""Computer Vision"", ""Computer Graphics""]",65748,120,382,19613,51,181,2000,"{""2000"":228,""2001"":385,""2002"":484,""2003"":798,""2004"":1125,""2005"":1563,""2006"":2081,""2007"":2400,""2008"":2433,""2009"":2671,""2010"":2877,""2011"":2845,""2012"":2913,""2013"":3024,""2014"":3041,""2015"":2946,""2016"":3020,""2017"":2756,""2018"":2571,""2019"":2556,""2020"":2357,""2021"":2231,""2022"":2263,""2023"":2354,""2024"":3290,""2025"":4849,""2026"":4569}"
jstrother moore,https://scholar.google.com/citations?user=91fyr68AAAAJ,2026-09-28,"Computer Science Dept, University of Texas at Austin","[""Formal Methods"", ""Theorem Proving"", ""Artificial Intelligence""]",16959,52,115,1793,21,33,1987,"{""1987"":119,""1988"":153,""1989"":203,""1990"":247,""1991"":222,""1992"":374,""1993"":306,""1994"":390,""1995"":305,""1996"":389,""1997"":354,""1998"":327,""1999"":367,""2000"":366,""2001"":386,""2002"":306,""2003"":502,""2004"":530,""2005"":638,""2006"":603,""2007"":629,""2008"":614,""2009"":652,""2010"":639,""2011"":462,""2012"":452,""2013"":568,""2014"":464,""2015"":424,""2016"":409,""2017"":392,""2018"":368,""2019"":355,""2020"":379,""2021"":339,""2022"":356,""2023"":278,""2024"":323,""2025"":310,""2026"":186}"
James R Larus,https://scholar.google.com/citations?user=xWZTGPUAAAAJ,2026-09-28,"Professor Emeritus, EPFL","[""Programming Languages"", ""Compilers"", ""Software Engineering"", ""Computer Architecture"", ""Computer Systems""]",27357,74,185,4768,34,83,1988,"{""1988"":84,""1989"":96,""1990"":70,""1991"":91,""1992"":118,""1993"":215,""1994"":399,""1995"":443,""1996"":519,""1997"":534,""1998"":600,""1999"":514,""2000"":388,""2001"":489,""2002"":514,""2003"":523,""2004"":560,""2005"":695,""2006"":668,""2007"":872,""2008"":740,""2009"":894,""2010"":962,""2011"":966,""2012"":921,""2013"":1053,""2014"":1028,""2015"":1090,""2016"":1197,""2017"":1171,""2018"":1210,""2019"":1246,""2020"":1195,""2021"":1192,""2022"":1030,""2023"":766,""2024"":694,""2025"":651,""2026"":432}"
John Laird,https://scholar.google.com/citations?user=ea6cjVUAAAAJ,2026-09-28,"Emeritus Professor of Computer Science and Engineering, University of Michigan","[""Artificial Intelligence""]",23552,62,185,4535,26,62,1987,"{""1987"":184,""1988"":162,""1989"":193,""1990"":312,""1991"":388,""1992"":675,""1993"":395,""1994"":365,""1995"":424,""1996"":336,""1997"":317,""1998"":353,""1999"":339,""2000"":284,""2001"":325,""2002"":361,""2003"":441,""2004"":575,""2005"":671,""2006"":709,""2007"":651,""2008"":737,""2009"":750,""2010"":671,""2011"":774,""2012"":918,""2013"":807,""2014"":896,""2015"":695,""2016"":719,""2017"":719,""2018"":783,""2019"":739,""2020"":694,""2021"":655,""2022"":728,""2023"":754,""2024"":693,""2025"":1063,""2026"":633}"
John Guttag,https://scholar.google.com/citations?user=TvyZkdwAAAAJ,2026-09-28,Unknown affiliation,[],38974,78,203,18239,48,118,1987,"{""1987"":252,""1988"":237,""1989"":289,""1990"":317,""1991"":341,""1992"":327,""1993"":324,""1994"":338,""1995"":372,""1996"":352,""1997"":338,""1998"":332,""1999"":478,""2000"":437,""2001"":429,""2002"":504,""2003"":425,""2004"":422,""2005"":474,""2006"":413,""2007"":424,""2008"":357,""2009"":423,""2010"":501,""2011"":514,""2012"":614,""2013"":640,""2014"":738,""2015"":772,""2016"":972,""2017"":1018,""2018"":1116,""2019"":1387,""2020"":1923,""2021"":2424,""2022"":2938,""2023"":2967,""2024"":3295,""2025"":3686,""2026"":2868}"
Kenneth D. Forbus,https://scholar.google.com/citations?user=IdRYT-8AAAAJ,2026-09-28,"Professor of Computer Science, Northwestern University","[""Artificial Intelligence""]",26204,70,254,4043,27,83,1987,"{""1987"":176,""1988"":262,""1989"":343,""1990"":435,""1991"":501,""1992"":565,""1993"":459,""1994"":536,""1995"":463,""1996"":436,""1997"":475,""1998"":455,""1999"":378,""2000"":404,""2001"":604,""2002"":438,""2003"":567,""2004"":632,""2005"":766,""2006"":738,""2007"":785,""2008"":806,""2009"":1020,""2010"":667,""2011"":866,""2012"":814,""2013"":875,""2014"":766,""2015"":688,""2016"":782,""2017"":936,""2018"":834,""2019"":955,""2020"":895,""2021"":701,""2022"":817,""2023"":798,""2024"":666,""2025"":642,""2026"":419}"
Laura Haas,https://scholar.google.com/citations?user=e9qUUSgAAAAJ,2026-09-28,University of Massachusetts Amherst,"[""Databases"", ""information integration"", ""data science""]",14437,50,85,1389,17,34,1987,"{""1987"":88,""1988"":86,""1989"":112,""1990"":146,""1991"":171,""1992"":139,""1993"":162,""1994"":147,""1995"":137,""1996"":145,""1997"":181,""1998"":238,""1999"":289,""2000"":263,""2001"":337,""2002"":410,""2003"":448,""2004"":468,""2005"":540,""2006"":507,""2007"":541,""2008"":494,""2009"":565,""2010"":567,""2011"":587,""2012"":495,""2013"":524,""2014"":617,""2015"":517,""2016"":505,""2017"":503,""2018"":648,""2019"":613,""2020"":402,""2021"":331,""2022"":312,""2023"":257,""2024"":213,""2025"":188,""2026"":88}"
C Lee Giles,https://scholar.google.com/citations?user=sAkg9T8AAAAJ,2026-09-28,Pennsylvania State University,"[""Information extraction"", ""search engines"", ""information retrieval"", ""deep learning"", ""digital libraries""]",66472,122,496,17158,58,271,1992,"{""1992"":203,""1993"":220,""1994"":332,""1995"":281,""1996"":263,""1997"":351,""1998"":496,""1999"":629,""2000"":1035,""2001"":1214,""2002"":1296,""2003"":1486,""2004"":1693,""2005"":1640,""2006"":1846,""2007"":1844,""2008"":1911,""2009"":2082,""2010"":1974,""2011"":2055,""2012"":2273,""2013"":2506,""2014"":2388,""2015"":2454,""2016"":2622,""2017"":2795,""2018"":3111,""2019"":3294,""2020"":3511,""2021"":3841,""2022"":3393,""2023"":3094,""2024"":2827,""2025"":2501,""2026"":1485}"
Lixia Zhang,https://scholar.google.com/citations?user=CZyWk8kAAAAJ,2026-09-28,"Professor of Computer Science, UCLA","[""Internet architecture"", ""network protocol design"", ""system security.""]",80086,113,371,9157,43,166,1992,"{""1992"":206,""1993"":297,""1994"":420,""1995"":597,""1996"":785,""1997"":1154,""1998"":1578,""1999"":1782,""2000"":2075,""2001"":2277,""2002"":2367,""2003"":2871,""2004"":3137,""2005"":3431,""2006"":3622,""2007"":3621,""2008"":3328,""2009"":3326,""2010"":3128,""2011"":2968,""2012"":2728,""2013"":2914,""2014"":2779,""2015"":2818,""2016"":3313,""2017"":3002,""2018"":3326,""2019"":2976,""2020"":2470,""2021"":2171,""2022"":1944,""2023"":1620,""2024"":1458,""2025"":1228,""2026"":731}"
M. Tamer Özsu,https://scholar.google.com/citations?user=dwxm_CoAAAAJ,2026-09-28,"University Professor, University of Waterloo","[""Database systems"", ""Distributed systems""]",25779,69,217,6092,35,79,1991,"{""1991"":82,""1992"":107,""1993"":224,""1994"":193,""1995"":259,""1996"":297,""1997"":373,""1998"":323,""1999"":323,""2000"":400,""2001"":300,""2002"":401,""2003"":471,""2004"":650,""2005"":663,""2006"":787,""2007"":807,""2008"":747,""2009"":889,""2010"":843,""2011"":850,""2012"":928,""2013"":811,""2014"":987,""2015"":1161,""2016"":1096,""2017"":1074,""2018"":1058,""2019"":1057,""2020"":1058,""2021"":1075,""2022"":1118,""2023"":1102,""2024"":1070,""2025"":1071,""2026"":646}"
Marianne Winslett,https://scholar.google.com/citations?user=v5LmxOQAAAAJ,2026-09-28,"Department of Computer Science, University of Illinois at Urbana-Champaign",[],12880,58,164,2409,24,44,1990,"{""1990"":33,""1991"":52,""1992"":64,""1993"":82,""1994"":127,""1995"":125,""1996"":180,""1997"":211,""1998"":145,""1999"":164,""2000"":131,""2001"":144,""2002"":190,""2003"":308,""2004"":299,""2005"":391,""2006"":507,""2007"":581,""2008"":541,""2009"":547,""2010"":603,""2011"":460,""2012"":470,""2013"":471,""2014"":459,""2015"":483,""2016"":489,""2017"":475,""2018"":524,""2019"":520,""2020"":483,""2021"":459,""2022"":439,""2023"":435,""2024"":459,""2025"":364,""2026"":249}"
Matthias Felleisen,https://scholar.google.com/citations?user=KP-Vo44AAAAJ,2026-09-28,none,"[""Programming Languages and Software Engineering""]",19155,67,144,3460,28,66,1988,"{""1988"":49,""1989"":56,""1990"":83,""1991"":122,""1992"":124,""1993"":215,""1994"":225,""1995"":266,""1996"":240,""1997"":262,""1998"":311,""1999"":300,""2000"":336,""2001"":341,""2002"":471,""2003"":464,""2004"":538,""2005"":626,""2006"":686,""2007"":694,""2008"":655,""2009"":739,""2010"":691,""2011"":555,""2012"":680,""2013"":664,""2014"":645,""2015"":725,""2016"":697,""2017"":755,""2018"":690,""2019"":814,""2020"":560,""2021"":542,""2022"":512,""2023"":644,""2024"":680,""2025"":668,""2026"":414}"
Michael L. Scott,https://scholar.google.com/citations?user=PzaBy-UAAAAJ,2026-09-28,"Arthur Gould Yates Professor Emeritus, Computer Science, Univ. of Rochester","[""Concurrency and Synchronization"", ""Parallel Computing"", ""Operating Systems"", ""Programming Languages""]",18824,65,158,2914,23,46,1988,"{""1988"":51,""1989"":63,""1990"":59,""1991"":132,""1992"":156,""1993"":240,""1994"":214,""1995"":234,""1996"":241,""1997"":206,""1998"":247,""1999"":226,""2000"":200,""2001"":196,""2002"":246,""2003"":300,""2004"":427,""2005"":435,""2006"":503,""2007"":645,""2008"":779,""2009"":797,""2010"":919,""2011"":964,""2012"":822,""2013"":857,""2014"":803,""2015"":965,""2016"":823,""2017"":717,""2018"":693,""2019"":665,""2020"":641,""2021"":627,""2022"":554,""2023"":527,""2024"":459,""2025"":426,""2026"":321}"
Mikhail Atallah,https://scholar.google.com/citations?user=uc8_eH0AAAAJ,2026-09-28,Distinguished Professor of Computer Science,"[""Information security"", ""algorithms""]",20705,72,208,3181,30,67,1987,"{""1987"":80,""1988"":160,""1989"":183,""1990"":212,""1991"":155,""1992"":232,""1993"":226,""1994"":235,""1995"":187,""1996"":172,""1997"":172,""1998"":180,""1999"":148,""2000"":152,""2001"":168,""2002"":177,""2003"":257,""2004"":395,""2005"":499,""2006"":569,""2007"":675,""2008"":636,""2009"":883,""2010"":879,""2011"":886,""2012"":942,""2013"":1067,""2014"":1064,""2015"":1054,""2016"":1011,""2017"":896,""2018"":909,""2019"":821,""2020"":765,""2021"":649,""2022"":548,""2023"":540,""2024"":583,""2025"":546,""2026"":314}"
Ming Li,https://scholar.google.com/citations?user=j1xcTB4AAAAJ,2026-09-28,"University Professor, University of Waterloo","[""Bioinformatics"", ""machine learning"", ""Kolmogorov complexity"", ""few shot learning"", ""information distance""]",45450,74,226,9570,35,88,1989,"{""1989"":122,""1990"":165,""1991"":140,""1992"":214,""1993"":238,""1994"":323,""1995"":365,""1996"":336,""1997"":353,""1998"":403,""1999"":382,""2000"":429,""2001"":502,""2002"":624,""2003"":1283,""2004"":1586,""2005"":1776,""2006"":1845,""2007"":2055,""2008"":1999,""2009"":1810,""2010"":1977,""2011"":1918,""2012"":1793,""2013"":1716,""2014"":1637,""2015"":1552,""2016"":1484,""2017"":1386,""2018"":1456,""2019"":1479,""2020"":1608,""2021"":1652,""2022"":1605,""2023"":1565,""2024"":1566,""2025"":1784,""2026"":1397}"
Ming-Syan Chen,https://scholar.google.com/citations?user=KTmCrFkAAAAJ,2026-09-28,"National Taiwan University, Taiwan","[""data mining"", ""database"", ""multimedia""]",28177,74,367,3817,28,104,1990,"{""1990"":98,""1991"":107,""1992"":170,""1993"":165,""1994"":181,""1995"":198,""1996"":256,""1997"":329,""1998"":404,""1999"":435,""2000"":568,""2001"":732,""2002"":814,""2003"":916,""2004"":1010,""2005"":1111,""2006"":1029,""2007"":1082,""2008"":1100,""2009"":1069,""2010"":1039,""2011"":1135,""2012"":1149,""2013"":1183,""2014"":1249,""2015"":1213,""2016"":1073,""2017"":1061,""2018"":1015,""2019"":936,""2020"":842,""2021"":773,""2022"":809,""2023"":670,""2024"":653,""2025"":565,""2026"":346}"
Nick McKeown,https://scholar.google.com/citations?user=SqMUez0AAAAJ,2026-09-28,Stanford University,"[""computer networks"", ""computer systems"", ""ML systems"", ""ML interconnects"", ""AI for Law""]",73390,103,227,17662,50,127,1998,"{""1998"":194,""1999"":307,""2000"":421,""2001"":563,""2002"":772,""2003"":1111,""2004"":986,""2005"":1112,""2006"":1210,""2007"":1278,""2008"":1320,""2009"":1438,""2010"":1619,""2011"":1705,""2012"":2351,""2013"":3357,""2014"":4286,""2015"":5205,""2016"":5676,""2017"":5336,""2018"":5216,""2019"":4984,""2020"":4164,""2021"":3935,""2022"":3608,""2023"":3030,""2024"":2817,""2025"":2606,""2026"":1664}"
Norman P. Jouppi,https://scholar.google.com/citations?user=GObyQBIAAAAJ,2026-09-28,Google,"[""Computer architecture""]",49758,100,254,15536,45,128,1988,"{""1988"":151,""1989"":146,""1990"":124,""1991"":213,""1992"":178,""1993"":222,""1994"":242,""1995"":318,""1996"":314,""1997"":328,""1998"":371,""1999"":384,""2000"":452,""2001"":516,""2002"":546,""2003"":725,""2004"":858,""2005"":897,""2006"":909,""2007"":965,""2008"":931,""2009"":1078,""2010"":1270,""2011"":1398,""2012"":1556,""2013"":1777,""2014"":2059,""2015"":2303,""2016"":2221,""2017"":2200,""2018"":2424,""2019"":2716,""2020"":2595,""2021"":2757,""2022"":2847,""2023"":2495,""2024"":2540,""2025"":2958,""2026"":1931}"
Kunle Olukotun,https://scholar.google.com/citations?user=IzXDyR8AAAAJ,2026-09-28,"Cadence Design Systems Professor of Computer Science, Stanford University","[""computer architecture"", ""parallel computing"", ""programming languages""]",27105,83,182,6129,41,97,1996,"{""1996"":76,""1997"":145,""1998"":169,""1999"":224,""2000"":257,""2001"":236,""2002"":251,""2003"":269,""2004"":317,""2005"":573,""2006"":749,""2007"":943,""2008"":1055,""2009"":1276,""2010"":1193,""2011"":1371,""2012"":1363,""2013"":1233,""2014"":1348,""2015"":1251,""2016"":1310,""2017"":1275,""2018"":1194,""2019"":1240,""2020"":1120,""2021"":1131,""2022"":1088,""2023"":1014,""2024"":863,""2025"":966,""2026"":1056}"
Phillip Gibbons,https://scholar.google.com/citations?user=F9kqUXkAAAAJ,2026-09-28,Carnegie Mellon University,"[""parallel computing"", ""databases/big data/cloud computing"", ""distributed/sensor systems"", ""computer architecture""]",49994,88,218,24324,45,129,1993,"{""1993"":159,""1994"":187,""1995"":181,""1996"":242,""1997"":220,""1998"":319,""1999"":302,""2000"":278,""2001"":302,""2002"":420,""2003"":538,""2004"":632,""2005"":782,""2006"":890,""2007"":1035,""2008"":1130,""2009"":1197,""2010"":1284,""2011"":1275,""2012"":1209,""2013"":1255,""2014"":1267,""2015"":1337,""2016"":1540,""2017"":1391,""2018"":1616,""2019"":1688,""2020"":2202,""2021"":2779,""2022"":3457,""2023"":3745,""2024"":4160,""2025"":5282,""2026"":4897}"
Roch Guerin,https://scholar.google.com/citations?user=54w2_AcAAAAJ,2026-09-28,"Professor or Computer Science & Engineering, Washington University in St. Louis","[""networking"", ""protocols"", ""network economics"", ""computer science""]",36519,65,164,1715,19,33,1992,"{""1992"":94,""1993"":166,""1994"":263,""1995"":335,""1996"":383,""1997"":495,""1998"":760,""1999"":879,""2000"":1028,""2001"":1110,""2002"":1778,""2003"":2079,""2004"":2288,""2005"":2566,""2006"":2642,""2007"":2449,""2008"":2086,""2009"":1873,""2010"":1693,""2011"":1522,""2012"":1293,""2013"":1091,""2014"":935,""2015"":835,""2016"":651,""2017"":592,""2018"":521,""2019"":478,""2020"":374,""2021"":418,""2022"":403,""2023"":242,""2024"":279,""2025"":249,""2026"":123}"
Stanley Zdonik,https://scholar.google.com/citations?user=k3YaoIEAAAAJ,2026-09-28,Brown University,[],34288,84,172,4265,29,66,1988,"{""1988"":120,""1989"":177,""1990"":347,""1991"":536,""1992"":593,""1993"":665,""1994"":534,""1995"":565,""1996"":528,""1997"":492,""1998"":529,""1999"":531,""2000"":560,""2001"":518,""2002"":561,""2003"":679,""2004"":885,""2005"":1001,""2006"":1117,""2007"":1172,""2008"":1101,""2009"":1320,""2010"":1224,""2011"":1321,""2012"":1286,""2013"":1352,""2014"":1345,""2015"":1407,""2016"":1500,""2017"":1412,""2018"":1734,""2019"":1186,""2020"":1031,""2021"":922,""2022"":822,""2023"":677,""2024"":689,""2025"":667,""2026"":485}"
Susan Dumais,https://scholar.google.com/citations?user=x8dED5cAAAAJ,2026-09-28,"Technical Fellow, Microsoft Research","[""Information Retrieval"", ""Human-Computer Interaction""]",102238,124,299,21245,49,174,1994,"{""1994"":270,""1995"":317,""1996"":283,""1997"":462,""1998"":590,""1999"":617,""2000"":873,""2001"":1119,""2002"":1420,""2003"":1864,""2004"":2264,""2005"":2697,""2006"":2940,""2007"":3281,""2008"":3629,""2009"":3937,""2010"":3973,""2011"":4089,""2012"":4481,""2013"":4926,""2014"":5269,""2015"":5032,""2016"":5124,""2017"":4672,""2018"":4729,""2019"":4756,""2020"":4260,""2021"":4069,""2022"":3763,""2023"":3725,""2024"":3695,""2025"":3719,""2026"":2274}"
Thomas Henzinger,https://scholar.google.com/citations?user=jpgplxUAAAAJ,2026-09-28,IST Austria,"[""Theory of Software Systems""]",69867,124,385,13076,54,230,1993,"{""1993"":173,""1994"":327,""1995"":416,""1996"":508,""1997"":696,""1998"":805,""1999"":1040,""2000"":1121,""2001"":1263,""2002"":1349,""2003"":1810,""2004"":1951,""2005"":2422,""2006"":2453,""2007"":2702,""2008"":2863,""2009"":2898,""2010"":2986,""2011"":3025,""2012"":3095,""2013"":3039,""2014"":3007,""2015"":3052,""2016"":2781,""2017"":2644,""2018"":2574,""2019"":2519,""2020"":2113,""2021"":2137,""2022"":2329,""2023"":2348,""2024"":2247,""2025"":2208,""2026"":1796}"
Vern Paxson,https://scholar.google.com/citations?user=HvwPRJ0AAAAJ,2026-09-28,"Professor, EECS, University of California, Berkeley","[""Networking"", ""Security"", ""Measurement""]",80101,118,268,13881,59,158,1997,"{""1997"":335,""1998"":547,""1999"":861,""2000"":1200,""2001"":1581,""2002"":2210,""2003"":2860,""2004"":3170,""2005"":3616,""2006"":3744,""2007"":3791,""2008"":3531,""2009"":3316,""2010"":3299,""2011"":3209,""2012"":3245,""2013"":3231,""2014"":3225,""2015"":3000,""2016"":3109,""2017"":3046,""2018"":2966,""2019"":2872,""2020"":2543,""2021"":2589,""2022"":2123,""2023"":2068,""2024"":2179,""2025"":2634,""2026"":2287}"
William Gropp,https://scholar.google.com/citations?user=vB96fX8AAAAJ,2026-09-28,"Professor of Computer Science, University of Illinois","[""High performance computing"", ""HPC"", ""Parallel computing"", ""Scientific Computing""]",61289,91,360,13104,45,132,1994,"{""1994"":236,""1995"":261,""1996"":422,""1997"":525,""1998"":872,""1999"":1000,""2000"":1065,""2001"":1133,""2002"":1192,""2003"":1428,""2004"":1600,""2005"":1738,""2006"":1899,""2007"":1980,""2008"":1827,""2009"":2073,""2010"":2002,""2011"":2199,""2012"":2273,""2013"":2403,""2014"":2509,""2015"":2652,""2016"":2618,""2017"":2501,""2018"":2729,""2019"":2678,""2020"":2336,""2021"":2471,""2022"":2334,""2023"":2205,""2024"":2029,""2025"":2280,""2026"":1775}"
Brad A. Myers,https://scholar.google.com/citations?user=E1cp_aYAAAAJ,2026-09-28,"Charles M. Geschke Director and Professor of Human-Computer Interaction, Carnegie Mellon University","[""Interaction Design"", ""Human-Computer Interaction"", ""HCI"", ""User Interfaces"", ""Software Engineering""]",43384,104,356,11226,51,165,1988,"{""1988"":112,""1989"":199,""1990"":292,""1991"":407,""1992"":406,""1993"":433,""1994"":447,""1995"":543,""1996"":508,""1997"":424,""1998"":460,""1999"":494,""2000"":513,""2001"":652,""2002"":708,""2003"":764,""2004"":1069,""2005"":1051,""2006"":1158,""2007"":1215,""2008"":1247,""2009"":1366,""2010"":1447,""2011"":1380,""2012"":1338,""2013"":1581,""2014"":1701,""2015"":1693,""2016"":1480,""2017"":1548,""2018"":1492,""2019"":1601,""2020"":1567,""2021"":1534,""2022"":1616,""2023"":1797,""2024"":2006,""2025"":2314,""2026"":1946}"
Christophe Diot,https://scholar.google.com/citations?user=wtMGHCQAAAAJ,2026-09-28,Data Nomad,"[""Network Telemetry""]",34557,84,199,3188,28,64,1997,"{""1997"":108,""1998"":164,""1999"":170,""2000"":255,""2001"":296,""2002"":434,""2003"":790,""2004"":1118,""2005"":1249,""2006"":1473,""2007"":1897,""2008"":1846,""2009"":1981,""2010"":2258,""2011"":2138,""2012"":2188,""2013"":2110,""2014"":2039,""2015"":1880,""2016"":1549,""2017"":1298,""2018"":1315,""2019"":1085,""2020"":892,""2021"":715,""2022"":726,""2023"":484,""2024"":481,""2025"":454,""2026"":328}"
Daniel Weld,https://scholar.google.com/citations?user=IUZgJogAAAAJ,2026-09-28,Allen Institute for AI & University of Washington,"[""Artificial Intelligence"", ""Human AI Interaction"", ""Crowdsourcing"", ""Information Extraction"", ""Planning""]",69709,107,272,30769,59,164,1992,"{""1992"":195,""1993"":222,""1994"":377,""1995"":387,""1996"":565,""1997"":580,""1998"":739,""1999"":792,""2000"":900,""2001"":922,""2002"":1015,""2003"":1261,""2004"":1328,""2005"":1463,""2006"":1323,""2007"":1381,""2008"":1378,""2009"":1609,""2010"":1654,""2011"":1736,""2012"":1869,""2013"":1817,""2014"":1817,""2015"":1787,""2016"":1998,""2017"":1868,""2018"":1932,""2019"":1997,""2020"":2835,""2021"":3601,""2022"":4020,""2023"":4532,""2024"":4980,""2025"":6425,""2026"":7173}"
David A. Wood,https://scholar.google.com/citations?user=UCiXhq4AAAAJ,2026-09-28,"University of Wisconsin, Madison","[""Computer architecture""]",29182,72,149,6102,29,64,1987,"{""1987"":94,""1988"":121,""1989"":144,""1990"":133,""1991"":119,""1992"":127,""1993"":161,""1994"":248,""1995"":381,""1996"":394,""1997"":454,""1998"":485,""1999"":358,""2000"":308,""2001"":270,""2002"":288,""2003"":368,""2004"":388,""2005"":467,""2006"":547,""2007"":748,""2008"":876,""2009"":963,""2010"":1051,""2011"":1087,""2012"":1050,""2013"":1214,""2014"":1245,""2015"":1483,""2016"":1522,""2017"":1552,""2018"":1447,""2019"":1325,""2020"":1208,""2021"":1134,""2022"":1092,""2023"":1060,""2024"":975,""2025"":1089,""2026"":751}"
David L. Dill,https://scholar.google.com/citations?user=uy8T6BYAAAAJ,2026-09-28,"Professor, Emeritus, of Computer Science, Stanford University","[""formal verification"", ""voting technology"", ""computational biology""]",51674,86,212,9961,37,81,1991,"{""1991"":193,""1992"":314,""1993"":492,""1994"":675,""1995"":840,""1996"":953,""1997"":1028,""1998"":1172,""1999"":1367,""2000"":1306,""2001"":1310,""2002"":1377,""2003"":1587,""2004"":1759,""2005"":1746,""2006"":1714,""2007"":1898,""2008"":1841,""2009"":1852,""2010"":1716,""2011"":1608,""2012"":1567,""2013"":1641,""2014"":1598,""2015"":1451,""2016"":1435,""2017"":1290,""2018"":1569,""2019"":1676,""2020"":1775,""2021"":1714,""2022"":1820,""2023"":1825,""2024"":1682,""2025"":1590,""2026"":1330}"
David Nicol,https://scholar.google.com/citations?user=HIJ4KNgAAAAJ,2026-09-28,"William and Mary, Dartmouth, University of Illinois","[""parallel processing"", ""simulation"", ""modeling"", ""security""]",24391,62,232,4132,24,61,1988,"{""1988"":73,""1989"":98,""1990"":145,""1991"":162,""1992"":187,""1993"":253,""1994"":318,""1995"":336,""1996"":338,""1997"":306,""1998"":342,""1999"":337,""2000"":332,""2001"":440,""2002"":442,""2003"":512,""2004"":633,""2005"":730,""2006"":748,""2007"":719,""2008"":820,""2009"":881,""2010"":904,""2011"":927,""2012"":997,""2013"":1064,""2014"":1052,""2015"":1049,""2016"":988,""2017"":960,""2018"":835,""2019"":889,""2020"":830,""2021"":807,""2022"":778,""2023"":663,""2024"":688,""2025"":699,""2026"":496}"
Dines Bjorner,https://scholar.google.com/citations?user=Ln22tW4AAAAJ,2026-09-28,"Professor Emeritus, DTU Informatics, Denmark","[""Programming Methodology"", ""Formal Methods""]",5815,36,116,685,12,15,1987,"{""1987"":114,""1988"":103,""1989"":110,""1990"":110,""1991"":136,""1992"":109,""1993"":121,""1994"":75,""1995"":61,""1996"":71,""1997"":58,""1998"":67,""1999"":50,""2000"":105,""2001"":64,""2002"":76,""2003"":119,""2004"":85,""2005"":104,""2006"":203,""2007"":142,""2008"":300,""2009"":246,""2010"":273,""2011"":183,""2012"":167,""2013"":161,""2014"":136,""2015"":162,""2016"":141,""2017"":168,""2018"":390,""2019"":162,""2020"":130,""2021"":181,""2022"":65,""2023"":121,""2024"":97,""2025"":102,""2026"":118}"
Eli Upfal,https://scholar.google.com/citations?user=O_7MVDIAAAAJ,2026-09-28,"Computer Science Professor, Brown University","[""Design and Analysis of Algorithms"", ""Randomized Algorithms"", ""Probabilistic Analysis"", ""Machine Learning"", ""Computational Statistics""]",23486,64,153,6393,35,81,1987,"{""1987"":69,""1988"":100,""1989"":144,""1990"":136,""1991"":142,""1992"":149,""1993"":170,""1994"":210,""1995"":183,""1996"":250,""1997"":232,""1998"":242,""1999"":210,""2000"":217,""2001"":240,""2002"":331,""2003"":373,""2004"":421,""2005"":485,""2006"":528,""2007"":542,""2008"":570,""2009"":570,""2010"":660,""2011"":669,""2012"":763,""2013"":824,""2014"":856,""2015"":911,""2016"":976,""2017"":1018,""2018"":1147,""2019"":1131,""2020"":1172,""2021"":1153,""2022"":1117,""2023"":1042,""2024"":1081,""2025"":1082,""2026"":918}"
Gerhard Weikum,https://scholar.google.com/citations?user=vNAD0mAAAAAJ,2026-09-28,"Professor of Computer Science, Max Planck Institute for Informatics, Saarland Informatics Campus","[""Databases"", ""Data Mining"", ""Information Retrieval"", ""Web Data Management"", ""Knowledge Bases""]",52503,109,477,15625,55,198,1992,"{""1992"":134,""1993"":201,""1994"":193,""1995"":191,""1996"":216,""1997"":280,""1998"":270,""1999"":389,""2000"":337,""2001"":351,""2002"":473,""2003"":495,""2004"":571,""2005"":821,""2006"":952,""2007"":1200,""2008"":1216,""2009"":1570,""2010"":1784,""2011"":1971,""2012"":2318,""2013"":2385,""2014"":2460,""2015"":2362,""2016"":2566,""2017"":2441,""2018"":2545,""2019"":2567,""2020"":2654,""2021"":3066,""2022"":2873,""2023"":2860,""2024"":2827,""2025"":2451,""2026"":1536}"
Hui Zhang,https://scholar.google.com/citations?user=UMll0FcAAAAJ,2026-09-28,"Carnegie Mellon University, Conviva","[""computer networks"", ""streaming"", ""multicast"", ""big data""]",40313,91,189,4353,35,78,1994,"{""1994"":206,""1995"":295,""1996"":426,""1997"":623,""1998"":764,""1999"":933,""2000"":987,""2001"":1196,""2002"":1378,""2003"":1701,""2004"":1873,""2005"":2088,""2006"":1987,""2007"":2165,""2008"":2015,""2009"":1976,""2010"":1839,""2011"":1548,""2012"":1423,""2013"":1259,""2014"":1235,""2015"":1244,""2016"":1354,""2017"":1317,""2018"":1263,""2019"":1101,""2020"":1003,""2021"":890,""2022"":795,""2023"":727,""2024"":743,""2025"":724,""2026"":474}"
Jennifer Widom,https://scholar.google.com/citations?user=zdKmnYwAAAAJ,2026-09-28,"Professor of Computer Science, Stanford University","[""Database and Information Management""]",63993,104,215,5574,32,80,1993,"{""1993"":171,""1994"":287,""1995"":436,""1996"":596,""1997"":977,""1998"":1132,""1999"":1504,""2000"":1649,""2001"":1918,""2002"":2296,""2003"":2461,""2004"":2561,""2005"":2887,""2006"":3125,""2007"":3218,""2008"":2926,""2009"":3286,""2010"":3089,""2011"":2740,""2012"":2641,""2013"":2608,""2014"":2362,""2015"":2378,""2016"":2373,""2017"":2109,""2018"":2009,""2019"":1723,""2020"":1479,""2021"":1280,""2022"":1064,""2023"":987,""2024"":856,""2025"":822,""2026"":565}"
Keith Cooper,https://scholar.google.com/citations?user=ubiUvvgAAAAJ,2026-09-28,"Professor of Computer Science, Rice University","[""Programming languages"", ""compilers"", ""optimization"", ""static analysis""]",9948,45,74,1274,16,25,1987,"{""1987"":42,""1988"":64,""1989"":76,""1990"":119,""1991"":145,""1992"":212,""1993"":159,""1994"":154,""1995"":228,""1996"":175,""1997"":148,""1998"":218,""1999"":169,""2000"":183,""2001"":172,""2002"":272,""2003"":314,""2004"":466,""2005"":443,""2006"":471,""2007"":503,""2008"":417,""2009"":384,""2010"":388,""2011"":300,""2012"":360,""2013"":271,""2014"":289,""2015"":237,""2016"":222,""2017"":215,""2018"":255,""2019"":188,""2020"":222,""2021"":215,""2022"":217,""2023"":218,""2024"":193,""2025"":245,""2026"":186}"
Krishna Palem,https://scholar.google.com/citations?user=TW6dnZUAAAAJ,2026-09-28,Ken and Audrey Kennedy Professor,"[""Embedded Computing"", ""Algorithms"", ""Probability and Statistics"", ""Electronic Circuit Design"", ""Low Power Computing""]",5097,40,80,672,14,18,1990,"{""1990"":16,""1991"":26,""1992"":58,""1993"":36,""1994"":67,""1995"":74,""1996"":71,""1997"":66,""1998"":63,""1999"":84,""2000"":114,""2001"":105,""2002"":89,""2003"":98,""2004"":108,""2005"":107,""2006"":146,""2007"":149,""2008"":198,""2009"":157,""2010"":180,""2011"":218,""2012"":180,""2013"":239,""2014"":273,""2015"":295,""2016"":261,""2017"":227,""2018"":262,""2019"":184,""2020"":181,""2021"":197,""2022"":150,""2023"":116,""2024"":87,""2025"":64,""2026"":58}"
Lui Sha,https://scholar.google.com/citations?user=SlXqNooAAAAJ,2026-09-28,"Professor of Computer Sceince, University of Illinois","[""real time and embedded systems""]",34469,74,238,5729,35,89,1989,"{""1989"":126,""1990"":209,""1991"":310,""1992"":385,""1993"":413,""1994"":493,""1995"":654,""1996"":507,""1997"":511,""1998"":465,""1999"":543,""2000"":471,""2001"":467,""2002"":489,""2003"":638,""2004"":877,""2005"":1055,""2006"":1100,""2007"":1211,""2008"":1289,""2009"":1209,""2010"":1249,""2011"":1286,""2012"":1270,""2013"":1351,""2014"":1392,""2015"":1332,""2016"":1406,""2017"":1472,""2018"":1371,""2019"":1448,""2020"":1233,""2021"":1137,""2022"":1030,""2023"":968,""2024"":912,""2025"":896,""2026"":785}"
Maurice Herlihy,https://scholar.google.com/citations?user=Ezrt3pkAAAAJ,2026-09-28,"An Wang Professor of Computer Science, Brown University","[""distributed computing"", ""blockchain""]",37668,78,240,7814,36,103,1987,"{""1987"":94,""1988"":112,""1989"":153,""1990"":229,""1991"":201,""1992"":305,""1993"":363,""1994"":425,""1995"":410,""1996"":398,""1997"":314,""1998"":348,""1999"":270,""2000"":319,""2001"":282,""2002"":330,""2003"":436,""2004"":481,""2005"":691,""2006"":896,""2007"":1086,""2008"":1345,""2009"":1501,""2010"":1795,""2011"":1812,""2012"":1550,""2013"":1585,""2014"":1666,""2015"":1828,""2016"":1684,""2017"":1546,""2018"":1697,""2019"":1621,""2020"":1448,""2021"":1441,""2022"":1451,""2023"":1321,""2024"":1334,""2025"":1308,""2026"":958}"
Michael Franklin,https://scholar.google.com/citations?user=p0sQC6sAAAAJ,2026-09-28,University of Chicago,"[""Data Management"", ""Database Systems"", ""Computer Systems"", ""Distributed Systems""]",79812,114,243,19416,55,138,1996,"{""1996"":289,""1997"":400,""1998"":461,""1999"":530,""2000"":582,""2001"":658,""2002"":958,""2003"":1426,""2004"":1927,""2005"":2222,""2006"":2477,""2007"":2407,""2008"":2474,""2009"":2419,""2010"":2230,""2011"":2029,""2012"":2237,""2013"":2256,""2014"":2797,""2015"":3644,""2016"":4802,""2017"":5037,""2018"":5323,""2019"":4947,""2020"":4375,""2021"":3928,""2022"":3303,""2023"":3128,""2024"":3111,""2025"":3359,""2026"":2576}"
Michael Wellman,https://scholar.google.com/citations?user=UruIct4AAAAJ,2026-09-28,"Professor of Computer Science & Engineering, University of Michigan","[""Artificial Intelligence"", ""Computational Finance"", ""Computational Game Theory""]",27656,78,226,7925,30,87,1990,"{""1990"":70,""1991"":67,""1992"":120,""1993"":153,""1994"":269,""1995"":225,""1996"":297,""1997"":300,""1998"":506,""1999"":630,""2000"":597,""2001"":741,""2002"":739,""2003"":814,""2004"":851,""2005"":964,""2006"":898,""2007"":1023,""2008"":956,""2009"":953,""2010"":795,""2011"":694,""2012"":750,""2013"":700,""2014"":611,""2015"":539,""2016"":518,""2017"":535,""2018"":691,""2019"":918,""2020"":1113,""2021"":1153,""2022"":1082,""2023"":1208,""2024"":1296,""2025"":1679,""2026"":1494}"
Mikkel Thorup,https://scholar.google.com/citations?user=UPBuOPIAAAAJ,2026-09-28,University of Copenhagen,"[""Algorithms and data structures""]",21561,72,185,4921,37,110,1996,"{""1996"":53,""1997"":111,""1998"":92,""1999"":95,""2000"":182,""2001"":192,""2002"":313,""2003"":414,""2004"":606,""2005"":835,""2006"":810,""2007"":1015,""2008"":991,""2009"":877,""2010"":926,""2011"":895,""2012"":895,""2013"":903,""2014"":819,""2015"":838,""2016"":851,""2017"":868,""2018"":913,""2019"":846,""2020"":866,""2021"":849,""2022"":847,""2023"":785,""2024"":762,""2025"":870,""2026"":803}"
Ophir Frieder,https://scholar.google.com/citations?user=uUXCSMkAAAAJ,2026-09-28,Georgetown University,[],21103,67,273,4888,34,99,1991,"{""1991"":55,""1992"":79,""1993"":98,""1994"":81,""1995"":73,""1996"":84,""1997"":83,""1998"":75,""1999"":91,""2000"":148,""2001"":145,""2002"":280,""2003"":466,""2004"":552,""2005"":850,""2006"":808,""2007"":886,""2008"":1041,""2009"":1040,""2010"":966,""2011"":921,""2012"":890,""2013"":861,""2014"":842,""2015"":767,""2016"":794,""2017"":757,""2018"":699,""2019"":642,""2020"":787,""2021"":922,""2022"":977,""2023"":937,""2024"":906,""2025"":778,""2026"":365}"
Phokion Kolaitis,https://scholar.google.com/citations?user=cqnovfEAAAAJ,2026-09-28,"Distinguished Professor Emeritus, University of California Santa Cuz","[""Database systems"", ""logic in computer science""]",11848,54,117,2200,23,56,1990,"{""1990"":52,""1991"":40,""1992"":86,""1993"":84,""1994"":113,""1995"":178,""1996"":119,""1997"":149,""1998"":116,""1999"":110,""2000"":89,""2001"":110,""2002"":130,""2003"":141,""2004"":254,""2005"":266,""2006"":296,""2007"":382,""2008"":439,""2009"":538,""2010"":582,""2011"":598,""2012"":563,""2013"":616,""2014"":554,""2015"":498,""2016"":479,""2017"":514,""2018"":448,""2019"":479,""2020"":406,""2021"":379,""2022"":397,""2023"":420,""2024"":368,""2025"":382,""2026"":253}"
Robert Harper,https://scholar.google.com/citations?user=sCPRIK0AAAAJ,2026-09-28,"Professor of Computer Science, Carnegie Mellon University","[""programming languages""]",21471,59,147,2883,26,61,1988,"{""1988"":101,""1989"":159,""1990"":204,""1991"":297,""1992"":446,""1993"":483,""1994"":599,""1995"":510,""1996"":663,""1997"":599,""1998"":684,""1999"":642,""2000"":604,""2001"":610,""2002"":711,""2003"":634,""2004"":748,""2005"":797,""2006"":737,""2007"":859,""2008"":725,""2009"":718,""2010"":608,""2011"":492,""2012"":550,""2013"":507,""2014"":470,""2015"":450,""2016"":453,""2017"":478,""2018"":464,""2019"":550,""2020"":473,""2021"":528,""2022"":432,""2023"":434,""2024"":461,""2025"":606,""2026"":421}"
Roy Want,https://scholar.google.com/citations?user=z_p2Kr8AAAAJ,2026-09-28,"Principal Scientist, Google","[""Mobile and Ubiquitous Computing""]",43296,83,191,4462,28,76,1997,"{""1997"":112,""1998"":191,""1999"":302,""2000"":351,""2001"":510,""2002"":894,""2003"":1113,""2004"":1479,""2005"":1763,""2006"":2051,""2007"":2204,""2008"":2180,""2009"":2349,""2010"":2633,""2011"":2365,""2012"":2329,""2013"":2281,""2014"":2255,""2015"":2230,""2016"":2002,""2017"":1978,""2018"":1636,""2019"":1619,""2020"":1245,""2021"":1146,""2022"":996,""2023"":715,""2024"":679,""2025"":636,""2026"":289}"
Surajit Chaudhuri,https://scholar.google.com/citations?user=ermwnH0AAAAJ,2026-09-28,Microsoft Research,"[""Database Systems"", ""Data Analytics""]",48084,107,360,10359,50,200,1997,"{""1997"":227,""1998"":346,""1999"":517,""2000"":572,""2001"":734,""2002"":899,""2003"":1004,""2004"":1110,""2005"":1322,""2006"":1439,""2007"":1783,""2008"":1703,""2009"":2076,""2010"":2217,""2011"":2110,""2012"":2124,""2013"":2031,""2014"":2181,""2015"":2127,""2016"":2162,""2017"":2095,""2018"":1971,""2019"":2075,""2020"":2011,""2021"":1872,""2022"":1807,""2023"":1571,""2024"":1728,""2025"":1882,""2026"":1492}"
T. V. Lakshman,https://scholar.google.com/citations?user=EzDbOKoAAAAJ,2026-09-28,"Bell Labs, Nokia","[""Networking"", ""Distributed Systems"", ""Machine Learning"", ""Cloud Computing""]",29465,84,225,4903,34,97,1995,"{""1995"":111,""1996"":200,""1997"":263,""1998"":410,""1999"":557,""2000"":645,""2001"":701,""2002"":863,""2003"":1020,""2004"":1161,""2005"":1117,""2006"":1173,""2007"":1025,""2008"":908,""2009"":971,""2010"":946,""2011"":899,""2012"":923,""2013"":1012,""2014"":1100,""2015"":1237,""2016"":1261,""2017"":1274,""2018"":1520,""2019"":1437,""2020"":1305,""2021"":1321,""2022"":1278,""2023"":649,""2024"":716,""2025"":615,""2026"":318}"
Thomas Anderson,https://scholar.google.com/citations?user=MYqlcPgAAAAJ,2026-09-28,"Warren Francis and Wilma Kolm Bradley Chair, CSE, University of Washington","[""Distributed Systems"", ""Networking"", ""Operating Systems""]",63490,101,198,10668,45,113,1992,"{""1992"":171,""1993"":314,""1994"":391,""1995"":484,""1996"":590,""1997"":782,""1998"":889,""1999"":1026,""2000"":1010,""2001"":1156,""2002"":1424,""2003"":1657,""2004"":1871,""2005"":1924,""2006"":1892,""2007"":2078,""2008"":1914,""2009"":2087,""2010"":2243,""2011"":2386,""2012"":2454,""2013"":2710,""2014"":2848,""2015"":3162,""2016"":3330,""2017"":2945,""2018"":2933,""2019"":2715,""2020"":2293,""2021"":2275,""2022"":2067,""2023"":1728,""2024"":1687,""2025"":1731,""2026"":1178}"
Thomas Reps,https://scholar.google.com/citations?user=pwhyTq0AAAAJ,2026-09-28,"J. Barkley Rosser Professor & Rajiv and Ritu Batra Chair Emeritus, CS Dept., Univ. of Wisconsin","[""Programming Languages"", ""Program Analysis"", ""Computer Security"", ""Program Verification"", ""Program Synthesis""]",30197,86,223,5220,39,108,1987,"{""1987"":175,""1988"":278,""1989"":274,""1990"":298,""1991"":325,""1992"":354,""1993"":323,""1994"":322,""1995"":319,""1996"":401,""1997"":342,""1998"":385,""1999"":408,""2000"":445,""2001"":540,""2002"":546,""2003"":666,""2004"":804,""2005"":1090,""2006"":1063,""2007"":1210,""2008"":1157,""2009"":1153,""2010"":1224,""2011"":1013,""2012"":1022,""2013"":1182,""2014"":1043,""2015"":1047,""2016"":941,""2017"":940,""2018"":892,""2019"":951,""2020"":854,""2021"":967,""2022"":792,""2023"":865,""2024"":952,""2025"":891,""2026"":747}"
Uri Weiser,https://scholar.google.com/citations?user=ctN8BtoAAAAJ,2026-09-28,"Professor, Technion","[""Computer Architecture""]",8775,34,60,3140,23,28,1997,"{""1997"":84,""1998"":123,""1999"":107,""2000"":143,""2001"":131,""2002"":122,""2003"":111,""2004"":116,""2005"":131,""2006"":119,""2007"":135,""2008"":153,""2009"":147,""2010"":158,""2011"":181,""2012"":172,""2013"":213,""2014"":286,""2015"":343,""2016"":434,""2017"":439,""2018"":411,""2019"":525,""2020"":540,""2021"":538,""2022"":645,""2023"":610,""2024"":501,""2025"":517,""2026"":328}"
Vijay Vazirani,https://scholar.google.com/citations?user=8eB7Q1kAAAAJ,2026-09-28,"Distinguished Professor, Dept. of Computer Science, University of California, Irvine.","[""Algorithms"", ""Complexity Theory"", ""Theory of Computing""]",33728,63,120,9004,35,78,1988,"{""1988"":86,""1989"":99,""1990"":108,""1991"":121,""1992"":123,""1993"":150,""1994"":167,""1995"":207,""1996"":166,""1997"":168,""1998"":206,""1999"":193,""2000"":219,""2001"":301,""2002"":299,""2003"":443,""2004"":595,""2005"":711,""2006"":805,""2007"":916,""2008"":985,""2009"":1157,""2010"":1308,""2011"":1356,""2012"":1414,""2013"":1400,""2014"":1458,""2015"":1364,""2016"":1442,""2017"":1380,""2018"":1600,""2019"":1534,""2020"":1481,""2021"":1557,""2022"":1570,""2023"":1406,""2024"":1549,""2025"":1570,""2026"":1347}"
Vipin Kumar,https://scholar.google.com/citations?user=BnxU9TEAAAAJ,2026-09-28,University of Minnesota,"[""Data mining"", ""parallel computing"", ""high performance computing"", ""Artificial Intelligence"", ""machine""]",165510,143,771,54322,84,349,1994,"{""1994"":582,""1995"":596,""1996"":554,""1997"":917,""1998"":881,""1999"":1088,""2000"":1150,""2001"":1208,""2002"":1430,""2003"":1793,""2004"":2176,""2005"":2625,""2006"":2933,""2007"":3280,""2008"":3578,""2009"":4303,""2010"":4673,""2011"":5247,""2012"":5991,""2013"":6432,""2014"":6939,""2015"":7218,""2016"":7753,""2017"":7981,""2018"":8320,""2019"":8780,""2020"":8964,""2021"":9236,""2022"":9304,""2023"":9001,""2024"":8988,""2025"":9843,""2026"":7920}"
Walter Willinger,https://scholar.google.com/citations?user=q33fP9sAAAAJ,2026-09-28,"NIKSUN, Inc., Northwestern University","[""Internet Measurement"", ""Internet Modeling"", ""Cyber Security""]",47639,82,177,5273,34,89,1994,"{""1994"":142,""1995"":407,""1996"":700,""1997"":927,""1998"":1093,""1999"":1267,""2000"":1456,""2001"":1546,""2002"":1908,""2003"":2117,""2004"":2303,""2005"":2276,""2006"":2362,""2007"":2398,""2008"":2127,""2009"":2031,""2010"":2002,""2011"":1755,""2012"":1834,""2013"":1801,""2014"":1573,""2015"":1384,""2016"":1409,""2017"":1273,""2018"":1126,""2019"":1144,""2020"":1071,""2021"":1138,""2022"":898,""2023"":846,""2024"":807,""2025"":912,""2026"":667}"
Allan Gottlieb,https://scholar.google.com/citations?user=0i78Y_EAAAAJ,2026-09-28,"Professor of Computer Science, NYU","[""Computer Science""]",5137,19,23,220,7,6,1987,"{""1987"":143,""1988"":172,""1989"":181,""1990"":205,""1991"":255,""1992"":230,""1993"":224,""1994"":218,""1995"":205,""1996"":195,""1997"":166,""1998"":154,""1999"":118,""2000"":106,""2001"":122,""2002"":109,""2003"":112,""2004"":117,""2005"":108,""2006"":92,""2007"":91,""2008"":107,""2009"":98,""2010"":91,""2011"":98,""2012"":107,""2013"":121,""2014"":102,""2015"":94,""2016"":61,""2017"":60,""2018"":70,""2019"":61,""2020"":45,""2021"":49,""2022"":48,""2023"":53,""2024"":20,""2025"":37,""2026"":13}"
Andrew A. Chien,https://scholar.google.com/citations?user=zkqz0_0AAAAJ,2026-09-28,"William Eckhardt Distinguished Service Professor of Computer Science, University of Chicago","[""computer architecture"", ""high-performance computing"", ""clouds"", ""sustainability"", ""data-intensive""]",17957,67,205,3197,29,50,1991,"{""1991"":71,""1992"":110,""1993"":207,""1994"":293,""1995"":341,""1996"":448,""1997"":538,""1998"":639,""1999"":575,""2000"":469,""2001"":440,""2002"":471,""2003"":449,""2004"":492,""2005"":605,""2006"":754,""2007"":760,""2008"":593,""2009"":589,""2010"":562,""2011"":450,""2012"":524,""2013"":458,""2014"":494,""2015"":555,""2016"":541,""2017"":505,""2018"":436,""2019"":543,""2020"":427,""2021"":428,""2022"":417,""2023"":457,""2024"":561,""2025"":753,""2026"":564}"
Bella Bose,https://scholar.google.com/citations?user=aFFq934AAAAJ,2026-09-28,Oregon State University,"[""Coding Theory"", ""Parallel Processing"", ""Computer Networks"", ""Falut-Tolerant Computing""]",5049,36,95,863,15,29,1988,"{""1988"":28,""1989"":52,""1990"":114,""1991"":83,""1992"":84,""1993"":60,""1994"":62,""1995"":50,""1996"":78,""1997"":64,""1998"":77,""1999"":67,""2000"":47,""2001"":47,""2002"":55,""2003"":90,""2004"":78,""2005"":112,""2006"":84,""2007"":103,""2008"":108,""2009"":179,""2010"":219,""2011"":221,""2012"":210,""2013"":300,""2014"":216,""2015"":210,""2016"":213,""2017"":236,""2018"":180,""2019"":175,""2020"":114,""2021"":135,""2022"":160,""2023"":164,""2024"":115,""2025"":139,""2026"":150}"
Benjamin W. Wah,https://scholar.google.com/citations?user=WL8igVEAAAAJ,2026-09-28,Chinese University of Hong Kong,"[""Artificial intelligence"", ""multimedia""]",15480,54,195,4833,17,30,1987,"{""1987"":167,""1988"":266,""1989"":250,""1990"":244,""1991"":201,""1992"":265,""1993"":230,""1994"":305,""1995"":210,""1996"":177,""1997"":192,""1998"":166,""1999"":192,""2000"":202,""2001"":244,""2002"":196,""2003"":255,""2004"":293,""2005"":366,""2006"":371,""2007"":417,""2008"":399,""2009"":414,""2010"":451,""2011"":413,""2012"":378,""2013"":316,""2014"":296,""2015"":292,""2016"":320,""2017"":369,""2018"":367,""2019"":373,""2020"":353,""2021"":429,""2022"":561,""2023"":627,""2024"":973,""2025"":1202,""2026"":1040}"
Frans Kaashoek,https://scholar.google.com/citations?user=YCoLskoAAAAJ,2026-09-28,Massuchesetts Institute of Technology (MIT),"[""Computer Systems"", ""Operating systems"", ""Distributed Systems"", ""Security""]",65063,99,203,6168,41,96,1993,"{""1993"":202,""1994"":245,""1995"":369,""1996"":548,""1997"":654,""1998"":707,""1999"":636,""2000"":649,""2001"":792,""2002"":1494,""2003"":2366,""2004"":3163,""2005"":3758,""2006"":3775,""2007"":3912,""2008"":3854,""2009"":3975,""2010"":3751,""2011"":3303,""2012"":2993,""2013"":2778,""2014"":2443,""2015"":2293,""2016"":2259,""2017"":1981,""2018"":1788,""2019"":1569,""2020"":1395,""2021"":1260,""2022"":1103,""2023"":1140,""2024"":1017,""2025"":955,""2026"":691}"
Joel Emer,https://scholar.google.com/citations?user=mI3mfHcAAAAJ,2026-09-28,"Professor of the Practice, MIT - Sr. Distinguished Research Scientist, Nvidia","[""Computer Architecture""]",44282,78,184,24783,52,123,1997,"{""1997"":113,""1998"":155,""1999"":206,""2000"":185,""2001"":261,""2002"":271,""2003"":325,""2004"":406,""2005"":453,""2006"":492,""2007"":520,""2008"":593,""2009"":542,""2010"":653,""2011"":589,""2012"":673,""2013"":752,""2014"":823,""2015"":891,""2016"":925,""2017"":1131,""2018"":1775,""2019"":2684,""2020"":3441,""2021"":4025,""2022"":4197,""2023"":4370,""2024"":4358,""2025"":4516,""2026"":3312}"
Luca Cardelli,https://scholar.google.com/citations?user=npBTgSsAAAAJ,2026-09-28,University of Oxford,"[""Theory of programming languages"", ""Process algebra"", ""Systems Biology"", ""Molecular Programming""]",34667,84,215,3583,31,89,1987,"{""1987"":159,""1988"":271,""1989"":388,""1990"":521,""1991"":548,""1992"":584,""1993"":648,""1994"":657,""1995"":716,""1996"":794,""1997"":766,""1998"":925,""1999"":1053,""2000"":1005,""2001"":941,""2002"":1268,""2003"":1274,""2004"":1467,""2005"":1525,""2006"":1432,""2007"":1466,""2008"":1327,""2009"":1333,""2010"":1074,""2011"":880,""2012"":877,""2013"":827,""2014"":760,""2015"":776,""2016"":826,""2017"":761,""2018"":731,""2019"":732,""2020"":717,""2021"":674,""2022"":669,""2023"":682,""2024"":571,""2025"":548,""2026"":439}"
Mark D. Hill,https://scholar.google.com/citations?user=7lVfIWYAAAAJ,2026-09-28,University of Wisconsin-Madison Professor Emeritus,"[""Computer Architecture""]",38851,92,218,8473,41,94,1989,"{""1989"":114,""1990"":113,""1991"":155,""1992"":182,""1993"":338,""1994"":351,""1995"":473,""1996"":408,""1997"":420,""1998"":533,""1999"":407,""2000"":416,""2001"":360,""2002"":473,""2003"":557,""2004"":571,""2005"":624,""2006"":717,""2007"":882,""2008"":1056,""2009"":1271,""2010"":1421,""2011"":1542,""2012"":1499,""2013"":1755,""2014"":1722,""2015"":1944,""2016"":1825,""2017"":2064,""2018"":1889,""2019"":1846,""2020"":1743,""2021"":1495,""2022"":1426,""2023"":1473,""2024"":1423,""2025"":1510,""2026"":1141}"
Per-Ake Larson,https://scholar.google.com/citations?user=V0lHiEoAAAAJ,2026-09-28,University of Waterloo,"[""database system""]",15163,66,149,3557,32,71,1987,"{""1987"":64,""1988"":123,""1989"":109,""1990"":108,""1991"":101,""1992"":135,""1993"":178,""1994"":142,""1995"":176,""1996"":188,""1997"":235,""1998"":188,""1999"":182,""2000"":203,""2001"":170,""2002"":217,""2003"":229,""2004"":273,""2005"":293,""2006"":292,""2007"":286,""2008"":275,""2009"":306,""2010"":410,""2011"":378,""2012"":468,""2013"":529,""2014"":615,""2015"":710,""2016"":668,""2017"":630,""2018"":863,""2019"":752,""2020"":768,""2021"":791,""2022"":771,""2023"":582,""2024"":519,""2025"":501,""2026"":393}"
Simon Peyton Jones,https://scholar.google.com/citations?user=QsX7G-cAAAAJ,2026-09-28,Epic Games,"[""Programming languages"", ""Functional programming""]",37143,90,344,6575,42,150,1988,"{""1988"":100,""1989"":151,""1990"":204,""1991"":249,""1992"":283,""1993"":456,""1994"":495,""1995"":609,""1996"":590,""1997"":606,""1998"":764,""1999"":665,""2000"":682,""2001"":616,""2002"":657,""2003"":705,""2004"":861,""2005"":1018,""2006"":1141,""2007"":1478,""2008"":1388,""2009"":1572,""2010"":1434,""2011"":1441,""2012"":1400,""2013"":1500,""2014"":1441,""2015"":1430,""2016"":1169,""2017"":1201,""2018"":1226,""2019"":1234,""2020"":1147,""2021"":1212,""2022"":1097,""2023"":1033,""2024"":1179,""2025"":1130,""2026"":917}"
Yannis Ioannidis,https://scholar.google.com/citations?user=MIfpzUQAAAAJ,2026-09-28,University of Athens // Athena Research Center,"[""Data Management"", ""Data Science"", ""Data Infras"", ""Recommender Systems"", ""Human-Computer Interaction""]",22955,74,212,5979,35,102,1989,"{""1989"":79,""1990"":101,""1991"":82,""1992"":112,""1993"":179,""1994"":160,""1995"":209,""1996"":226,""1997"":262,""1998"":277,""1999"":372,""2000"":340,""2001"":418,""2002"":371,""2003"":441,""2004"":512,""2005"":589,""2006"":654,""2007"":712,""2008"":693,""2009"":906,""2010"":816,""2011"":808,""2012"":779,""2013"":766,""2014"":765,""2015"":723,""2016"":758,""2017"":761,""2018"":830,""2019"":909,""2020"":880,""2021"":955,""2022"":969,""2023"":943,""2024"":1019,""2025"":1167,""2026"":906}"
Anil K. Jain,https://scholar.google.com/citations?user=g-_ZXGsAAAAJ,2026-09-28,Michigan State University,"[""Biometrics"", ""Computer vision"", ""Pattern recognition"", ""Machine learning"", ""Image processing""]",291248,223,866,65281,106,499,1994,"{""1994"":772,""1995"":892,""1996"":1190,""1997"":1413,""1998"":1654,""1999"":2003,""2000"":2454,""2001"":2973,""2002"":3857,""2003"":4828,""2004"":6382,""2005"":7879,""2006"":8544,""2007"":9369,""2008"":10152,""2009"":11116,""2010"":11369,""2011"":11655,""2012"":13084,""2013"":12799,""2014"":14031,""2015"":13945,""2016"":13728,""2017"":13395,""2018"":13726,""2019"":13479,""2020"":12176,""2021"":12452,""2022"":11721,""2023"":11105,""2024"":10968,""2025"":11293,""2026"":7658}"
Bonnie Berger,https://scholar.google.com/citations?user=bYjKaowAAAAJ,2026-09-28,MIT,"[""Computational Biology"", ""Bioinformatics"", ""Algorithms""]",47582,103,270,26243,69,195,1997,"{""1997"":132,""1998"":155,""1999"":167,""2000"":246,""2001"":267,""2002"":343,""2003"":330,""2004"":393,""2005"":442,""2006"":493,""2007"":478,""2008"":521,""2009"":554,""2010"":658,""2011"":801,""2012"":993,""2013"":1086,""2014"":1152,""2015"":1412,""2016"":1528,""2017"":1662,""2018"":1750,""2019"":2059,""2020"":2864,""2021"":3863,""2022"":3984,""2023"":4052,""2024"":4623,""2025"":5274,""2026"":4410}"
Brent Hailpern,https://scholar.google.com/citations?user=0uJuWigAAAAJ,2026-09-28,"Part-Time Instructor, Northeastern University","[""Programming Languages"", ""Program Verification"", ""Object Oriented Systems""]",4246,28,45,510,9,8,1987,"{""1987"":51,""1988"":79,""1989"":74,""1990"":64,""1991"":91,""1992"":78,""1993"":65,""1994"":72,""1995"":60,""1996"":53,""1997"":35,""1998"":33,""1999"":37,""2000"":34,""2001"":49,""2002"":83,""2003"":83,""2004"":122,""2005"":88,""2006"":126,""2007"":169,""2008"":151,""2009"":182,""2010"":210,""2011"":180,""2012"":176,""2013"":156,""2014"":146,""2015"":134,""2016"":115,""2017"":107,""2018"":119,""2019"":116,""2020"":105,""2021"":118,""2022"":103,""2023"":81,""2024"":81,""2025"":87,""2026"":40}"
Craig Partridge,https://scholar.google.com/citations?user=f-E5nFEAAAAJ,2026-09-28,"Professor and Department Chair, Colorado State University",[],20852,54,117,1989,19,28,1992,"{""1992"":86,""1993"":138,""1994"":224,""1995"":296,""1996"":333,""1997"":409,""1998"":539,""1999"":658,""2000"":801,""2001"":903,""2002"":941,""2003"":1158,""2004"":1107,""2005"":1192,""2006"":1147,""2007"":1038,""2008"":811,""2009"":821,""2010"":730,""2011"":694,""2012"":600,""2013"":593,""2014"":572,""2015"":520,""2016"":441,""2017"":406,""2018"":400,""2019"":397,""2020"":373,""2021"":376,""2022"":354,""2023"":344,""2024"":341,""2025"":350,""2026"":223}"
Dan Reed,https://scholar.google.com/citations?user=YCw2r14AAAAJ,2026-09-28,Illinois/UNC/Microsoft/Iowa/Utah,"[""high-performance computing and science policy""]",14249,63,156,1587,17,33,1987,"{""1987"":45,""1988"":121,""1989"":159,""1990"":187,""1991"":222,""1992"":215,""1993"":206,""1994"":268,""1995"":317,""1996"":382,""1997"":286,""1998"":362,""1999"":324,""2000"":344,""2001"":404,""2002"":361,""2003"":454,""2004"":491,""2005"":502,""2006"":467,""2007"":565,""2008"":523,""2009"":474,""2010"":541,""2011"":447,""2012"":451,""2013"":413,""2014"":417,""2015"":434,""2016"":410,""2017"":389,""2018"":406,""2019"":402,""2020"":305,""2021"":299,""2022"":260,""2023"":274,""2024"":261,""2025"":278,""2026"":215}"
Dexter Kozen,https://scholar.google.com/citations?user=LV1qWjgAAAAJ,2026-09-28,"Professor of Computer Science, Cornell University","[""program logic and semantics"", ""algorithm design and analysis"", ""complexity theory"", ""automata theory""]",26597,63,152,5181,31,73,1987,"{""1987"":161,""1988"":184,""1989"":214,""1990"":260,""1991"":225,""1992"":251,""1993"":289,""1994"":405,""1995"":381,""1996"":435,""1997"":427,""1998"":432,""1999"":460,""2000"":471,""2001"":586,""2002"":565,""2003"":641,""2004"":645,""2005"":829,""2006"":861,""2007"":881,""2008"":930,""2009"":889,""2010"":809,""2011"":689,""2012"":804,""2013"":705,""2014"":756,""2015"":854,""2016"":836,""2017"":867,""2018"":772,""2019"":907,""2020"":714,""2021"":831,""2022"":830,""2023"":812,""2024"":939,""2025"":980,""2026"":787}"
Elisa Bertino,https://scholar.google.com/citations?user=EfuT9RoAAAAJ,2026-09-28,"Professor of Computer Science, Purdue University","[""Network and Computer Security"", ""Database Systems and Services"", ""Data Privacy""]",61703,119,817,16067,61,337,1992,"{""1992"":185,""1993"":267,""1994"":301,""1995"":342,""1996"":379,""1997"":456,""1998"":481,""1999"":441,""2000"":510,""2001"":504,""2002"":603,""2003"":763,""2004"":1031,""2005"":1310,""2006"":1520,""2007"":1741,""2008"":2159,""2009"":2224,""2010"":2369,""2011"":2378,""2012"":2401,""2013"":2423,""2014"":2635,""2015"":2592,""2016"":2769,""2017"":2733,""2018"":2822,""2019"":2985,""2020"":3146,""2021"":2869,""2022"":2851,""2023"":2727,""2024"":2926,""2025"":2770,""2026"":1906}"
Gene Myers,https://scholar.google.com/citations?user=jlas1aMAAAAJ,2026-09-28,Max-Planck Institute for Molecular Cell Biology & Genetics,"[""Bioimage Informatics"", ""Bioinformatics"", ""String Algorithms""]",318097,94,206,85358,65,139,1994,"{""1994"":1188,""1995"":1513,""1996"":2056,""1997"":2626,""1998"":3338,""1999"":3791,""2000"":4983,""2001"":6579,""2002"":7618,""2003"":8555,""2004"":8927,""2005"":9325,""2006"":9311,""2007"":9965,""2008"":10210,""2009"":10218,""2010"":10527,""2011"":10952,""2012"":11673,""2013"":11847,""2014"":11904,""2015"":11799,""2016"":11728,""2017"":11426,""2018"":11399,""2019"":12109,""2020"":12762,""2021"":13863,""2022"":13897,""2023"":14504,""2024"":14998,""2025"":15874,""2026"":12144}"
H. V. Jagadish,https://scholar.google.com/citations?user=SKVnHakAAAAJ,2026-09-28,University of Michigan,[],51243,107,367,10387,52,167,1991,"{""1991"":129,""1992"":187,""1993"":287,""1994"":380,""1995"":422,""1996"":539,""1997"":599,""1998"":578,""1999"":637,""2000"":750,""2001"":813,""2002"":1041,""2003"":1219,""2004"":1394,""2005"":1671,""2006"":1911,""2007"":1973,""2008"":1848,""2009"":2065,""2010"":2017,""2011"":1852,""2012"":1963,""2013"":1753,""2014"":1800,""2015"":1846,""2016"":1954,""2017"":1866,""2018"":2051,""2019"":2184,""2020"":2073,""2021"":1969,""2022"":1936,""2023"":1746,""2024"":1700,""2025"":1855,""2026"":1170}"
Jiawei Han,https://scholar.google.com/citations?user=Kv9AbjMAAAAJ,2026-09-28,"Abel Bliss Professor of Computer Science, University of Illinois","[""data mining"", ""database systems"", ""data warehousing"", ""information networks""]",287645,218,1195,85018,122,722,1999,"{""1999"":916,""2000"":1011,""2001"":1696,""2002"":2604,""2003"":3472,""2004"":4654,""2005"":6128,""2006"":6731,""2007"":7080,""2008"":8068,""2009"":9448,""2010"":9934,""2011"":10444,""2012"":11449,""2013"":12156,""2014"":13498,""2015"":13847,""2016"":14544,""2017"":14337,""2018"":15062,""2019"":15118,""2020"":14764,""2021"":14738,""2022"":14145,""2023"":13659,""2024"":14104,""2025"":15681,""2026"":12615}"
John M. Carroll,https://scholar.google.com/citations?user=7Mg8JZMAAAAJ,2026-09-28,"Distinguished Professor of Information Sciences and Technology, Pennsylvania State University","[""Human-Computer Interaction"", ""Computer-Supported Collaborative Work"", ""Community Informatics"", ""Design Research"", ""Learning Science""]",63871,118,628,14723,57,261,1987,"{""1987"":334,""1988"":344,""1989"":386,""1990"":497,""1991"":488,""1992"":644,""1993"":605,""1994"":559,""1995"":644,""1996"":607,""1997"":780,""1998"":813,""1999"":736,""2000"":926,""2001"":909,""2002"":1181,""2003"":1370,""2004"":1424,""2005"":1640,""2006"":1754,""2007"":1887,""2008"":1738,""2009"":2006,""2010"":1926,""2011"":1813,""2012"":1966,""2013"":2190,""2014"":2197,""2015"":2133,""2016"":2204,""2017"":2224,""2018"":2360,""2019"":2532,""2020"":2371,""2021"":2279,""2022"":2405,""2023"":2263,""2024"":2581,""2025"":2761,""2026"":2408}"
Kathleen McKeown,https://scholar.google.com/citations?user=ujDhg2sAAAAJ,2026-09-28,"Professor of Computer Science and Director, Data Science Institute, Columbia University","[""Artificial Intelligence"", ""Natural Language Processing"", ""Text Summarization""]",36884,92,305,12408,55,166,1987,"{""1987"":102,""1988"":111,""1989"":128,""1990"":173,""1991"":226,""1992"":209,""1993"":230,""1994"":230,""1995"":222,""1996"":251,""1997"":373,""1998"":348,""1999"":358,""2000"":376,""2001"":483,""2002"":556,""2003"":561,""2004"":681,""2005"":749,""2006"":821,""2007"":925,""2008"":999,""2009"":942,""2010"":1116,""2011"":1132,""2012"":1126,""2013"":1185,""2014"":1320,""2015"":1217,""2016"":1353,""2017"":1194,""2018"":1384,""2019"":1398,""2020"":1295,""2021"":1547,""2022"":1772,""2023"":1887,""2024"":2336,""2025"":2769,""2026"":2074}"
Mark Horowitz,https://scholar.google.com/citations?user=e7V7-gEAAAAJ,2026-09-28,Professor of Electrical Engineering and Computer Science,"[""VLSI"", ""Hardware"", ""Graphics and Imaging"", ""Applying Engineering to Biology""]",89933,139,480,20144,51,179,1990,"{""1990"":255,""1991"":337,""1992"":294,""1993"":520,""1994"":548,""1995"":703,""1996"":717,""1997"":727,""1998"":852,""1999"":1013,""2000"":1082,""2001"":1110,""2002"":1406,""2003"":1488,""2004"":1749,""2005"":2123,""2006"":2148,""2007"":2522,""2008"":2543,""2009"":2601,""2010"":2568,""2011"":2811,""2012"":3331,""2013"":3867,""2014"":4206,""2015"":4304,""2016"":4344,""2017"":4476,""2018"":4626,""2019"":4841,""2020"":4373,""2021"":4044,""2022"":4060,""2023"":3310,""2024"":3204,""2025"":3276,""2026"":2249}"
Mostafa Ammar,https://scholar.google.com/citations?user=OT79Y9UAAAAJ,2026-09-28,"Regents' Professor, School of Computer Science, Georgia Tech","[""Networking"", ""Networked Services"", ""Wireless and Mobile Networks"", ""Multicast"", ""Multimedia Communication""]",25139,79,232,2755,28,60,1993,"{""1993"":89,""1994"":120,""1995"":134,""1996"":175,""1997"":288,""1998"":370,""1999"":431,""2000"":506,""2001"":543,""2002"":609,""2003"":792,""2004"":762,""2005"":946,""2006"":1045,""2007"":1118,""2008"":1145,""2009"":1238,""2010"":1276,""2011"":1159,""2012"":1115,""2013"":1169,""2014"":1015,""2015"":976,""2016"":1084,""2017"":987,""2018"":964,""2019"":941,""2020"":752,""2021"":722,""2022"":589,""2023"":432,""2024"":442,""2025"":364,""2026"":204}"
Niraj Jha,https://scholar.google.com/citations?user=R-z1R84AAAAJ,2026-09-28,"Professor of Electrical and Computer Engineering, Princeton University","[""Machine learning"", ""Smart healthcare"", ""Computer-aided design"", ""Secure computing"", ""Embedded systems""]",34650,90,409,8670,44,134,1989,"{""1989"":100,""1990"":165,""1991"":176,""1992"":147,""1993"":264,""1994"":243,""1995"":268,""1996"":293,""1997"":280,""1998"":430,""1999"":417,""2000"":483,""2001"":450,""2002"":583,""2003"":724,""2004"":769,""2005"":865,""2006"":923,""2007"":1112,""2008"":1121,""2009"":1171,""2010"":1210,""2011"":1136,""2012"":1407,""2013"":1324,""2014"":1381,""2015"":1222,""2016"":1209,""2017"":1297,""2018"":1275,""2019"":1279,""2020"":1344,""2021"":1533,""2022"":1502,""2023"":1451,""2024"":1492,""2025"":1663,""2026"":1024}"
Paul Hudak,https://scholar.google.com/citations?user=W6Mk2KwAAAAJ,2026-09-28,"Professor of Computer Science, Yale University","[""programming languages"", ""functional programming""]",17880,57,111,1681,19,30,1987,"{""1987"":103,""1988"":163,""1989"":199,""1990"":332,""1991"":336,""1992"":455,""1993"":510,""1994"":665,""1995"":637,""1996"":550,""1997"":492,""1998"":535,""1999"":460,""2000"":466,""2001"":453,""2002"":482,""2003"":403,""2004"":420,""2005"":383,""2006"":407,""2007"":585,""2008"":522,""2009"":571,""2010"":533,""2011"":589,""2012"":503,""2013"":510,""2014"":613,""2015"":591,""2016"":524,""2017"":473,""2018"":498,""2019"":427,""2020"":345,""2021"":309,""2022"":288,""2023"":327,""2024"":261,""2025"":291,""2026"":205}"
Peter E. Hart,https://scholar.google.com/citations?user=EmP8sFQAAAAJ,2026-09-28,Consultant,"[""information theory"", ""computer science"", ""robotics"", ""computer vision"", ""pattern classification""]",161059,73,179,35507,26,60,1987,"{""1987"":678,""1988"":829,""1989"":778,""1990"":942,""1991"":1016,""1992"":1068,""1993"":1097,""1994"":1260,""1995"":1199,""1996"":1264,""1997"":1314,""1998"":1452,""1999"":1496,""2000"":1650,""2001"":1878,""2002"":2141,""2003"":2781,""2004"":3552,""2005"":4124,""2006"":4867,""2007"":5133,""2008"":5537,""2009"":5824,""2010"":6066,""2011"":6297,""2012"":6542,""2013"":6757,""2014"":6568,""2015"":6215,""2016"":6029,""2017"":5790,""2018"":5720,""2019"":5834,""2020"":5706,""2021"":5677,""2022"":5500,""2023"":5500,""2024"":6110,""2025"":7197,""2026"":5522}"
Rakesh Agrawal,https://scholar.google.com/citations?user=4XSG7v4AAAAJ,2026-09-28,Data Insights Laboratories,"[""Data Mining"", ""Privacy"", ""Web Search"", ""Education""]",114335,106,266,13093,38,112,1994,"{""1994"":350,""1995"":387,""1996"":674,""1997"":810,""1998"":1300,""1999"":1663,""2000"":2125,""2001"":2507,""2002"":3291,""2003"":3635,""2004"":4194,""2005"":4750,""2006"":5003,""2007"":5151,""2008"":5379,""2009"":5475,""2010"":5608,""2011"":5247,""2012"":5451,""2013"":5275,""2014"":5412,""2015"":4825,""2016"":4503,""2017"":4131,""2018"":3983,""2019"":3842,""2020"":3247,""2021"":3072,""2022"":2840,""2023"":2317,""2024"":1978,""2025"":1782,""2026"":1104}"
Ramesh Jain,https://scholar.google.com/citations?user=wOYUPpwAAAAJ,2026-09-28,"Professor of Computer Science, University of California, Irvine","[""Multimedia"", ""Search"", ""Social computing"", ""Artifical Intelligence"", ""Computer Vision""]",71793,101,548,19822,44,163,1987,"{""1987"":200,""1988"":287,""1989"":265,""1990"":381,""1991"":324,""1992"":395,""1993"":347,""1994"":384,""1995"":486,""1996"":506,""1997"":652,""1998"":826,""1999"":877,""2000"":947,""2001"":1221,""2002"":1362,""2003"":1641,""2004"":1749,""2005"":1828,""2006"":1774,""2007"":1991,""2008"":2219,""2009"":2127,""2010"":2307,""2011"":2536,""2012"":2631,""2013"":2777,""2014"":2700,""2015"":2491,""2016"":2523,""2017"":2481,""2018"":2181,""2019"":2340,""2020"":2498,""2021"":2603,""2022"":2325,""2023"":2274,""2024"":3572,""2025"":5001,""2026"":3943}"
Scott Shenker,https://scholar.google.com/citations?user=hcSDlh4AAAAJ,2026-09-28,UC Berkeley and ICSI,[],187130,168,449,29030,70,233,1995,"{""1995"":680,""1996"":871,""1997"":1209,""1998"":1571,""1999"":1767,""2000"":2333,""2001"":2781,""2002"":3676,""2003"":5220,""2004"":6415,""2005"":7163,""2006"":7381,""2007"":7715,""2008"":7039,""2009"":6901,""2010"":6542,""2011"":6205,""2012"":6605,""2013"":7549,""2014"":8036,""2015"":9337,""2016"":10546,""2017"":9762,""2018"":9889,""2019"":8980,""2020"":7431,""2021"":6562,""2022"":5653,""2023"":4741,""2024"":4525,""2025"":4371,""2026"":3173}"
Stuart Russell,https://scholar.google.com/citations?user=2oy3OXYAAAAJ,2026-09-28,"Professor of Computer Science, University of California, Berkeley","[""Artificial Intelligence""]",165032,109,361,76773,80,244,1996,"{""1996"":432,""1997"":582,""1998"":766,""1999"":923,""2000"":1050,""2001"":1371,""2002"":1429,""2003"":1916,""2004"":2265,""2005"":2852,""2006"":2995,""2007"":3426,""2008"":3773,""2009"":3781,""2010"":4016,""2011"":4097,""2012"":4332,""2013"":4086,""2014"":4125,""2015"":4211,""2016"":4617,""2017"":4868,""2018"":6054,""2019"":7151,""2020"":8022,""2021"":8771,""2022"":8821,""2023"":10699,""2024"":13836,""2025"":18615,""2026"":15910}"
Thomas P. Moran,https://scholar.google.com/citations?user=f7fHl8sAAAAJ,2026-09-28,Retired,"[""Human-computer interaction""]",33937,72,152,3698,22,43,1987,"{""1987"":433,""1988"":374,""1989"":426,""1990"":517,""1991"":544,""1992"":500,""1993"":618,""1994"":566,""1995"":624,""1996"":532,""1997"":536,""1998"":689,""1999"":771,""2000"":769,""2001"":742,""2002"":828,""2003"":882,""2004"":954,""2005"":1008,""2006"":1184,""2007"":1152,""2008"":1119,""2009"":1159,""2010"":1183,""2011"":1169,""2012"":1111,""2013"":1348,""2014"":1232,""2015"":971,""2016"":958,""2017"":934,""2018"":887,""2019"":926,""2020"":836,""2021"":737,""2022"":720,""2023"":567,""2024"":582,""2025"":567,""2026"":525}"
Victor Bahl,https://scholar.google.com/citations?user=BBKfx4oAAAAJ,2026-09-28,"Technical Fellow & CTO Azure For Operators, Microsoft Corporation","[""Systems & infrastructure problems related to cloud services"", ""mobile computing"", ""wireless systems"", ""data center & enterprise networ""]",84924,115,762,22462,65,349,2001,"{""2001"":298,""2002"":538,""2003"":887,""2004"":1396,""2005"":1913,""2006"":2179,""2007"":2476,""2008"":2803,""2009"":2925,""2010"":3201,""2011"":3453,""2012"":3837,""2013"":4071,""2014"":4325,""2015"":4357,""2016"":4159,""2017"":4225,""2018"":4522,""2019"":4450,""2020"":4341,""2021"":4000,""2022"":4237,""2023"":3736,""2024"":4119,""2025"":3987,""2026"":2345}"
William H Sanders,https://scholar.google.com/citations?user=FClnlsgAAAAJ,2026-09-28,Carnegie Mellon University,"[""Computer Science and Engineering""]",13589,58,194,2555,28,55,1990,"{""1990"":35,""1991"":77,""1992"":65,""1993"":125,""1994"":87,""1995"":129,""1996"":135,""1997"":72,""1998"":103,""1999"":212,""2000"":158,""2001"":258,""2002"":285,""2003"":349,""2004"":408,""2005"":342,""2006"":390,""2007"":415,""2008"":438,""2009"":474,""2010"":407,""2011"":442,""2012"":456,""2013"":593,""2014"":578,""2015"":620,""2016"":623,""2017"":578,""2018"":634,""2019"":643,""2020"":635,""2021"":608,""2022"":536,""2023"":419,""2024"":409,""2025"":368,""2026"":215}"
Yi-Bing Lin,https://scholar.google.com/citations?user=DxFQ14MAAAAJ,2026-09-28,National Chiao Tung University,"[""mobile computing"", ""Internet of Things"", ""distributed systems"", ""performance evaluation""]",16828,63,314,3441,29,89,1991,"{""1991"":67,""1992"":42,""1993"":115,""1994"":137,""1995"":188,""1996"":274,""1997"":362,""1998"":368,""1999"":434,""2000"":477,""2001"":556,""2002"":609,""2003"":694,""2004"":712,""2005"":731,""2006"":636,""2007"":682,""2008"":552,""2009"":512,""2010"":545,""2011"":541,""2012"":565,""2013"":494,""2014"":474,""2015"":416,""2016"":361,""2017"":380,""2018"":322,""2019"":417,""2020"":447,""2021"":522,""2022"":618,""2023"":603,""2024"":567,""2025"":706,""2026"":414}"
Adolfo Guzman-Arenas,https://scholar.google.com/citations?user=Nw5lSdEAAAAJ,2026-09-28,"Computer Science Professor (emeritus), Instituto Politécnico Nacional","[""Artificial Intelligence"", ""Big Data"", ""knowledge representation"", ""ontologies""]",2668,23,39,225,8,4,1987,"{""1987"":44,""1988"":40,""1989"":37,""1990"":24,""1991"":30,""1992"":36,""1993"":19,""1994"":23,""1995"":33,""1996"":30,""1997"":29,""1998"":34,""1999"":71,""2000"":59,""2001"":52,""2002"":60,""2003"":60,""2004"":111,""2005"":83,""2006"":65,""2007"":69,""2008"":51,""2009"":66,""2010"":92,""2011"":79,""2012"":78,""2013"":68,""2014"":68,""2015"":67,""2016"":54,""2017"":52,""2018"":48,""2019"":49,""2020"":27,""2021"":49,""2022"":32,""2023"":37,""2024"":46,""2025"":33,""2026"":28}"
C. Mohan,https://scholar.google.com/citations?user=D5K6DDcAAAAJ,2026-09-28,"Visiting Professor, Tsinghua & HKBU; Retired IBM Fellow, IBM Research","[""blockchain"", ""databases"", ""big data"", ""AI"", ""distributed systems""]",17380,72,160,1765,19,39,1987,"{""1987"":91,""1988"":99,""1989"":111,""1990"":107,""1991"":177,""1992"":258,""1993"":288,""1994"":257,""1995"":286,""1996"":447,""1997"":516,""1998"":566,""1999"":646,""2000"":566,""2001"":456,""2002"":639,""2003"":674,""2004"":599,""2005"":644,""2006"":594,""2007"":600,""2008"":476,""2009"":515,""2010"":591,""2011"":533,""2012"":492,""2013"":496,""2014"":796,""2015"":439,""2016"":434,""2017"":384,""2018"":523,""2019"":420,""2020"":421,""2021"":350,""2022"":403,""2023"":300,""2024"":296,""2025"":249,""2026"":165}"
David CULLER,https://scholar.google.com/citations?user=urTiL7QAAAAJ,2026-09-28,"University of California, Berkeley","[""Systems"", ""Networks"", ""Embedded Computing"", ""Architecture"", ""Sustainability""]",130095,137,356,13920,51,168,1993,"{""1993"":367,""1994"":536,""1995"":672,""1996"":842,""1997"":971,""1998"":1217,""1999"":1225,""2000"":1238,""2001"":1127,""2002"":1375,""2003"":2167,""2004"":3227,""2005"":5073,""2006"":6123,""2007"":6833,""2008"":6868,""2009"":7156,""2010"":7824,""2011"":7118,""2012"":6997,""2013"":7341,""2014"":6730,""2015"":6260,""2016"":6181,""2017"":5382,""2018"":4915,""2019"":4505,""2020"":3648,""2021"":3164,""2022"":2770,""2023"":2375,""2024"":2169,""2025"":2050,""2026"":1379}"
David Salesin,https://scholar.google.com/citations?user=8E442bkAAAAJ,2026-09-28,Google,"[""Computer graphics""]",31088,78,130,3661,32,66,1994,"{""1994"":84,""1995"":156,""1996"":248,""1997"":384,""1998"":480,""1999"":617,""2000"":635,""2001"":811,""2002"":941,""2003"":984,""2004"":1201,""2005"":1391,""2006"":1441,""2007"":1523,""2008"":1413,""2009"":1508,""2010"":1527,""2011"":1405,""2012"":1357,""2013"":1390,""2014"":1291,""2015"":1221,""2016"":1142,""2017"":958,""2018"":879,""2019"":979,""2020"":763,""2021"":692,""2022"":718,""2023"":739,""2024"":641,""2025"":505,""2026"":288}"
Gary L. Miller,https://scholar.google.com/citations?user=umm-i20AAAAJ,2026-09-28,Carnegie Mellon University,[],16776,67,147,3301,28,57,1987,"{""1987"":137,""1988"":186,""1989"":179,""1990"":279,""1991"":245,""1992"":213,""1993"":314,""1994"":247,""1995"":260,""1996"":302,""1997"":288,""1998"":294,""1999"":247,""2000"":271,""2001"":207,""2002"":237,""2003"":238,""2004"":298,""2005"":328,""2006"":354,""2007"":418,""2008"":363,""2009"":470,""2010"":465,""2011"":541,""2012"":505,""2013"":590,""2014"":584,""2015"":584,""2016"":590,""2017"":631,""2018"":633,""2019"":664,""2020"":641,""2021"":621,""2022"":614,""2023"":568,""2024"":537,""2025"":588,""2026"":373}"
GEORGE VARGHESE,https://scholar.google.com/citations?user=SEnY0XQAAAAJ,2026-09-28,"Professor of Computer Science, UCLA","[""Networking""]",58533,95,206,13434,44,99,1997,"{""1997"":160,""1998"":277,""1999"":442,""2000"":458,""2001"":591,""2002"":811,""2003"":1114,""2004"":1312,""2005"":1542,""2006"":1797,""2007"":1504,""2008"":1596,""2009"":1655,""2010"":1836,""2011"":1783,""2012"":1995,""2013"":2348,""2014"":2770,""2015"":3086,""2016"":3386,""2017"":3454,""2018"":3492,""2019"":3391,""2020"":3227,""2021"":2818,""2022"":2680,""2023"":2241,""2024"":2130,""2025"":2138,""2026"":1425}"
Jeffrey Naughton,https://scholar.google.com/citations?user=H-VmFU4AAAAJ,2026-09-28,Celonis,"[""database management systems""]",29142,85,210,3974,33,89,1990,"{""1990"":136,""1991"":108,""1992"":163,""1993"":194,""1994"":246,""1995"":381,""1996"":341,""1997"":412,""1998"":467,""1999"":642,""2000"":599,""2001"":762,""2002"":956,""2003"":1190,""2004"":1326,""2005"":1399,""2006"":1358,""2007"":1374,""2008"":1119,""2009"":1202,""2010"":1181,""2011"":1000,""2012"":993,""2013"":982,""2014"":839,""2015"":822,""2016"":907,""2017"":899,""2018"":891,""2019"":867,""2020"":863,""2021"":862,""2022"":781,""2023"":693,""2024"":673,""2025"":568,""2026"":396}"
john wilkes,https://scholar.google.com/citations?user=YSxdVBEAAAAJ,2026-09-28,Google,"[""distributed systems"", ""self management"", ""cluster management"", ""warehouse scale computing"", ""glassblowing""]",23674,62,139,7393,23,50,1994,"{""1994"":108,""1995"":180,""1996"":292,""1997"":242,""1998"":286,""1999"":317,""2000"":331,""2001"":295,""2002"":373,""2003"":528,""2004"":467,""2005"":487,""2006"":474,""2007"":519,""2008"":559,""2009"":528,""2010"":600,""2011"":582,""2012"":606,""2013"":662,""2014"":750,""2015"":970,""2016"":1105,""2017"":1167,""2018"":1252,""2019"":1154,""2020"":1136,""2021"":1204,""2022"":1070,""2023"":1102,""2024"":1148,""2025"":1350,""2026"":1519}"
Jon Crowcroft,https://scholar.google.com/citations?user=qnMs-XYAAAAJ,2026-09-28,University of Cambridge,"[""Communications"", ""Systems""]",61780,106,462,11287,53,183,1995,"{""1995"":158,""1996"":214,""1997"":318,""1998"":602,""1999"":707,""2000"":849,""2001"":875,""2002"":1049,""2003"":1231,""2004"":1335,""2005"":1488,""2006"":1629,""2007"":1933,""2008"":2056,""2009"":2426,""2010"":2655,""2011"":2802,""2012"":3101,""2013"":3464,""2014"":3162,""2015"":3155,""2016"":3207,""2017"":2772,""2018"":2819,""2019"":2745,""2020"":2621,""2021"":2336,""2022"":2163,""2023"":1947,""2024"":1836,""2025"":1835,""2026"":1151}"
Joseph Halpern,https://scholar.google.com/citations?user=FsBCAfgAAAAJ,2026-09-28,"Professor of Computer Science, Cornell University","[""Artificial Intelligence"", ""decision theory"", ""game theory"", ""modal logic"", ""multi-agent systems""]",52981,102,290,11095,44,157,1987,"{""1987"":148,""1988"":258,""1989"":306,""1990"":368,""1991"":399,""1992"":399,""1993"":437,""1994"":699,""1995"":574,""1996"":646,""1997"":636,""1998"":647,""1999"":761,""2000"":779,""2001"":711,""2002"":860,""2003"":1195,""2004"":1301,""2005"":1499,""2006"":1691,""2007"":1955,""2008"":2108,""2009"":1964,""2010"":1910,""2011"":1933,""2012"":1844,""2013"":2049,""2014"":1960,""2015"":1780,""2016"":1718,""2017"":1700,""2018"":1641,""2019"":1682,""2020"":1590,""2021"":1889,""2022"":1627,""2023"":1975,""2024"":1875,""2025"":1988,""2026"":1724}"
Mahadev Satyanarayanan,https://scholar.google.com/citations?user=0y6JDD4AAAAJ,2026-09-28,"Jaime Carbonell University Professor of Computer Science, Carnegie Mellon University","[""edge computing"", ""mobile computing"", ""Internet of Things"", ""pervasive computing"", ""distributed systems""]",63963,90,221,14667,42,90,1991,"{""1991"":190,""1992"":209,""1993"":305,""1994"":427,""1995"":406,""1996"":525,""1997"":501,""1998"":642,""1999"":669,""2000"":609,""2001"":784,""2002"":1054,""2003"":1075,""2004"":1324,""2005"":1320,""2006"":1379,""2007"":1429,""2008"":1321,""2009"":1403,""2010"":1548,""2011"":1713,""2012"":2016,""2013"":2552,""2014"":2793,""2015"":3175,""2016"":3397,""2017"":3482,""2018"":3893,""2019"":4024,""2020"":3561,""2021"":3137,""2022"":2707,""2023"":2428,""2024"":2062,""2025"":2317,""2026"":2013}"
Mateo Valero,https://scholar.google.com/citations?user=MyT3cHQAAAAJ,2026-09-28,Professor at UPC and director of the Barcelona Supercomputing Center,"[""Computer Architecture"", ""Supercomputers""]",19094,70,331,3464,28,96,1989,"{""1989"":65,""1990"":52,""1991"":49,""1992"":70,""1993"":59,""1994"":72,""1995"":70,""1996"":70,""1997"":101,""1998"":165,""1999"":119,""2000"":151,""2001"":229,""2002"":253,""2003"":256,""2004"":439,""2005"":424,""2006"":468,""2007"":545,""2008"":560,""2009"":630,""2010"":722,""2011"":874,""2012"":919,""2013"":984,""2014"":1004,""2015"":1080,""2016"":1075,""2017"":1079,""2018"":942,""2019"":938,""2020"":776,""2021"":725,""2022"":703,""2023"":518,""2024"":540,""2025"":608,""2026"":370}"
Neil Immerman,https://scholar.google.com/citations?user=DbZWZr8AAAAJ,2026-09-28,"College of Computer and Information Sciences, UMass, Amherst","[""logic in computer science"", ""descriptive complexity""]",15845,48,89,3831,25,48,1987,"{""1987"":41,""1988"":93,""1989"":132,""1990"":214,""1991"":191,""1992"":243,""1993"":184,""1994"":288,""1995"":367,""1996"":256,""1997"":310,""1998"":275,""1999"":240,""2000"":208,""2001"":267,""2002"":189,""2003"":254,""2004"":301,""2005"":320,""2006"":323,""2007"":481,""2008"":361,""2009"":475,""2010"":457,""2011"":469,""2012"":553,""2013"":489,""2014"":493,""2015"":538,""2016"":463,""2017"":540,""2018"":495,""2019"":543,""2020"":510,""2021"":547,""2022"":593,""2023"":643,""2024"":728,""2025"":732,""2026"":587}"
Ozalp Babaoglu,https://scholar.google.com/citations?user=r3bG1AUAAAAJ,2026-09-28,"Professore Alma Mater, University of Bologna","[""Distributed computing"", ""fault tolerance"", ""self organization"", ""machine learning applied to High""]",7726,44,79,660,15,23,1988,"{""1988"":20,""1989"":31,""1990"":31,""1991"":39,""1992"":41,""1993"":55,""1994"":62,""1995"":110,""1996"":86,""1997"":122,""1998"":144,""1999"":154,""2000"":116,""2001"":137,""2002"":145,""2003"":226,""2004"":226,""2005"":283,""2006"":364,""2007"":425,""2008"":392,""2009"":412,""2010"":401,""2011"":406,""2012"":360,""2013"":407,""2014"":265,""2015"":277,""2016"":271,""2017"":277,""2018"":236,""2019"":186,""2020"":147,""2021"":159,""2022"":117,""2023"":102,""2024"":110,""2025"":91,""2026"":81}"
Pankaj K. Agarwal,https://scholar.google.com/citations?user=xe0eVksAAAAJ,2026-09-28,Duke University,"[""Algorithms"", ""Computational Geometry"", ""GIS"", ""Spatial Databases""]",29237,78,359,6104,34,140,1991,"{""1991"":105,""1992"":151,""1993"":142,""1994"":216,""1995"":223,""1996"":224,""1997"":329,""1998"":459,""1999"":517,""2000"":598,""2001"":582,""2002"":718,""2003"":796,""2004"":1048,""2005"":970,""2006"":915,""2007"":942,""2008"":982,""2009"":960,""2010"":973,""2011"":964,""2012"":925,""2013"":904,""2014"":1022,""2015"":965,""2016"":998,""2017"":1229,""2018"":1222,""2019"":1139,""2020"":1162,""2021"":1048,""2022"":1064,""2023"":1014,""2024"":1035,""2025"":1111,""2026"":826}"
Susan J Eggers,https://scholar.google.com/citations?user=CWpgflIAAAAJ,2026-09-28,"Professor of Computer Science, University of Washington","[""Computer Architecture"", ""Compiler Optimization""]",14998,55,80,1034,15,24,1987,"{""1987"":65,""1988"":92,""1989"":126,""1990"":141,""1991"":169,""1992"":159,""1993"":211,""1994"":265,""1995"":303,""1996"":406,""1997"":450,""1998"":529,""1999"":548,""2000"":546,""2001"":524,""2002"":547,""2003"":635,""2004"":769,""2005"":725,""2006"":713,""2007"":715,""2008"":551,""2009"":564,""2010"":545,""2011"":404,""2012"":431,""2013"":392,""2014"":359,""2015"":322,""2016"":317,""2017"":258,""2018"":300,""2019"":286,""2020"":270,""2021"":210,""2022"":189,""2023"":175,""2024"":179,""2025"":185,""2026"":96}"
Thomas Dietterich,https://scholar.google.com/citations?user=09kJn28AAAAJ,2026-09-28,"Distinguished Professor (Emeritus), Computer Science, Oregon State University","[""Machine Learning"", ""Computational Sustainability"", ""Artificial Intelligence"", ""Reinforcement Learning""]",79676,95,244,33726,54,137,1990,"{""1990"":274,""1991"":244,""1992"":300,""1993"":285,""1994"":283,""1995"":233,""1996"":322,""1997"":422,""1998"":507,""1999"":516,""2000"":611,""2001"":694,""2002"":893,""2003"":1039,""2004"":1123,""2005"":1266,""2006"":1484,""2007"":1647,""2008"":1779,""2009"":1930,""2010"":1888,""2011"":1917,""2012"":2020,""2013"":2081,""2014"":2262,""2015"":2304,""2016"":2508,""2017"":2647,""2018"":3055,""2019"":3489,""2020"":4148,""2021"":4875,""2022"":5417,""2023"":5800,""2024"":5815,""2025"":6150,""2026"":5639}"
Wen-mei W. Hwu,https://scholar.google.com/citations?user=ohjQPx8AAAAJ,2026-09-28,"Senior Distinguished Research Scientist, NVIDIA; Professor and Sanders-AMD Chair of Electrical and","[""Computer Architecture"", ""Compiler"", ""Parallel Computing"", ""Cognitive Computing Systems""]",33367,89,308,9022,42,157,1991,"{""1991"":166,""1992"":186,""1993"":243,""1994"":261,""1995"":337,""1996"":296,""1997"":381,""1998"":474,""1999"":462,""2000"":510,""2001"":489,""2002"":485,""2003"":564,""2004"":565,""2005"":702,""2006"":607,""2007"":542,""2008"":629,""2009"":782,""2010"":990,""2011"":1558,""2012"":1547,""2013"":1586,""2014"":1599,""2015"":1464,""2016"":1375,""2017"":1271,""2018"":1177,""2019"":1184,""2020"":1322,""2021"":1546,""2022"":1660,""2023"":1585,""2024"":1449,""2025"":1661,""2026"":1111}"
Wendy A. Kellogg,https://scholar.google.com/citations?user=VKYDwfIAAAAJ,2026-09-28,IBM T.J. Watson Research Center,"[""Human Computer Interaction"", ""Computer Supported Cooperative Work"", ""Designing Interactive Systems""]",10887,43,83,1639,19,35,1989,"{""1989"":39,""1990"":50,""1991"":82,""1992"":66,""1993"":91,""1994"":92,""1995"":87,""1996"":88,""1997"":86,""1998"":78,""1999"":93,""2000"":123,""2001"":142,""2002"":263,""2003"":288,""2004"":355,""2005"":426,""2006"":386,""2007"":467,""2008"":471,""2009"":501,""2010"":471,""2011"":429,""2012"":488,""2013"":496,""2014"":459,""2015"":403,""2016"":430,""2017"":385,""2018"":380,""2019"":343,""2020"":384,""2021"":315,""2022"":340,""2023"":261,""2024"":274,""2025"":268,""2026"":181}"
William Dally,https://scholar.google.com/citations?user=YZHj-Y4AAAAJ,2026-09-28,"Chief Scientist, NVIDIA; Adjunct Professor of CS and EE, Stanford University;","[""Computer Architecture"", ""High-Performance Computing"", ""Parallel Programming"", ""Interconnection Networks"", ""Computer Science""]",115302,112,417,48420,63,174,1991,"{""1991"":387,""1992"":432,""1993"":662,""1994"":858,""1995"":746,""1996"":751,""1997"":754,""1998"":695,""1999"":600,""2000"":682,""2001"":688,""2002"":827,""2003"":1096,""2004"":1421,""2005"":1446,""2006"":1617,""2007"":2118,""2008"":2330,""2009"":2479,""2010"":2597,""2011"":3020,""2012"":3173,""2013"":2814,""2014"":2901,""2015"":2793,""2016"":2849,""2017"":3680,""2018"":5670,""2019"":6994,""2020"":8065,""2021"":8681,""2022"":9140,""2023"":8142,""2024"":8046,""2025"":8493,""2026"":5909}"
Barton Miller,https://scholar.google.com/citations?user=dywFuRMAAAAJ,2026-09-28,"Vilas Distinguished Achievement Professor, University of Wisconsin-Madison","[""Security"", ""binady code analysis"", ""high performance computing"", ""testing""]",16660,61,138,3208,25,43,1987,"{""1987"":60,""1988"":83,""1989"":84,""1990"":130,""1991"":172,""1992"":138,""1993"":192,""1994"":277,""1995"":279,""1996"":260,""1997"":210,""1998"":321,""1999"":206,""2000"":280,""2001"":294,""2002"":270,""2003"":415,""2004"":418,""2005"":511,""2006"":541,""2007"":641,""2008"":563,""2009"":571,""2010"":505,""2011"":552,""2012"":566,""2013"":622,""2014"":561,""2015"":544,""2016"":514,""2017"":591,""2018"":510,""2019"":602,""2020"":636,""2021"":583,""2022"":639,""2023"":525,""2024"":554,""2025"":539,""2026"":366}"
Christos H PAPADIMITRIOU,https://scholar.google.com/citations?user=rXYLXJMAAAAJ,2026-09-28,Columbia University,"[""Algorithms"", ""Complexity"", ""Game Theory"", ""Evolution"", ""Computational Neuroscience""]",104745,141,351,20337,60,214,1987,"{""1987"":411,""1988"":602,""1989"":623,""1990"":722,""1991"":777,""1992"":897,""1993"":925,""1994"":1101,""1995"":1359,""1996"":1313,""1997"":1386,""1998"":1416,""1999"":1516,""2000"":1584,""2001"":1638,""2002"":1783,""2003"":2241,""2004"":2747,""2005"":3345,""2006"":3431,""2007"":3799,""2008"":4035,""2009"":3993,""2010"":3788,""2011"":3724,""2012"":3652,""2013"":3644,""2014"":3807,""2015"":3584,""2016"":3705,""2017"":3380,""2018"":3421,""2019"":3469,""2020"":3346,""2021"":3341,""2022"":3348,""2023"":3359,""2024"":3600,""2025"":3720,""2026"":2963}"
David Shmoys,https://scholar.google.com/citations?user=rD8a4hQAAAAJ,2026-09-28,Professor of Operations Research & Information Engineering and of Computer Science,"[""Optimization"", ""Algorithms"", ""Data Science"", ""Approximation Algorithms"", ""Operations Research""]",31697,65,117,7526,36,88,1988,"{""1988"":88,""1989"":100,""1990"":151,""1991"":110,""1992"":177,""1993"":257,""1994"":283,""1995"":360,""1996"":390,""1997"":473,""1998"":539,""1999"":573,""2000"":578,""2001"":627,""2002"":582,""2003"":682,""2004"":781,""2005"":860,""2006"":934,""2007"":907,""2008"":1003,""2009"":888,""2010"":878,""2011"":994,""2012"":965,""2013"":1055,""2014"":1098,""2015"":1052,""2016"":1171,""2017"":1014,""2018"":1298,""2019"":1339,""2020"":1320,""2021"":1224,""2022"":1288,""2023"":1285,""2024"":1245,""2025"":1359,""2026"":1120}"
David Clark,https://scholar.google.com/citations?user=9s9o-JcAAAAJ,2026-09-28,"Senior Research Scientist, Computer Science and AI Lab, MIT","[""Computer networks"", ""Internet"", ""network performance"", ""policy""]",43472,70,165,5048,33,68,1988,"{""1988"":112,""1989"":197,""1990"":199,""1991"":240,""1992"":365,""1993"":487,""1994"":560,""1995"":602,""1996"":723,""1997"":823,""1998"":1129,""1999"":1119,""2000"":1334,""2001"":1589,""2002"":1684,""2003"":1950,""2004"":1911,""2005"":1917,""2006"":1726,""2007"":1732,""2008"":1554,""2009"":1530,""2010"":1455,""2011"":1402,""2012"":1355,""2013"":1305,""2014"":1106,""2015"":1176,""2016"":1215,""2017"":1098,""2018"":1055,""2019"":1043,""2020"":1005,""2021"":1041,""2022"":941,""2023"":820,""2024"":848,""2025"":824,""2026"":574}"
Don Norman,https://scholar.google.com/citations?user=h-2JebwAAAAJ,2026-09-28,"Honorary Prof. and Founding Director Emeritus, The Design Lab, University of California, San Diego","[""Complex sociotechnical systems"", ""Humanity-Centered System Design"", ""cognitive science"", ""HCI""]",175493,115,422,40221,66,169,1987,"{""1987"":1075,""1988"":1094,""1989"":1109,""1990"":1251,""1991"":1495,""1992"":1475,""1993"":1599,""1994"":1583,""1995"":1578,""1996"":1687,""1997"":1636,""1998"":1798,""1999"":2111,""2000"":2374,""2001"":2815,""2002"":2927,""2003"":3060,""2004"":3529,""2005"":3714,""2006"":4070,""2007"":4253,""2008"":4511,""2009"":4798,""2010"":4689,""2011"":4885,""2012"":5498,""2013"":6837,""2014"":6582,""2015"":5638,""2016"":5882,""2017"":6205,""2018"":6215,""2019"":6568,""2020"":6011,""2021"":6154,""2022"":6265,""2023"":6293,""2024"":6885,""2025"":8181,""2026"":6424}"
Erol Gelenbe,https://scholar.google.com/citations?user=TShlArwAAAAJ,2026-09-28,"Institute of Theoretical and Applied Informatics, Polish Acad. Science","[""Computer Science and Engineering""]",33667,100,474,7791,41,191,1987,"{""1987"":87,""1988"":166,""1989"":138,""1990"":147,""1991"":166,""1992"":220,""1993"":225,""1994"":242,""1995"":360,""1996"":229,""1997"":227,""1998"":385,""1999"":255,""2000"":351,""2001"":349,""2002"":315,""2003"":339,""2004"":611,""2005"":488,""2006"":771,""2007"":608,""2008"":624,""2009"":675,""2010"":1052,""2011"":1231,""2012"":1051,""2013"":1372,""2014"":1430,""2015"":1543,""2016"":1749,""2017"":1422,""2018"":2161,""2019"":1424,""2020"":1782,""2021"":1745,""2022"":1475,""2023"":1405,""2024"":1092,""2025"":1247,""2026"":814}"
Giovanni De Micheli,https://scholar.google.com/citations?user=7SUnVDsAAAAJ,2026-09-28,"EPFL, Stanford","[""Electrical engineering"", ""computer science""]",59987,112,648,11187,46,257,1990,"{""1990"":153,""1991"":253,""1992"":277,""1993"":362,""1994"":389,""1995"":460,""1996"":624,""1997"":683,""1998"":703,""1999"":732,""2000"":917,""2001"":956,""2002"":1043,""2003"":1365,""2004"":1547,""2005"":1935,""2006"":2038,""2007"":2367,""2008"":2407,""2009"":2510,""2010"":2569,""2011"":2519,""2012"":2483,""2013"":2573,""2014"":2315,""2015"":2328,""2016"":2198,""2017"":2249,""2018"":2398,""2019"":2206,""2020"":1915,""2021"":1961,""2022"":1955,""2023"":2003,""2024"":2032,""2025"":1897,""2026"":1325}"
HJ Schek,https://scholar.google.com/citations?user=RnabX4gAAAAJ,2026-09-28,"ETH Zürich and UMIT Innsbruck, Emeritus since 2005","[""Databases and Information Systems""]",13770,52,154,1221,9,8,1987,"{""1987"":189,""1988"":171,""1989"":260,""1990"":226,""1991"":271,""1992"":282,""1993"":297,""1994"":258,""1995"":281,""1996"":256,""1997"":281,""1998"":237,""1999"":341,""2000"":331,""2001"":380,""2002"":419,""2003"":363,""2004"":443,""2005"":631,""2006"":560,""2007"":619,""2008"":583,""2009"":472,""2010"":478,""2011"":484,""2012"":458,""2013"":444,""2014"":399,""2015"":274,""2016"":323,""2017"":299,""2018"":256,""2019"":243,""2020"":195,""2021"":246,""2022"":209,""2023"":190,""2024"":210,""2025"":215,""2026"":151}"
Jack Dongarra,https://scholar.google.com/citations?user=X4SbSTAAAAAJ,2026-09-28,University of Tennessee; Oak Ridge National Laboratory; University of Manchester,"[""scientific parallel computing""]",134098,143,1040,23202,66,362,1987,"{""1987"":514,""1988"":629,""1989"":742,""1990"":836,""1991"":866,""1992"":1052,""1993"":1256,""1994"":1857,""1995"":2112,""1996"":2751,""1997"":2938,""1998"":2695,""1999"":2505,""2000"":2639,""2001"":2538,""2002"":2707,""2003"":3085,""2004"":3369,""2005"":3825,""2006"":3956,""2007"":4219,""2008"":3925,""2009"":4226,""2010"":4298,""2011"":4500,""2012"":4958,""2013"":4838,""2014"":4987,""2015"":4947,""2016"":4907,""2017"":4599,""2018"":4661,""2019"":4638,""2020"":4430,""2021"":4318,""2022"":4185,""2023"":3820,""2024"":3798,""2025"":4209,""2026"":2855}"
Jacob Abraham,https://scholar.google.com/citations?user=rmkFbFsAAAAJ,2026-09-28,"Professor, University of Texas","[""manufacturing test"", ""formal verification"", ""fault tolerance"", ""security""]",20760,66,327,2446,19,47,1987,"{""1987"":245,""1988"":352,""1989"":324,""1990"":437,""1991"":439,""1992"":466,""1993"":583,""1994"":563,""1995"":561,""1996"":570,""1997"":446,""1998"":520,""1999"":502,""2000"":431,""2001"":451,""2002"":459,""2003"":488,""2004"":425,""2005"":495,""2006"":527,""2007"":539,""2008"":544,""2009"":472,""2010"":562,""2011"":619,""2012"":566,""2013"":610,""2014"":665,""2015"":639,""2016"":629,""2017"":620,""2018"":565,""2019"":582,""2020"":524,""2021"":503,""2022"":478,""2023"":446,""2024"":396,""2025"":344,""2026"":279}"
James Kurose,https://scholar.google.com/citations?user=219_uIcAAAAJ,2026-09-28,U. Massachusetts,"[""Computer networks""]",48070,99,312,4974,25,64,1991,"{""1991"":153,""1992"":176,""1993"":228,""1994"":309,""1995"":399,""1996"":449,""1997"":572,""1998"":756,""1999"":904,""2000"":1088,""2001"":1306,""2002"":1612,""2003"":1767,""2004"":1989,""2005"":2151,""2006"":2083,""2007"":2196,""2008"":2184,""2009"":2131,""2010"":2182,""2011"":2071,""2012"":2057,""2013"":1918,""2014"":1862,""2015"":1829,""2016"":1740,""2017"":1557,""2018"":1515,""2019"":1332,""2020"":1084,""2021"":948,""2022"":823,""2023"":789,""2024"":791,""2025"":916,""2026"":704}"
Janak H. Patel,https://scholar.google.com/citations?user=z-T4bO0AAAAJ,2026-09-28,"Electrical and Computer Engineering, University of Illinois at Urbana-Champaign","[""Computer Engineering"", ""Computer Architecture"", ""Interconnection Networks"", ""Electronic Design Automation""]",14889,60,169,922,14,20,1987,"{""1987"":124,""1988"":171,""1989"":200,""1990"":203,""1991"":276,""1992"":304,""1993"":429,""1994"":497,""1995"":524,""1996"":575,""1997"":573,""1998"":645,""1999"":539,""2000"":546,""2001"":479,""2002"":465,""2003"":529,""2004"":574,""2005"":570,""2006"":550,""2007"":512,""2008"":496,""2009"":457,""2010"":443,""2011"":411,""2012"":338,""2013"":301,""2014"":306,""2015"":264,""2016"":278,""2017"":215,""2018"":256,""2019"":154,""2020"":127,""2021"":177,""2022"":139,""2023"":152,""2024"":138,""2025"":164,""2026"":152}"
Jeff Mogul,https://scholar.google.com/citations?user=1pAVdtwAAAAJ,2026-09-28,Google,"[""operating systems"", ""networks"", ""computer architecture""]",32129,76,187,4110,33,72,1991,"{""1991"":91,""1992"":109,""1993"":138,""1994"":174,""1995"":195,""1996"":226,""1997"":361,""1998"":574,""1999"":793,""2000"":770,""2001"":959,""2002"":1168,""2003"":1030,""2004"":1222,""2005"":1123,""2006"":1077,""2007"":1072,""2008"":1069,""2009"":1069,""2010"":1076,""2011"":1095,""2012"":1199,""2013"":1419,""2014"":1482,""2015"":1449,""2016"":1466,""2017"":1378,""2018"":1219,""2019"":1207,""2020"":954,""2021"":948,""2022"":836,""2023"":690,""2024"":641,""2025"":607,""2026"":385}"
Jeff Kramer,https://scholar.google.com/citations?user=t-fuDjMAAAAJ,2026-09-28,"Professor of Computing, Imperial College","[""Software Engineering"", ""Requirements Engineering"", ""Adaptive Software Systems""]",27860,72,195,2605,22,43,1988,"{""1988"":76,""1989"":92,""1990"":134,""1991"":134,""1992"":175,""1993"":241,""1994"":359,""1995"":424,""1996"":532,""1997"":541,""1998"":622,""1999"":609,""2000"":616,""2001"":688,""2002"":709,""2003"":804,""2004"":942,""2005"":1060,""2006"":1175,""2007"":1276,""2008"":1316,""2009"":1330,""2010"":1237,""2011"":1191,""2012"":1217,""2013"":1257,""2014"":1071,""2015"":993,""2016"":836,""2017"":781,""2018"":822,""2019"":680,""2020"":570,""2021"":526,""2022"":482,""2023"":407,""2024"":415,""2025"":412,""2026"":361}"
Jin-Yi Cai,https://scholar.google.com/citations?user=Yn-Lm_QAAAAJ,2026-09-28,University of Wisconsin - Madison,"[""complexity_theory""]",9478,49,151,2472,25,56,1987,"{""1987"":29,""1988"":37,""1989"":47,""1990"":83,""1991"":72,""1992"":96,""1993"":93,""1994"":93,""1995"":129,""1996"":134,""1997"":122,""1998"":168,""1999"":166,""2000"":133,""2001"":109,""2002"":115,""2003"":156,""2004"":204,""2005"":259,""2006"":249,""2007"":284,""2008"":233,""2009"":246,""2010"":273,""2011"":281,""2012"":324,""2013"":383,""2014"":318,""2015"":308,""2016"":378,""2017"":346,""2018"":289,""2019"":299,""2020"":435,""2021"":337,""2022"":355,""2023"":422,""2024"":459,""2025"":429,""2026"":469}"
Joan Feigenbaum,https://scholar.google.com/citations?user=IAeKTGsAAAAJ,2026-09-28,"Grace Murray Hopper Professor of Computer Science, Yale University","[""Security"", ""Privacy"", ""Complexity Theory"", ""Massive Data Sets"", ""Crytography""]",18310,56,127,2067,23,46,1990,"{""1990"":83,""1991"":79,""1992"":76,""1993"":76,""1994"":96,""1995"":88,""1996"":74,""1997"":133,""1998"":210,""1999"":243,""2000"":336,""2001"":411,""2002"":504,""2003"":721,""2004"":963,""2005"":1065,""2006"":1047,""2007"":1083,""2008"":1043,""2009"":973,""2010"":962,""2011"":708,""2012"":707,""2013"":618,""2014"":655,""2015"":576,""2016"":555,""2017"":475,""2018"":431,""2019"":384,""2020"":394,""2021"":409,""2022"":389,""2023"":340,""2024"":380,""2025"":313,""2026"":234}"
Johan de Kleer,https://scholar.google.com/citations?user=CwZjyjIAAAAJ,2026-09-28,c-infinity,"[""Artificial Intelligence""]",22747,51,126,1970,21,41,1987,"{""1987"":428,""1988"":661,""1989"":730,""1990"":847,""1991"":935,""1992"":1036,""1993"":935,""1994"":946,""1995"":713,""1996"":691,""1997"":601,""1998"":522,""1999"":572,""2000"":520,""2001"":530,""2002"":479,""2003"":463,""2004"":479,""2005"":518,""2006"":527,""2007"":607,""2008"":493,""2009"":613,""2010"":457,""2011"":505,""2012"":498,""2013"":575,""2014"":531,""2015"":327,""2016"":372,""2017"":277,""2018"":362,""2019"":372,""2020"":402,""2021"":392,""2022"":389,""2023"":377,""2024"":340,""2025"":261,""2026"":206}"
J Mark Pullen,https://scholar.google.com/citations?user=FvTjg7cAAAAJ,2026-09-28,"Professor of Computer Science, George Mason University","[""Multimedia Networking"", ""Networked Education and Training""]",2458,27,64,188,6,1,1995,"{""1995"":7,""1996"":21,""1997"":9,""1998"":19,""1999"":46,""2000"":33,""2001"":32,""2002"":33,""2003"":57,""2004"":101,""2005"":158,""2006"":151,""2007"":198,""2008"":169,""2009"":134,""2010"":165,""2011"":145,""2012"":126,""2013"":151,""2014"":117,""2015"":96,""2016"":78,""2017"":55,""2018"":52,""2019"":63,""2020"":16,""2021"":74,""2022"":45,""2023"":13,""2024"":20,""2025"":24,""2026"":12}"
John P Hayes,https://scholar.google.com/citations?user=a-qMWpwAAAAJ,2026-09-28,"Professor of EECS, University of Michigan","[""stochastic computing"", ""computer architecture"", ""digital design"", ""VLSI"", ""emerging technologies""]",19924,75,221,3739,28,66,1987,"{""1987"":178,""1988"":281,""1989"":278,""1990"":349,""1991"":376,""1992"":426,""1993"":402,""1994"":350,""1995"":323,""1996"":300,""1997"":326,""1998"":306,""1999"":315,""2000"":292,""2001"":308,""2002"":240,""2003"":347,""2004"":351,""2005"":421,""2006"":426,""2007"":548,""2008"":592,""2009"":554,""2010"":571,""2011"":552,""2012"":627,""2013"":539,""2014"":569,""2015"":569,""2016"":593,""2017"":651,""2018"":710,""2019"":761,""2020"":699,""2021"":673,""2022"":775,""2023"":628,""2024"":556,""2025"":631,""2026"":476}"
Jonathan Turner,https://scholar.google.com/citations?user=Cgx9W6UAAAAJ,2026-09-28,"Senior Professor of Computer Science, Washington University in St. Louis","[""Networking"", ""algorithms"", ""switching systems"", ""routers"", ""data communications""]",34522,72,140,4601,20,32,1987,"{""1987"":142,""1988"":188,""1989"":221,""1990"":255,""1991"":306,""1992"":292,""1993"":344,""1994"":408,""1995"":380,""1996"":337,""1997"":331,""1998"":378,""1999"":417,""2000"":375,""2001"":391,""2002"":485,""2003"":591,""2004"":724,""2005"":710,""2006"":926,""2007"":818,""2008"":801,""2009"":1123,""2010"":1363,""2011"":1266,""2012"":1392,""2013"":1712,""2014"":1966,""2015"":2050,""2016"":2159,""2017"":1935,""2018"":1803,""2019"":1580,""2020"":1215,""2021"":1115,""2022"":1053,""2023"":713,""2024"":689,""2025"":637,""2026"":394}"
Kang G. Shin,https://scholar.google.com/citations?user=vY7MdLYAAAAJ,2026-09-28,"Kevin & Nancy O'Connor Professor of Computer Science, University of Michigan","[""Real-time embedded systems"", ""cyber-physical systems"", ""computer networks"", ""security and privacy"", ""mobile and wireless computing and c""]",64633,122,720,12362,53,229,1988,"{""1988"":242,""1989"":289,""1990"":383,""1991"":413,""1992"":508,""1993"":546,""1994"":781,""1995"":739,""1996"":746,""1997"":896,""1998"":812,""1999"":970,""2000"":1026,""2001"":1087,""2002"":1337,""2003"":1526,""2004"":1981,""2005"":2044,""2006"":2037,""2007"":2215,""2008"":2081,""2009"":2098,""2010"":2222,""2011"":2402,""2012"":2546,""2013"":2521,""2014"":2591,""2015"":2437,""2016"":2258,""2017"":2337,""2018"":2229,""2019"":2396,""2020"":2326,""2021"":2302,""2022"":2239,""2023"":2199,""2024"":2116,""2025"":2099,""2026"":1401}"
Krishan Sabnani,https://scholar.google.com/citations?user=OWfYfb4AAAAJ,2026-09-28,"Professor of Computer Science, Johns Hopkins University","[""Networking""]",10965,54,106,729,15,19,1988,"{""1988"":36,""1989"":67,""1990"":116,""1991"":130,""1992"":165,""1993"":205,""1994"":183,""1995"":217,""1996"":224,""1997"":231,""1998"":252,""1999"":270,""2000"":333,""2001"":391,""2002"":463,""2003"":467,""2004"":417,""2005"":402,""2006"":396,""2007"":338,""2008"":289,""2009"":362,""2010"":344,""2011"":375,""2012"":430,""2013"":442,""2014"":436,""2015"":459,""2016"":410,""2017"":399,""2018"":290,""2019"":296,""2020"":243,""2021"":206,""2022"":207,""2023"":111,""2024"":88,""2025"":75,""2026"":42}"
Krithivasan Ramamritham,https://scholar.google.com/citations?user=LFLG5pcAAAAJ,2026-09-28,"India (previously Dean R&D and Rekhi Chair Professor, IIT Bombay)","[""databases"", ""real-time systems"", ""ICT based solutions for society""]",26091,86,283,3541,25,67,1987,"{""1987"":86,""1988"":113,""1989"":187,""1990"":237,""1991"":402,""1992"":460,""1993"":595,""1994"":680,""1995"":825,""1996"":854,""1997"":931,""1998"":798,""1999"":790,""2000"":740,""2001"":733,""2002"":794,""2003"":840,""2004"":1077,""2005"":992,""2006"":1014,""2007"":1044,""2008"":896,""2009"":813,""2010"":729,""2011"":617,""2012"":692,""2013"":677,""2014"":591,""2015"":492,""2016"":439,""2017"":427,""2018"":473,""2019"":451,""2020"":454,""2021"":578,""2022"":632,""2023"":623,""2024"":712,""2025"":617,""2026"":374}"
Marilyn Wolf,https://scholar.google.com/citations?user=dA88kLYAAAAJ,2026-09-28,"Koch Professor of Engineering and Director, School of Computing","[""embedded computing"", ""cyber-physical systems"", ""VLSI"", ""multimedia""]",21980,67,269,3222,23,53,1990,"{""1990"":56,""1991"":67,""1992"":96,""1993"":108,""1994"":157,""1995"":190,""1996"":255,""1997"":321,""1998"":393,""1999"":389,""2000"":409,""2001"":428,""2002"":462,""2003"":626,""2004"":715,""2005"":775,""2006"":894,""2007"":1098,""2008"":979,""2009"":974,""2010"":1049,""2011"":952,""2012"":904,""2013"":918,""2014"":856,""2015"":712,""2016"":700,""2017"":649,""2018"":710,""2019"":757,""2020"":648,""2021"":670,""2022"":641,""2023"":557,""2024"":531,""2025"":483,""2026"":338}"
Nick Roussopoulos,https://scholar.google.com/citations?user=tia0DoIE6XUJ,2026-09-28,"Professor of Computer Science, University of Maryland","[""Databases""]",16713,53,115,850,13,20,1987,"{""1987"":96,""1988"":114,""1989"":132,""1990"":158,""1991"":202,""1992"":182,""1993"":279,""1994"":277,""1995"":301,""1996"":321,""1997"":361,""1998"":498,""1999"":502,""2000"":507,""2001"":587,""2002"":611,""2003"":610,""2004"":692,""2005"":747,""2006"":806,""2007"":842,""2008"":658,""2009"":817,""2010"":722,""2011"":588,""2012"":566,""2013"":527,""2014"":481,""2015"":394,""2016"":373,""2017"":308,""2018"":299,""2019"":292,""2020"":228,""2021"":205,""2022"":161,""2023"":146,""2024"":134,""2025"":119,""2026"":85}"
Ouri Wolfson,https://scholar.google.com/citations?user=zGSP_osAAAAJ,2026-09-28,"Professor of Computer Science, University of Illinois, Chicago, Fellow ACM, Fellow IEEE, Fellow AAAS","[""spatial databases"", ""smart city"", ""intelligent transportation"", ""big data"", ""AI consciousness""]",18117,61,154,3604,23,44,1991,"{""1991"":70,""1992"":67,""1993"":102,""1994"":103,""1995"":128,""1996"":104,""1997"":110,""1998"":129,""1999"":195,""2000"":205,""2001"":286,""2002"":452,""2003"":519,""2004"":586,""2005"":648,""2006"":613,""2007"":581,""2008"":593,""2009"":626,""2010"":588,""2011"":599,""2012"":538,""2013"":662,""2014"":670,""2015"":796,""2016"":854,""2017"":864,""2018"":891,""2019"":860,""2020"":795,""2021"":821,""2022"":681,""2023"":578,""2024"":554,""2025"":550,""2026"":420}"
Pamela Zave,https://scholar.google.com/citations?user=QqvUgJsAAAAJ,2026-09-28,AT&T Labs--Research,"[""formal methods"", ""network architecture"", ""Internet of Things"", ""network services"", ""software engineering""]",8679,37,90,873,14,21,1987,"{""1987"":80,""1988"":92,""1989"":94,""1990"":137,""1991"":119,""1992"":144,""1993"":141,""1994"":135,""1995"":140,""1996"":127,""1997"":161,""1998"":148,""1999"":191,""2000"":233,""2001"":183,""2002"":200,""2003"":217,""2004"":257,""2005"":289,""2006"":207,""2007"":285,""2008"":299,""2009"":355,""2010"":352,""2011"":355,""2012"":369,""2013"":321,""2014"":304,""2015"":270,""2016"":244,""2017"":214,""2018"":247,""2019"":267,""2020"":185,""2021"":182,""2022"":171,""2023"":147,""2024"":141,""2025"":119,""2026"":113}"
Philip A. Bernstein,https://scholar.google.com/citations?user=6OEYXEIAAAAJ,2026-09-28,Microsoft Research,"[""Database systems and transaction processin""]",46869,86,223,5338,34,90,1987,"{""1987"":457,""1988"":568,""1989"":565,""1990"":676,""1991"":675,""1992"":746,""1993"":707,""1994"":601,""1995"":658,""1996"":612,""1997"":647,""1998"":490,""1999"":592,""2000"":634,""2001"":653,""2002"":782,""2003"":1118,""2004"":1477,""2005"":1644,""2006"":1847,""2007"":1910,""2008"":2002,""2009"":2043,""2010"":1832,""2011"":1869,""2012"":1626,""2013"":1501,""2014"":1576,""2015"":1385,""2016"":1341,""2017"":1232,""2018"":1095,""2019"":1110,""2020"":1007,""2021"":962,""2022"":939,""2023"":790,""2024"":806,""2025"":1030,""2026"":808}"
Prabhakar Raghavan,https://scholar.google.com/citations?user=FtMADIMAAAAJ,2026-09-28,Google,"[""Algorithms"", ""Web"", ""Data mining""]",94009,93,196,18435,36,91,1994,"{""1994"":262,""1995"":211,""1996"":349,""1997"":435,""1998"":538,""1999"":726,""2000"":1024,""2001"":1382,""2002"":1734,""2003"":2107,""2004"":2495,""2005"":2833,""2006"":2902,""2007"":3197,""2008"":3308,""2009"":3570,""2010"":4020,""2011"":4137,""2012"":4319,""2013"":4467,""2014"":4521,""2015"":4352,""2016"":4392,""2017"":4219,""2018"":4182,""2019"":3966,""2020"":3815,""2021"":3430,""2022"":3014,""2023"":2865,""2024"":2809,""2025"":3381,""2026"":2936}"
Raghu Ramakrishnan,https://scholar.google.com/citations?user=udZSrkYAAAAJ,2026-09-28,Microsoft,"[""Database systems"", ""data mining"", ""information extraction"", ""ranking/recommendation"", ""social networks""]",62648,92,278,12966,39,113,1988,"{""1988"":172,""1989"":194,""1990"":331,""1991"":349,""1992"":323,""1993"":397,""1994"":437,""1995"":524,""1996"":435,""1997"":477,""1998"":439,""1999"":525,""2000"":595,""2001"":798,""2002"":978,""2003"":1150,""2004"":1214,""2005"":1515,""2006"":1665,""2007"":1865,""2008"":2019,""2009"":2400,""2010"":2316,""2011"":2317,""2012"":2607,""2013"":2786,""2014"":2813,""2015"":2977,""2016"":2826,""2017"":2786,""2018"":2802,""2019"":2712,""2020"":2598,""2021"":2503,""2022"":2396,""2023"":2206,""2024"":2160,""2025"":2231,""2026"":1469}"
Ravi Sandhu,https://scholar.google.com/citations?user=wic7YpkAAAAJ,2026-09-28,University of Texas at San Antonio,"[""cyber security"", ""access control models architectures"", ""secure cloud and IoT computing""]",54455,97,340,10465,46,156,1994,"{""1994"":160,""1995"":118,""1996"":205,""1997"":240,""1998"":268,""1999"":396,""2000"":573,""2001"":696,""2002"":963,""2003"":1503,""2004"":1686,""2005"":2046,""2006"":2554,""2007"":2513,""2008"":2703,""2009"":2583,""2010"":2649,""2011"":2371,""2012"":2316,""2013"":2217,""2014"":2325,""2015"":2204,""2016"":2072,""2017"":1858,""2018"":1790,""2019"":1933,""2020"":1899,""2021"":1896,""2022"":2160,""2023"":1635,""2024"":1743,""2025"":1761,""2026"":1260}"
Bob Kowalski,https://scholar.google.com/citations?user=pvkQAj0AAAAJ,2026-09-28,"Emeritus Professor, Imperial College London","[""Logic and Artificial Intelligence""]",24472,48,96,2846,22,38,1987,"{""1987"":516,""1988"":586,""1989"":525,""1990"":593,""1991"":588,""1992"":584,""1993"":568,""1994"":656,""1995"":530,""1996"":540,""1997"":524,""1998"":457,""1999"":457,""2000"":481,""2001"":461,""2002"":575,""2003"":426,""2004"":505,""2005"":526,""2006"":590,""2007"":795,""2008"":694,""2009"":664,""2010"":683,""2011"":535,""2012"":642,""2013"":602,""2014"":563,""2015"":552,""2016"":541,""2017"":510,""2018"":546,""2019"":461,""2020"":464,""2021"":455,""2022"":553,""2023"":567,""2024"":474,""2025"":468,""2026"":327}"
Ruby B. Lee,https://scholar.google.com/citations?user=odeKATgAAAAJ,2026-09-28,"Forrest G. Hamrick Professor of Electrical Engineering, also Computer Science","[""Cyber Security"", ""Computer Architecture"", ""Multimedia"", ""Hardware Security"", ""Secure processors and caches""]",19437,65,201,6256,37,74,1995,"{""1995"":84,""1996"":88,""1997"":158,""1998"":176,""1999"":148,""2000"":170,""2001"":184,""2002"":248,""2003"":244,""2004"":337,""2005"":382,""2006"":319,""2007"":384,""2008"":509,""2009"":380,""2010"":484,""2011"":433,""2012"":540,""2013"":618,""2014"":712,""2015"":770,""2016"":832,""2017"":1000,""2018"":932,""2019"":1248,""2020"":1329,""2021"":1208,""2022"":1228,""2023"":1180,""2024"":1105,""2025"":1035,""2026"":498}"
Sundararaja Sitharama Iyengar,https://scholar.google.com/citations?user=eNONM8AAAAAJ,2026-09-28,"Professor of Computer Science, Florida International University","[""Algorithms"", ""Sensor Networks"", ""Computational Biology"", ""Cyber Security"", ""etc""]",26273,69,358,8636,38,135,1988,"{""1988"":86,""1989"":121,""1990"":114,""1991"":142,""1992"":125,""1993"":136,""1994"":129,""1995"":155,""1996"":141,""1997"":156,""1998"":157,""1999"":141,""2000"":161,""2001"":247,""2002"":279,""2003"":309,""2004"":555,""2005"":659,""2006"":685,""2007"":805,""2008"":790,""2009"":910,""2010"":887,""2011"":774,""2012"":816,""2013"":771,""2014"":790,""2015"":779,""2016"":825,""2017"":877,""2018"":1013,""2019"":1196,""2020"":1409,""2021"":1482,""2022"":1492,""2023"":1453,""2024"":1414,""2025"":1657,""2026"":1124}"
Sung Mo Kang,https://scholar.google.com/citations?user=yJB9y2QAAAAJ,2026-09-28,"University of California, Santa Cruz","[""VLSI"", ""CAD"", ""Memristors and Memristive Systems""]",22566,62,309,4178,26,60,1989,"{""1989"":93,""1990"":72,""1991"":135,""1992"":169,""1993"":239,""1994"":267,""1995"":296,""1996"":354,""1997"":272,""1998"":382,""1999"":360,""2000"":331,""2001"":415,""2002"":441,""2003"":573,""2004"":666,""2005"":646,""2006"":677,""2007"":635,""2008"":622,""2009"":580,""2010"":674,""2011"":773,""2012"":826,""2013"":1025,""2014"":1131,""2015"":978,""2016"":950,""2017"":841,""2018"":888,""2019"":836,""2020"":736,""2021"":903,""2022"":809,""2023"":702,""2024"":615,""2025"":650,""2026"":497}"
Susan Davidson,https://scholar.google.com/citations?user=LW4lnZYAAAAJ,2026-09-28,University of Pennsylvania,"[""Databases"", ""bioinformatics"", ""workflows"", ""provenance""]",13073,52,126,2146,19,39,1987,"{""1987"":41,""1988"":53,""1989"":53,""1990"":85,""1991"":81,""1992"":72,""1993"":107,""1994"":106,""1995"":115,""1996"":103,""1997"":194,""1998"":310,""1999"":323,""2000"":301,""2001"":307,""2002"":297,""2003"":389,""2004"":401,""2005"":438,""2006"":436,""2007"":560,""2008"":479,""2009"":541,""2010"":447,""2011"":490,""2012"":438,""2013"":463,""2014"":417,""2015"":460,""2016"":457,""2017"":477,""2018"":409,""2019"":459,""2020"":339,""2021"":370,""2022"":347,""2023"":419,""2024"":374,""2025"":357,""2026"":277}"
Tetsuo Asano,https://scholar.google.com/citations?user=Oad1ijkAAAAJ,2026-09-28,"Professor of School of Information Science, JAIST","[""Algorithm"", ""Computational Geometry""]",5545,38,120,867,18,24,1987,"{""1987"":95,""1988"":90,""1989"":74,""1990"":78,""1991"":80,""1992"":68,""1993"":59,""1994"":48,""1995"":69,""1996"":86,""1997"":53,""1998"":71,""1999"":86,""2000"":120,""2001"":85,""2002"":87,""2003"":139,""2004"":131,""2005"":145,""2006"":141,""2007"":166,""2008"":155,""2009"":199,""2010"":189,""2011"":226,""2012"":205,""2013"":207,""2014"":193,""2015"":195,""2016"":189,""2017"":179,""2018"":205,""2019"":228,""2020"":153,""2021"":159,""2022"":179,""2023"":144,""2024"":130,""2025"":133,""2026"":122}"
Witold Litwin,https://scholar.google.com/citations?user=6Rbf6EUAAAAJ,2026-09-28,"Professor of Computer Science, University Paris Dauphine","[""Scalable Distributed Data Structures"", ""Data bases"", ""Cloud Databases""]",8536,38,79,354,9,8,1987,"{""1987"":63,""1988"":76,""1989"":78,""1990"":127,""1991"":195,""1992"":243,""1993"":332,""1994"":326,""1995"":341,""1996"":375,""1997"":316,""1998"":278,""1999"":254,""2000"":279,""2001"":219,""2002"":291,""2003"":316,""2004"":340,""2005"":352,""2006"":337,""2007"":339,""2008"":270,""2009"":279,""2010"":281,""2011"":244,""2012"":183,""2013"":188,""2014"":146,""2015"":163,""2016"":160,""2017"":101,""2018"":84,""2019"":110,""2020"":68,""2021"":76,""2022"":72,""2023"":58,""2024"":55,""2025"":73,""2026"":20}"
Yale Patt,https://scholar.google.com/citations?user=ycNJVd4AAAAJ,2026-09-28,"Professor of ECE and Ernest Cockrell, Jr. Centennial Chair in","[""computer architecture"", ""microarchitecture"", ""computer science"", ""digital logic"", ""system software""]",22711,74,167,3136,30,58,1987,"{""1987"":114,""1988"":104,""1989"":93,""1990"":61,""1991"":117,""1992"":108,""1993"":217,""1994"":180,""1995"":266,""1996"":295,""1997"":439,""1998"":522,""1999"":613,""2000"":558,""2001"":629,""2002"":647,""2003"":557,""2004"":623,""2005"":659,""2006"":610,""2007"":592,""2008"":584,""2009"":643,""2010"":885,""2011"":909,""2012"":878,""2013"":886,""2014"":895,""2015"":995,""2016"":1109,""2017"":873,""2018"":885,""2019"":797,""2020"":658,""2021"":597,""2022"":592,""2023"":462,""2024"":487,""2025"":592,""2026"":406}"
Axel van Lamsweerde,https://scholar.google.com/citations?user=KhZnymAAAAAJ,2026-09-28,"Professor Emeritus, ICTEAM Institute, EPL, Université catholique de Louvain","[""Software engineering"", ""requirements rengineering"", ""system modeling"", ""high assurance systems"", ""formal methods""]",19128,46,68,2342,21,35,1995,"{""1995"":58,""1996"":59,""1997"":91,""1998"":122,""1999"":119,""2000"":184,""2001"":263,""2002"":385,""2003"":463,""2004"":601,""2005"":778,""2006"":850,""2007"":831,""2008"":1003,""2009"":1100,""2010"":1017,""2011"":1089,""2012"":967,""2013"":1073,""2014"":1066,""2015"":895,""2016"":797,""2017"":704,""2018"":659,""2019"":651,""2020"":425,""2021"":504,""2022"":443,""2023"":368,""2024"":375,""2025"":388,""2026"":264}"
David Scott Warren,https://scholar.google.com/citations?user=6DDwarUAAAAJ,2026-09-28,"Emeritus Professor of Computer Science, Stony Brook University","[""Programming Languages"", ""Knowledge Representation"", ""Database Systems"", ""Artificial Intelligence""]",9048,46,107,646,14,18,1987,"{""1987"":74,""1988"":136,""1989"":148,""1990"":210,""1991"":250,""1992"":254,""1993"":262,""1994"":359,""1995"":332,""1996"":322,""1997"":313,""1998"":253,""1999"":275,""2000"":262,""2001"":265,""2002"":191,""2003"":250,""2004"":208,""2005"":280,""2006"":248,""2007"":425,""2008"":297,""2009"":281,""2010"":260,""2011"":208,""2012"":260,""2013"":221,""2014"":167,""2015"":183,""2016"":195,""2017"":150,""2018"":178,""2019"":144,""2020"":115,""2021"":141,""2022"":123,""2023"":109,""2024"":119,""2025"":87,""2026"":66}"
Deborah Estrin,https://scholar.google.com/citations?user=3_WYcR4AAAAJ,2026-09-28,"Professor of Computer Science, Cornell Tech, Cornell University","[""digital health"", ""mobile sensing"", ""Internet architecture"", ""public interest tech""]",147597,139,377,16637,47,154,1996,"{""1996"":455,""1997"":636,""1998"":847,""1999"":941,""2000"":1214,""2001"":1499,""2002"":2218,""2003"":3809,""2004"":5203,""2005"":7594,""2006"":8117,""2007"":8835,""2008"":8361,""2009"":8122,""2010"":8364,""2011"":7315,""2012"":7762,""2013"":7754,""2014"":7129,""2015"":6785,""2016"":6346,""2017"":5505,""2018"":5181,""2019"":4424,""2020"":3701,""2021"":3366,""2022"":3011,""2023"":2754,""2024"":2725,""2025"":2816,""2026"":1955}"
Douglas Comer,https://scholar.google.com/citations?user=b2f-PjYAAAAJ,2026-09-28,"Distinguished Professor of Computer Science, Purdue University","[""computer networks and internets"", ""protocols"", ""operating systems"", ""software design""]",20341,39,78,2393,18,21,1987,"{""1987"":86,""1988"":142,""1989"":127,""1990"":240,""1991"":292,""1992"":305,""1993"":323,""1994"":368,""1995"":416,""1996"":450,""1997"":476,""1998"":516,""1999"":512,""2000"":484,""2001"":519,""2002"":638,""2003"":785,""2004"":785,""2005"":750,""2006"":730,""2007"":711,""2008"":637,""2009"":691,""2010"":650,""2011"":644,""2012"":603,""2013"":645,""2014"":531,""2015"":564,""2016"":477,""2017"":448,""2018"":463,""2019"":451,""2020"":377,""2021"":382,""2022"":416,""2023"":410,""2024"":472,""2025"":438,""2026"":258}"
Francine Berman,https://scholar.google.com/citations?user=HzqQ2wYAAAAJ,2026-09-28,"Hamilton Distinguished Professor of Computer Science, RPI","[""Data preservation"", ""data stewardship"", ""cyberinfrastructure"", ""Internet of Things"", ""HPC""]",11107,43,81,635,13,16,1987,"{""1987"":28,""1988"":47,""1989"":34,""1990"":47,""1991"":45,""1992"":57,""1993"":37,""1994"":61,""1995"":61,""1996"":82,""1997"":85,""1998"":129,""1999"":184,""2000"":180,""2001"":244,""2002"":359,""2003"":605,""2004"":707,""2005"":852,""2006"":867,""2007"":766,""2008"":682,""2009"":657,""2010"":572,""2011"":440,""2012"":408,""2013"":335,""2014"":369,""2015"":278,""2016"":226,""2017"":186,""2018"":192,""2019"":170,""2020"":133,""2021"":154,""2022"":117,""2023"":130,""2024"":97,""2025"":77,""2026"":59}"
Hank Korth,https://scholar.google.com/citations?user=4VLZdawAAAAJ,2026-09-28,"Professor of Computer Science, Lehigh University","[""database systems""]",25949,53,106,3295,14,22,1987,"{""1987"":107,""1988"":145,""1989"":156,""1990"":218,""1991"":255,""1992"":341,""1993"":436,""1994"":329,""1995"":317,""1996"":473,""1997"":525,""1998"":528,""1999"":557,""2000"":600,""2001"":668,""2002"":744,""2003"":817,""2004"":878,""2005"":862,""2006"":882,""2007"":871,""2008"":784,""2009"":898,""2010"":946,""2011"":891,""2012"":978,""2013"":875,""2014"":820,""2015"":801,""2016"":708,""2017"":753,""2018"":712,""2019"":678,""2020"":558,""2021"":548,""2022"":484,""2023"":446,""2024"":497,""2025"":674,""2026"":645}"
James Morris,https://scholar.google.com/citations?user=9Y2cn3EAAAAJ,2026-09-28,"Professor of Computer Science and Human Computer Interaction, Carnegie Mellon",[],11193,31,55,1649,15,19,1987,"{""1987"":117,""1988"":120,""1989"":119,""1990"":157,""1991"":145,""1992"":171,""1993"":189,""1994"":214,""1995"":190,""1996"":175,""1997"":186,""1998"":200,""1999"":175,""2000"":168,""2001"":190,""2002"":180,""2003"":229,""2004"":252,""2005"":295,""2006"":295,""2007"":317,""2008"":315,""2009"":307,""2010"":341,""2011"":302,""2012"":304,""2013"":333,""2014"":344,""2015"":307,""2016"":335,""2017"":331,""2018"":314,""2019"":336,""2020"":290,""2021"":290,""2022"":266,""2023"":287,""2024"":252,""2025"":317,""2026"":228}"
Larry Peterson,https://scholar.google.com/citations?user=hmq4rGIAAAAJ,2026-09-28,"Princeton University / Systems Approach, LLC","[""Distributed Systems"", ""Networks"", ""Operating Systems""]",52188,77,169,6780,25,52,1992,"{""1992"":204,""1993"":394,""1994"":412,""1995"":480,""1996"":591,""1997"":566,""1998"":690,""1999"":637,""2000"":771,""2001"":973,""2002"":1112,""2003"":1428,""2004"":1676,""2005"":1805,""2006"":1821,""2007"":1931,""2008"":1741,""2009"":1833,""2010"":2044,""2011"":1936,""2012"":2071,""2013"":2347,""2014"":2471,""2015"":2639,""2016"":2811,""2017"":2501,""2018"":2328,""2019"":2152,""2020"":1598,""2021"":1524,""2022"":1356,""2023"":1118,""2024"":1110,""2025"":1032,""2026"":640}"
Michael T. Heath,https://scholar.google.com/citations?user=jPis1roAAAAJ,2026-09-28,"Professor of Computer Science, University of Illinois at Urbana-Champaign","[""Scientific Computing"", ""Numerical Analysis"", ""Parallel Computing""]",17604,46,95,2785,15,29,1987,"{""1987"":120,""1988"":161,""1989"":214,""1990"":243,""1991"":266,""1992"":351,""1993"":422,""1994"":492,""1995"":449,""1996"":395,""1997"":388,""1998"":285,""1999"":241,""2000"":298,""2001"":262,""2002"":255,""2003"":337,""2004"":367,""2005"":374,""2006"":437,""2007"":470,""2008"":473,""2009"":458,""2010"":506,""2011"":557,""2012"":599,""2013"":605,""2014"":599,""2015"":563,""2016"":567,""2017"":571,""2018"":622,""2019"":586,""2020"":537,""2021"":580,""2022"":497,""2023"":433,""2024"":481,""2025"":440,""2026"":354}"
Michael J. Carey,https://scholar.google.com/citations?user=B8tFrksAAAAJ,2026-09-28,"Bren Professor of Information and Computer Sciences, University of California, Irvine","[""database management""]",29000,91,216,2989,25,79,1987,"{""1987"":143,""1988"":188,""1989"":249,""1990"":448,""1991"":454,""1992"":627,""1993"":716,""1994"":714,""1995"":811,""1996"":807,""1997"":959,""1998"":755,""1999"":773,""2000"":824,""2001"":768,""2002"":870,""2003"":833,""2004"":927,""2005"":929,""2006"":1033,""2007"":987,""2008"":857,""2009"":889,""2010"":814,""2011"":793,""2012"":824,""2013"":902,""2014"":898,""2015"":841,""2016"":775,""2017"":698,""2018"":843,""2019"":644,""2020"":708,""2021"":618,""2022"":610,""2023"":485,""2024"":486,""2025"":456,""2026"":333}"
Moshe Y. Vardi,https://scholar.google.com/citations?user=DQaARsgAAAAJ,2026-09-28,Rice University,"[""Logic and Computation""]",67625,126,479,15181,56,284,1987,"{""1987"":181,""1988"":206,""1989"":268,""1990"":350,""1991"":300,""1992"":444,""1993"":388,""1994"":560,""1995"":696,""1996"":634,""1997"":765,""1998"":857,""1999"":980,""2000"":1074,""2001"":1198,""2002"":1363,""2003"":1654,""2004"":1610,""2005"":1959,""2006"":2050,""2007"":2337,""2008"":2392,""2009"":2332,""2010"":2283,""2011"":2270,""2012"":2354,""2013"":2314,""2014"":2543,""2015"":2494,""2016"":2486,""2017"":2306,""2018"":2443,""2019"":2489,""2020"":2342,""2021"":2515,""2022"":2691,""2023"":2707,""2024"":2664,""2025"":2617,""2026"":1982}"
Peter A. Freeman,https://scholar.google.com/citations?user=1kW15d8AAAAJ,2026-09-28,"Georgia Tech, UC Irvine","[""software engineering"", ""science policy"", ""articificial intelligence""]",5011,30,64,629,12,12,1987,"{""1987"":105,""1988"":97,""1989"":133,""1990"":128,""1991"":143,""1992"":209,""1993"":160,""1994"":158,""1995"":164,""1996"":113,""1997"":137,""1998"":122,""1999"":100,""2000"":122,""2001"":113,""2002"":137,""2003"":112,""2004"":130,""2005"":113,""2006"":105,""2007"":137,""2008"":116,""2009"":108,""2010"":87,""2011"":90,""2012"":83,""2013"":87,""2014"":68,""2015"":76,""2016"":77,""2017"":64,""2018"":71,""2019"":103,""2020"":90,""2021"":105,""2022"":105,""2023"":132,""2024"":86,""2025"":114,""2026"":86}"
Peter Buneman,https://scholar.google.com/citations?user=d9bq04sAAAAJ,2026-09-28,"Professor, University of Edinburgh",[],27280,67,127,4168,25,46,1987,"{""1987"":116,""1988"":121,""1989"":211,""1990"":317,""1991"":248,""1992"":232,""1993"":261,""1994"":287,""1995"":320,""1996"":263,""1997"":379,""1998"":488,""1999"":575,""2000"":698,""2001"":770,""2002"":871,""2003"":861,""2004"":842,""2005"":924,""2006"":829,""2007"":1001,""2008"":780,""2009"":907,""2010"":942,""2011"":795,""2012"":804,""2013"":773,""2014"":744,""2015"":1030,""2016"":1059,""2017"":1373,""2018"":904,""2019"":731,""2020"":657,""2021"":746,""2022"":705,""2023"":693,""2024"":566,""2025"":677,""2026"":777}"
Randal Bryant,https://scholar.google.com/citations?user=AFgYa68AAAAJ,2026-09-28,Carnegie Mellon University,"[""Formal verification"", ""binary decision diagrams""]",34549,59,156,3859,22,48,1987,"{""1987"":145,""1988"":175,""1989"":173,""1990"":239,""1991"":419,""1992"":449,""1993"":611,""1994"":683,""1995"":833,""1996"":874,""1997"":908,""1998"":1048,""1999"":1005,""2000"":927,""2001"":994,""2002"":1042,""2003"":1161,""2004"":1298,""2005"":1336,""2006"":1313,""2007"":1351,""2008"":1258,""2009"":1128,""2010"":1170,""2011"":1085,""2012"":1106,""2013"":1003,""2014"":973,""2015"":956,""2016"":865,""2017"":831,""2018"":860,""2019"":747,""2020"":685,""2021"":698,""2022"":707,""2023"":736,""2024"":627,""2025"":587,""2026"":502}"
Reinhard Wilhelm,https://scholar.google.com/citations?user=cmvUbRUAAAAJ,2026-09-28,"Computer Science, Saarland University, Saarland Informatics Campus (SIC)","[""embedded systems"", ""compilers"", ""static program analysis""]",13312,48,109,1616,20,26,1988,"{""1988"":48,""1989"":32,""1990"":29,""1991"":44,""1992"":40,""1993"":27,""1994"":35,""1995"":45,""1996"":49,""1997"":77,""1998"":103,""1999"":139,""2000"":141,""2001"":182,""2002"":225,""2003"":258,""2004"":359,""2005"":391,""2006"":473,""2007"":655,""2008"":585,""2009"":676,""2010"":674,""2011"":651,""2012"":666,""2013"":759,""2014"":730,""2015"":688,""2016"":618,""2017"":512,""2018"":523,""2019"":466,""2020"":394,""2021"":340,""2022"":309,""2023"":249,""2024"":289,""2025"":243,""2026"":186}"
Ronald Fagin,https://scholar.google.com/citations?user=ohL-Y50AAAAJ,2026-09-28,IBM Research - Silicon Valley,"[""Logic for computer science"", ""database theory"", ""finite model theory"", ""real-valued logics""]",43678,83,128,6010,33,83,1987,"{""1987"":256,""1988"":294,""1989"":291,""1990"":343,""1991"":314,""1992"":376,""1993"":412,""1994"":514,""1995"":510,""1996"":516,""1997"":616,""1998"":614,""1999"":648,""2000"":623,""2001"":679,""2002"":787,""2003"":1014,""2004"":1242,""2005"":1437,""2006"":1547,""2007"":1647,""2008"":1704,""2009"":1895,""2010"":1859,""2011"":1819,""2012"":1788,""2013"":1896,""2014"":1672,""2015"":1549,""2016"":1426,""2017"":1300,""2018"":1293,""2019"":1210,""2020"":1087,""2021"":1131,""2022"":983,""2023"":1052,""2024"":1007,""2025"":1023,""2026"":810}"
Shahid Bokhari,https://scholar.google.com/citations?user=6BV79KYAAAAJ,2026-09-28,"Independent Researcher, Cupertino, CA","[""Massively multithreaded computing"", ""Parallel processing"", ""bioinformatics""]",5337,26,40,251,9,8,1987,"{""1987"":91,""1988"":142,""1989"":147,""1990"":158,""1991"":208,""1992"":247,""1993"":277,""1994"":348,""1995"":303,""1996"":243,""1997"":201,""1998"":152,""1999"":131,""2000"":141,""2001"":91,""2002"":101,""2003"":97,""2004"":83,""2005"":101,""2006"":92,""2007"":125,""2008"":101,""2009"":128,""2010"":93,""2011"":99,""2012"":130,""2013"":136,""2014"":135,""2015"":90,""2016"":90,""2017"":71,""2018"":65,""2019"":77,""2020"":57,""2021"":60,""2022"":48,""2023"":60,""2024"":26,""2025"":39,""2026"":18}"
Stuart K. Card,https://scholar.google.com/citations?user=ccCNF08AAAAJ,2026-09-28,"Adjunct Professor, Computer Science Dept., Stanford University","[""Human Computer Interaction""]",63090,93,179,9102,37,74,1987,"{""1987"":334,""1988"":275,""1989"":307,""1990"":406,""1991"":464,""1992"":625,""1993"":681,""1994"":634,""1995"":816,""1996"":845,""1997"":938,""1998"":976,""1999"":1250,""2000"":1185,""2001"":1290,""2002"":1552,""2003"":1644,""2004"":1842,""2005"":1952,""2006"":2185,""2007"":2207,""2008"":2315,""2009"":2312,""2010"":2354,""2011"":2438,""2012"":2328,""2013"":2580,""2014"":2603,""2015"":2287,""2016"":2312,""2017"":2103,""2018"":1980,""2019"":2076,""2020"":1786,""2021"":1715,""2022"":1673,""2023"":1464,""2024"":1453,""2025"":1434,""2026"":1363}"
W. Kent Fuchs,https://scholar.google.com/citations?user=3AZbXzEAAAAJ,2026-09-28,"President, University of Florida","[""Dependable Computing"", ""Computer Engineering""]",6428,45,109,202,7,4,1987,"{""1987"":38,""1988"":69,""1989"":148,""1990"":155,""1991"":205,""1992"":213,""1993"":233,""1994"":282,""1995"":314,""1996"":266,""1997"":321,""1998"":284,""1999"":227,""2000"":250,""2001"":193,""2002"":187,""2003"":198,""2004"":246,""2005"":214,""2006"":215,""2007"":258,""2008"":178,""2009"":155,""2010"":230,""2011"":154,""2012"":151,""2013"":153,""2014"":116,""2015"":80,""2016"":102,""2017"":81,""2018"":64,""2019"":65,""2020"":62,""2021"":46,""2022"":41,""2023"":36,""2024"":40,""2025"":25,""2026"":14}"
Willy Zwaenepoel,https://scholar.google.com/citations?user=KfI_FL4AAAAJ,2026-09-28,University of Sydney,"[""distributed systems"", ""operating systems""]",26583,76,148,3398,32,62,1987,"{""1987"":94,""1988"":132,""1989"":121,""1990"":158,""1991"":169,""1992"":253,""1993"":368,""1994"":527,""1995"":596,""1996"":662,""1997"":765,""1998"":826,""1999"":869,""2000"":837,""2001"":850,""2002"":774,""2003"":856,""2004"":957,""2005"":991,""2006"":928,""2007"":1039,""2008"":960,""2009"":905,""2010"":889,""2011"":828,""2012"":860,""2013"":668,""2014"":635,""2015"":661,""2016"":671,""2017"":664,""2018"":663,""2019"":667,""2020"":734,""2021"":701,""2022"":606,""2023"":582,""2024"":613,""2025"":506,""2026"":389}"
Carlo Ghezzi,https://scholar.google.com/citations?user=Y8BLBGcAAAAJ,2026-09-28,"Emeritus Professor, Politecnico di Milano","[""Software engineering"", ""dependable and evolvable systems"", ""programming languages"", ""ethical and societal aspects of computing""]",17231,65,215,2806,28,72,1988,"{""1988"":49,""1989"":57,""1990"":62,""1991"":94,""1992"":102,""1993"":219,""1994"":239,""1995"":256,""1996"":284,""1997"":304,""1998"":346,""1999"":329,""2000"":319,""2001"":301,""2002"":309,""2003"":297,""2004"":267,""2005"":311,""2006"":318,""2007"":420,""2008"":448,""2009"":528,""2010"":601,""2011"":669,""2012"":792,""2013"":762,""2014"":832,""2015"":849,""2016"":744,""2017"":678,""2018"":811,""2019"":763,""2020"":570,""2021"":604,""2022"":507,""2023"":431,""2024"":488,""2025"":471,""2026"":303}"
David MacQueen,https://scholar.google.com/citations?user=pxKA2w0AAAAJ,2026-09-28,"Professor Emeritus of Computer Science, University of Chicago","[""programming languages"", ""semantics"", ""types"", ""modules""]",9788,24,31,639,10,10,1987,"{""1987"":111,""1988"":147,""1989"":160,""1990"":226,""1991"":224,""1992"":307,""1993"":315,""1994"":433,""1995"":340,""1996"":397,""1997"":358,""1998"":358,""1999"":341,""2000"":291,""2001"":265,""2002"":304,""2003"":272,""2004"":305,""2005"":400,""2006"":287,""2007"":348,""2008"":308,""2009"":320,""2010"":238,""2011"":190,""2012"":211,""2013"":196,""2014"":155,""2015"":156,""2016"":153,""2017"":124,""2018"":110,""2019"":127,""2020"":109,""2021"":109,""2022"":108,""2023"":111,""2024"":97,""2025"":154,""2026"":60}"
Dhiraj K Pradhan,https://scholar.google.com/citations?user=OETOceoAAAAJ,2026-09-28,"Professor of Computer Science, University of Bristol","[""Fault tolerance"", ""Logic Synthesis"", ""Computer architecture"", ""error correcting codes"", ""Galois Field""]",15375,61,227,1645,20,40,1987,"{""1987"":80,""1988"":141,""1989"":165,""1990"":190,""1991"":263,""1992"":285,""1993"":314,""1994"":292,""1995"":359,""1996"":407,""1997"":362,""1998"":377,""1999"":341,""2000"":366,""2001"":372,""2002"":379,""2003"":422,""2004"":452,""2005"":437,""2006"":433,""2007"":456,""2008"":559,""2009"":472,""2010"":568,""2011"":465,""2012"":539,""2013"":512,""2014"":492,""2015"":506,""2016"":492,""2017"":426,""2018"":439,""2019"":399,""2020"":368,""2021"":340,""2022"":336,""2023"":342,""2024"":268,""2025"":238,""2026"":121}"
James Foley,https://scholar.google.com/citations?user=GmcChLIAAAAJ,2026-09-28,"Professor of Computer Science, Georgia Institute of Technology","[""computer graphics"", ""human-computer interaction"", ""information visualization""]",26495,39,89,1955,10,10,1987,"{""1987"":321,""1988"":376,""1989"":374,""1990"":426,""1991"":564,""1992"":587,""1993"":715,""1994"":754,""1995"":886,""1996"":916,""1997"":813,""1998"":951,""1999"":899,""2000"":921,""2001"":874,""2002"":918,""2003"":902,""2004"":863,""2005"":855,""2006"":804,""2007"":897,""2008"":763,""2009"":669,""2010"":608,""2011"":543,""2012"":648,""2013"":549,""2014"":476,""2015"":540,""2016"":497,""2017"":491,""2018"":458,""2019"":412,""2020"":313,""2021"":370,""2022"":311,""2023"":333,""2024"":325,""2025"":361,""2026"":255}"
James W DEMMEL,https://scholar.google.com/citations?user=By1xdxEAAAAJ,2026-09-28,"Professor of EECS and Mathematics, UC Berkeley","[""high performance computing""]",69221,101,341,15394,51,188,1992,"{""1992"":200,""1993"":285,""1994"":494,""1995"":541,""1996"":715,""1997"":904,""1998"":912,""1999"":930,""2000"":1043,""2001"":978,""2002"":1246,""2003"":1266,""2004"":1384,""2005"":1694,""2006"":1848,""2007"":1960,""2008"":2114,""2009"":2249,""2010"":2714,""2011"":2784,""2012"":2985,""2013"":3042,""2014"":3218,""2015"":3081,""2016"":2768,""2017"":2608,""2018"":2820,""2019"":2736,""2020"":2727,""2021"":2640,""2022"":2655,""2023"":2650,""2024"":2491,""2025"":2899,""2026"":2043}"
Kenneth P. Birman,https://scholar.google.com/citations?user=I-rKkyEAAAAJ,2026-09-28,Cornell University,"[""Systems support for ML"", ""Cloud Computing"", ""Distributed Systems"", ""Fault Tolerance"", ""Security""]",25727,71,214,2045,21,46,1987,"{""1987"":76,""1988"":101,""1989"":132,""1990"":201,""1991"":240,""1992"":348,""1993"":594,""1994"":510,""1995"":617,""1996"":675,""1997"":739,""1998"":832,""1999"":789,""2000"":854,""2001"":813,""2002"":845,""2003"":935,""2004"":1029,""2005"":1116,""2006"":1046,""2007"":1153,""2008"":928,""2009"":963,""2010"":947,""2011"":817,""2012"":810,""2013"":749,""2014"":694,""2015"":643,""2016"":625,""2017"":539,""2018"":556,""2019"":533,""2020"":494,""2021"":417,""2022"":391,""2023"":362,""2024"":343,""2025"":322,""2026"":210}"
Kurt Mehlhorn,https://scholar.google.com/citations?user=28CWXPUAAAAJ,2026-09-28,"Professor of Computer Science, Max Planck Institute for Informatics, Saarland Informatics Campus","[""Algorithms"", ""Computational Geometry"", ""Computer Algebra"", ""Algorithm Engineering""]",31102,80,261,7830,35,98,1987,"{""1987"":166,""1988"":228,""1989"":283,""1990"":393,""1991"":346,""1992"":399,""1993"":376,""1994"":392,""1995"":352,""1996"":492,""1997"":522,""1998"":480,""1999"":528,""2000"":606,""2001"":618,""2002"":541,""2003"":679,""2004"":765,""2005"":704,""2006"":856,""2007"":865,""2008"":859,""2009"":833,""2010"":728,""2011"":681,""2012"":692,""2013"":887,""2014"":874,""2015"":829,""2016"":928,""2017"":920,""2018"":1041,""2019"":1118,""2020"":1155,""2021"":1269,""2022"":1322,""2023"":1328,""2024"":1370,""2025"":1434,""2026"":1092}"
Larry Masinter,https://scholar.google.com/citations?user=vwDzhiAAAAAJ,2026-09-28,Interlisp.org,"[""Lisp"", ""Interlisp"", ""documents"", ""Web standards""]",16755,37,55,1664,12,16,1987,"{""1987"":97,""1988"":109,""1989"":78,""1990"":75,""1991"":54,""1992"":48,""1993"":49,""1994"":55,""1995"":101,""1996"":152,""1997"":193,""1998"":319,""1999"":410,""2000"":399,""2001"":437,""2002"":637,""2003"":567,""2004"":671,""2005"":648,""2006"":621,""2007"":605,""2008"":707,""2009"":718,""2010"":725,""2011"":743,""2012"":715,""2013"":839,""2014"":783,""2015"":577,""2016"":467,""2017"":515,""2018"":415,""2019"":396,""2020"":367,""2021"":369,""2022"":338,""2023"":288,""2024"":294,""2025"":244,""2026"":130}"
Leonidas Guibas,https://scholar.google.com/citations?user=5JlEyTAAAAAJ,2026-09-28,"Professor of Computer Science, Stanford University","[""geometric computing"", ""computer vision"", ""computer graphics"", ""machine learning"", ""robotics""]",190018,164,633,113963,108,420,1990,"{""1990"":518,""1991"":592,""1992"":632,""1993"":539,""1994"":546,""1995"":563,""1996"":540,""1997"":615,""1998"":722,""1999"":735,""2000"":882,""2001"":850,""2002"":904,""2003"":1098,""2004"":1384,""2005"":1696,""2006"":1996,""2007"":2295,""2008"":2302,""2009"":2732,""2010"":2774,""2011"":2839,""2012"":3046,""2013"":3175,""2014"":3418,""2015"":3363,""2016"":3611,""2017"":3948,""2018"":5569,""2019"":7884,""2020"":10970,""2021"":13853,""2022"":16626,""2023"":19045,""2024"":21778,""2025"":23743,""2026"":18871}"
Marc Snir,https://scholar.google.com/citations?user=HaI6LesAAAAJ,2026-09-28,University of Illinois at Urbana Chamapign,"[""Parallel Computing""]",27930,72,181,4626,34,86,1987,"{""1987"":188,""1988"":219,""1989"":289,""1990"":352,""1991"":372,""1992"":380,""1993"":402,""1994"":450,""1995"":481,""1996"":659,""1997"":608,""1998"":575,""1999"":562,""2000"":581,""2001"":513,""2002"":519,""2003"":557,""2004"":584,""2005"":643,""2006"":651,""2007"":724,""2008"":686,""2009"":705,""2010"":672,""2011"":831,""2012"":874,""2013"":966,""2014"":1067,""2015"":1068,""2016"":1030,""2017"":1001,""2018"":1070,""2019"":1107,""2020"":1055,""2021"":992,""2022"":810,""2023"":715,""2024"":763,""2025"":833,""2026"":512}"
Mary Lou Soffa,https://scholar.google.com/citations?user=KWiJaj8AAAAJ,2026-09-28,University of Virginia,"[""Programming Languages and Software Engineering""]",14882,62,148,2794,20,46,1990,"{""1990"":42,""1991"":33,""1992"":111,""1993"":112,""1994"":186,""1995"":146,""1996"":170,""1997"":157,""1998"":198,""1999"":257,""2000"":207,""2001"":255,""2002"":250,""2003"":315,""2004"":451,""2005"":424,""2006"":505,""2007"":512,""2008"":513,""2009"":579,""2010"":571,""2011"":574,""2012"":618,""2013"":716,""2014"":703,""2015"":618,""2016"":592,""2017"":513,""2018"":551,""2019"":472,""2020"":461,""2021"":490,""2022"":468,""2023"":514,""2024"":504,""2025"":508,""2026"":309}"
Pamela Samuelson,https://scholar.google.com/citations?user=m1x1I0EAAAAJ,2026-09-28,Berkeley Law School,"[""intellectual property"", ""copyright"", ""information policy""]",18982,61,177,4319,32,69,1989,"{""1989"":58,""1990"":80,""1991"":93,""1992"":119,""1993"":112,""1994"":192,""1995"":196,""1996"":245,""1997"":194,""1998"":272,""1999"":233,""2000"":332,""2001"":368,""2002"":390,""2003"":532,""2004"":551,""2005"":489,""2006"":527,""2007"":516,""2008"":485,""2009"":491,""2010"":535,""2011"":612,""2012"":699,""2013"":688,""2014"":638,""2015"":550,""2016"":718,""2017"":692,""2018"":601,""2019"":705,""2020"":677,""2021"":600,""2022"":610,""2023"":608,""2024"":868,""2025"":909,""2026"":692}"
Richard Fateman,https://scholar.google.com/citations?user=MKANuc0AAAAJ,2026-09-28,"Emeritus Professor of Computer Science, University of California at Berkeley","[""computer algebra"", ""programming languages"", ""Lisp"", ""document image analysis""]",2181,24,48,165,6,4,1987,"{""1987"":20,""1988"":41,""1989"":24,""1990"":26,""1991"":33,""1992"":40,""1993"":27,""1994"":22,""1995"":33,""1996"":35,""1997"":21,""1998"":37,""1999"":40,""2000"":50,""2001"":31,""2002"":53,""2003"":66,""2004"":73,""2005"":78,""2006"":85,""2007"":66,""2008"":83,""2009"":63,""2010"":50,""2011"":66,""2012"":84,""2013"":80,""2014"":67,""2015"":49,""2016"":49,""2017"":37,""2018"":51,""2019"":38,""2020"":45,""2021"":32,""2022"":35,""2023"":33,""2024"":19,""2025"":25,""2026"":21}"
Richard Snodgrass,https://scholar.google.com/citations?user=BkrB4awAAAAJ,2026-09-28,"Professor of Computer Science Emeritus, University of Arizona","[""Database systems"", ""Ergalics (science of computer science)""]",19822,65,186,1829,22,45,1987,"{""1987"":72,""1988"":145,""1989"":141,""1990"":191,""1991"":180,""1992"":271,""1993"":353,""1994"":522,""1995"":623,""1996"":524,""1997"":708,""1998"":790,""1999"":772,""2000"":736,""2001"":688,""2002"":599,""2003"":612,""2004"":615,""2005"":735,""2006"":749,""2007"":576,""2008"":642,""2009"":789,""2010"":546,""2011"":492,""2012"":600,""2013"":566,""2014"":529,""2015"":522,""2016"":553,""2017"":497,""2018"":413,""2019"":373,""2020"":384,""2021"":399,""2022"":357,""2023"":278,""2024"":289,""2025"":224,""2026"":281}"
Ronald J. Brachman,https://scholar.google.com/citations?user=zMnT8BsAAAAJ,2026-09-28,Cornell University; Schmidt Sciences,"[""Artificial Intelligence"", ""Knowledge Representation"", ""Machine Learning""]",23839,53,96,1849,18,29,1987,"{""1987"":422,""1988"":499,""1989"":591,""1990"":623,""1991"":808,""1992"":768,""1993"":791,""1994"":771,""1995"":648,""1996"":596,""1997"":520,""1998"":632,""1999"":545,""2000"":592,""2001"":574,""2002"":580,""2003"":630,""2004"":639,""2005"":685,""2006"":705,""2007"":747,""2008"":722,""2009"":711,""2010"":670,""2011"":623,""2012"":599,""2013"":573,""2014"":553,""2015"":413,""2016"":429,""2017"":382,""2018"":395,""2019"":401,""2020"":338,""2021"":315,""2022"":309,""2023"":311,""2024"":367,""2025"":316,""2026"":228}"
Ronald Graham,https://scholar.google.com/citations?user=qrPaF3QAAAAJ,2026-09-28,"Professor of Mathematics and Computer Science, UC San Diego","[""combinatorics"", ""graph theory"", ""number theory"", ""combinatorial geometry"", ""theoretical computer science""]",64473,90,324,13858,44,139,1987,"{""1987"":296,""1988"":312,""1989"":360,""1990"":519,""1991"":529,""1992"":627,""1993"":676,""1994"":758,""1995"":813,""1996"":786,""1997"":914,""1998"":916,""1999"":861,""2000"":968,""2001"":989,""2002"":1114,""2003"":1202,""2004"":1410,""2005"":1434,""2006"":1639,""2007"":1699,""2008"":1979,""2009"":1937,""2010"":2066,""2011"":2036,""2012"":2238,""2013"":2373,""2014"":2309,""2015"":2186,""2016"":2320,""2017"":2165,""2018"":2298,""2019"":2229,""2020"":2198,""2021"":2250,""2022"":2280,""2023"":2093,""2024"":2407,""2025"":2532,""2026"":2296}"
Takeo Kanade,https://scholar.google.com/citations?user=askFPfcAAAAJ,2026-09-28,Carnegie Mellon University,"[""Computer Vision"", ""Robotics"", ""Artificial Intelligence""]",147876,166,610,24885,59,230,1988,"{""1988"":453,""1989"":579,""1990"":675,""1991"":674,""1992"":763,""1993"":857,""1994"":961,""1995"":991,""1996"":1183,""1997"":1313,""1998"":1733,""1999"":1894,""2000"":2174,""2001"":2564,""2002"":2944,""2003"":3582,""2004"":4161,""2005"":4908,""2006"":5114,""2007"":5300,""2008"":5516,""2009"":5638,""2010"":5955,""2011"":5912,""2012"":5891,""2013"":6250,""2014"":6329,""2015"":6025,""2016"":6284,""2017"":6092,""2018"":6025,""2019"":5856,""2020"":5456,""2021"":5551,""2022"":5061,""2023"":4369,""2024"":4025,""2025"":3702,""2026"":2177}"
Alan Selman,https://scholar.google.com/citations?user=8ExiKC0AAAAJ,2026-09-28,"Professor emeritus of computer science and engineering, University at Buffalo","[""Computational complexity""]",5056,34,63,510,11,13,1987,"{""1987"":84,""1988"":98,""1989"":105,""1990"":113,""1991"":85,""1992"":101,""1993"":216,""1994"":177,""1995"":175,""1996"":215,""1997"":119,""1998"":119,""1999"":129,""2000"":92,""2001"":117,""2002"":92,""2003"":110,""2004"":150,""2005"":232,""2006"":212,""2007"":195,""2008"":130,""2009"":147,""2010"":99,""2011"":106,""2012"":87,""2013"":64,""2014"":131,""2015"":60,""2016"":71,""2017"":53,""2018"":62,""2019"":58,""2020"":88,""2021"":173,""2022"":60,""2023"":73,""2024"":83,""2025"":68,""2026"":53}"
Andrew W. Appel,https://scholar.google.com/citations?user=wC_ntLYAAAAJ,2026-09-28,"Professor Emeritus of Computer Science, Princeton University",[],20160,61,148,4043,30,71,1989,"{""1989"":97,""1990"":144,""1991"":153,""1992"":288,""1993"":313,""1994"":417,""1995"":306,""1996"":361,""1997"":371,""1998"":405,""1999"":349,""2000"":382,""2001"":406,""2002"":560,""2003"":559,""2004"":641,""2005"":683,""2006"":713,""2007"":706,""2008"":690,""2009"":678,""2010"":570,""2011"":580,""2012"":612,""2013"":534,""2014"":532,""2015"":554,""2016"":535,""2017"":621,""2018"":622,""2019"":692,""2020"":671,""2021"":669,""2022"":658,""2023"":619,""2024"":723,""2025"":756,""2026"":612}"
David Maier,https://scholar.google.com/citations?user=80pKMyMAAAAJ,2026-09-28,"Emeritus Professor of Computer Science, Portland State University","[""Database Systems"", ""Single-Photon Cameras""]",31583,71,211,3873,27,59,1987,"{""1987"":324,""1988"":431,""1989"":535,""1990"":694,""1991"":897,""1992"":920,""1993"":906,""1994"":812,""1995"":739,""1996"":587,""1997"":503,""1998"":467,""1999"":480,""2000"":539,""2001"":529,""2002"":631,""2003"":627,""2004"":662,""2005"":772,""2006"":883,""2007"":863,""2008"":911,""2009"":929,""2010"":938,""2011"":973,""2012"":996,""2013"":1071,""2014"":975,""2015"":963,""2016"":1072,""2017"":905,""2018"":988,""2019"":834,""2020"":794,""2021"":736,""2022"":698,""2023"":679,""2024"":695,""2025"":681,""2026"":384}"
Edmund Clarke,https://scholar.google.com/citations?user=_adL2C8AAAAJ,2026-09-28,University Professor Emeritus at Carnegie Mellon University,"[""Formal methods"", ""Model Checking""]",95164,107,315,14816,44,121,1989,"{""1989"":258,""1990"":316,""1991"":362,""1992"":487,""1993"":574,""1994"":685,""1995"":894,""1996"":1122,""1997"":1191,""1998"":1297,""1999"":1625,""2000"":1800,""2001"":2075,""2002"":2232,""2003"":2779,""2004"":2998,""2005"":3471,""2006"":3469,""2007"":4022,""2008"":3931,""2009"":3963,""2010"":3690,""2011"":3639,""2012"":3911,""2013"":3676,""2014"":3859,""2015"":3820,""2016"":3800,""2017"":3077,""2018"":3263,""2019"":3076,""2020"":2795,""2021"":2769,""2022"":2684,""2023"":2529,""2024"":2486,""2025"":2441,""2026"":1907}"
Eugene H. Spafford,https://scholar.google.com/citations?user=MkC5kHcAAAAJ,2026-09-28,"Distinguished Professor, Purdue University","[""Security"", ""ethics"", ""policy""]",21086,62,144,2372,27,53,1989,"{""1989"":52,""1990"":58,""1991"":93,""1992"":121,""1993"":120,""1994"":182,""1995"":191,""1996"":248,""1997"":278,""1998"":374,""1999"":392,""2000"":494,""2001"":615,""2002"":782,""2003"":846,""2004"":959,""2005"":1062,""2006"":954,""2007"":870,""2008"":805,""2009"":760,""2010"":825,""2011"":829,""2012"":814,""2013"":778,""2014"":805,""2015"":758,""2016"":640,""2017"":665,""2018"":677,""2019"":590,""2020"":540,""2021"":505,""2022"":434,""2023"":406,""2024"":410,""2025"":352,""2026"":264}"
Eva Tardos,https://scholar.google.com/citations?user=h6jljQQAAAAJ,2026-09-28,"Professor of Computer Science, Cornell University","[""Algorithm"", ""Game Theory""]",43649,75,146,11523,42,95,1992,"{""1992"":124,""1993"":145,""1994"":142,""1995"":199,""1996"":178,""1997"":213,""1998"":231,""1999"":260,""2000"":278,""2001"":315,""2002"":377,""2003"":450,""2004"":691,""2005"":829,""2006"":896,""2007"":1121,""2008"":1278,""2009"":1330,""2010"":1419,""2011"":1584,""2012"":1760,""2013"":1905,""2014"":2178,""2015"":2223,""2016"":2257,""2017"":2154,""2018"":2255,""2019"":2162,""2020"":2173,""2021"":2005,""2022"":1979,""2023"":1946,""2024"":1853,""2025"":2067,""2026"":1672}"
Gregory R. Andrews,https://scholar.google.com/citations?user=4LCdnkYAAAAJ,2026-09-28,"Professor of Computer Science, University of Arizona","[""Parallel and Distributed Computing""]",6699,25,47,408,8,8,1987,"{""1987"":129,""1988"":118,""1989"":148,""1990"":157,""1991"":135,""1992"":184,""1993"":194,""1994"":175,""1995"":195,""1996"":214,""1997"":154,""1998"":196,""1999"":174,""2000"":149,""2001"":151,""2002"":171,""2003"":204,""2004"":213,""2005"":221,""2006"":178,""2007"":214,""2008"":147,""2009"":181,""2010"":177,""2011"":210,""2012"":186,""2013"":186,""2014"":167,""2015"":153,""2016"":148,""2017"":116,""2018"":134,""2019"":119,""2020"":122,""2021"":87,""2022"":75,""2023"":76,""2024"":61,""2025"":70,""2026"":39}"
H.J. Siegel,https://scholar.google.com/citations?user=C1wrYy4AAAAJ,2026-09-28,Unknown affiliation,[],22600,67,299,1745,18,35,1987,"{""1987"":339,""1988"":346,""1989"":341,""1990"":356,""1991"":479,""1992"":414,""1993"":449,""1994"":460,""1995"":340,""1996"":396,""1997"":293,""1998"":259,""1999"":335,""2000"":334,""2001"":341,""2002"":357,""2003"":347,""2004"":500,""2005"":640,""2006"":802,""2007"":802,""2008"":779,""2009"":793,""2010"":875,""2011"":936,""2012"":940,""2013"":817,""2014"":898,""2015"":863,""2016"":772,""2017"":583,""2018"":699,""2019"":509,""2020"":476,""2021"":459,""2022"":344,""2023"":335,""2024"":251,""2025"":195,""2026"":159}"
Jeannette M Wing,https://scholar.google.com/citations?user=2NjS1dUAAAAJ,2026-09-28,"Executive Vice President for Research, Professor of Computer Science, Columbia University","[""trustworthy AI"", ""security and privacy"", ""formal methods"", ""programming languages""]",51396,66,136,19205,32,55,1989,"{""1989"":172,""1990"":172,""1991"":219,""1992"":246,""1993"":310,""1994"":309,""1995"":345,""1996"":318,""1997"":422,""1998"":425,""1999"":494,""2000"":493,""2001"":470,""2002"":544,""2003"":585,""2004"":691,""2005"":803,""2006"":891,""2007"":964,""2008"":1005,""2009"":1077,""2010"":1117,""2011"":1111,""2012"":1151,""2013"":1365,""2014"":1558,""2015"":1627,""2016"":1868,""2017"":2147,""2018"":2519,""2019"":2726,""2020"":2769,""2021"":2944,""2022"":3082,""2023"":3241,""2024"":3359,""2025"":3665,""2026"":2899}"
John T. Richards,https://scholar.google.com/citations?user=SwdqY_gAAAAJ,2026-09-28,IBM T.J. Watson Research Center,"[""Human Computer Interaction"", ""AI"", ""Software Engineering"", ""Accessibility""]",5940,26,47,3493,12,15,1988,"{""1988"":18,""1989"":13,""1990"":28,""1991"":19,""1992"":20,""1993"":24,""1994"":26,""1995"":21,""1996"":17,""1997"":17,""1998"":26,""1999"":27,""2000"":64,""2001"":55,""2002"":62,""2003"":77,""2004"":87,""2005"":93,""2006"":72,""2007"":123,""2008"":109,""2009"":106,""2010"":75,""2011"":72,""2012"":106,""2013"":85,""2014"":97,""2015"":87,""2016"":124,""2017"":79,""2018"":98,""2019"":154,""2020"":242,""2021"":372,""2022"":486,""2023"":556,""2024"":654,""2025"":828,""2026"":594}"
Kai Li,https://scholar.google.com/citations?user=9MSpWOUAAAAJ,2026-09-28,"Professor of computer science, Princeton university","[""Operating systems"", ""parallel computing"", ""computer architecture"", ""content-based search"", ""privacy preservation and data auditing for M""]",159743,104,259,101937,59,145,1994,"{""1994"":450,""1995"":504,""1996"":649,""1997"":708,""1998"":818,""1999"":750,""2000"":673,""2001"":707,""2002"":716,""2003"":886,""2004"":1019,""2005"":1072,""2006"":977,""2007"":1172,""2008"":1115,""2009"":1241,""2010"":1496,""2011"":1659,""2012"":1797,""2013"":1895,""2014"":2057,""2015"":2436,""2016"":2982,""2017"":3836,""2018"":5459,""2019"":7811,""2020"":10724,""2021"":14480,""2022"":16094,""2023"":17951,""2024"":19711,""2025"":20171,""2026"":13493}"
Lawrence A. Rowe,https://scholar.google.com/citations?user=f-48BdcAAAAJ,2026-09-28,"Emeritus Professor EECS, U.C. Berkelely","[""Multimedia systems and applications""]",11377,43,93,682,10,10,1987,"{""1987"":104,""1988"":124,""1989"":198,""1990"":202,""1991"":281,""1992"":298,""1993"":362,""1994"":339,""1995"":394,""1996"":425,""1997"":534,""1998"":530,""1999"":522,""2000"":477,""2001"":399,""2002"":438,""2003"":418,""2004"":392,""2005"":378,""2006"":295,""2007"":365,""2008"":310,""2009"":292,""2010"":250,""2011"":213,""2012"":232,""2013"":232,""2014"":209,""2015"":196,""2016"":181,""2017"":160,""2018"":119,""2019"":132,""2020"":115,""2021"":120,""2022"":106,""2023"":119,""2024"":114,""2025"":127,""2026"":96}"
Leon Osterweil,https://scholar.google.com/citations?user=yvTXYDMAAAAJ,2026-09-28,University of Massachusetts Amherst,"[""Software process"", ""software engineering"", ""medical processes""]",9928,44,163,732,14,22,1987,"{""1987"":135,""1988"":151,""1989"":187,""1990"":146,""1991"":224,""1992"":229,""1993"":249,""1994"":242,""1995"":216,""1996"":197,""1997"":184,""1998"":240,""1999"":242,""2000"":206,""2001"":184,""2002"":249,""2003"":220,""2004"":213,""2005"":308,""2006"":239,""2007"":317,""2008"":353,""2009"":353,""2010"":353,""2011"":431,""2012"":387,""2013"":311,""2014"":327,""2015"":289,""2016"":249,""2017"":242,""2018"":206,""2019"":169,""2020"":158,""2021"":136,""2022"":150,""2023"":128,""2024"":109,""2025"":133,""2026"":76}"
Mihalis Yannakakis,https://scholar.google.com/citations?user=_pPy-pAAAAAJ,2026-09-28,"Percy K. and Vida L. W. Hudson Professor of Computer Science, Columbia University","[""Algorithms"", ""Complexity"", ""Optimization"", ""Verification"", ""Databases""]",44899,98,194,8115,47,128,1987,"{""1987"":193,""1988"":210,""1989"":260,""1990"":266,""1991"":290,""1992"":341,""1993"":464,""1994"":685,""1995"":813,""1996"":783,""1997"":751,""1998"":763,""1999"":742,""2000"":720,""2001"":887,""2002"":877,""2003"":1078,""2004"":1196,""2005"":1551,""2006"":1522,""2007"":1549,""2008"":1593,""2009"":1593,""2010"":1499,""2011"":1549,""2012"":1556,""2013"":1609,""2014"":1520,""2015"":1442,""2016"":1429,""2017"":1356,""2018"":1412,""2019"":1399,""2020"":1399,""2021"":1397,""2022"":1475,""2023"":1293,""2024"":1434,""2025"":1337,""2026"":1176}"
Richard Cole,https://scholar.google.com/citations?user=p2ttvlEAAAAJ,2026-09-28,"Professor of Computer Science, Courant Institute, New York University","[""design and analysis of algorithms""]",13670,60,127,2415,26,57,1987,"{""1987"":90,""1988"":233,""1989"":266,""1990"":317,""1991"":356,""1992"":405,""1993"":394,""1994"":402,""1995"":301,""1996"":324,""1997"":298,""1998"":255,""1999"":234,""2000"":245,""2001"":180,""2002"":249,""2003"":259,""2004"":336,""2005"":351,""2006"":315,""2007"":410,""2008"":354,""2009"":365,""2010"":339,""2011"":290,""2012"":287,""2013"":344,""2014"":339,""2015"":335,""2016"":368,""2017"":383,""2018"":413,""2019"":407,""2020"":386,""2021"":448,""2022"":424,""2023"":399,""2024"":379,""2025"":398,""2026"":366}"
Richard Taylor,https://scholar.google.com/citations?user=h9t7KCcAAAAJ,2026-09-28,"Professor of Information and Computer Sciences, University of California, Irvine","[""software engineering"", ""software architecture"", ""decentralized systems"", ""analysis and testing"", ""software environments""]",24350,58,162,3688,21,32,1987,"{""1987"":66,""1988"":98,""1989"":142,""1990"":124,""1991"":177,""1992"":129,""1993"":163,""1994"":145,""1995"":170,""1996"":183,""1997"":186,""1998"":284,""1999"":372,""2000"":476,""2001"":510,""2002"":671,""2003"":677,""2004"":926,""2005"":837,""2006"":887,""2007"":984,""2008"":1041,""2009"":1100,""2010"":1111,""2011"":1049,""2012"":1042,""2013"":977,""2014"":1012,""2015"":929,""2016"":871,""2017"":736,""2018"":665,""2019"":537,""2020"":475,""2021"":470,""2022"":610,""2023"":634,""2024"":710,""2025"":715,""2026"":532}"
Robert Cartwright,https://scholar.google.com/citations?user=TtJeqqoAAAAJ,2026-09-28,"Professor of Computer Science, Rice University","[""Programming Languages"", ""Software Engineering"", ""Program Testing"", ""Language Design"", ""Program Semantics""]",3257,29,53,254,9,8,1987,"{""1987"":26,""1988"":16,""1989"":23,""1990"":28,""1991"":29,""1992"":28,""1993"":48,""1994"":54,""1995"":70,""1996"":57,""1997"":63,""1998"":59,""1999"":51,""2000"":69,""2001"":68,""2002"":58,""2003"":114,""2004"":140,""2005"":146,""2006"":124,""2007"":126,""2008"":136,""2009"":144,""2010"":134,""2011"":106,""2012"":121,""2013"":94,""2014"":95,""2015"":100,""2016"":116,""2017"":91,""2018"":83,""2019"":74,""2020"":72,""2021"":65,""2022"":47,""2023"":39,""2024"":49,""2025"":30,""2026"":24}"
Stuart Zweben,https://scholar.google.com/citations?user=CkaYDF0AAAAJ,2026-09-28,"Professor Emeritus, The Ohio State University","[""Computing education"", ""Software Engineering""]",2541,24,46,674,11,15,1987,"{""1987"":24,""1988"":13,""1989"":13,""1990"":21,""1991"":25,""1992"":38,""1993"":54,""1994"":51,""1995"":49,""1996"":65,""1997"":52,""1998"":39,""1999"":44,""2000"":38,""2001"":26,""2002"":28,""2003"":31,""2004"":37,""2005"":53,""2006"":51,""2007"":46,""2008"":61,""2009"":59,""2010"":54,""2011"":42,""2012"":47,""2013"":73,""2014"":62,""2015"":67,""2016"":67,""2017"":71,""2018"":84,""2019"":85,""2020"":117,""2021"":145,""2022"":107,""2023"":118,""2024"":133,""2025"":111,""2026"":60}"
Barry Boehm,https://scholar.google.com/citations?user=EyAD66UAAAAJ,2026-09-28,"Professor of Computer Science, Industrial&Systems Engineering, & Astronautics","[""Computer Science"", ""Software Engineering"", ""Systems Engineering"", ""Software Cost Estimation"", ""Software Process""]",83681,92,378,14141,41,138,1987,"{""1987"":286,""1988"":353,""1989"":488,""1990"":548,""1991"":581,""1992"":658,""1993"":665,""1994"":689,""1995"":770,""1996"":768,""1997"":766,""1998"":821,""1999"":1021,""2000"":1066,""2001"":1296,""2002"":1476,""2003"":1707,""2004"":1993,""2005"":2504,""2006"":2881,""2007"":2973,""2008"":3169,""2009"":3187,""2010"":3254,""2011"":3094,""2012"":3505,""2013"":3449,""2014"":3256,""2015"":2998,""2016"":3018,""2017"":3083,""2018"":3203,""2019"":3215,""2020"":3022,""2021"":2942,""2022"":2813,""2023"":2362,""2024"":2234,""2025"":2196,""2026"":1593}"
Ben Shneiderman,https://scholar.google.com/citations?user=h4i4fh8AAAAJ,2026-09-28,"Professor Emeritus Computer Science, University of Maryland","[""HCI"", ""human-computer interaction"", ""information visualization"", ""human-centered AI""]",133772,141,542,31341,70,221,1987,"{""1987"":431,""1988"":561,""1989"":626,""1990"":668,""1991"":788,""1992"":715,""1993"":833,""1994"":853,""1995"":1067,""1996"":1048,""1997"":1109,""1998"":1261,""1999"":1545,""2000"":1762,""2001"":2059,""2002"":2492,""2003"":2993,""2004"":3048,""2005"":3595,""2006"":3605,""2007"":3939,""2008"":4145,""2009"":4170,""2010"":4257,""2011"":4558,""2012"":4885,""2013"":5198,""2014"":5386,""2015"":5103,""2016"":5372,""2017"":5008,""2018"":4785,""2019"":4706,""2020"":4452,""2021"":4350,""2022"":4464,""2023"":4750,""2024"":5298,""2025"":6291,""2026"":6118}"
W. Bruce Croft,https://scholar.google.com/citations?user=ArV74ZMAAAAJ,2026-09-28,"Distinguished Professor Emeritus, University of Massachusetts Amherst","[""Information Retrieval""]",71261,128,401,14302,56,202,1989,"{""1989"":243,""1990"":214,""1991"":291,""1992"":295,""1993"":398,""1994"":390,""1995"":519,""1996"":580,""1997"":778,""1998"":853,""1999"":875,""2000"":1095,""2001"":1082,""2002"":1334,""2003"":1415,""2004"":1661,""2005"":1872,""2006"":1908,""2007"":2354,""2008"":2620,""2009"":2660,""2010"":2852,""2011"":3058,""2012"":3215,""2013"":2910,""2014"":3187,""2015"":2842,""2016"":2762,""2017"":2598,""2018"":2739,""2019"":2964,""2020"":2905,""2021"":2955,""2022"":2690,""2023"":2560,""2024"":2495,""2025"":2182,""2026"":1415}"
Daniel Menasce,https://scholar.google.com/citations?user=ONloO5IAAAAJ,2026-09-28,"Professor of Computer Science, George Mason University","[""autonomic computing"", ""software performance engineering"", ""computer system performance evaluation"", ""service oriented architectures"", ""security""]",14730,55,158,1523,18,36,1994,"{""1994"":40,""1995"":70,""1996"":83,""1997"":92,""1998"":61,""1999"":79,""2000"":185,""2001"":195,""2002"":281,""2003"":325,""2004"":448,""2005"":543,""2006"":720,""2007"":769,""2008"":810,""2009"":853,""2010"":810,""2011"":862,""2012"":763,""2013"":698,""2014"":776,""2015"":681,""2016"":566,""2017"":487,""2018"":466,""2019"":501,""2020"":367,""2021"":348,""2022"":314,""2023"":262,""2024"":261,""2025"":207,""2026"":130}"
David P. Dobkin,https://scholar.google.com/citations?user=nnr8YgwAAAAJ,2026-09-28,Princeton,[],24598,53,91,4254,19,37,1987,"{""1987"":94,""1988"":162,""1989"":155,""1990"":177,""1991"":224,""1992"":196,""1993"":172,""1994"":180,""1995"":207,""1996"":235,""1997"":212,""1998"":285,""1999"":282,""2000"":387,""2001"":326,""2002"":370,""2003"":600,""2004"":698,""2005"":841,""2006"":959,""2007"":911,""2008"":989,""2009"":995,""2010"":1028,""2011"":911,""2012"":888,""2013"":895,""2014"":908,""2015"":853,""2016"":903,""2017"":887,""2018"":809,""2019"":762,""2020"":727,""2021"":724,""2022"":751,""2023"":739,""2024"":741,""2025"":747,""2026"":552}"
Der-Tsai Lee,https://scholar.google.com/citations?user=ZQuppV0AAAAJ,2026-09-28,"Distinguished Research Chair Professor, CSIE, Dept. National Taiwan University","[""computer science""]",21785,60,159,4127,23,54,1987,"{""1987"":276,""1988"":281,""1989"":284,""1990"":317,""1991"":391,""1992"":419,""1993"":356,""1994"":284,""1995"":369,""1996"":361,""1997"":293,""1998"":299,""1999"":286,""2000"":328,""2001"":263,""2002"":287,""2003"":333,""2004"":365,""2005"":446,""2006"":513,""2007"":573,""2008"":565,""2009"":580,""2010"":622,""2011"":573,""2012"":601,""2013"":737,""2014"":789,""2015"":773,""2016"":776,""2017"":704,""2018"":833,""2019"":832,""2020"":808,""2021"":761,""2022"":754,""2023"":723,""2024"":677,""2025"":760,""2026"":452}"
Don Towsley,https://scholar.google.com/citations?user=KIFPVWoAAAAJ,2026-09-28,University of Massachusetts,"[""networking"", ""network science"", ""performance evaluation""]",89152,143,733,15218,52,275,1990,"{""1990"":267,""1991"":365,""1992"":394,""1993"":474,""1994"":559,""1995"":597,""1996"":598,""1997"":797,""1998"":971,""1999"":1230,""2000"":1554,""2001"":1983,""2002"":2474,""2003"":3026,""2004"":3599,""2005"":3690,""2006"":3842,""2007"":3879,""2008"":3689,""2009"":3759,""2010"":3752,""2011"":3481,""2012"":3333,""2013"":3248,""2014"":3227,""2015"":2967,""2016"":2946,""2017"":2729,""2018"":2891,""2019"":2820,""2020"":2652,""2021"":2709,""2022"":2638,""2023"":2518,""2024"":2593,""2025"":2757,""2026"":1990}"
Elaine Weyuker,https://scholar.google.com/citations?user=xXjQoLIAAAAJ,2026-09-28,"Distinguished Professor, University of Central Florida","[""Software Engineering"", ""Software Testing"", ""Software Fault Prediction"", ""Empirical Software Engineering"", ""Software Metrics""]",17034,56,112,1922,23,39,1987,"{""1987"":65,""1988"":75,""1989"":87,""1990"":108,""1991"":147,""1992"":198,""1993"":254,""1994"":273,""1995"":241,""1996"":304,""1997"":363,""1998"":263,""1999"":321,""2000"":386,""2001"":408,""2002"":390,""2003"":431,""2004"":574,""2005"":533,""2006"":631,""2007"":618,""2008"":681,""2009"":660,""2010"":764,""2011"":673,""2012"":664,""2013"":693,""2014"":609,""2015"":637,""2016"":612,""2017"":506,""2018"":541,""2019"":472,""2020"":463,""2021"":418,""2022"":389,""2023"":349,""2024"":273,""2025"":278,""2026"":215}"
Gordon B. Davis,https://scholar.google.com/citations?user=9wvoCssAAAAJ,2026-09-28,"Professor of MIS, University of Minnesota 1961-2004","[""Management Information Systems"", ""MIS"", ""Information Systems""]",95861,44,100,46225,20,30,1996,"{""1996"":297,""1997"":244,""1998"":245,""1999"":316,""2000"":321,""2001"":321,""2002"":438,""2003"":519,""2004"":611,""2005"":910,""2006"":1114,""2007"":1186,""2008"":1466,""2009"":1677,""2010"":1928,""2011"":2102,""2012"":2338,""2013"":2664,""2014"":3011,""2015"":3347,""2016"":3483,""2017"":3646,""2018"":3933,""2019"":4356,""2020"":4823,""2021"":5450,""2022"":6098,""2023"":6282,""2024"":7465,""2025"":10133,""2026"":10797}"
hector garcia-molina,https://scholar.google.com/citations?user=bAa___kAAAAJ,2026-09-28,"Professor of Computer Science, Stanford University",[],95239,146,447,6784,37,129,1988,"{""1988"":259,""1989"":271,""1990"":411,""1991"":554,""1992"":573,""1993"":718,""1994"":747,""1995"":837,""1996"":1005,""1997"":1406,""1998"":1571,""1999"":2019,""2000"":1968,""2001"":2193,""2002"":2717,""2003"":3407,""2004"":3988,""2005"":4381,""2006"":4949,""2007"":4979,""2008"":4865,""2009"":5026,""2010"":5105,""2011"":4834,""2012"":4482,""2013"":4133,""2014"":3567,""2015"":3308,""2016"":2991,""2017"":2671,""2018"":2424,""2019"":2039,""2020"":1733,""2021"":1577,""2022"":1351,""2023"":1073,""2024"":1025,""2025"":923,""2026"":835}"
IAN F. AKYILDIZ,https://scholar.google.com/citations?user=rAGwv14AAAAJ,2026-09-28,"Truva Inc., USA","[""Wireless Commu5G/6G Wireless Systems"", ""Intelligent Surfaces"", ""Nano-scale and Molecular Communication"", ""Underwater and CubeSats Com""]",159208,146,496,32695,77,280,2000,"{""2000"":396,""2001"":522,""2002"":744,""2003"":1032,""2004"":1739,""2005"":2767,""2006"":3701,""2007"":4918,""2008"":5994,""2009"":6690,""2010"":8337,""2011"":8430,""2012"":9121,""2013"":9610,""2014"":9442,""2015"":9338,""2016"":9046,""2017"":8624,""2018"":7914,""2019"":7795,""2020"":7237,""2021"":7019,""2022"":6350,""2023"":5568,""2024"":5357,""2025"":4787,""2026"":3598}"
Imrich Chlamtac,https://scholar.google.com/citations?user=bWqipasAAAAJ,2026-09-28,"President, European Alliance for Innovation","[""Telecommunications""]",29468,70,215,3323,16,23,1989,"{""1989"":87,""1990"":91,""1991"":109,""1992"":147,""1993"":179,""1994"":178,""1995"":178,""1996"":222,""1997"":216,""1998"":294,""1999"":351,""2000"":537,""2001"":588,""2002"":720,""2003"":1038,""2004"":1333,""2005"":1563,""2006"":1537,""2007"":1539,""2008"":1284,""2009"":1294,""2010"":1231,""2011"":1020,""2012"":1007,""2013"":1122,""2014"":1063,""2015"":1023,""2016"":1161,""2017"":1139,""2018"":1210,""2019"":1075,""2020"":862,""2021"":810,""2022"":713,""2023"":540,""2024"":521,""2025"":458,""2026"":276}"
John H Reif,https://scholar.google.com/citations?user=Er-gEaoAAAAJ,2026-09-28,"A. Hollis Edens Distinguished Professor, Department of Computer Science, Duke University","[""Computer Science"", ""Nanoscience""]",30805,81,266,5188,36,83,1987,"{""1987"":220,""1988"":312,""1989"":352,""1990"":394,""1991"":389,""1992"":424,""1993"":454,""1994"":457,""1995"":436,""1996"":428,""1997"":428,""1998"":416,""1999"":358,""2000"":394,""2001"":416,""2002"":398,""2003"":475,""2004"":753,""2005"":982,""2006"":1111,""2007"":1160,""2008"":1050,""2009"":1115,""2010"":1094,""2011"":1162,""2012"":1158,""2013"":1129,""2014"":1091,""2015"":988,""2016"":1030,""2017"":916,""2018"":994,""2019"":1128,""2020"":1041,""2021"":1004,""2022"":890,""2023"":985,""2024"":929,""2025"":894,""2026"":486}"
John Hennessy,https://scholar.google.com/citations?user=tp07xT0AAAAJ,2026-09-28,Stanford University,"[""computer architecture"", ""programming languages""]",54064,74,171,7527,22,45,1987,"{""1987"":173,""1988"":277,""1989"":281,""1990"":376,""1991"":653,""1992"":944,""1993"":1361,""1994"":1534,""1995"":1692,""1996"":1772,""1997"":1798,""1998"":1799,""1999"":1689,""2000"":1593,""2001"":1382,""2002"":1376,""2003"":1499,""2004"":1714,""2005"":1667,""2006"":1511,""2007"":1778,""2008"":1539,""2009"":1538,""2010"":1603,""2011"":1493,""2012"":1461,""2013"":1514,""2014"":1450,""2015"":1386,""2016"":1328,""2017"":1187,""2018"":1165,""2019"":1252,""2020"":1181,""2021"":1135,""2022"":1245,""2023"":1204,""2024"":1247,""2025"":1501,""2026"":1194}"
Micha Sharir,https://scholar.google.com/citations?user=jnEtxm4AAAAJ,2026-09-28,Tel Aviv University,"[""Computational Geometry"", ""Combinatorial Geometry""]",38221,97,401,5434,35,141,1987,"{""1987"":342,""1988"":608,""1989"":560,""1990"":585,""1991"":661,""1992"":762,""1993"":796,""1994"":932,""1995"":1007,""1996"":741,""1997"":823,""1998"":940,""1999"":958,""2000"":963,""2001"":731,""2002"":800,""2003"":817,""2004"":1173,""2005"":1195,""2006"":967,""2007"":1230,""2008"":1149,""2009"":1111,""2010"":1021,""2011"":1051,""2012"":981,""2013"":1080,""2014"":1039,""2015"":1049,""2016"":1145,""2017"":1345,""2018"":991,""2019"":893,""2020"":1009,""2021"":941,""2022"":907,""2023"":865,""2024"":914,""2025"":982,""2026"":813}"
Nancy Lynch,https://scholar.google.com/citations?user=LPTkkxUAAAAJ,2026-09-28,"Professor of EECS, MIT","[""Distributed computing theory: Algorithms and lower bounds"", ""Modeling and verification"", ""Wireless networks"", ""Biological algorithms""]",48459,80,289,8369,27,74,1987,"{""1987"":240,""1988"":250,""1989"":380,""1990"":432,""1991"":419,""1992"":519,""1993"":541,""1994"":615,""1995"":630,""1996"":750,""1997"":694,""1998"":789,""1999"":805,""2000"":869,""2001"":870,""2002"":1115,""2003"":1512,""2004"":1461,""2005"":1599,""2006"":1528,""2007"":1742,""2008"":1619,""2009"":1636,""2010"":1724,""2011"":1545,""2012"":1601,""2013"":1610,""2014"":1624,""2015"":1497,""2016"":1527,""2017"":1385,""2018"":1604,""2019"":1598,""2020"":1658,""2021"":1440,""2022"":1515,""2023"":1369,""2024"":1288,""2025"":1457,""2026"":1266}"
Nicholas Pippenger,https://scholar.google.com/citations?user=W33jtKMAAAAJ,2026-09-28,"Emeritus Professor of Mathematics, Harvey Mudd College","[""Discrete Math"", ""Probability""]",10848,54,109,1654,20,38,1987,"{""1987"":162,""1988"":195,""1989"":168,""1990"":256,""1991"":224,""1992"":239,""1993"":259,""1994"":284,""1995"":245,""1996"":221,""1997"":188,""1998"":206,""1999"":192,""2000"":170,""2001"":167,""2002"":194,""2003"":224,""2004"":195,""2005"":282,""2006"":255,""2007"":266,""2008"":248,""2009"":289,""2010"":270,""2011"":261,""2012"":315,""2013"":306,""2014"":232,""2015"":239,""2016"":288,""2017"":243,""2018"":269,""2019"":264,""2020"":267,""2021"":260,""2022"":259,""2023"":269,""2024"":286,""2025"":317,""2026"":263}"
Philip S. Yu,https://scholar.google.com/citations?user=D0lL1r0AAAAJ,2026-09-28,"Distinguished Professor of Computer Science, University of Illinons at Chicago","[""Data mining"", ""Database"", ""Privacy""]",274438,222,1839,146672,156,1172,1998,"{""1998"":793,""1999"":871,""2000"":1102,""2001"":1521,""2002"":1939,""2003"":2287,""2004"":2770,""2005"":3009,""2006"":3515,""2007"":3708,""2008"":4440,""2009"":5084,""2010"":5812,""2011"":6171,""2012"":6707,""2013"":7126,""2014"":7879,""2015"":8179,""2016"":8104,""2017"":8486,""2018"":9267,""2019"":10928,""2020"":12660,""2021"":15780,""2022"":18930,""2023"":22015,""2024"":27715,""2025"":35526,""2026"":26319}"
Robert Sedgewick,https://scholar.google.com/citations?user=dc3FV3sAAAAJ,2026-09-28,Princeton University,"[""Algorithm science"", ""Analytic combinatorics"", ""Analysis of algorithms"", ""Algorithm engineering"", ""Data structures""]",24103,40,73,4734,20,27,1987,"{""1987"":97,""1988"":101,""1989"":218,""1990"":246,""1991"":213,""1992"":286,""1993"":282,""1994"":269,""1995"":315,""1996"":368,""1997"":356,""1998"":414,""1999"":343,""2000"":391,""2001"":433,""2002"":488,""2003"":510,""2004"":498,""2005"":503,""2006"":547,""2007"":631,""2008"":671,""2009"":689,""2010"":767,""2011"":751,""2012"":829,""2013"":808,""2014"":884,""2015"":850,""2016"":876,""2017"":822,""2018"":878,""2019"":847,""2020"":859,""2021"":733,""2022"":732,""2023"":760,""2024"":777,""2025"":874,""2026"":857}"
Ron Perrott,https://scholar.google.com/citations?user=E276ScEAAAAJ,2026-09-28,"Professor, Oxford University","[""Parallel computing""]",316,11,11,7,2,0,1986,"{""1986"":3,""1987"":2,""1988"":1,""1989"":1,""1990"":4,""1991"":2,""1992"":5,""1993"":2,""1994"":4,""1995"":2,""1996"":0,""1997"":1,""1998"":0,""1999"":0,""2000"":1,""2001"":1,""2002"":0,""2003"":0,""2004"":6,""2005"":34,""2006"":31,""2007"":21,""2008"":29,""2009"":15,""2010"":18,""2011"":22,""2012"":26,""2013"":20,""2014"":22,""2015"":4,""2016"":7,""2017"":14,""2018"":1,""2019"":3,""2020"":1,""2021"":1,""2022"":3,""2023"":2,""2024"":0,""2025"":1}"
V Basili,https://scholar.google.com/citations?user=B3C4aY8AAAAJ,2026-09-28,Professor Emeritus University of Maryland,"[""Empirical Software Engineering"", ""Software""]",49968,90,274,6705,33,75,1987,"{""1987"":164,""1988"":231,""1989"":286,""1990"":266,""1991"":337,""1992"":368,""1993"":506,""1994"":494,""1995"":516,""1996"":684,""1997"":793,""1998"":792,""1999"":938,""2000"":935,""2001"":1133,""2002"":1091,""2003"":1367,""2004"":1398,""2005"":1707,""2006"":1752,""2007"":1849,""2008"":1876,""2009"":1887,""2010"":1987,""2011"":1846,""2012"":2120,""2013"":2081,""2014"":2148,""2015"":1943,""2016"":1835,""2017"":1776,""2018"":1611,""2019"":1492,""2020"":1315,""2021"":1270,""2022"":1306,""2023"":1220,""2024"":1083,""2025"":1045,""2026"":781}"
Yuri Gurevich,https://scholar.google.com/citations?user=ZxZTbyAAAAAJ,2026-09-28,Professor of Computer Science and Engineering,"[""Computer science"", ""mathematics"", ""quantum physics""]",16997,64,199,2304,26,60,1987,"{""1987"":54,""1988"":64,""1989"":104,""1990"":182,""1991"":133,""1992"":186,""1993"":186,""1994"":221,""1995"":363,""1996"":284,""1997"":349,""1998"":366,""1999"":335,""2000"":388,""2001"":384,""2002"":414,""2003"":489,""2004"":520,""2005"":583,""2006"":594,""2007"":719,""2008"":638,""2009"":660,""2010"":830,""2011"":486,""2012"":626,""2013"":471,""2014"":516,""2015"":499,""2016"":507,""2017"":501,""2018"":491,""2019"":465,""2020"":434,""2021"":461,""2022"":441,""2023"":332,""2024"":385,""2025"":388,""2026"":296}"
A Silberschatz,https://scholar.google.com/citations?user=-YvgZDEAAAAJ,2026-09-28,Professor of Computer Science at Yale University,"[""Database systems"", ""Operating Systems"", ""Network Systems""]",42160,88,257,4590,25,57,1987,"{""1987"":158,""1988"":179,""1989"":197,""1990"":260,""1991"":395,""1992"":540,""1993"":722,""1994"":562,""1995"":627,""1996"":764,""1997"":909,""1998"":880,""1999"":872,""2000"":960,""2001"":1022,""2002"":1277,""2003"":1294,""2004"":1397,""2005"":1507,""2006"":1520,""2007"":1452,""2008"":1385,""2009"":1664,""2010"":1684,""2011"":1716,""2012"":1703,""2013"":1609,""2014"":1567,""2015"":1341,""2016"":1195,""2017"":1183,""2018"":1134,""2019"":1075,""2020"":841,""2021"":827,""2022"":734,""2023"":652,""2024"":690,""2025"":865,""2026"":771}"
Alfred Aho,https://scholar.google.com/citations?user=gb2r2ssAAAAJ,2026-09-28,"Lawrence Gussman Professor of Computer Science, Columbia University","[""Programming languages and compilers"", ""theory"", ""software"", ""quantum computing..""]",58397,69,169,5968,32,55,1987,"{""1987"":933,""1988"":1070,""1989"":1188,""1990"":1342,""1991"":1358,""1992"":1460,""1993"":1330,""1994"":1363,""1995"":1312,""1996"":1248,""1997"":1219,""1998"":1157,""1999"":1069,""2000"":1086,""2001"":1024,""2002"":1138,""2003"":1149,""2004"":1202,""2005"":1430,""2006"":1339,""2007"":1545,""2008"":1455,""2009"":1512,""2010"":1495,""2011"":1422,""2012"":1513,""2013"":1578,""2014"":1395,""2015"":1138,""2016"":1243,""2017"":1207,""2018"":1254,""2019"":1128,""2020"":1029,""2021"":1102,""2022"":1039,""2023"":1055,""2024"":1033,""2025"":978,""2026"":734}"
Andrew Tanenbaum,https://scholar.google.com/citations?user=TvjaNqkAAAAJ,2026-09-28,"Professor of Computer Science, Vrije Universiteit, Amsterdam","[""Operating systems""]",75103,82,275,9183,29,66,1987,"{""1987"":356,""1988"":488,""1989"":573,""1990"":722,""1991"":793,""1992"":979,""1993"":1035,""1994"":1031,""1995"":986,""1996"":1155,""1997"":1225,""1998"":1335,""1999"":1358,""2000"":1555,""2001"":1811,""2002"":2104,""2003"":2436,""2004"":2520,""2005"":2732,""2006"":2878,""2007"":2815,""2008"":2688,""2009"":2949,""2010"":2888,""2011"":2687,""2012"":2761,""2013"":2677,""2014"":2513,""2015"":2411,""2016"":2281,""2017"":2006,""2018"":1930,""2019"":1963,""2020"":1673,""2021"":1574,""2022"":1415,""2023"":1440,""2024"":1539,""2025"":1836,""2026"":1379}"
Bernard Chazelle,https://scholar.google.com/citations?user=C1VwgssAAAAJ,2026-09-28,Princeton University,"[""Natural Algorithms"", ""Computational Geometry""]",27940,81,166,4382,34,83,1987,"{""1987"":191,""1988"":285,""1989"":323,""1990"":334,""1991"":424,""1992"":495,""1993"":403,""1994"":478,""1995"":512,""1996"":415,""1997"":428,""1998"":405,""1999"":432,""2000"":446,""2001"":382,""2002"":425,""2003"":560,""2004"":637,""2005"":704,""2006"":710,""2007"":906,""2008"":966,""2009"":977,""2010"":1051,""2011"":1014,""2012"":911,""2013"":955,""2014"":955,""2015"":991,""2016"":1017,""2017"":1071,""2018"":938,""2019"":842,""2020"":880,""2021"":735,""2022"":790,""2023"":757,""2024"":733,""2025"":757,""2026"":608}"
Dennis Frailey,https://scholar.google.com/citations?user=DDr3hx8AAAAJ,2026-09-28,"Retired, Texas Instruments, Raytheon, SMU, UT Arlington","[""software engineering"", ""computer science"", ""engineering management"", ""software quality engineering"", ""cycle time reduction""]",464,12,16,56,4,1,1991,"{""1991"":7,""1992"":9,""1993"":10,""1994"":10,""1995"":6,""1996"":3,""1997"":7,""1998"":8,""1999"":10,""2000"":7,""2001"":9,""2002"":7,""2003"":12,""2004"":13,""2005"":11,""2006"":4,""2007"":8,""2008"":14,""2009"":12,""2010"":20,""2011"":12,""2012"":20,""2013"":14,""2014"":8,""2015"":22,""2016"":13,""2017"":12,""2018"":18,""2019"":11,""2020"":5,""2021"":15,""2022"":17,""2023"":10,""2024"":7,""2025"":3,""2026"":4}"
Edward M Reingold,https://scholar.google.com/citations?user=UlQeH7AAAAAJ,2026-09-28,"Prof Emeritus Comp Sci, UIUC & Ill Inst of Tech","[""algorithms"", ""data structures"", ""calendars""]",16824,30,54,4404,11,12,1987,"{""1987"":111,""1988"":142,""1989"":169,""1990"":165,""1991"":149,""1992"":152,""1993"":168,""1994"":181,""1995"":171,""1996"":175,""1997"":153,""1998"":169,""1999"":196,""2000"":192,""2001"":176,""2002"":195,""2003"":231,""2004"":277,""2005"":293,""2006"":320,""2007"":380,""2008"":416,""2009"":419,""2010"":443,""2011"":457,""2012"":522,""2013"":530,""2014"":550,""2015"":589,""2016"":625,""2017"":563,""2018"":661,""2019"":666,""2020"":762,""2021"":761,""2022"":735,""2023"":782,""2024"":693,""2025"":838,""2026"":595}"
Gregor v. Bochmann,https://scholar.google.com/citations?user=nTTn0TIAAAAJ,2026-09-28,University of Ottawa,[],11521,51,203,787,12,17,1987,"{""1987"":173,""1988"":204,""1989"":201,""1990"":257,""1991"":248,""1992"":251,""1993"":268,""1994"":301,""1995"":373,""1996"":359,""1997"":301,""1998"":286,""1999"":287,""2000"":246,""2001"":234,""2002"":225,""2003"":305,""2004"":260,""2005"":354,""2006"":385,""2007"":346,""2008"":314,""2009"":366,""2010"":355,""2011"":288,""2012"":355,""2013"":296,""2014"":315,""2015"":204,""2016"":267,""2017"":236,""2018"":216,""2019"":199,""2020"":157,""2021"":153,""2022"":164,""2023"":143,""2024"":132,""2025"":112,""2026"":83}"
Hanan Samet,https://scholar.google.com/citations?user=ATOfqHEAAAAJ,2026-09-28,University of Maryland,"[""Databases"", ""GIS"", ""Data Structures"", ""Computer Graphics"", ""Data Management""]",43791,89,271,9223,30,87,1987,"{""1987"":227,""1988"":327,""1989"":432,""1990"":483,""1991"":496,""1992"":454,""1993"":480,""1994"":518,""1995"":627,""1996"":607,""1997"":585,""1998"":613,""1999"":656,""2000"":784,""2001"":783,""2002"":726,""2003"":789,""2004"":866,""2005"":982,""2006"":947,""2007"":1216,""2008"":1305,""2009"":1341,""2010"":1369,""2011"":1277,""2012"":1443,""2013"":1598,""2014"":1535,""2015"":1462,""2016"":1471,""2017"":1327,""2018"":1662,""2019"":1668,""2020"":1820,""2021"":1832,""2022"":1701,""2023"":1680,""2024"":1585,""2025"":1454,""2026"":971}"
Henry M. Levy,https://scholar.google.com/citations?user=ymwKqZsAAAAJ,2026-09-28,"Professor and Wissner-Slivka Chair, Paul G. Allen School of Computer Science & Engineering","[""Operating Systems"", ""Distributed Systems"", ""Computer Architecture""]",30119,81,139,2565,28,55,1987,"{""1987"":96,""1988"":143,""1989"":202,""1990"":326,""1991"":460,""1992"":548,""1993"":749,""1994"":666,""1995"":705,""1996"":699,""1997"":689,""1998"":761,""1999"":679,""2000"":679,""2001"":718,""2002"":785,""2003"":915,""2004"":1172,""2005"":1311,""2006"":1265,""2007"":1330,""2008"":1153,""2009"":1164,""2010"":1136,""2011"":1021,""2012"":967,""2013"":955,""2014"":922,""2015"":834,""2016"":887,""2017"":824,""2018"":763,""2019"":694,""2020"":689,""2021"":531,""2022"":436,""2023"":426,""2024"":437,""2025"":472,""2026"":258}"
Ian H. Witten,https://scholar.google.com/citations?user=BSFdGw0AAAAJ,2026-09-28,"Professor of Computer Science, University of Waikato, New Zealand","[""data mining"", ""machine learning"", ""digital libraries""]",140420,89,319,23391,47,100,1993,"{""1993"":347,""1994"":345,""1995"":476,""1996"":474,""1997"":716,""1998"":718,""1999"":797,""2000"":963,""2001"":1235,""2002"":1650,""2003"":1972,""2004"":2507,""2005"":2753,""2006"":3398,""2007"":4063,""2008"":4490,""2009"":5245,""2010"":5718,""2011"":6307,""2012"":7127,""2013"":7627,""2014"":7953,""2015"":8343,""2016"":8110,""2017"":7821,""2018"":8117,""2019"":7530,""2020"":6635,""2021"":5802,""2022"":5166,""2023"":4120,""2024"":3496,""2025"":3058,""2026"":1749}"
Jeffrey S. Vitter,https://scholar.google.com/citations?user=IeXW2bkAAAAJ,2026-09-28,Distinguished Professor Emeritus and 17th Chancellor of Univ. of Mississippi,"[""Algorithms"", ""External Memory"", ""Compressed Data Structures"", ""Data Compression"", ""Databases""]",27899,80,216,3720,26,62,1989,"{""1989"":79,""1990"":125,""1991"":105,""1992"":192,""1993"":255,""1994"":270,""1995"":366,""1996"":443,""1997"":469,""1998"":575,""1999"":720,""2000"":604,""2001"":812,""2002"":881,""2003"":953,""2004"":942,""2005"":1087,""2006"":1108,""2007"":1300,""2008"":1128,""2009"":1147,""2010"":1043,""2011"":1050,""2012"":955,""2013"":973,""2014"":1075,""2015"":847,""2016"":778,""2017"":837,""2018"":920,""2019"":693,""2020"":687,""2021"":670,""2022"":656,""2023"":607,""2024"":595,""2025"":705,""2026"":487}"
John Stankovic,https://scholar.google.com/citations?user=4VJre9IAAAAJ,2026-09-28,"Professor of Computer Science, University of Virginia","[""wireless sensor networks"", ""cyber physical systems"", ""real-time systems""]",72459,126,418,10168,47,176,1988,"{""1988"":235,""1989"":338,""1990"":426,""1991"":577,""1992"":642,""1993"":737,""1994"":798,""1995"":858,""1996"":801,""1997"":873,""1998"":720,""1999"":740,""2000"":742,""2001"":721,""2002"":869,""2003"":920,""2004"":1406,""2005"":1876,""2006"":2252,""2007"":2945,""2008"":3219,""2009"":3382,""2010"":3706,""2011"":3376,""2012"":3540,""2013"":3479,""2014"":3373,""2015"":3143,""2016"":2950,""2017"":3109,""2018"":2976,""2019"":2802,""2020"":2366,""2021"":2245,""2022"":2056,""2023"":1830,""2024"":1607,""2025"":1452,""2026"":975}"
Mark Wegman,https://scholar.google.com/citations?user=8VUDeVsAAAAJ,2026-09-28,UC Berkeley and IBM,"[""computer science""]",20562,39,86,3673,22,40,1987,"{""1987"":134,""1988"":176,""1989"":196,""1990"":237,""1991"":248,""1992"":308,""1993"":339,""1994"":383,""1995"":386,""1996"":320,""1997"":326,""1998"":417,""1999"":375,""2000"":367,""2001"":346,""2002"":342,""2003"":470,""2004"":551,""2005"":508,""2006"":567,""2007"":615,""2008"":588,""2009"":687,""2010"":654,""2011"":674,""2012"":670,""2013"":691,""2014"":637,""2015"":643,""2016"":604,""2017"":586,""2018"":620,""2019"":652,""2020"":647,""2021"":688,""2022"":716,""2023"":596,""2024"":619,""2025"":593,""2026"":461}"
Mary Jane (Janie) Irwin,https://scholar.google.com/citations?user=4Mj-BjwAAAAJ,2026-09-28,"Emerita Evan Pugh University Professor, CSE, Penn State University","[""Computer Architecture"", ""VLSI Design"", ""Electronic Design Automation""]",19246,70,283,1323,14,33,1989,"{""1989"":48,""1990"":62,""1991"":62,""1992"":50,""1993"":92,""1994"":142,""1995"":144,""1996"":169,""1997"":171,""1998"":155,""1999"":172,""2000"":290,""2001"":290,""2002"":503,""2003"":627,""2004"":753,""2005"":990,""2006"":900,""2007"":1072,""2008"":1033,""2009"":1092,""2010"":1057,""2011"":1098,""2012"":960,""2013"":983,""2014"":988,""2015"":856,""2016"":751,""2017"":632,""2018"":581,""2019"":441,""2020"":362,""2021"":271,""2022"":249,""2023"":254,""2024"":236,""2025"":212,""2026"":101}"
Mary Shaw,https://scholar.google.com/citations?user=CTXoO1AAAAAJ,2026-09-28,"A.J. Perlis University Professor of Computer Science, Carnegie Mellon Univeristy","[""Software Engineering"", ""Software Architecture"", ""Software Design"", ""Computer Science Education""]",27440,59,141,3130,19,38,1987,"{""1987"":97,""1988"":83,""1989"":93,""1990"":91,""1991"":86,""1992"":155,""1993"":116,""1994"":171,""1995"":240,""1996"":405,""1997"":479,""1998"":550,""1999"":702,""2000"":798,""2001"":724,""2002"":907,""2003"":857,""2004"":962,""2005"":1054,""2006"":1022,""2007"":1011,""2008"":972,""2009"":924,""2010"":1051,""2011"":1002,""2012"":1013,""2013"":1045,""2014"":1006,""2015"":948,""2016"":949,""2017"":860,""2018"":897,""2019"":773,""2020"":643,""2021"":579,""2022"":519,""2023"":528,""2024"":563,""2025"":510,""2026"":428}"
Narendra Ahuja,https://scholar.google.com/citations?user=dY7OSl0AAAAJ,2026-09-28,"Donald Biggar Willet Professor, University of Illinois at Urbana-Champagn","[""Computer Vision""]",50284,91,346,13836,35,110,1988,"{""1988"":156,""1989"":179,""1990"":218,""1991"":231,""1992"":318,""1993"":406,""1994"":450,""1995"":438,""1996"":474,""1997"":471,""1998"":512,""1999"":461,""2000"":491,""2001"":497,""2002"":680,""2003"":969,""2004"":1153,""2005"":1352,""2006"":1265,""2007"":1435,""2008"":1435,""2009"":1529,""2010"":1464,""2011"":1516,""2012"":1501,""2013"":1555,""2014"":1646,""2015"":1828,""2016"":1833,""2017"":1868,""2018"":2188,""2019"":2379,""2020"":2508,""2021"":2540,""2022"":2570,""2023"":2411,""2024"":2520,""2025"":2354,""2026"":1435}"
Narsingh Deo,https://scholar.google.com/citations?user=2uiQgfMAAAAJ,2026-09-28,"Millican Chair Professor of Computer Science, University of Central Florida","[""graph theory"", ""networks"", ""parallel computation"", ""discrete optimization""]",11405,36,80,1348,12,13,1987,"{""1987"":207,""1988"":197,""1989"":260,""1990"":273,""1991"":242,""1992"":269,""1993"":249,""1994"":248,""1995"":240,""1996"":204,""1997"":216,""1998"":179,""1999"":216,""2000"":185,""2001"":221,""2002"":215,""2003"":248,""2004"":246,""2005"":299,""2006"":302,""2007"":306,""2008"":299,""2009"":286,""2010"":313,""2011"":299,""2012"":354,""2013"":313,""2014"":321,""2015"":314,""2016"":258,""2017"":273,""2018"":338,""2019"":257,""2020"":265,""2021"":270,""2022"":241,""2023"":263,""2024"":209,""2025"":220,""2026"":145}"
Philip Heidelberger,https://scholar.google.com/citations?user=TvR9BgcAAAAJ,2026-09-28,IBM Research (Retired),[],19211,63,189,2813,26,52,1987,"{""1987"":63,""1988"":91,""1989"":100,""1990"":124,""1991"":141,""1992"":194,""1993"":198,""1994"":246,""1995"":252,""1996"":211,""1997"":205,""1998"":273,""1999"":250,""2000"":249,""2001"":270,""2002"":263,""2003"":314,""2004"":400,""2005"":484,""2006"":585,""2007"":610,""2008"":610,""2009"":673,""2010"":727,""2011"":726,""2012"":835,""2013"":915,""2014"":1087,""2015"":932,""2016"":938,""2017"":810,""2018"":739,""2019"":705,""2020"":677,""2021"":636,""2022"":742,""2023"":343,""2024"":459,""2025"":383,""2026"":250}"
Raj Jain,https://scholar.google.com/citations?user=runT3RsAAAAJ,2026-09-28,"Professor of Computer Science and Engineering, Washington University in Saint Louis","[""Artificial Intelligence"", ""Blockchains"", ""Network Security"", ""Unmanned Aircraft Systems"", ""Wireless and Mobile Networks""]",49621,78,278,13419,40,91,1991,"{""1991"":183,""1992"":272,""1993"":236,""1994"":331,""1995"":443,""1996"":609,""1997"":829,""1998"":1056,""1999"":1070,""2000"":1082,""2001"":1043,""2002"":1123,""2003"":1185,""2004"":1225,""2005"":1248,""2006"":1205,""2007"":1253,""2008"":1229,""2009"":1275,""2010"":1469,""2011"":1393,""2012"":1580,""2013"":1627,""2014"":1592,""2015"":1516,""2016"":1566,""2017"":1573,""2018"":1873,""2019"":2073,""2020"":1974,""2021"":2083,""2022"":2125,""2023"":2143,""2024"":2392,""2025"":2737,""2026"":1923}"
Randy Katz,https://scholar.google.com/citations?user=PkfChMgAAAAJ,2026-09-28,"University of California, Berkeley","[""Computer Systems"", ""Communications Networks"", ""Distributed Systems"", ""Energy Efficiency in Systems""]",99486,132,347,13292,43,117,1988,"{""1988"":294,""1989"":409,""1990"":435,""1991"":521,""1992"":518,""1993"":790,""1994"":800,""1995"":836,""1996"":994,""1997"":946,""1998"":1164,""1999"":1399,""2000"":1534,""2001"":1741,""2002"":2360,""2003"":2604,""2004"":3063,""2005"":3187,""2006"":2944,""2007"":2884,""2008"":2700,""2009"":2833,""2010"":3418,""2011"":4250,""2012"":4856,""2013"":5471,""2014"":5621,""2015"":5400,""2016"":5068,""2017"":4205,""2018"":4044,""2019"":3659,""2020"":3040,""2021"":2807,""2022"":2441,""2023"":2146,""2024"":2137,""2025"":2144,""2026"":1617}"
Ravi Sethi,https://scholar.google.com/citations?user=ID4wZFwAAAAJ,2026-09-28,"Professor, Computer Science, The University of Arizona","[""Software Engineering"", ""Compilers"", ""Programming Languages""]",14217,38,69,2054,17,23,1987,"{""1987"":116,""1988"":132,""1989"":167,""1990"":205,""1991"":210,""1992"":248,""1993"":281,""1994"":297,""1995"":300,""1996"":300,""1997"":321,""1998"":329,""1999"":265,""2000"":264,""2001"":301,""2002"":295,""2003"":327,""2004"":340,""2005"":380,""2006"":395,""2007"":410,""2008"":403,""2009"":383,""2010"":390,""2011"":396,""2012"":433,""2013"":443,""2014"":354,""2015"":411,""2016"":384,""2017"":374,""2018"":371,""2019"":352,""2020"":339,""2021"":367,""2022"":377,""2023"":342,""2024"":314,""2025"":361,""2026"":293}"
Richard R. Muntz,https://scholar.google.com/citations?user=e9OxXgwAAAAJ,2026-09-28,"Professor of Computer Science, UCLA","[""Database management"", ""performance evaluation"", ""data mining"", ""storage""]",18257,57,142,1246,13,19,1987,"{""1987"":124,""1988"":184,""1989"":211,""1990"":192,""1991"":199,""1992"":193,""1993"":249,""1994"":233,""1995"":289,""1996"":328,""1997"":323,""1998"":379,""1999"":399,""2000"":396,""2001"":428,""2002"":604,""2003"":568,""2004"":674,""2005"":810,""2006"":810,""2007"":768,""2008"":775,""2009"":711,""2010"":662,""2011"":541,""2012"":607,""2013"":617,""2014"":540,""2015"":476,""2016"":432,""2017"":374,""2018"":380,""2019"":376,""2020"":311,""2021"":324,""2022"":243,""2023"":207,""2024"":195,""2025"":169,""2026"":108}"
Ruzena bajcsy,https://scholar.google.com/citations?user=s9Ikf1EAAAAJ,2026-09-28,Unknown affiliation,[],31048,80,338,6611,36,124,1987,"{""1987"":131,""1988"":193,""1989"":193,""1990"":283,""1991"":371,""1992"":379,""1993"":437,""1994"":572,""1995"":539,""1996"":663,""1997"":615,""1998"":623,""1999"":553,""2000"":540,""2001"":678,""2002"":511,""2003"":587,""2004"":536,""2005"":546,""2006"":571,""2007"":610,""2008"":735,""2009"":663,""2010"":747,""2011"":751,""2012"":912,""2013"":981,""2014"":1002,""2015"":1088,""2016"":1228,""2017"":1249,""2018"":1243,""2019"":1353,""2020"":1269,""2021"":1300,""2022"":1306,""2023"":1035,""2024"":1075,""2025"":1101,""2026"":793}"
Sartaj Sahni,https://scholar.google.com/citations?user=gMQWxE0AAAAJ,2026-09-28,"Distinguished Professor of Computer Science, University of Florida","[""algorithms"", ""data structures"", ""scheduling"", ""gpu computing"", ""multicore computing""]",31016,73,279,3504,25,53,1987,"{""1987"":410,""1988"":476,""1989"":577,""1990"":637,""1991"":658,""1992"":739,""1993"":739,""1994"":704,""1995"":661,""1996"":631,""1997"":561,""1998"":561,""1999"":524,""2000"":502,""2001"":478,""2002"":576,""2003"":631,""2004"":748,""2005"":810,""2006"":817,""2007"":879,""2008"":845,""2009"":941,""2010"":1010,""2011"":851,""2012"":996,""2013"":933,""2014"":865,""2015"":862,""2016"":931,""2017"":861,""2018"":887,""2019"":779,""2020"":720,""2021"":711,""2022"":688,""2023"":579,""2024"":583,""2025"":568,""2026"":375}"
Takao Nishizeki,https://scholar.google.com/citations?user=EErO-dUAAAAJ,2026-09-28,Tohoku University (Emeritus Professor),"[""Algorithm"", ""Graph Algorithms"", ""Graph Drawing"", ""Discrete Mathematics"", ""Secret sharing""]",9366,40,127,1776,15,30,1987,"{""1987"":44,""1988"":80,""1989"":86,""1990"":113,""1991"":90,""1992"":116,""1993"":114,""1994"":142,""1995"":135,""1996"":159,""1997"":157,""1998"":170,""1999"":179,""2000"":196,""2001"":188,""2002"":166,""2003"":209,""2004"":242,""2005"":281,""2006"":271,""2007"":289,""2008"":257,""2009"":285,""2010"":298,""2011"":239,""2012"":303,""2013"":255,""2014"":320,""2015"":348,""2016"":313,""2017"":299,""2018"":313,""2019"":303,""2020"":320,""2021"":277,""2022"":286,""2023"":376,""2024"":291,""2025"":313,""2026"":233}"
Uzi Vishkin,https://scholar.google.com/citations?user=1r8HluQAAAAJ,2026-09-28,"Professor, The University of Maryland Institute for Advanced Computer Studies (UMIACS) and","[""Parallel computing"", ""Parallel algorithms""]",15780,62,145,1863,21,47,1987,"{""1987"":268,""1988"":431,""1989"":427,""1990"":464,""1991"":553,""1992"":689,""1993"":633,""1994"":593,""1995"":518,""1996"":462,""1997"":433,""1998"":321,""1999"":271,""2000"":278,""2001"":193,""2002"":232,""2003"":214,""2004"":367,""2005"":274,""2006"":276,""2007"":431,""2008"":434,""2009"":331,""2010"":422,""2011"":458,""2012"":399,""2013"":368,""2014"":379,""2015"":354,""2016"":336,""2017"":340,""2018"":348,""2019"":274,""2020"":336,""2021"":310,""2022"":339,""2023"":276,""2024"":305,""2025"":332,""2026"":301}"
C S Wallace,https://scholar.google.com/citations?user=d7k7_7wAAAAJ,2026-09-28,"Christopher (Chris) Stewart Wallace (1933-2004), Foundation Professor of Computer Science, Monash","[""computer hardware"", ""inference"", ""minimum message length"", ""MML"", ""MDL""]",11049,39,68,1286,14,19,1987,"{""1987"":39,""1988"":41,""1989"":49,""1990"":101,""1991"":69,""1992"":96,""1993"":125,""1994"":161,""1995"":184,""1996"":292,""1997"":267,""1998"":296,""1999"":278,""2000"":277,""2001"":395,""2002"":303,""2003"":346,""2004"":332,""2005"":546,""2006"":322,""2007"":393,""2008"":465,""2009"":315,""2010"":364,""2011"":320,""2012"":361,""2013"":452,""2014"":319,""2015"":322,""2016"":265,""2017"":277,""2018"":285,""2019"":296,""2020"":255,""2021"":204,""2022"":231,""2023"":232,""2024"":211,""2025"":224,""2026"":184}"
Cliff B Jones,https://scholar.google.com/citations?user=W9m9SwwAAAAJ,2026-09-28,"Professor of Computing Science, Newcastle University, UK","[""Concurrency"", ""Semantics"", ""Formal Methods"", ""History""]",17629,45,151,1617,15,29,1987,"{""1987"":168,""1988"":185,""1989"":254,""1990"":344,""1991"":330,""1992"":392,""1993"":441,""1994"":416,""1995"":446,""1996"":447,""1997"":470,""1998"":462,""1999"":519,""2000"":415,""2001"":429,""2002"":437,""2003"":496,""2004"":391,""2005"":504,""2006"":487,""2007"":703,""2008"":535,""2009"":593,""2010"":576,""2011"":544,""2012"":587,""2013"":528,""2014"":533,""2015"":449,""2016"":401,""2017"":418,""2018"":414,""2019"":384,""2020"":303,""2021"":244,""2022"":249,""2023"":241,""2024"":429,""2025"":213,""2026"":238}"
Daniel J. Rosenkrantz,https://scholar.google.com/citations?user=RNHJqvcAAAAJ,2026-09-28,"Biocomplexity Institute, University of Virginia","[""algorithms"", ""databases""]",10156,41,90,1641,18,29,1987,"{""1987"":72,""1988"":89,""1989"":74,""1990"":87,""1991"":96,""1992"":129,""1993"":115,""1994"":163,""1995"":141,""1996"":165,""1997"":162,""1998"":162,""1999"":130,""2000"":157,""2001"":173,""2002"":174,""2003"":222,""2004"":228,""2005"":285,""2006"":310,""2007"":335,""2008"":335,""2009"":354,""2010"":265,""2011"":283,""2012"":268,""2013"":310,""2014"":293,""2015"":265,""2016"":245,""2017"":247,""2018"":268,""2019"":299,""2020"":259,""2021"":241,""2022"":281,""2023"":273,""2024"":289,""2025"":296,""2026"":256}"
David DeWitt,https://scholar.google.com/citations?user=6iBz3QgAAAAJ,2026-09-28,"John P. Morgridge Professor, Emeritus, University of Wisconsin. Technical Fellow, Microsoft","[""database systems""]",46533,96,193,4304,33,75,1987,"{""1987"":261,""1988"":374,""1989"":476,""1990"":762,""1991"":731,""1992"":853,""1993"":1171,""1994"":932,""1995"":1028,""1996"":976,""1997"":926,""1998"":872,""1999"":951,""2000"":944,""2001"":971,""2002"":1174,""2003"":1284,""2004"":1444,""2005"":1518,""2006"":1499,""2007"":1593,""2008"":1518,""2009"":1685,""2010"":1810,""2011"":1670,""2012"":1761,""2013"":1799,""2014"":1775,""2015"":1635,""2016"":1414,""2017"":1216,""2018"":1585,""2019"":999,""2020"":944,""2021"":897,""2022"":839,""2023"":693,""2024"":741,""2025"":675,""2026"":458}"
David S. Johnson,https://scholar.google.com/citations?user=LyEq7qEAAAAJ,2026-09-28,"Visiting Professor, Columbia University Computer Science Department","[""Algorithms"", ""computer science"", ""optimization"", ""traveling salesman problem"", ""bin packing""]",234901,120,403,42318,65,192,1987,"{""1987"":852,""1988"":1028,""1989"":1260,""1990"":1530,""1991"":1564,""1992"":1754,""1993"":2160,""1994"":2369,""1995"":2597,""1996"":2521,""1997"":2788,""1998"":2906,""1999"":2957,""2000"":3407,""2001"":4688,""2002"":5581,""2003"":6705,""2004"":7483,""2005"":8126,""2006"":8312,""2007"":8744,""2008"":8477,""2009"":8244,""2010"":8141,""2011"":8033,""2012"":8203,""2013"":8194,""2014"":7646,""2015"":7533,""2016"":7961,""2017"":7841,""2018"":8234,""2019"":8145,""2020"":8054,""2021"":8030,""2022"":7679,""2023"":7123,""2024"":6943,""2025"":7163,""2026"":5377}"
Ed Lazowska,https://scholar.google.com/citations?user=NhY4TT4AAAAJ,2026-09-28,"Bill & Melinda Gates Chair in Computer Science & Engineering, University of Washington","[""Computer Systems""]",17811,57,105,1224,16,19,1987,"{""1987"":187,""1988"":274,""1989"":327,""1990"":507,""1991"":585,""1992"":608,""1993"":868,""1994"":823,""1995"":824,""1996"":716,""1997"":572,""1998"":603,""1999"":423,""2000"":391,""2001"":320,""2002"":350,""2003"":411,""2004"":419,""2005"":477,""2006"":464,""2007"":513,""2008"":419,""2009"":470,""2010"":507,""2011"":453,""2012"":446,""2013"":409,""2014"":431,""2015"":356,""2016"":430,""2017"":326,""2018"":299,""2019"":312,""2020"":268,""2021"":271,""2022"":226,""2023"":223,""2024"":200,""2025"":184,""2026"":120}"
Edwin Catmull,https://scholar.google.com/citations?user=qb5SK0QAAAAJ,2026-09-28,"Pixar, Disney, retired","[""animation"", ""creativity"", ""management""]",1953,10,10,634,7,6,1987,"{""1987"":11,""1988"":13,""1989"":14,""1990"":14,""1991"":11,""1992"":15,""1993"":9,""1994"":12,""1995"":16,""1996"":15,""1997"":10,""1998"":12,""1999"":12,""2000"":9,""2001"":7,""2002"":5,""2003"":5,""2004"":11,""2005"":8,""2006"":10,""2007"":7,""2008"":5,""2009"":25,""2010"":44,""2011"":28,""2012"":38,""2013"":38,""2014"":82,""2015"":106,""2016"":111,""2017"":122,""2018"":148,""2019"":132,""2020"":115,""2021"":127,""2022"":95,""2023"":98,""2024"":101,""2025"":141,""2026"":71}"
Fred Schneider,https://scholar.google.com/citations?user=sxjynOsAAAAJ,2026-09-28,"CS Dept, Cornell University",[],29020,69,154,4787,27,59,1987,"{""1987"":197,""1988"":186,""1989"":282,""1990"":286,""1991"":261,""1992"":315,""1993"":359,""1994"":388,""1995"":326,""1996"":408,""1997"":365,""1998"":455,""1999"":504,""2000"":498,""2001"":576,""2002"":653,""2003"":754,""2004"":877,""2005"":964,""2006"":950,""2007"":992,""2008"":994,""2009"":1046,""2010"":1022,""2011"":1016,""2012"":1014,""2013"":984,""2014"":995,""2015"":898,""2016"":920,""2017"":913,""2018"":944,""2019"":1025,""2020"":886,""2021"":926,""2022"":807,""2023"":770,""2024"":780,""2025"":799,""2026"":704}"
Gerard Salton (1927-1995),https://scholar.google.com/citations?user=PmJ2544AAAAJ,2026-09-28,"Professor of Computer Science, Cornell University","[""Information Retrieval""]",66228,69,144,8714,23,35,1987,"{""1987"":173,""1988"":297,""1989"":333,""1990"":347,""1991"":446,""1992"":430,""1993"":520,""1994"":583,""1995"":785,""1996"":773,""1997"":1073,""1998"":1151,""1999"":1203,""2000"":1406,""2001"":1410,""2002"":1719,""2003"":1804,""2004"":1996,""2005"":2264,""2006"":2160,""2007"":2423,""2008"":2602,""2009"":2589,""2010"":2575,""2011"":2461,""2012"":2571,""2013"":2504,""2014"":2543,""2015"":2436,""2016"":2363,""2017"":2129,""2018"":2015,""2019"":1984,""2020"":1714,""2021"":1513,""2022"":1416,""2023"":1366,""2024"":1281,""2025"":1563,""2026"":1575}"
Gio Wiederhold,https://scholar.google.com/citations?user=fJiGhkoAAAAJ,2026-09-28,"Emeritus Professor of Computer Science, Electrical Enginering, & Medicine, Stanford University","[""Databases"", ""Knowledge bases"", ""Software"", ""Intellectual capital"", ""Taxation""]",26359,69,225,1207,15,25,1987,"{""1987"":223,""1988"":191,""1989"":249,""1990"":292,""1991"":326,""1992"":314,""1993"":414,""1994"":408,""1995"":507,""1996"":540,""1997"":683,""1998"":713,""1999"":840,""2000"":893,""2001"":949,""2002"":986,""2003"":1176,""2004"":1179,""2005"":1250,""2006"":1158,""2007"":1198,""2008"":1048,""2009"":1084,""2010"":996,""2011"":902,""2012"":805,""2013"":862,""2014"":700,""2015"":599,""2016"":567,""2017"":505,""2018"":411,""2019"":396,""2020"":311,""2021"":252,""2022"":261,""2023"":218,""2024"":200,""2025"":178,""2026"":98}"
Henry Fuchs,https://scholar.google.com/citations?user=guhwcP8AAAAJ,2026-09-28,"Federico Gil Distinguished Professor of Computer Science, University of North Carolina","[""computer graphics"", ""virtual reality"", ""augmented reality""]",26277,80,232,6142,44,110,1987,"{""1987"":146,""1988"":226,""1989"":202,""1990"":231,""1991"":304,""1992"":317,""1993"":330,""1994"":291,""1995"":350,""1996"":367,""1997"":348,""1998"":407,""1999"":421,""2000"":413,""2001"":527,""2002"":522,""2003"":571,""2004"":606,""2005"":672,""2006"":633,""2007"":650,""2008"":617,""2009"":588,""2010"":627,""2011"":647,""2012"":730,""2013"":808,""2014"":790,""2015"":837,""2016"":960,""2017"":977,""2018"":976,""2019"":1178,""2020"":1042,""2021"":1136,""2022"":1188,""2023"":1102,""2024"":1131,""2025"":1054,""2026"":529}"
Jayadev Misra,https://scholar.google.com/citations?user=49uW_WcAAAAJ,2026-09-28,University of Texas at Austin,[],16431,44,79,1141,15,21,1987,"{""1987"":215,""1988"":265,""1989"":430,""1990"":460,""1991"":507,""1992"":508,""1993"":511,""1994"":564,""1995"":542,""1996"":496,""1997"":459,""1998"":441,""1999"":445,""2000"":363,""2001"":367,""2002"":376,""2003"":399,""2004"":453,""2005"":449,""2006"":439,""2007"":521,""2008"":483,""2009"":475,""2010"":498,""2011"":523,""2012"":482,""2013"":510,""2014"":379,""2015"":366,""2016"":353,""2017"":262,""2018"":264,""2019"":246,""2020"":208,""2021"":218,""2022"":202,""2023"":212,""2024"":202,""2025"":159,""2026"":146}"
Jeffrey Ullman,https://scholar.google.com/citations?user=wUJ2bXgAAAAJ,2026-09-28,"Professor of Computer Science, Stanford University","[""Database Systems"", ""Data Mining""]",120942,117,347,13471,41,116,1987,"{""1987"":1350,""1988"":1702,""1989"":1681,""1990"":1930,""1991"":1968,""1992"":2235,""1993"":2114,""1994"":2138,""1995"":2148,""1996"":2148,""1997"":2371,""1998"":2477,""1999"":2667,""2000"":2747,""2001"":2800,""2002"":3117,""2003"":3176,""2004"":3326,""2005"":3571,""2006"":3465,""2007"":3683,""2008"":3441,""2009"":3479,""2010"":3279,""2011"":3160,""2012"":3274,""2013"":3436,""2014"":3433,""2015"":3228,""2016"":3426,""2017"":3208,""2018"":3161,""2019"":3041,""2020"":2705,""2021"":2698,""2022"":2393,""2023"":2229,""2024"":2155,""2025"":2301,""2026"":1694}"
Lance Hoffman,https://scholar.google.com/citations?user=n3LNFXQAAAAJ,2026-09-28,"Distinguished Research Professor of Computer Science, The George WashingtonUniversity","[""cybersecurity"", ""social impact of computing""]",3328,25,38,320,8,7,1987,"{""1987"":13,""1988"":24,""1989"":21,""1990"":37,""1991"":41,""1992"":26,""1993"":18,""1994"":18,""1995"":29,""1996"":21,""1997"":25,""1998"":26,""1999"":18,""2000"":24,""2001"":31,""2002"":37,""2003"":37,""2004"":53,""2005"":67,""2006"":136,""2007"":101,""2008"":124,""2009"":132,""2010"":181,""2011"":138,""2012"":135,""2013"":152,""2014"":146,""2015"":118,""2016"":127,""2017"":102,""2018"":117,""2019"":108,""2020"":92,""2021"":77,""2022"":66,""2023"":68,""2024"":56,""2025"":32,""2026"":21}"
Michael R Garey,https://scholar.google.com/citations?user=ppjLpNYAAAAJ,2026-09-28,Retired,"[""Algorithms"", ""complexity"", ""scheduling theory"", ""graph theory""]",123887,62,88,17903,35,54,1987,"{""1987"":768,""1988"":921,""1989"":1102,""1990"":1358,""1991"":1368,""1992"":1498,""1993"":1802,""1994"":1970,""1995"":2106,""1996"":2010,""1997"":2245,""1998"":2351,""1999"":2256,""2000"":2348,""2001"":2465,""2002"":2685,""2003"":2920,""2004"":3309,""2005"":3776,""2006"":3932,""2007"":4329,""2008"":4193,""2009"":4357,""2010"":4186,""2011"":4214,""2012"":4516,""2013"":4507,""2014"":4239,""2015"":4164,""2016"":3986,""2017"":3647,""2018"":3751,""2019"":3567,""2020"":3395,""2021"":3282,""2022"":3195,""2023"":2926,""2024"":2865,""2025"":3198,""2026"":2437}"
N Leveson,https://scholar.google.com/citations?user=78y4sEcAAAAJ,2026-09-28,MIT,[],42352,73,192,12976,41,91,1988,"{""1988"":117,""1989"":123,""1990"":138,""1991"":166,""1992"":188,""1993"":251,""1994"":388,""1995"":336,""1996"":423,""1997"":452,""1998"":449,""1999"":447,""2000"":464,""2001"":521,""2002"":598,""2003"":575,""2004"":642,""2005"":733,""2006"":763,""2007"":871,""2008"":912,""2009"":1006,""2010"":1049,""2011"":1082,""2012"":1222,""2013"":1395,""2014"":1468,""2015"":1536,""2016"":1755,""2017"":1784,""2018"":2100,""2019"":2216,""2020"":2100,""2021"":2023,""2022"":2103,""2023"":2116,""2024"":2019,""2025"":2306,""2026"":2406}"
Richard E Ladner,https://scholar.google.com/citations?user=hgOSI1EAAAAJ,2026-09-28,University of Washington,"[""Human Computer Interaction"", ""Accessibility"", ""Theoretical Computer Science"", ""Algorithms""]",22660,67,184,5533,38,90,1987,"{""1987"":131,""1988"":184,""1989"":186,""1990"":211,""1991"":205,""1992"":224,""1993"":248,""1994"":233,""1995"":257,""1996"":241,""1997"":198,""1998"":226,""1999"":254,""2000"":294,""2001"":290,""2002"":329,""2003"":400,""2004"":426,""2005"":519,""2006"":523,""2007"":676,""2008"":604,""2009"":637,""2010"":710,""2011"":666,""2012"":684,""2013"":769,""2014"":760,""2015"":734,""2016"":783,""2017"":817,""2018"":791,""2019"":921,""2020"":880,""2021"":921,""2022"":882,""2023"":859,""2024"":980,""2025"":1008,""2026"":877}"
Richard P Brent,https://scholar.google.com/citations?user=TRcAF4cAAAAJ,2026-09-28,Australian National University,"[""analysis of algorithms"", ""combinatorics"", ""number theory"", ""numerical analysis""]",23632,59,184,4253,21,52,1987,"{""1987"":240,""1988"":251,""1989"":343,""1990"":384,""1991"":363,""1992"":372,""1993"":421,""1994"":403,""1995"":404,""1996"":409,""1997"":376,""1998"":364,""1999"":396,""2000"":360,""2001"":315,""2002"":379,""2003"":451,""2004"":448,""2005"":482,""2006"":544,""2007"":521,""2008"":541,""2009"":569,""2010"":651,""2011"":674,""2012"":698,""2013"":728,""2014"":684,""2015"":725,""2016"":701,""2017"":642,""2018"":716,""2019"":707,""2020"":659,""2021"":723,""2022"":715,""2023"":676,""2024"":636,""2025"":772,""2026"":731}"
Roy Rada,https://scholar.google.com/citations?user=Hvk1n1YAAAAJ,2026-09-28,"Professor Emeritus of Information Systems, UMBC","[""artificial intelligence""]",9954,38,133,1388,11,16,1987,"{""1987"":66,""1988"":67,""1989"":94,""1990"":137,""1991"":126,""1992"":180,""1993"":163,""1994"":160,""1995"":207,""1996"":196,""1997"":210,""1998"":224,""1999"":184,""2000"":232,""2001"":222,""2002"":188,""2003"":283,""2004"":246,""2005"":282,""2006"":297,""2007"":265,""2008"":348,""2009"":305,""2010"":348,""2011"":319,""2012"":382,""2013"":408,""2014"":325,""2015"":331,""2016"":333,""2017"":331,""2018"":299,""2019"":289,""2020"":262,""2021"":267,""2022"":264,""2023"":278,""2024"":248,""2025"":213,""2026"":116}"
S Lakshmivarahan,https://scholar.google.com/citations?user=SverXLoAAAAJ,2026-09-28,"George Lynn Cross Research Professor Emeritus, Computer Science, University of Oklahoma","[""Learning Algorithms"", ""Parallel Processing"", ""Interconnetion networks"", ""Dynamic Data Assimilation"", ""Computational Finance""]",4280,30,58,860,13,21,1987,"{""1987"":37,""1988"":34,""1989"":27,""1990"":35,""1991"":60,""1992"":52,""1993"":56,""1994"":56,""1995"":67,""1996"":74,""1997"":73,""1998"":58,""1999"":67,""2000"":56,""2001"":54,""2002"":91,""2003"":58,""2004"":80,""2005"":81,""2006"":80,""2007"":130,""2008"":146,""2009"":139,""2010"":128,""2011"":122,""2012"":162,""2013"":136,""2014"":136,""2015"":142,""2016"":150,""2017"":141,""2018"":129,""2019"":157,""2020"":160,""2021"":160,""2022"":175,""2023"":161,""2024"":138,""2025"":130,""2026"":93}"
Zvi Galil,https://scholar.google.com/citations?user=tI3m7CMAAAAJ,2026-09-28,"Professor of Computer Science, Georgia Tech","[""theoretical computer science""]",14763,68,167,1920,21,49,1987,"{""1987"":148,""1988"":201,""1989"":230,""1990"":259,""1991"":286,""1992"":389,""1993"":436,""1994"":461,""1995"":462,""1996"":350,""1997"":345,""1998"":366,""1999"":302,""2000"":324,""2001"":282,""2002"":316,""2003"":296,""2004"":365,""2005"":405,""2006"":376,""2007"":439,""2008"":414,""2009"":363,""2010"":404,""2011"":353,""2012"":393,""2013"":366,""2014"":354,""2015"":345,""2016"":350,""2017"":371,""2018"":342,""2019"":336,""2020"":347,""2021"":333,""2022"":355,""2023"":332,""2024"":343,""2025"":313,""2026"":244}"
Bjarne Stroustrup,https://scholar.google.com/citations?user=Rr9Y8acAAAAJ,2026-09-28,Mrgan Stanley and Columbia University,[],23314,40,104,2267,16,22,1987,"{""1987"":106,""1988"":229,""1989"":329,""1990"":393,""1991"":543,""1992"":657,""1993"":689,""1994"":709,""1995"":759,""1996"":840,""1997"":744,""1998"":697,""1999"":699,""2000"":691,""2001"":680,""2002"":700,""2003"":703,""2004"":788,""2005"":630,""2006"":689,""2007"":830,""2008"":618,""2009"":706,""2010"":656,""2011"":620,""2012"":584,""2013"":658,""2014"":524,""2015"":526,""2016"":494,""2017"":406,""2018"":443,""2019"":429,""2020"":450,""2021"":356,""2022"":397,""2023"":401,""2024"":387,""2025"":417,""2026"":307}"
Butler Lampson,https://scholar.google.com/citations?user=9eyvm28AAAAJ,2026-09-28,"Technical Fellow, Microsoft Research","[""Cybersecurity"", ""computer systems""]",29131,71,155,2866,22,43,1987,"{""1987"":244,""1988"":269,""1989"":264,""1990"":224,""1991"":217,""1992"":251,""1993"":327,""1994"":299,""1995"":257,""1996"":356,""1997"":383,""1998"":542,""1999"":584,""2000"":584,""2001"":675,""2002"":729,""2003"":953,""2004"":1021,""2005"":1194,""2006"":1412,""2007"":1245,""2008"":1142,""2009"":1140,""2010"":1252,""2011"":1038,""2012"":1060,""2013"":1047,""2014"":1025,""2015"":836,""2016"":698,""2017"":622,""2018"":539,""2019"":559,""2020"":504,""2021"":555,""2022"":528,""2023"":479,""2024"":413,""2025"":479,""2026"":412}"
C G Bell,https://scholar.google.com/citations?user=_gzpApwAAAAJ,2026-09-28,Microsoft (ret.),"[""computer architecture"", ""lifelogging"", ""computing history"", ""entrepreneurship""]",11583,44,82,1265,17,26,1987,"{""1987"":113,""1988"":147,""1989"":115,""1990"":125,""1991"":87,""1992"":124,""1993"":168,""1994"":137,""1995"":120,""1996"":85,""1997"":120,""1998"":114,""1999"":74,""2000"":113,""2001"":94,""2002"":124,""2003"":167,""2004"":234,""2005"":206,""2006"":328,""2007"":292,""2008"":355,""2009"":367,""2010"":411,""2011"":471,""2012"":437,""2013"":487,""2014"":507,""2015"":396,""2016"":364,""2017"":307,""2018"":351,""2019"":358,""2020"":318,""2021"":303,""2022"":261,""2023"":204,""2024"":195,""2025"":195,""2026"":107}"
Dana Scott,https://scholar.google.com/citations?user=oaja5KYAAAAJ,2026-09-28,"Visiting Scholar, UC Berkeley","[""Logic"", ""Semantics of Programming Languages""]",33204,70,191,4868,29,72,1987,"{""1987"":336,""1988"":348,""1989"":363,""1990"":428,""1991"":435,""1992"":425,""1993"":497,""1994"":438,""1995"":444,""1996"":478,""1997"":517,""1998"":442,""1999"":561,""2000"":538,""2001"":500,""2002"":557,""2003"":558,""2004"":612,""2005"":796,""2006"":967,""2007"":765,""2008"":793,""2009"":924,""2010"":788,""2011"":776,""2012"":903,""2013"":917,""2014"":905,""2015"":779,""2016"":774,""2017"":903,""2018"":852,""2019"":899,""2020"":831,""2021"":845,""2022"":846,""2023"":830,""2024"":788,""2025"":837,""2026"":719}"
Daniel G. Bobrow,https://scholar.google.com/citations?user=95OEG6IAAAAJ,2026-09-28,"Parc, Palo Alto Research Center","[""artificial intelligence"", ""programming languages"", ""qualitative reasoning"", ""community knowledge systems""]",41428,77,209,6118,23,54,1987,"{""1987"":873,""1988"":1056,""1989"":930,""1990"":1016,""1991"":1059,""1992"":962,""1993"":910,""1994"":811,""1995"":751,""1996"":771,""1997"":619,""1998"":703,""1999"":728,""2000"":674,""2001"":673,""2002"":686,""2003"":733,""2004"":838,""2005"":887,""2006"":1021,""2007"":1123,""2008"":1016,""2009"":880,""2010"":977,""2011"":988,""2012"":992,""2013"":1124,""2014"":1133,""2015"":700,""2016"":703,""2017"":733,""2018"":742,""2019"":756,""2020"":739,""2021"":822,""2022"":956,""2023"":1104,""2024"":1242,""2025"":1217,""2026"":777}"
Daniel Siewiorek,https://scholar.google.com/citations?user=B13SvmAAAAAJ,2026-09-28,Carnegie Mellon University,"[""Wearable computing"", ""computer reliability"", ""computer architecture"", ""human computer interaction"", ""computer aided design""]",24301,75,240,3028,26,59,1987,"{""1987"":353,""1988"":406,""1989"":362,""1990"":393,""1991"":456,""1992"":409,""1993"":443,""1994"":493,""1995"":462,""1996"":450,""1997"":384,""1998"":385,""1999"":387,""2000"":348,""2001"":391,""2002"":405,""2003"":484,""2004"":670,""2005"":779,""2006"":687,""2007"":774,""2008"":739,""2009"":776,""2010"":714,""2011"":723,""2012"":796,""2013"":735,""2014"":711,""2015"":717,""2016"":637,""2017"":604,""2018"":668,""2019"":684,""2020"":651,""2021"":589,""2022"":526,""2023"":532,""2024"":530,""2025"":516,""2026"":331}"
David Harel,https://scholar.google.com/citations?user=E20Gzu0AAAAJ,2026-09-28,"Professor of Computer Science, The Weizmann Institute","[""computer science"", ""systems biology""]",49968,81,249,5159,31,105,1987,"{""1987"":186,""1988"":235,""1989"":328,""1990"":410,""1991"":513,""1992"":581,""1993"":766,""1994"":870,""1995"":934,""1996"":1032,""1997"":1043,""1998"":1157,""1999"":1222,""2000"":1371,""2001"":1218,""2002"":1443,""2003"":1566,""2004"":1757,""2005"":1931,""2006"":2012,""2007"":2053,""2008"":2137,""2009"":1960,""2010"":1889,""2011"":1830,""2012"":2011,""2013"":1691,""2014"":1601,""2015"":1511,""2016"":1340,""2017"":1133,""2018"":1159,""2019"":1115,""2020"":916,""2021"":1008,""2022"":850,""2023"":958,""2024"":889,""2025"":845,""2026"":608}"
David Gries,https://scholar.google.com/citations?user=Ormag-QAAAAJ,2026-09-28,"Professor Emeritus (as of 2012), Computer Science, Cornell University","[""Programming methodology"", ""programming languages"", ""CS education""]",14298,43,102,1595,14,20,1987,"{""1987"":238,""1988"":234,""1989"":301,""1990"":311,""1991"":315,""1992"":336,""1993"":287,""1994"":320,""1995"":243,""1996"":320,""1997"":305,""1998"":256,""1999"":235,""2000"":245,""2001"":212,""2002"":247,""2003"":311,""2004"":288,""2005"":347,""2006"":323,""2007"":332,""2008"":331,""2009"":368,""2010"":371,""2011"":324,""2012"":402,""2013"":376,""2014"":316,""2015"":307,""2016"":281,""2017"":255,""2018"":321,""2019"":293,""2020"":251,""2021"":294,""2022"":307,""2023"":283,""2024"":255,""2025"":264,""2026"":192}"
David Lorge Parnas,https://scholar.google.com/citations?user=t8GDoiMAAAAJ,2026-09-28,"Middle Road Software, McMaster University, University of Limerick","[""Software Engineering""]",29891,61,140,2733,19,37,1987,"{""1987"":298,""1988"":357,""1989"":353,""1990"":383,""1991"":396,""1992"":440,""1993"":496,""1994"":533,""1995"":632,""1996"":520,""1997"":507,""1998"":531,""1999"":607,""2000"":639,""2001"":629,""2002"":760,""2003"":794,""2004"":941,""2005"":1058,""2006"":1018,""2007"":1095,""2008"":1077,""2009"":1055,""2010"":1043,""2011"":1056,""2012"":941,""2013"":1022,""2014"":830,""2015"":717,""2016"":684,""2017"":639,""2018"":612,""2019"":594,""2020"":535,""2021"":473,""2022"":461,""2023"":442,""2024"":454,""2025"":459,""2026"":444}"
David Patterson,https://scholar.google.com/citations?user=Wj4ZBFIAAAAJ,2026-09-28,"Professor of Computer Science, UC Berkeley","[""computer systems""]",165074,131,476,46925,68,191,1988,"{""1988"":436,""1989"":400,""1990"":468,""1991"":620,""1992"":676,""1993"":1088,""1994"":1199,""1995"":1366,""1996"":1697,""1997"":1873,""1998"":1974,""1999"":2166,""2000"":2226,""2001"":2074,""2002"":2534,""2003"":2860,""2004"":3151,""2005"":3331,""2006"":3329,""2007"":3658,""2008"":3733,""2009"":4251,""2010"":5083,""2011"":5841,""2012"":6190,""2013"":6769,""2014"":6776,""2015"":6496,""2016"":6307,""2017"":5759,""2018"":6190,""2019"":6797,""2020"":6570,""2021"":6879,""2022"":7093,""2023"":7308,""2024"":7797,""2025"":9288,""2026"":8078}"
Donald E. Knuth,https://scholar.google.com/citations?user=t0yrrzQAAAAJ,2026-09-28,Stanford University,[],146270,106,336,24456,49,137,1987,"{""1987"":1291,""1988"":1346,""1989"":1537,""1990"":1737,""1991"":1811,""1992"":2002,""1993"":2001,""1994"":2031,""1995"":2087,""1996"":2215,""1997"":2234,""1998"":2194,""1999"":2124,""2000"":2380,""2001"":2375,""2002"":2642,""2003"":2960,""2004"":3238,""2005"":3562,""2006"":3676,""2007"":3964,""2008"":3905,""2009"":4022,""2010"":4415,""2011"":4379,""2012"":4428,""2013"":4665,""2014"":4620,""2015"":4231,""2016"":4525,""2017"":4271,""2018"":4261,""2019"":4327,""2020"":4290,""2021"":4107,""2022"":4068,""2023"":3942,""2024"":3957,""2025"":4609,""2026"":3761}"
E. G. Coffman,https://scholar.google.com/citations?user=Fj5sn6QAAAAJ,2026-09-28,Retired,"[""all areas""]",22747,59,172,2415,19,35,1987,"{""1987"":267,""1988"":307,""1989"":313,""1990"":360,""1991"":352,""1992"":360,""1993"":453,""1994"":418,""1995"":470,""1996"":387,""1997"":399,""1998"":409,""1999"":391,""2000"":410,""2001"":478,""2002"":504,""2003"":514,""2004"":617,""2005"":624,""2006"":648,""2007"":633,""2008"":607,""2009"":592,""2010"":669,""2011"":636,""2012"":671,""2013"":637,""2014"":683,""2015"":608,""2016"":615,""2017"":589,""2018"":554,""2019"":503,""2020"":441,""2021"":499,""2022"":447,""2023"":405,""2024"":360,""2025"":428,""2026"":276}"
Frederick P. Brooks,https://scholar.google.com/citations?user=_h65cfgAAAAJ,2026-09-28,"University of North Carolina at Chapel Hill, emeritus","[""Virtual reality"", ""comp. graphics"", ""comp. arch"", ""software eng."", ""design""]",36441,40,61,5066,23,33,1987,"{""1987"":139,""1988"":215,""1989"":244,""1990"":258,""1991"":334,""1992"":431,""1993"":505,""1994"":465,""1995"":526,""1996"":552,""1997"":622,""1998"":675,""1999"":831,""2000"":952,""2001"":900,""2002"":1084,""2003"":1048,""2004"":1250,""2005"":1296,""2006"":1351,""2007"":1357,""2008"":1249,""2009"":1268,""2010"":1264,""2011"":1249,""2012"":1100,""2013"":1223,""2014"":1119,""2015"":996,""2016"":1001,""2017"":943,""2018"":1020,""2019"":1122,""2020"":984,""2021"":957,""2022"":862,""2023"":853,""2024"":790,""2025"":829,""2026"":775}"
Guy L. Steele Jr.,https://scholar.google.com/citations?user=Ur3sFscAAAAJ,2026-09-28,Oracle Labs,"[""computer science"", ""programming languages"", ""compilers"", ""algorithms"", ""computer architecture""]",18962,53,129,1469,19,35,1987,"{""1987"":293,""1988"":444,""1989"":394,""1990"":481,""1991"":566,""1992"":594,""1993"":553,""1994"":641,""1995"":543,""1996"":569,""1997"":488,""1998"":449,""1999"":396,""2000"":366,""2001"":419,""2002"":481,""2003"":468,""2004"":533,""2005"":563,""2006"":552,""2007"":651,""2008"":543,""2009"":551,""2010"":562,""2011"":456,""2012"":537,""2013"":500,""2014"":430,""2015"":401,""2016"":342,""2017"":326,""2018"":334,""2019"":357,""2020"":314,""2021"":293,""2022"":258,""2023"":222,""2024"":255,""2025"":233,""2026"":208}"
Harold Stone,https://scholar.google.com/citations?user=74JdpDAAAAAJ,2026-09-28,"Fellow Emeritus, NEC Research Laboratory","[""Computer Architecture"", ""Optical Interconnections. Image Search and Registration""]",14439,46,103,1285,15,17,1987,"{""1987"":283,""1988"":326,""1989"":359,""1990"":404,""1991"":394,""1992"":423,""1993"":515,""1994"":451,""1995"":419,""1996"":376,""1997"":298,""1998"":296,""1999"":232,""2000"":243,""2001"":232,""2002"":232,""2003"":280,""2004"":294,""2005"":296,""2006"":326,""2007"":317,""2008"":289,""2009"":278,""2010"":324,""2011"":345,""2012"":333,""2013"":370,""2014"":351,""2015"":325,""2016"":313,""2017"":285,""2018"":300,""2019"":256,""2020"":231,""2021"":263,""2022"":249,""2023"":213,""2024"":202,""2025"":208,""2026"":150}"
Jim Gray,https://scholar.google.com/citations?user=Dn4kkYUAAAAJ,2026-09-28,"IBM, Tandem, DEC, Microsoft","[""databases""]",63194,82,172,6563,35,68,1987,"{""1987"":400,""1988"":470,""1989"":418,""1990"":522,""1991"":514,""1992"":674,""1993"":779,""1994"":727,""1995"":809,""1996"":732,""1997"":923,""1998"":828,""1999"":987,""2000"":1040,""2001"":1015,""2002"":1269,""2003"":1458,""2004"":1745,""2005"":2172,""2006"":2438,""2007"":2715,""2008"":3233,""2009"":3154,""2010"":2925,""2011"":2850,""2012"":2667,""2013"":2502,""2014"":2416,""2015"":2175,""2016"":1894,""2017"":1719,""2018"":1684,""2019"":1468,""2020"":1244,""2021"":1262,""2022"":1179,""2023"":1021,""2024"":999,""2025"":1158,""2026"":944}"
John Hopcroft,https://scholar.google.com/citations?user=4Z6vo5QAAAAJ,2026-09-28,Cornell University,[],88658,92,219,15619,44,111,1987,"{""1987"":1013,""1988"":1380,""1989"":1386,""1990"":1550,""1991"":1601,""1992"":1687,""1993"":1604,""1994"":1598,""1995"":1622,""1996"":1526,""1997"":1477,""1998"":1466,""1999"":1436,""2000"":1376,""2001"":1440,""2002"":1606,""2003"":1757,""2004"":1869,""2005"":2045,""2006"":2093,""2007"":2223,""2008"":2200,""2009"":2311,""2010"":2198,""2011"":2138,""2012"":2273,""2013"":2396,""2014"":2243,""2015"":2109,""2016"":2184,""2017"":2246,""2018"":2422,""2019"":2404,""2020"":2364,""2021"":2566,""2022"":2626,""2023"":2726,""2024"":2710,""2025"":2820,""2026"":2169}"
John Ousterhout,https://scholar.google.com/citations?user=nDH-AqwAAAAJ,2026-09-28,"Professor of Computer Science, Stanford University","[""Operating systems"", ""storage systems"", ""distributed systems"", ""datacenter computing"", ""Web applications""]",34481,62,116,6432,28,45,1987,"{""1987"":241,""1988"":302,""1989"":371,""1990"":399,""1991"":488,""1992"":508,""1993"":771,""1994"":928,""1995"":1104,""1996"":1216,""1997"":1170,""1998"":992,""1999"":981,""2000"":865,""2001"":750,""2002"":745,""2003"":747,""2004"":705,""2005"":679,""2006"":656,""2007"":798,""2008"":703,""2009"":749,""2010"":847,""2011"":828,""2012"":886,""2013"":819,""2014"":765,""2015"":880,""2016"":871,""2017"":941,""2018"":923,""2019"":1038,""2020"":1102,""2021"":1139,""2022"":1114,""2023"":1053,""2024"":1067,""2025"":1162,""2026"":897}"
J. F. Traub,https://scholar.google.com/citations?user=b31g8hsAAAAJ,2026-09-28,"Edwin Howard Armstrong Professor of Computer Science, Columbia University","[""Theoretical computer science"", ""Information-Based Complexity"", ""Quantum Computing"", ""Financial Computation"", ""Scientific Computation""]",14459,43,98,2420,16,25,1987,"{""1987"":131,""1988"":149,""1989"":130,""1990"":148,""1991"":116,""1992"":128,""1993"":166,""1994"":176,""1995"":178,""1996"":224,""1997"":192,""1998"":231,""1999"":166,""2000"":255,""2001"":246,""2002"":252,""2003"":268,""2004"":263,""2005"":284,""2006"":319,""2007"":376,""2008"":319,""2009"":368,""2010"":356,""2011"":486,""2012"":459,""2013"":524,""2014"":564,""2015"":498,""2016"":451,""2017"":453,""2018"":429,""2019"":435,""2020"":397,""2021"":405,""2022"":453,""2023"":391,""2024"":413,""2025"":429,""2026"":329}"
Lotfi A. Zadeh,https://scholar.google.com/citations?user=S6H-0RAAAAAJ,2026-09-28,"Professor Emeritus, EECS, UC Berkeley","[""Fuzzy Logic"", ""Soft Computing"", ""Artificial Intelligence"", ""Human-Level Machine Intelligence""]",299133,114,422,72080,58,159,1987,"{""1987"":922,""1988"":1366,""1989"":1136,""1990"":1382,""1991"":1562,""1992"":2108,""1993"":2224,""1994"":2542,""1995"":2707,""1996"":2845,""1997"":2633,""1998"":3040,""1999"":3328,""2000"":3467,""2001"":3952,""2002"":4020,""2003"":4311,""2004"":5033,""2005"":5528,""2006"":6379,""2007"":7118,""2008"":7818,""2009"":8844,""2010"":9198,""2011"":10036,""2012"":11063,""2013"":11869,""2014"":11771,""2015"":12080,""2016"":11917,""2017"":11596,""2018"":12720,""2019"":12585,""2020"":12802,""2021"":13504,""2022"":13496,""2023"":12603,""2024"":12123,""2025"":12379,""2026"":7973}"
Paul McJones,https://scholar.google.com/citations?user=cca4DoCsQjAJ,2026-09-28,Retired,"[""History of software""]",3353,10,10,220,4,4,1987,"{""1987"":100,""1988"":107,""1989"":114,""1990"":90,""1991"":87,""1992"":84,""1993"":79,""1994"":66,""1995"":45,""1996"":37,""1997"":64,""1998"":48,""1999"":44,""2000"":48,""2001"":44,""2002"":45,""2003"":50,""2004"":44,""2005"":63,""2006"":53,""2007"":50,""2008"":81,""2009"":74,""2010"":109,""2011"":98,""2012"":94,""2013"":84,""2014"":91,""2015"":60,""2016"":51,""2017"":52,""2018"":115,""2019"":46,""2020"":49,""2021"":42,""2022"":38,""2023"":39,""2024"":36,""2025"":38,""2026"":27}"
Peter J Denning,https://scholar.google.com/citations?user=-W3wvGkAAAAJ,2026-09-28,"Distinguished Professor, Naval Postgraduate School","[""operating systems"", ""science of computing"", ""innovation process"", ""technology transfer""]",36237,83,294,6795,37,97,1987,"{""1987"":231,""1988"":309,""1989"":339,""1990"":347,""1991"":368,""1992"":363,""1993"":337,""1994"":345,""1995"":352,""1996"":395,""1997"":401,""1998"":447,""1999"":489,""2000"":542,""2001"":558,""2002"":609,""2003"":671,""2004"":727,""2005"":744,""2006"":859,""2007"":897,""2008"":907,""2009"":994,""2010"":1017,""2011"":1011,""2012"":1156,""2013"":1142,""2014"":1159,""2015"":1104,""2016"":1054,""2017"":1078,""2018"":1197,""2019"":1126,""2020"":1142,""2021"":1270,""2022"":1231,""2023"":1206,""2024"":1139,""2025"":1164,""2026"":770}"
Richard M. Karp,https://scholar.google.com/citations?user=bYp8FsAAAAAJ,2026-09-28,"University of California, Berkeley",[],100614,112,242,16549,48,106,1987,"{""1987"":470,""1988"":559,""1989"":684,""1990"":714,""1991"":803,""1992"":917,""1993"":1071,""1994"":1128,""1995"":1199,""1996"":1261,""1997"":1165,""1998"":1222,""1999"":1195,""2000"":1191,""2001"":1216,""2002"":1554,""2003"":2358,""2004"":3204,""2005"":3543,""2006"":3643,""2007"":3849,""2008"":3817,""2009"":3907,""2010"":3832,""2011"":3612,""2012"":3447,""2013"":3759,""2014"":3369,""2015"":3278,""2016"":3294,""2017"":3129,""2018"":3131,""2019"":3091,""2020"":2892,""2021"":2770,""2022"":2890,""2023"":2723,""2024"":2729,""2025"":2936,""2026"":2500}"
Robert Tarjan,https://scholar.google.com/citations?user=lazJixIAAAAJ,2026-09-28,"Professor of Computer Science, Princeton University","[""data structures"", ""graph algorithms"", ""analysis of algorithms""]",103349,124,333,17693,63,189,1987,"{""1987"":752,""1988"":1103,""1989"":1209,""1990"":1353,""1991"":1489,""1992"":1683,""1993"":1655,""1994"":1665,""1995"":1761,""1996"":1734,""1997"":1773,""1998"":1790,""1999"":1635,""2000"":1660,""2001"":1606,""2002"":1691,""2003"":2075,""2004"":2123,""2005"":2733,""2006"":2675,""2007"":2933,""2008"":3071,""2009"":2936,""2010"":3163,""2011"":3100,""2012"":3375,""2013"":3620,""2014"":3443,""2015"":3421,""2016"":3430,""2017"":3288,""2018"":3522,""2019"":3222,""2020"":3107,""2021"":3062,""2022"":2929,""2023"":2901,""2024"":2862,""2025"":3227,""2026"":2704}"
Ronald L. Rivest,https://scholar.google.com/citations?user=6qE0tdAAAAAJ,2026-09-28,MIT Institute Professor,"[""algorithms"", ""cryptography"", ""voting""]",185397,111,383,37411,54,174,1990,"{""1990"":572,""1991"":683,""1992"":770,""1993"":1103,""1994"":1300,""1995"":1451,""1996"":1770,""1997"":1861,""1998"":2397,""1999"":2555,""2000"":2765,""2001"":2902,""2002"":3550,""2003"":4299,""2004"":5032,""2005"":5955,""2006"":6452,""2007"":6753,""2008"":6890,""2009"":7182,""2010"":7124,""2011"":6915,""2012"":6956,""2013"":7250,""2014"":7180,""2015"":6767,""2016"":6772,""2017"":6737,""2018"":6821,""2019"":6698,""2020"":6610,""2021"":6595,""2022"":6353,""2023"":6140,""2024"":6533,""2025"":7058,""2026"":4712}"
Ronald Kaplan,https://scholar.google.com/citations?user=HaahwTYAAAAJ,2026-09-28,Stanford University,"[""Natural language"", ""linguistics"", ""computational linguistics"", ""artificial intelligence""]",15286,53,105,1530,17,26,1987,"{""1987"":155,""1988"":198,""1989"":190,""1990"":233,""1991"":177,""1992"":221,""1993"":210,""1994"":223,""1995"":268,""1996"":277,""1997"":247,""1998"":294,""1999"":351,""2000"":282,""2001"":330,""2002"":386,""2003"":477,""2004"":492,""2005"":465,""2006"":572,""2007"":575,""2008"":410,""2009"":493,""2010"":562,""2011"":503,""2012"":485,""2013"":499,""2014"":501,""2015"":389,""2016"":368,""2017"":521,""2018"":355,""2019"":357,""2020"":335,""2021"":336,""2022"":286,""2023"":351,""2024"":196,""2025"":240,""2026"":121}"
Susan Owicki,https://scholar.google.com/citations?user=xWp3mKYAAAAJ,2026-09-28,Unknown affiliation,[],9056,30,43,850,14,16,1987,"{""1987"":128,""1988"":153,""1989"":150,""1990"":145,""1991"":158,""1992"":176,""1993"":127,""1994"":204,""1995"":180,""1996"":180,""1997"":185,""1998"":207,""1999"":177,""2000"":168,""2001"":185,""2002"":206,""2003"":247,""2004"":212,""2005"":270,""2006"":251,""2007"":237,""2008"":209,""2009"":233,""2010"":250,""2011"":237,""2012"":255,""2013"":305,""2014"":304,""2015"":285,""2016"":223,""2017"":245,""2018"":228,""2019"":268,""2020"":252,""2021"":169,""2022"":187,""2023"":132,""2024"":143,""2025"":117,""2026"":102}"
Allen Newell,https://scholar.google.com/citations?user=5WfqzjkAAAAJ,2026-09-28,"Professor of Computer Science, Carnegie Mellon","[""Artificial Intelligence""]",110568,90,189,15276,32,65,1987,"{""1987"":1559,""1988"":1759,""1989"":1542,""1990"":1884,""1991"":1969,""1992"":2436,""1993"":2414,""1994"":2156,""1995"":2050,""1996"":1976,""1997"":1910,""1998"":1963,""1999"":1931,""2000"":1884,""2001"":2026,""2002"":2146,""2003"":2452,""2004"":2310,""2005"":2459,""2006"":2789,""2007"":2649,""2008"":2642,""2009"":2657,""2010"":2499,""2011"":2732,""2012"":3022,""2013"":3800,""2014"":3578,""2015"":2602,""2016"":2552,""2017"":2501,""2018"":2557,""2019"":2714,""2020"":2457,""2021"":2403,""2022"":2338,""2023"":2472,""2024"":2619,""2025"":3023,""2026"":2421}"
Robert Metcalfe,https://scholar.google.com/citations?user=EKGzIBYAAAAJ,2026-09-28,The University of Texas at Austin,"[""Innovation and Entrepreneurship"", ""Internet""]",7195,24,36,755,9,9,1987,"{""1987"":165,""1988"":173,""1989"":130,""1990"":129,""1991"":100,""1992"":99,""1993"":102,""1994"":103,""1995"":83,""1996"":70,""1997"":98,""1998"":116,""1999"":115,""2000"":132,""2001"":138,""2002"":118,""2003"":131,""2004"":163,""2005"":165,""2006"":169,""2007"":193,""2008"":172,""2009"":169,""2010"":209,""2011"":152,""2012"":173,""2013"":214,""2014"":142,""2015"":128,""2016"":132,""2017"":140,""2018"":150,""2019"":152,""2020"":149,""2021"":138,""2022"":120,""2023"":120,""2024"":135,""2025"":122,""2026"":120}"
Douglas Engelbart,https://scholar.google.com/citations?user=AS8m_l4AAAAJ,2026-09-28,"SRI, Bootstrap Institute","[""human-computer interaction"", ""interactive computing""]",5268,26,31,541,11,12,1987,"{""1987"":51,""1988"":80,""1989"":108,""1990"":87,""1991"":176,""1992"":118,""1993"":121,""1994"":111,""1995"":116,""1996"":120,""1997"":113,""1998"":106,""1999"":125,""2000"":115,""2001"":120,""2002"":167,""2003"":101,""2004"":160,""2005"":128,""2006"":151,""2007"":137,""2008"":139,""2009"":122,""2010"":142,""2011"":124,""2012"":145,""2013"":138,""2014"":153,""2015"":121,""2016"":100,""2017"":119,""2018"":131,""2019"":110,""2020"":97,""2021"":86,""2022"":95,""2023"":103,""2024"":106,""2025"":85,""2026"":64}"
Dennis Ritchie,https://scholar.google.com/citations?user=w1WB5d0AAAAJ,2026-09-28,Bell Labs,"[""Operating Systems"", ""Programming Languages""]",6544,21,23,628,9,9,1987,"{""1987"":131,""1988"":124,""1989"":108,""1990"":113,""1991"":96,""1992"":95,""1993"":113,""1994"":104,""1995"":93,""1996"":113,""1997"":123,""1998"":108,""1999"":126,""2000"":112,""2001"":139,""2002"":115,""2003"":141,""2004"":123,""2005"":156,""2006"":170,""2007"":156,""2008"":151,""2009"":154,""2010"":123,""2011"":151,""2012"":153,""2013"":160,""2014"":121,""2015"":111,""2016"":132,""2017"":104,""2018"":105,""2019"":133,""2020"":90,""2021"":90,""2022"":106,""2023"":98,""2024"":108,""2025"":112,""2026"":114}"
James Hardy Wilkinson,https://scholar.google.com/citations?user=cwbbYp8AAAAJ,2026-09-28,National Physical Laboratory (deceased),"[""Numerical Linear Algebra""]",26865,55,99,2231,20,31,1987,"{""1987"":416,""1988"":452,""1989"":484,""1990"":527,""1991"":522,""1992"":506,""1993"":584,""1994"":554,""1995"":474,""1996"":464,""1997"":507,""1998"":474,""1999"":432,""2000"":579,""2001"":399,""2002"":482,""2003"":470,""2004"":427,""2005"":562,""2006"":629,""2007"":535,""2008"":461,""2009"":426,""2010"":493,""2011"":554,""2012"":577,""2013"":661,""2014"":543,""2015"":494,""2016"":410,""2017"":486,""2018"":494,""2019"":448,""2020"":435,""2021"":354,""2022"":428,""2023"":385,""2024"":367,""2025"":398,""2026"":299}"
Marvin L. Minsky,https://scholar.google.com/citations?user=g_7VKegAAAAJ,2026-09-28,MIT,"[""Artificial Intelligence"", ""Cognitive Psychology""]",90391,69,157,25732,35,80,1987,"{""1987"":743,""1988"":1003,""1989"":985,""1990"":1283,""1991"":1255,""1992"":1227,""1993"":1375,""1994"":1304,""1995"":1210,""1996"":1154,""1997"":1034,""1998"":1128,""1999"":1067,""2000"":1196,""2001"":1224,""2002"":1401,""2003"":1443,""2004"":1477,""2005"":1771,""2006"":1786,""2007"":1904,""2008"":1840,""2009"":1915,""2010"":1829,""2011"":1857,""2012"":2123,""2013"":2366,""2014"":2237,""2015"":2006,""2016"":2109,""2017"":2229,""2018"":2514,""2019"":2867,""2020"":3140,""2021"":3483,""2022"":3576,""2023"":4069,""2024"":5173,""2025"":5732,""2026"":3698}"
Charles H. Bennett,https://scholar.google.com/citations?user=mkjGmJEAAAAJ,2026-09-28,"Fellow, IBM Research Division","[""physics of information""]",128032,72,147,37353,44,78,1994,"{""1994"":433,""1995"":441,""1996"":728,""1997"":827,""1998"":1300,""1999"":1248,""2000"":1855,""2001"":2210,""2002"":2698,""2003"":2619,""2004"":3100,""2005"":3669,""2006"":3891,""2007"":3891,""2008"":4480,""2009"":4137,""2010"":4060,""2011"":4045,""2012"":4271,""2013"":4586,""2014"":4596,""2015"":4403,""2016"":4720,""2017"":4332,""2018"":4655,""2019"":4920,""2020"":4954,""2021"":5400,""2022"":5632,""2023"":5686,""2024"":6274,""2025"":7807,""2026"":6554}"
Gilles Brassard,https://scholar.google.com/citations?user=Rh7_srgAAAAJ,2026-09-28,"Professor of computer science, Université de Montréal","[""quantum information"", ""cryptography"", ""foundations of physics""]",84911,71,137,28657,40,81,1994,"{""1994"":272,""1995"":343,""1996"":479,""1997"":586,""1998"":918,""1999"":788,""2000"":1134,""2001"":1295,""2002"":1573,""2003"":1598,""2004"":1846,""2005"":2269,""2006"":2462,""2007"":2447,""2008"":2680,""2009"":2680,""2010"":2555,""2011"":2486,""2012"":2522,""2013"":2730,""2014"":2775,""2015"":2696,""2016"":2861,""2017"":2760,""2018"":2917,""2019"":3275,""2020"":3444,""2021"":3755,""2022"":4021,""2023"":4285,""2024"":5026,""2025"":6489,""2026"":5053}"
Andrew Barto,https://scholar.google.com/citations?user=CMIgrCgAAAAJ,2026-09-28,University of Massachusetts Amherst,"[""Reinforcement learning""]",158027,98,226,75923,61,140,1990,"{""1990"":395,""1991"":474,""1992"":537,""1993"":514,""1994"":638,""1995"":634,""1996"":586,""1997"":755,""1998"":825,""1999"":874,""2000"":975,""2001"":1270,""2002"":1331,""2003"":1478,""2004"":1808,""2005"":2183,""2006"":2307,""2007"":2727,""2008"":2936,""2009"":2951,""2010"":3221,""2011"":3345,""2012"":3483,""2013"":3621,""2014"":3714,""2015"":3392,""2016"":3878,""2017"":4391,""2018"":6033,""2019"":8075,""2020"":9764,""2021"":11289,""2022"":11984,""2023"":12908,""2024"":13285,""2025"":14862,""2026"":11595}"
Richard S. Sutton,https://scholar.google.com/citations?user=6m4wv6gAAAAJ,2026-09-28,"Keen, Amii, and University of Alberta","[""artificial intelligence"", ""reinforcement learning"", ""machine learning"", ""cognitive science"", ""computer science""]",192731,102,259,97233,67,185,1991,"{""1991"":591,""1992"":644,""1993"":688,""1994"":922,""1995"":842,""1996"":822,""1997"":971,""1998"":1134,""1999"":1118,""2000"":1220,""2001"":1383,""2002"":1685,""2003"":1800,""2004"":2153,""2005"":2500,""2006"":2569,""2007"":3093,""2008"":3020,""2009"":3153,""2010"":3326,""2011"":3542,""2012"":3669,""2013"":3792,""2014"":3864,""2015"":3714,""2016"":4267,""2017"":5085,""2018"":7525,""2019"":10051,""2020"":12452,""2021"":14104,""2022"":15302,""2023"":16450,""2024"":17010,""2025"":18854,""2026"":15489}"
Lawrence Paulson,https://scholar.google.com/citations?user=x4toSGEAAAAJ,2026-09-28,University of Cambridge,"[""computational logic"", ""formalisation of mathematics"", ""formal verification""]",23632,60,146,4602,26,60,1988,"{""1988"":83,""1989"":78,""1990"":107,""1991"":112,""1992"":158,""1993"":224,""1994"":327,""1995"":267,""1996"":346,""1997"":322,""1998"":474,""1999"":517,""2000"":457,""2001"":614,""2002"":590,""2003"":722,""2004"":621,""2005"":763,""2006"":770,""2007"":887,""2008"":928,""2009"":807,""2010"":794,""2011"":613,""2012"":777,""2013"":834,""2014"":776,""2015"":750,""2016"":738,""2017"":700,""2018"":757,""2019"":883,""2020"":693,""2021"":686,""2022"":665,""2023"":734,""2024"":859,""2025"":880,""2026"":778}"
Simon Lam,https://scholar.google.com/citations?user=0XV1sFsAAAAJ,2026-09-29,University of Texas at Austin,"[""Computer network protocol design"", ""Internet security services"", ""protocol verification"", ""performance analysis""]",14783,55,137,786,13,17,1987,"{""1987"":149,""1988"":221,""1989"":240,""1990"":232,""1991"":266,""1992"":220,""1993"":190,""1994"":201,""1995"":189,""1996"":285,""1997"":305,""1998"":298,""1999"":285,""2000"":319,""2001"":311,""2002"":484,""2003"":560,""2004"":636,""2005"":773,""2006"":679,""2007"":759,""2008"":702,""2009"":545,""2010"":547,""2011"":431,""2012"":508,""2013"":406,""2014"":371,""2015"":273,""2016"":277,""2017"":218,""2018"":215,""2019"":206,""2020"":237,""2021"":169,""2022"":143,""2023"":139,""2024"":147,""2025"":104,""2026"":84}"
Glenn Ricart,https://scholar.google.com/citations?user=1gWf6F0AAAAJ,2026-09-29,"Adjunct Professor, U of Utah","[""Distributed algorithms""]",3600,18,27,1398,8,6,1987,"{""1987"":26,""1988"":26,""1989"":36,""1990"":22,""1991"":35,""1992"":37,""1993"":38,""1994"":43,""1995"":40,""1996"":35,""1997"":38,""1998"":28,""1999"":17,""2000"":31,""2001"":19,""2002"":24,""2003"":33,""2004"":58,""2005"":83,""2006"":69,""2007"":86,""2008"":68,""2009"":79,""2010"":83,""2011"":85,""2012"":103,""2013"":116,""2014"":111,""2015"":96,""2016"":106,""2017"":78,""2018"":86,""2019"":89,""2020"":152,""2021"":233,""2022"":216,""2023"":250,""2024"":230,""2025"":288,""2026"":181}"
Neil Jones,https://scholar.google.com/citations?user=2ADsKV4AAAAJ,2026-09-29,Unknown affiliation,[],14665,55,113,1725,19,34,1987,"{""1987"":105,""1988"":175,""1989"":141,""1990"":191,""1991"":270,""1992"":293,""1993"":301,""1994"":319,""1995"":306,""1996"":378,""1997"":406,""1998"":401,""1999"":391,""2000"":360,""2001"":344,""2002"":429,""2003"":370,""2004"":422,""2005"":550,""2006"":409,""2007"":467,""2008"":447,""2009"":453,""2010"":397,""2011"":435,""2012"":527,""2013"":435,""2014"":413,""2015"":329,""2016"":353,""2017"":386,""2018"":283,""2019"":332,""2020"":276,""2021"":285,""2022"":326,""2023"":291,""2024"":263,""2025"":345,""2026"":215}"
Dorothy Denning,https://scholar.google.com/citations?user=4nX0ljsAAAAJ,2026-09-29,"Professor of Defense Analysis, Naval Postgraduate School","[""computers"", ""security""]",25576,54,115,4083,26,44,1987,"{""1987"":108,""1988"":153,""1989"":149,""1990"":215,""1991"":217,""1992"":190,""1993"":150,""1994"":176,""1995"":228,""1996"":212,""1997"":224,""1998"":235,""1999"":328,""2000"":375,""2001"":486,""2002"":592,""2003"":690,""2004"":793,""2005"":904,""2006"":889,""2007"":969,""2008"":880,""2009"":932,""2010"":954,""2011"":868,""2012"":959,""2013"":982,""2014"":1055,""2015"":1038,""2016"":1049,""2017"":873,""2018"":856,""2019"":864,""2020"":808,""2021"":774,""2022"":725,""2023"":651,""2024"":653,""2025"":685,""2026"":595}"
rodney brooks,https://scholar.google.com/citations?user=BCGgwlEAAAAJ,2026-09-29,"Professor of Computer Science, MIT","[""artificial intelligence"", ""robotics"", ""computer vision""]",58623,71,167,7073,28,62,1987,"{""1987"":450,""1988"":617,""1989"":693,""1990"":735,""1991"":850,""1992"":1083,""1993"":1212,""1994"":1472,""1995"":1438,""1996"":1311,""1997"":1545,""1998"":1740,""1999"":1697,""2000"":1539,""2001"":1961,""2002"":1683,""2003"":1941,""2004"":2061,""2005"":1953,""2006"":1918,""2007"":2111,""2008"":1951,""2009"":1741,""2010"":1657,""2011"":1546,""2012"":1475,""2013"":1565,""2014"":1386,""2015"":1231,""2016"":1268,""2017"":1219,""2018"":1322,""2019"":1343,""2020"":1368,""2021"":1259,""2022"":1285,""2023"":1178,""2024"":1147,""2025"":1276,""2026"":925}"
Vishwani Agrawal,https://scholar.google.com/citations?user=C_m6dhIAAAAJ,2026-09-28,professor of electrical engineering,"[""vlsi testing"", ""low power design""]",17200,61,280,1683,18,36,1987,"{""1987"":95,""1988"":197,""1989"":226,""1990"":299,""1991"":373,""1992"":313,""1993"":463,""1994"":404,""1995"":618,""1996"":584,""1997"":429,""1998"":496,""1999"":335,""2000"":348,""2001"":356,""2002"":446,""2003"":490,""2004"":517,""2005"":575,""2006"":601,""2007"":495,""2008"":542,""2009"":463,""2010"":476,""2011"":522,""2012"":568,""2013"":505,""2014"":483,""2015"":483,""2016"":442,""2017"":369,""2018"":419,""2019"":330,""2020"":316,""2021"":373,""2022"":278,""2023"":295,""2024"":336,""2025"":255,""2026"":146}"
Dharma Agrawal,https://scholar.google.com/citations?user=Cky-RdoAAAAJ,2026-09-29,Professor of Electrical Engineering and Computing Systems,"[""Wireless network"", ""sensor networks"", ""Ad-hoc networks"", ""Mobile computing""]",35171,80,394,4728,29,77,1987,"{""1987"":147,""1988"":152,""1989"":214,""1990"":196,""1991"":268,""1992"":253,""1993"":242,""1994"":277,""1995"":287,""1996"":262,""1997"":216,""1998"":189,""1999"":147,""2000"":203,""2001"":217,""2002"":235,""2003"":414,""2004"":642,""2005"":908,""2006"":1194,""2007"":1406,""2008"":1457,""2009"":1630,""2010"":1955,""2011"":1835,""2012"":1818,""2013"":1959,""2014"":1942,""2015"":1814,""2016"":1653,""2017"":1389,""2018"":1499,""2019"":1355,""2020"":1226,""2021"":1094,""2022"":1069,""2023"":831,""2024"":798,""2025"":632,""2026"":301}"
Laxmi Bhuyan,https://scholar.google.com/citations?user=EITmT94AAAAJ,2026-09-29,"University of California, Riverside","[""Computer Architecture"", ""HPC""]",8734,44,159,1575,22,35,1987,"{""1987"":72,""1988"":88,""1989"":121,""1990"":132,""1991"":180,""1992"":196,""1993"":201,""1994"":210,""1995"":201,""1996"":192,""1997"":152,""1998"":122,""1999"":111,""2000"":123,""2001"":94,""2002"":114,""2003"":94,""2004"":125,""2005"":185,""2006"":209,""2007"":251,""2008"":228,""2009"":270,""2010"":293,""2011"":356,""2012"":331,""2013"":281,""2014"":279,""2015"":309,""2016"":292,""2017"":317,""2018"":274,""2019"":285,""2020"":278,""2021"":354,""2022"":277,""2023"":252,""2024"":251,""2025"":261,""2026"":180}"
Paola Inverardi,https://scholar.google.com/citations?user=FxKiXx0AAAAJ,2026-09-27,"Professor of computer science, Gran Sasso Science Institute",[],11620,48,176,2195,21,46,1994,"{""1994"":38,""1995"":44,""1996"":62,""1997"":50,""1998"":94,""1999"":82,""2000"":86,""2001"":125,""2002"":154,""2003"":213,""2004"":223,""2005"":289,""2006"":383,""2007"":308,""2008"":444,""2009"":346,""2010"":493,""2011"":603,""2012"":564,""2013"":626,""2014"":629,""2015"":544,""2016"":462,""2017"":488,""2018"":578,""2019"":533,""2020"":460,""2021"":407,""2022"":337,""2023"":315,""2024"":366,""2025"":407,""2026"":351}"
Gerhard Fischer,https://scholar.google.com/citations?user=NJSK64sAAAAJ,2026-09-29,"Professor of Computer Science, University of Colorado, Boulder","[""Human Computer Interaction"", ""Learning Sciences"", ""Design"", ""Technology Enhanced Education""]",27178,83,257,4531,33,81,1987,"{""1987"":103,""1988"":88,""1989"":119,""1990"":196,""1991"":308,""1992"":297,""1993"":376,""1994"":384,""1995"":512,""1996"":352,""1997"":289,""1998"":374,""1999"":398,""2000"":434,""2001"":393,""2002"":496,""2003"":496,""2004"":700,""2005"":892,""2006"":825,""2007"":831,""2008"":845,""2009"":957,""2010"":1003,""2011"":1005,""2012"":1056,""2013"":1224,""2014"":946,""2015"":962,""2016"":1012,""2017"":943,""2018"":879,""2019"":857,""2020"":833,""2021"":808,""2022"":833,""2023"":796,""2024"":785,""2025"":722,""2026"":581}"
Barbara G. Ryder,https://scholar.google.com/citations?user=OdWimfcAAAAJ,2026-09-29,"Emerita Professor of Computer Science, J Byron Maupin Emerita Professor of Engineering, Virginia","[""programming languages"", ""software engineering""]",12585,57,121,2149,23,48,1988,"{""1988"":42,""1989"":55,""1990"":80,""1991"":68,""1992"":104,""1993"":121,""1994"":211,""1995"":192,""1996"":222,""1997"":187,""1998"":247,""1999"":268,""2000"":227,""2001"":231,""2002"":253,""2003"":313,""2004"":304,""2005"":429,""2006"":405,""2007"":543,""2008"":410,""2009"":454,""2010"":432,""2011"":447,""2012"":462,""2013"":436,""2014"":401,""2015"":403,""2016"":410,""2017"":419,""2018"":414,""2019"":421,""2020"":421,""2021"":415,""2022"":406,""2023"":415,""2024"":358,""2025"":369,""2026"":186}"
Hong Mei,https://scholar.google.com/citations?user=QMIdsa8AAAAJ,2026-09-29,Peking University,"[""Software Engineering"", ""System Software"", ""Data Analytics""]",19025,71,301,4546,33,94,2001,"{""2001"":62,""2002"":119,""2003"":193,""2004"":241,""2005"":399,""2006"":547,""2007"":549,""2008"":715,""2009"":774,""2010"":897,""2011"":964,""2012"":1040,""2013"":1167,""2014"":1045,""2015"":996,""2016"":1106,""2017"":816,""2018"":885,""2019"":920,""2020"":823,""2021"":851,""2022"":863,""2023"":834,""2024"":698,""2025"":772,""2026"":526}"
David M. Mount,https://scholar.google.com/citations?user=QNkNlu4AAAAJ,2026-09-29,Professor,"[""Computational geometry""]",23446,44,127,5640,23,51,1993,"{""1993"":63,""1994"":64,""1995"":98,""1996"":91,""1997"":108,""1998"":133,""1999"":166,""2000"":209,""2001"":241,""2002"":261,""2003"":322,""2004"":426,""2005"":449,""2006"":578,""2007"":649,""2008"":739,""2009"":851,""2010"":945,""2011"":976,""2012"":947,""2013"":1017,""2014"":1032,""2015"":1061,""2016"":1074,""2017"":1216,""2018"":1212,""2019"":1248,""2020"":1090,""2021"":1125,""2022"":1000,""2023"":936,""2024"":956,""2025"":948,""2026"":674}"
Usama Fayyad,https://scholar.google.com/citations?user=RlpTB_UAAAAJ,2026-09-29,CEO of Open Insights,"[""Data Science"", ""AI"", ""Machine Learning"", ""Data Mining"", ""Databases""]",50462,69,129,7768,28,54,1995,"{""1995"":223,""1996"":363,""1997"":650,""1998"":846,""1999"":990,""2000"":1084,""2001"":1113,""2002"":1468,""2003"":1593,""2004"":1551,""2005"":1741,""2006"":1769,""2007"":1693,""2008"":1742,""2009"":1929,""2010"":1837,""2011"":1943,""2012"":2098,""2013"":2211,""2014"":2178,""2015"":2152,""2016"":2175,""2017"":2035,""2018"":2089,""2019"":2231,""2020"":1899,""2021"":1723,""2022"":1658,""2023"":1447,""2024"":1167,""2025"":1097,""2026"":674}"
Athina Markopoulou,https://scholar.google.com/citations?user=WIXl6-gAAAAJ,2026-09-29,"Professor, EECS, UC Irvine","[""Computer Networks"", ""Network Measurement"", ""Privacy"", ""Mobile"", ""IoT""]",10066,48,117,2499,26,55,2003,"{""2003"":52,""2004"":90,""2005"":107,""2006"":157,""2007"":178,""2008"":185,""2009"":240,""2010"":341,""2011"":464,""2012"":606,""2013"":711,""2014"":723,""2015"":715,""2016"":703,""2017"":571,""2018"":594,""2019"":529,""2020"":485,""2021"":422,""2022"":467,""2023"":395,""2024"":394,""2025"":480,""2026"":333}"
Kurt Akeley,https://scholar.google.com/citations?user=fag2MKIAAAAJ,2026-09-29,Google,"[""computer graphics"", ""computational imaging"", ""machine learning""]",12647,46,82,3043,24,39,1991,"{""1991"":62,""1992"":50,""1993"":37,""1994"":71,""1995"":79,""1996"":104,""1997"":102,""1998"":130,""1999"":141,""2000"":157,""2001"":179,""2002"":165,""2003"":197,""2004"":269,""2005"":285,""2006"":252,""2007"":283,""2008"":255,""2009"":294,""2010"":437,""2011"":405,""2012"":453,""2013"":418,""2014"":439,""2015"":503,""2016"":557,""2017"":630,""2018"":608,""2019"":975,""2020"":761,""2021"":632,""2022"":754,""2023"":392,""2024"":500,""2025"":470,""2026"":295}"
Dave Kasik,https://scholar.google.com/citations?user=j2vMBDgAAAAJ,2026-09-29,"Senior Technical Fellow, Boeing","[""Computer Graphics"", ""Visualization"", ""User Interface Software"", ""Interactive Techniques""]",1426,18,28,282,8,7,1987,"{""1987"":40,""1988"":39,""1989"":31,""1990"":27,""1991"":14,""1992"":17,""1993"":13,""1994"":10,""1995"":12,""1996"":11,""1997"":4,""1998"":4,""1999"":8,""2000"":8,""2001"":11,""2002"":16,""2003"":12,""2004"":19,""2005"":21,""2006"":18,""2007"":26,""2008"":28,""2009"":43,""2010"":51,""2011"":47,""2012"":49,""2013"":58,""2014"":54,""2015"":69,""2016"":58,""2017"":63,""2018"":41,""2019"":57,""2020"":55,""2021"":43,""2022"":48,""2023"":40,""2024"":61,""2025"":54,""2026"":34}"
Richard DeMillo,https://scholar.google.com/citations?user=kK3b1SAAAAAJ,2026-09-28,"Professor of Computing, Georgia Institute of Technology","[""computer science"", ""cybersecurity"", ""education"", ""algorithms"", ""mathematics""]",14851,37,63,2455,19,25,1987,"{""1987"":64,""1988"":99,""1989"":123,""1990"":160,""1991"":213,""1992"":148,""1993"":233,""1994"":163,""1995"":185,""1996"":215,""1997"":180,""1998"":219,""1999"":202,""2000"":203,""2001"":239,""2002"":235,""2003"":260,""2004"":373,""2005"":340,""2006"":444,""2007"":407,""2008"":480,""2009"":417,""2010"":536,""2011"":568,""2012"":540,""2013"":588,""2014"":602,""2015"":561,""2016"":579,""2017"":531,""2018"":492,""2019"":520,""2020"":452,""2021"":459,""2022"":450,""2023"":398,""2024"":419,""2025"":406,""2026"":323}"
David Abramson,https://scholar.google.com/citations?user=o5NbsPEAAAAJ,2026-09-28,University of Queensland,"[""High Performance Distributed Computing""]",13752,44,149,1072,16,22,1993,"{""1993"":61,""1994"":55,""1995"":82,""1996"":94,""1997"":66,""1998"":79,""1999"":97,""2000"":176,""2001"":240,""2002"":340,""2003"":503,""2004"":541,""2005"":721,""2006"":882,""2007"":881,""2008"":854,""2009"":937,""2010"":816,""2011"":704,""2012"":748,""2013"":642,""2014"":594,""2015"":482,""2016"":418,""2017"":388,""2018"":362,""2019"":284,""2020"":220,""2021"":261,""2022"":198,""2023"":199,""2024"":167,""2025"":154,""2026"":92}"
