roster,name,award_year,acm_profile,proposed_key,source_affiliation,source_homepage,source_scholarid,source_orcid,source_schema,source_path,source_sha256,source_commit,source_commit_date,identity_finding,rationale,evidence_urls,action
acm_fellows.csv,"Suh, Gookwon Edward",2025,https://awards.acm.org/award-recipients/suh_UK42031,G. Edward Suh,Cornell University,http://www.csl.cornell.edu/~suh,NOSCHOLARPAGE,,"name,affiliation,homepage,scholarid (ORCID absent)",bigcows-crawler/.cache/csrankings-history-recovery-2026-09-18/2020-12-30/csrankings.csv,0809df80d410b21b7614bf49dc90ee0bd91406968f6929811f61256dde2fab6d,4b714f69c839ca538825054f94bdf57f5d4ea3da,2020-12-30,supported historical candidate,"Historical exact source key G. Edward Suh and Cornell University / http://www.csl.cornell.edu/~suh agree with the recipient identity and retained institutional evidence. Reviewed against ACM citation: For contributions to the development of secure hardware circuits and processors. This is a historical association proposal, not current inclusion or an instruction to restore publication-profile identifiers.",https://awards.acm.org/award-recipients/suh_UK42031 | https://scholar.google.com/citations?user=neO3vFYAAAAJ | https://dblp.org/pid/09/5657 | http://www.csl.cornell.edu/~suh,awaiting explicit adoption; do not restore upstream Scholar/DBLP identifiers
acm_fellows.csv,"Wright, Rebecca N.",2025,https://awards.acm.org/award-recipients/wright_9672189,Rebecca N. Wright,Rutgers University,https://www.cs.rutgers.edu/~rwright1,L-xeJPoAAAAJ,,"name,affiliation,homepage,scholarid (ORCID absent)",bigcows-crawler/.cache/csrankings-history-recovery-2026-09-18/2020-12-30/csrankings.csv,0809df80d410b21b7614bf49dc90ee0bd91406968f6929811f61256dde2fab6d,4b714f69c839ca538825054f94bdf57f5d4ea3da,2020-12-30,supported historical candidate,"Historical exact source key Rebecca N. Wright and Rutgers University / https://www.cs.rutgers.edu/~rwright1 agree with the recipient identity and retained institutional evidence. Reviewed against ACM citation: For contributions to security and privacy, and for leadership in computing research and education A shared non-placeholder Scholar ID additionally corroborates this match, with name and institution checked separately. This is a historical association proposal, not current inclusion or an instruction to restore publication-profile identifiers.",https://awards.acm.org/award-recipients/wright_9672189 | https://scholar.google.com/citations?user=L-xeJPoAAAAJ | https://dblp.org/pid/w/RebeccaNWright | https://www.cs.rutgers.edu/~rwright1,awaiting explicit adoption; do not restore upstream Scholar/DBLP identifiers
acm_fellows.csv,"Guha, Sudipto",2024,https://awards.acm.org/award-recipients/guha_9889338,Sudipto Guha,University of Pennsylvania,https://www.cis.upenn.edu/~sudipto,zHCTHbYAAAAJ,,"name,affiliation,homepage,scholarid (ORCID absent)",bigcows-crawler/.cache/csrankings-history-recovery-2026-09-18/2020-12-30/csrankings.csv,0809df80d410b21b7614bf49dc90ee0bd91406968f6929811f61256dde2fab6d,4b714f69c839ca538825054f94bdf57f5d4ea3da,2020-12-30,supported historical candidate,"Historical exact source key Sudipto Guha and University of Pennsylvania / https://www.cis.upenn.edu/~sudipto agree with the recipient identity and retained institutional evidence. Reviewed against ACM citation: For contributions to streaming and approximation algorithms and their applications. A shared non-placeholder Scholar ID additionally corroborates this match, with name and institution checked separately. This is a historical association proposal, not current inclusion or an instruction to restore publication-profile identifiers.",https://awards.acm.org/award-recipients/guha_9889338 | https://scholar.google.com/citations?user=zHCTHbYAAAAJ | https://dblp.org/pid/g/SudiptoGuha | https://www.cis.upenn.edu/~sudipto,awaiting explicit adoption; do not restore upstream Scholar/DBLP identifiers
acm_fellows.csv,"Dannenberg, Roger B.",2023,https://awards.acm.org/award-recipients/dannenberg_3865244,Roger B. Dannenberg,Carnegie Mellon University,https://www.cs.cmu.edu/~rbd,whacJzwAAAAJ,,"name,affiliation,homepage,scholarid (ORCID absent)",bigcows-crawler/.cache/csrankings-history-recovery-2026-09-18/2020-12-30/csrankings.csv,0809df80d410b21b7614bf49dc90ee0bd91406968f6929811f61256dde2fab6d,4b714f69c839ca538825054f94bdf57f5d4ea3da,2020-12-30,supported historical candidate,"Historical exact source key Roger B. Dannenberg and Carnegie Mellon University / https://www.cs.cmu.edu/~rbd agree with the recipient identity and retained institutional evidence. Reviewed against ACM citation: For contributions to the field of computer science through innovative computer music systems A shared non-placeholder Scholar ID additionally corroborates this match, with name and institution checked separately. This is a historical association proposal, not current inclusion or an instruction to restore publication-profile identifiers.",https://awards.acm.org/award-recipients/dannenberg_3865244 | https://scholar.google.com/citations?user=whacJzwAAAAJ | https://dblp.org/pid/59/6414 | https://www.cs.cmu.edu/~rbd,awaiting explicit adoption; do not restore upstream Scholar/DBLP identifiers
acm_fellows.csv,"Stasko, John",2022,https://awards.acm.org/award-recipients/stasko_2936201,John T. Stasko,Georgia Institute of Technology,http://www.cc.gatech.edu/~john.stasko,2PxFftgAAAAJ,,"name,affiliation,homepage,scholarid (ORCID absent)",bigcows-crawler/.cache/csrankings-history-recovery-2026-09-18/2020-12-30/csrankings.csv,0809df80d410b21b7614bf49dc90ee0bd91406968f6929811f61256dde2fab6d,4b714f69c839ca538825054f94bdf57f5d4ea3da,2020-12-30,supported historical candidate,"Historical exact source key John T. Stasko and Georgia Institute of Technology / http://www.cc.gatech.edu/~john.stasko agree with the recipient identity and retained institutional evidence. Reviewed against ACM citation: For contributions to the design, analysis, usage, and evaluation of software and information visualization A shared non-placeholder Scholar ID additionally corroborates this match, with name and institution checked separately. This is a historical association proposal, not current inclusion or an instruction to restore publication-profile identifiers.",https://awards.acm.org/award-recipients/stasko_2936201 | https://scholar.google.com/citations?user=2PxFftgAAAAJ | https://dblp.org/pid/s/JohnTStasko | http://www.cc.gatech.edu/~john.stasko,awaiting explicit adoption; do not restore upstream Scholar/DBLP identifiers
acm_fellows.csv,"Balakrishnan, Meenakshi",2021,https://awards.acm.org/award-recipients/balakrishnan_4440475,M. Balakrishnan,IIT Delhi,http://www.cse.iitd.ernet.in/~mbala,Nt98A90AAAAJ,,"name,affiliation,homepage,scholarid (ORCID absent)",bigcows-crawler/.cache/csrankings-history-recovery-2026-09-18/2020-12-30/csrankings.csv,0809df80d410b21b7614bf49dc90ee0bd91406968f6929811f61256dde2fab6d,4b714f69c839ca538825054f94bdf57f5d4ea3da,2020-12-30,supported historical candidate,"Historical exact source key M. Balakrishnan and IIT Delhi / http://www.cse.iitd.ernet.in/~mbala agree with the recipient identity and retained institutional evidence. Reviewed against ACM citation: For contributions to system-level design, embedded systems and assistive technologies for the visually impaired This is a historical association proposal, not current inclusion or an instruction to restore publication-profile identifiers.",https://awards.acm.org/award-recipients/balakrishnan_4440475 | https://scholar.google.com/citations?user=e_749FUAAAAJ | https://dblp.org/pid/24/4827 | http://www.cse.iitd.ernet.in/~mbala,awaiting explicit adoption; do not restore upstream Scholar/DBLP identifiers
acm_fellows.csv,"Fiat, Amos",2021,https://awards.acm.org/award-recipients/fiat_8021946,Amos Fiat,Tel Aviv University,http://www.cs.tau.ac.il/~fiat,0MzVIUsAAAAJ,,"name,affiliation,homepage,scholarid (ORCID absent)",bigcows-crawler/.cache/csrankings-history-recovery-2026-09-18/2020-12-30/csrankings.csv,0809df80d410b21b7614bf49dc90ee0bd91406968f6929811f61256dde2fab6d,4b714f69c839ca538825054f94bdf57f5d4ea3da,2020-12-30,supported historical candidate,"Historical exact source key Amos Fiat and Tel Aviv University / http://www.cs.tau.ac.il/~fiat agree with the recipient identity and retained institutional evidence. Reviewed against ACM citation: For contributions to cryptography, online algorithms, and algorithmic game theory A shared non-placeholder Scholar ID additionally corroborates this match, with name and institution checked separately. This is a historical association proposal, not current inclusion or an instruction to restore publication-profile identifiers.",https://awards.acm.org/award-recipients/fiat_8021946 | https://scholar.google.com/citations?user=0MzVIUsAAAAJ | https://dblp.org/pid/06/894 | http://www.cs.tau.ac.il/~fiat,awaiting explicit adoption; do not restore upstream Scholar/DBLP identifiers
acm_fellows.csv,"Katz, Jonathan",2021,https://awards.acm.org/award-recipients/katz_1276948,Jonathan Katz,University of Maryland - College Park,https://www.cs.umd.edu/~jkatz,H4rKFc8AAAAJ,,"name,affiliation,homepage,scholarid (ORCID absent)",bigcows-crawler/.cache/csrankings-history-recovery-2026-09-18/2020-12-30/csrankings.csv,0809df80d410b21b7614bf49dc90ee0bd91406968f6929811f61256dde2fab6d,4b714f69c839ca538825054f94bdf57f5d4ea3da,2020-12-30,supported historical candidate,"Historical exact source key Jonathan Katz and University of Maryland - College Park / https://www.cs.umd.edu/~jkatz agree with the recipient identity and retained institutional evidence. Reviewed against ACM citation: For contributions to cryptographic protocol design and cryptography education A shared non-placeholder Scholar ID additionally corroborates this match, with name and institution checked separately. This is a historical association proposal, not current inclusion or an instruction to restore publication-profile identifiers.",https://awards.acm.org/award-recipients/katz_1276948 | https://scholar.google.com/citations?user=H4rKFc8AAAAJ | https://dblp.org/pid/k/JonathanKatz | https://www.cs.umd.edu/~jkatz,awaiting explicit adoption; do not restore upstream Scholar/DBLP identifiers
acm_fellows.csv,"Li, Feifei",2021,https://awards.acm.org/award-recipients/li_2526881,Feifei Li 0001,University of Utah,https://www.cs.utah.edu/~lifeifei,qPDhlWkAAAAJ,,"name,affiliation,homepage,scholarid (ORCID absent)",bigcows-crawler/.cache/csrankings-history-recovery-2026-09-18/2020-12-30/csrankings.csv,0809df80d410b21b7614bf49dc90ee0bd91406968f6929811f61256dde2fab6d,4b714f69c839ca538825054f94bdf57f5d4ea3da,2020-12-30,supported historical candidate,"Historical exact source key Feifei Li 0001 and University of Utah / https://www.cs.utah.edu/~lifeifei agree with the recipient identity and retained institutional evidence. Reviewed against ACM citation: For contributions to query processing and optimization and to cloud database systems A shared non-placeholder Scholar ID additionally corroborates this match, with name and institution checked separately. This is a historical association proposal, not current inclusion or an instruction to restore publication-profile identifiers.",https://awards.acm.org/award-recipients/li_2526881 | https://scholar.google.com/citations?user=qPDhlWkAAAAJ | https://dblp.org/pid/l/FeifeiLi | https://www.cs.utah.edu/~lifeifei,awaiting explicit adoption; do not restore upstream Scholar/DBLP identifiers
acm_fellows.csv,"Desbrun, Mathieu",2020,https://awards.acm.org/award-recipients/desbrun_UK23204,Mathieu Desbrun,California Institute of Technology,http://www.geometry.caltech.edu/~mathieu,a8ZyGisAAAAJ,,"name,affiliation,homepage,scholarid (ORCID absent)",bigcows-crawler/.cache/csrankings-history-recovery-2026-09-18/2020-12-30/csrankings.csv,0809df80d410b21b7614bf49dc90ee0bd91406968f6929811f61256dde2fab6d,4b714f69c839ca538825054f94bdf57f5d4ea3da,2020-12-30,supported historical candidate,"Historical exact source key Mathieu Desbrun and California Institute of Technology / http://www.geometry.caltech.edu/~mathieu agree with the recipient identity and retained institutional evidence. Reviewed against ACM citation: For contributions to geometry processing and discrete differential geometry A shared non-placeholder Scholar ID additionally corroborates this match, with name and institution checked separately. This is a historical association proposal, not current inclusion or an instruction to restore publication-profile identifiers.",https://awards.acm.org/award-recipients/desbrun_UK23204 | https://scholar.google.com/citations?user=a8ZyGisAAAAJ | https://dblp.org/pid/93/1994 | http://www.geometry.caltech.edu/~mathieu,awaiting explicit adoption; do not restore upstream Scholar/DBLP identifiers
acm_fellows.csv,"Hambrusch, Susanne E",2020,https://awards.acm.org/award-recipients/hambrusch_1930809,Susanne E. Hambrusch,Purdue University,https://www.cs.purdue.edu/people/seh,NOSCHOLARPAGE,,"name,affiliation,homepage,scholarid (ORCID absent)",bigcows-crawler/.cache/csrankings-history-recovery-2026-09-18/2020-12-30/csrankings.csv,0809df80d410b21b7614bf49dc90ee0bd91406968f6929811f61256dde2fab6d,4b714f69c839ca538825054f94bdf57f5d4ea3da,2020-12-30,supported historical candidate,"Historical exact source key Susanne E. Hambrusch and Purdue University / https://www.cs.purdue.edu/people/seh agree with the recipient identity and retained institutional evidence. Reviewed against ACM citation: For research and leadership contributions to computer science education This is a historical association proposal, not current inclusion or an instruction to restore publication-profile identifiers.",https://awards.acm.org/award-recipients/hambrusch_1930809 | https://scholar.google.com/citations?user=5k0KS3UAAAAJ | https://dblp.org/pid/h/SusanneSHambrusch | https://www.cs.purdue.edu/people/seh,awaiting explicit adoption; do not restore upstream Scholar/DBLP identifiers
acm_fellows.csv,"LI, Xuelong",2020,https://awards.acm.org/award-recipients/li_3165359,Xuelong Li,NWPU,https://scholar.google.com/citations?user=ahUibskAAAAJ&hl=en,ahUibskAAAAJ,,"name,affiliation,homepage,scholarid (ORCID absent)",bigcows-crawler/.cache/csrankings-history-recovery-2026-09-18/2020-12-30/csrankings.csv,0809df80d410b21b7614bf49dc90ee0bd91406968f6929811f61256dde2fab6d,4b714f69c839ca538825054f94bdf57f5d4ea3da,2020-12-30,supported historical candidate,"Historical exact source key Xuelong Li and NWPU / https://scholar.google.com/citations?user=ahUibskAAAAJ&hl=en agree with the recipient identity and retained institutional evidence. Reviewed against ACM citation: For contributions to computing on and learning from higher-order data A shared non-placeholder Scholar ID additionally corroborates this match, with name and institution checked separately. This is a historical association proposal, not current inclusion or an instruction to restore publication-profile identifiers.",https://awards.acm.org/award-recipients/li_3165359 | https://scholar.google.com/citations?user=ahUibskAAAAJ | https://dblp.org/pid/l/XuelongLi | https://scholar.google.com/citations?user=ahUibskAAAAJ&hl=en,awaiting explicit adoption; do not restore upstream Scholar/DBLP identifiers
acm_fellows.csv,"Berger, Emery David",2019,https://awards.acm.org/award-recipients/berger_4417531,Emery D. Berger,University of Massachusetts Amherst,https://emeryberger.com,RaHaArkAAAAJ,,"name,affiliation,homepage,scholarid (ORCID absent)",bigcows-crawler/.cache/csrankings-history-recovery-2026-09-18/2020-12-30/csrankings.csv,0809df80d410b21b7614bf49dc90ee0bd91406968f6929811f61256dde2fab6d,4b714f69c839ca538825054f94bdf57f5d4ea3da,2020-12-30,supported historical candidate,"Historical exact source key Emery D. Berger and University of Massachusetts Amherst / https://emeryberger.com agree with the recipient identity and retained institutional evidence. Reviewed against ACM citation: For contributions in memory management and programming language implementation A shared non-placeholder Scholar ID additionally corroborates this match, with name and institution checked separately. This is a historical association proposal, not current inclusion or an instruction to restore publication-profile identifiers.",https://awards.acm.org/award-recipients/berger_4417531 | https://scholar.google.com/citations?user=RaHaArkAAAAJ | https://dblp.org/pid/98/4487 | https://emeryberger.com,awaiting explicit adoption; do not restore upstream Scholar/DBLP identifiers
acm_fellows.csv,"Zaniolo, Carlo A",2019,https://awards.acm.org/award-recipients/zaniolo_1278936,Carlo Zaniolo,University of California - Los Angeles,http://www.cs.ucla.edu/~zaniolo,f8FjAtMAAAAJ,,"name,affiliation,homepage,scholarid (ORCID absent)",bigcows-crawler/.cache/csrankings-history-recovery-2026-09-18/2020-12-30/csrankings.csv,0809df80d410b21b7614bf49dc90ee0bd91406968f6929811f61256dde2fab6d,4b714f69c839ca538825054f94bdf57f5d4ea3da,2020-12-30,supported historical candidate,"Historical exact source key Carlo Zaniolo and University of California - Los Angeles / http://www.cs.ucla.edu/~zaniolo agree with the recipient identity and retained institutional evidence. Reviewed against ACM citation: For contributions to the theory and practice of data and knowledge-base systems A shared non-placeholder Scholar ID additionally corroborates this match, with name and institution checked separately. This is a historical association proposal, not current inclusion or an instruction to restore publication-profile identifiers.",https://awards.acm.org/award-recipients/zaniolo_1278936 | https://scholar.google.com/citations?user=f8FjAtMAAAAJ | https://dblp.org/pid/z/CZaniolo | http://www.cs.ucla.edu/~zaniolo,awaiting explicit adoption; do not restore upstream Scholar/DBLP identifiers
acm_fellows.csv,"Agha, Gul",2018,https://awards.acm.org/award-recipients/agha_2268985,Gul A. Agha,Univ. of Illinois at Urbana-Champaign,https://cs.illinois.edu/directory/profile/agha,orHlhhQAAAAJ,,"name,affiliation,homepage,scholarid (ORCID absent)",bigcows-crawler/.cache/csrankings-history-recovery-2026-09-18/2020-12-30/csrankings.csv,0809df80d410b21b7614bf49dc90ee0bd91406968f6929811f61256dde2fab6d,4b714f69c839ca538825054f94bdf57f5d4ea3da,2020-12-30,supported historical candidate,"Historical exact source key Gul A. Agha and Univ. of Illinois at Urbana-Champaign / https://cs.illinois.edu/directory/profile/agha agree with the recipient identity and retained institutional evidence. Reviewed against ACM citation: For research in concurrent programming and formal methods, specifically the Actor Model A shared non-placeholder Scholar ID additionally corroborates this match, with name and institution checked separately. This is a historical association proposal, not current inclusion or an instruction to restore publication-profile identifiers.",https://awards.acm.org/award-recipients/agha_2268985 | https://scholar.google.com/citations?user=orHlhhQAAAAJ | https://dblp.org/pid/a/GulAAgha | https://cs.illinois.edu/directory/profile/agha,awaiting explicit adoption; do not restore upstream Scholar/DBLP identifiers
acm_fellows.csv,"Bodik, Rastislav",2018,https://awards.acm.org/award-recipients/bodik_4751111,Rastislav Bodík,University of Washington,https://www.cs.washington.edu/people/faculty/bodik,YrihYtsAAAAJ,,"name,affiliation,homepage,scholarid (ORCID absent)",bigcows-crawler/.cache/csrankings-history-recovery-2026-09-18/2020-12-30/csrankings.csv,0809df80d410b21b7614bf49dc90ee0bd91406968f6929811f61256dde2fab6d,4b714f69c839ca538825054f94bdf57f5d4ea3da,2020-12-30,supported historical candidate,"Historical exact source key Rastislav Bodík and University of Washington / https://www.cs.washington.edu/people/faculty/bodik agree with the recipient identity and retained institutional evidence. Reviewed against ACM citation: For contributions to program synthesis A shared non-placeholder Scholar ID additionally corroborates this match, with name and institution checked separately. This is a historical association proposal, not current inclusion or an instruction to restore publication-profile identifiers.",https://awards.acm.org/award-recipients/bodik_4751111 | https://scholar.google.com/citations?user=YrihYtsAAAAJ | https://dblp.org/pid/20/1858 | https://www.cs.washington.edu/people/faculty/bodik,awaiting explicit adoption; do not restore upstream Scholar/DBLP identifiers
acm_fellows.csv,"Devanbu, Premkumar T",2018,https://awards.acm.org/award-recipients/devanbu_UJ34070,Premkumar T. Devanbu,University of California - Davis,http://www.cs.ucdavis.edu/~devanbu,NOSCHOLARPAGE,,"name,affiliation,homepage,scholarid (ORCID absent)",bigcows-crawler/.cache/csrankings-history-recovery-2026-09-18/2020-12-30/csrankings.csv,0809df80d410b21b7614bf49dc90ee0bd91406968f6929811f61256dde2fab6d,4b714f69c839ca538825054f94bdf57f5d4ea3da,2020-12-30,supported historical candidate,"Historical exact source key Premkumar T. Devanbu and University of California - Davis / http://www.cs.ucdavis.edu/~devanbu agree with the recipient identity and retained institutional evidence. Reviewed against ACM citation: For contributions to using software data and meta-data to improve software tools and processes This is a historical association proposal, not current inclusion or an instruction to restore publication-profile identifiers.",https://awards.acm.org/award-recipients/devanbu_UJ34070 | https://scholar.google.com/citations?user=tQ5vbOAAAAAJ | https://dblp.org/pid/d/PremkumarTDevanbu | http://www.cs.ucdavis.edu/~devanbu,awaiting explicit adoption; do not restore upstream Scholar/DBLP identifiers
acm_fellows.csv,"Fox, Edward Alan",2017,https://awards.acm.org/award-recipients/fox_1239482,Edward A. Fox,Virginia Tech,https://fox.cs.vt.edu/foxinfo.html,uDwy_JgAAAAJ,,"name,affiliation,homepage,scholarid (ORCID absent)",bigcows-crawler/.cache/csrankings-history-recovery-2026-09-18/2020-12-30/csrankings.csv,0809df80d410b21b7614bf49dc90ee0bd91406968f6929811f61256dde2fab6d,4b714f69c839ca538825054f94bdf57f5d4ea3da,2020-12-30,supported historical candidate,"Historical exact source key Edward A. Fox and Virginia Tech / https://fox.cs.vt.edu/foxinfo.html agree with the recipient identity and retained institutional evidence. Reviewed against ACM citation: For contributions in information retrieval and digital libraries This is a historical association proposal, not current inclusion or an instruction to restore publication-profile identifiers.",https://awards.acm.org/award-recipients/fox_1239482 | https://scholar.google.com/citations?user=KcbSBrUAAAAJ | https://dblp.org/pid/f/EdwardAFox | https://fox.cs.vt.edu/foxinfo.html,awaiting explicit adoption; do not restore upstream Scholar/DBLP identifiers
acm_fellows.csv,"Fujimoto, Richard M",2017,https://awards.acm.org/award-recipients/fujimoto_1572247,Richard M. Fujimoto,Georgia Institute of Technology,http://www.cc.gatech.edu/~fujimoto,q1bkP7AAAAAJ,,"name,affiliation,homepage,scholarid (ORCID absent)",bigcows-crawler/.cache/csrankings-history-recovery-2026-09-18/2020-12-30/csrankings.csv,0809df80d410b21b7614bf49dc90ee0bd91406968f6929811f61256dde2fab6d,4b714f69c839ca538825054f94bdf57f5d4ea3da,2020-12-30,supported historical candidate,"Historical exact source key Richard M. Fujimoto and Georgia Institute of Technology / http://www.cc.gatech.edu/~fujimoto agree with the recipient identity and retained institutional evidence. Reviewed against ACM citation: For contributions to parallel and distributed discrete event simulation A shared non-placeholder Scholar ID additionally corroborates this match, with name and institution checked separately. This is a historical association proposal, not current inclusion or an instruction to restore publication-profile identifiers.",https://awards.acm.org/award-recipients/fujimoto_1572247 | https://scholar.google.com/citations?user=q1bkP7AAAAAJ | https://dblp.org/pid/f/RichardMFujimoto | http://www.cc.gatech.edu/~fujimoto,awaiting explicit adoption; do not restore upstream Scholar/DBLP identifiers
acm_fellows.csv,"Gusfield, Dan",2017,https://awards.acm.org/award-recipients/gusfield_6074553,Daniel Gusfield,University of California - Davis,http://www.cs.ucdavis.edu/~gusfield,VoAHydgAAAAJ,,"name,affiliation,homepage,scholarid (ORCID absent)",bigcows-crawler/.cache/csrankings-history-recovery-2026-09-18/2020-12-30/csrankings.csv,0809df80d410b21b7614bf49dc90ee0bd91406968f6929811f61256dde2fab6d,4b714f69c839ca538825054f94bdf57f5d4ea3da,2020-12-30,supported historical candidate,"Historical exact source key Daniel Gusfield and University of California - Davis / http://www.cs.ucdavis.edu/~gusfield agree with the recipient identity and retained institutional evidence. Reviewed against ACM citation: For contributions to combinatorial optimization and to algorithmic computational biology A shared non-placeholder Scholar ID additionally corroborates this match, with name and institution checked separately. This is a historical association proposal, not current inclusion or an instruction to restore publication-profile identifiers.",https://awards.acm.org/award-recipients/gusfield_6074553 | https://scholar.google.com/citations?user=VoAHydgAAAAJ | https://dblp.org/pid/g/DanGusfield | http://www.cs.ucdavis.edu/~gusfield,awaiting explicit adoption; do not restore upstream Scholar/DBLP identifiers
acm_fellows.csv,"Kale, Laxmikant",2017,https://awards.acm.org/award-recipients/kale_3486685,Laxmikant V. Kalé,Univ. of Illinois at Urbana-Champaign,http://charm.cs.uiuc.edu/~kale,TPOorDcAAAAJ,,"name,affiliation,homepage,scholarid (ORCID absent)",bigcows-crawler/.cache/csrankings-history-recovery-2026-09-18/2020-12-30/csrankings.csv,0809df80d410b21b7614bf49dc90ee0bd91406968f6929811f61256dde2fab6d,4b714f69c839ca538825054f94bdf57f5d4ea3da,2020-12-30,supported historical candidate,"Historical exact source key Laxmikant V. Kalé and Univ. of Illinois at Urbana-Champaign / http://charm.cs.uiuc.edu/~kale agree with the recipient identity and retained institutional evidence. Reviewed against ACM citation: For development of new parallel programming techniques and their deployment in high performance computing applications A shared non-placeholder Scholar ID additionally corroborates this match, with name and institution checked separately. This is a historical association proposal, not current inclusion or an instruction to restore publication-profile identifiers.",https://awards.acm.org/award-recipients/kale_3486685 | https://scholar.google.com/citations?user=TPOorDcAAAAJ | https://dblp.org/pid/k/LaxmikantVKale | http://charm.cs.uiuc.edu/~kale,awaiting explicit adoption; do not restore upstream Scholar/DBLP identifiers
acm_fellows.csv,"Rabin, Tal",2017,https://awards.acm.org/award-recipients/rabin_7297576,Tal Rabin,University of Pennsylvania,https://en.wikipedia.org/wiki/Tal_Rabin,18exh0MAAAAJ,,"name,affiliation,homepage,scholarid (ORCID absent)",bigcows-crawler/.cache/csrankings-history-recovery-2026-09-18/2020-12-30/csrankings.csv,0809df80d410b21b7614bf49dc90ee0bd91406968f6929811f61256dde2fab6d,4b714f69c839ca538825054f94bdf57f5d4ea3da,2020-12-30,supported historical candidate,"Historical exact source key Tal Rabin and University of Pennsylvania / https://en.wikipedia.org/wiki/Tal_Rabin agree with the recipient identity and retained institutional evidence. Reviewed against ACM citation: For contributions to foundations of cryptography, including multi-party computations, signatures, and threshold and proactive protocol design A shared non-placeholder Scholar ID additionally corroborates this match, with name and institution checked separately. This is a historical association proposal, not current inclusion or an instruction to restore publication-profile identifiers.",https://awards.acm.org/award-recipients/rabin_7297576 | https://scholar.google.com/citations?user=18exh0MAAAAJ | https://dblp.org/pid/r/TalRabin | https://en.wikipedia.org/wiki/Tal_Rabin,awaiting explicit adoption; do not restore upstream Scholar/DBLP identifiers
acm_fellows.csv,"Vardy, Alexander",2017,https://awards.acm.org/award-recipients/vardy_5473699,Alexander Vardy,University of California - San Diego,http://jacobsdev.ucsd.edu/faculty/faculty_bios/index.sfe?fmp_recid=76,WtalCkkAAAAJ,,"name,affiliation,homepage,scholarid (ORCID absent)",bigcows-crawler/.cache/csrankings-history-recovery-2026-09-18/2020-12-30/csrankings.csv,0809df80d410b21b7614bf49dc90ee0bd91406968f6929811f61256dde2fab6d,4b714f69c839ca538825054f94bdf57f5d4ea3da,2020-12-30,supported historical candidate,"Historical exact source key Alexander Vardy and University of California - San Diego / http://jacobsdev.ucsd.edu/faculty/faculty_bios/index.sfe?fmp_recid=76 agree with the recipient identity and retained institutional evidence. Reviewed against ACM citation: For contributions to the theory and practice of error-correcting codes and their study in complexity theory A shared non-placeholder Scholar ID additionally corroborates this match, with name and institution checked separately. This is a historical association proposal, not current inclusion or an instruction to restore publication-profile identifiers.",https://awards.acm.org/award-recipients/vardy_5473699 | https://scholar.google.com/citations?user=WtalCkkAAAAJ | https://dblp.org/pid/11/2669 | http://jacobsdev.ucsd.edu/faculty/faculty_bios/index.sfe?fmp_recid=76,awaiting explicit adoption; do not restore upstream Scholar/DBLP identifiers
acm_fellows.csv,"Alon, Noga",2016,https://awards.acm.org/award-recipients/alon_6955744,Noga Alon,Tel Aviv University,http://www.tau.ac.il/~nogaa,vOYl40wAAAAJ,,"name,affiliation,homepage,scholarid (ORCID absent)",bigcows-crawler/.cache/csrankings-history-recovery-2026-09-18/2020-12-30/csrankings.csv,0809df80d410b21b7614bf49dc90ee0bd91406968f6929811f61256dde2fab6d,4b714f69c839ca538825054f94bdf57f5d4ea3da,2020-12-30,supported historical candidate,"Historical exact source key Noga Alon and Tel Aviv University / http://www.tau.ac.il/~nogaa agree with the recipient identity and retained institutional evidence. Reviewed against ACM citation: For contributions in the study of expander graphs, derandomization and streaming algorithms. A shared non-placeholder Scholar ID additionally corroborates this match, with name and institution checked separately. This is a historical association proposal, not current inclusion or an instruction to restore publication-profile identifiers.",https://awards.acm.org/award-recipients/alon_6955744 | https://scholar.google.com/citations?user=vOYl40wAAAAJ | https://dblp.org/pid/a/NAlon | http://www.tau.ac.il/~nogaa,awaiting explicit adoption; do not restore upstream Scholar/DBLP identifiers
acm_fellows.csv,"Blackburn, Steve",2016,https://awards.acm.org/award-recipients/blackburn_4890836,Steve Blackburn,Australian National University,http://users.cecs.anu.edu.au/~steveb,HgSTO7oAAAAJ,,"name,affiliation,homepage,scholarid (ORCID absent)",bigcows-crawler/.cache/csrankings-history-recovery-2026-09-18/2020-12-30/csrankings.csv,0809df80d410b21b7614bf49dc90ee0bd91406968f6929811f61256dde2fab6d,4b714f69c839ca538825054f94bdf57f5d4ea3da,2020-12-30,supported historical candidate,"Historical exact source key Steve Blackburn and Australian National University / http://users.cecs.anu.edu.au/~steveb agree with the recipient identity and retained institutional evidence. Reviewed against ACM citation: For contributions to memory management in programming languages. A shared non-placeholder Scholar ID additionally corroborates this match, with name and institution checked separately. This is a historical association proposal, not current inclusion or an instruction to restore publication-profile identifiers.",https://awards.acm.org/award-recipients/blackburn_4890836 | https://scholar.google.com/citations?user=HgSTO7oAAAAJ | https://dblp.org/pid/b/StephenMBlackburn | http://users.cecs.anu.edu.au/~steveb,awaiting explicit adoption; do not restore upstream Scholar/DBLP identifiers
acm_fellows.csv,"Mudge, Trevor",2016,https://awards.acm.org/award-recipients/mudge_1601467,Trevor N. Mudge,University of Michigan,http://web.eecs.umich.edu/~tnm,d1KEK84AAAAJ,,"name,affiliation,homepage,scholarid (ORCID absent)",bigcows-crawler/.cache/csrankings-history-recovery-2026-09-18/2020-12-30/csrankings.csv,0809df80d410b21b7614bf49dc90ee0bd91406968f6929811f61256dde2fab6d,4b714f69c839ca538825054f94bdf57f5d4ea3da,2020-12-30,supported historical candidate,"Historical exact source key Trevor N. Mudge and University of Michigan / http://web.eecs.umich.edu/~tnm agree with the recipient identity and retained institutional evidence. Reviewed against ACM citation: For contributions to power aware computer architecture. A shared non-placeholder Scholar ID additionally corroborates this match, with name and institution checked separately. This is a historical association proposal, not current inclusion or an instruction to restore publication-profile identifiers.",https://awards.acm.org/award-recipients/mudge_1601467 | https://scholar.google.com/citations?user=d1KEK84AAAAJ | https://dblp.org/pid/m/TrevorNMudge | http://web.eecs.umich.edu/~tnm,awaiting explicit adoption; do not restore upstream Scholar/DBLP identifiers
acm_fellows.csv,"Grumberg, Orna",2015,https://awards.acm.org/award-recipients/grumberg_3069713,Orna Grumberg,Technion,http://www.cs.technion.ac.il/~orna,ZPed8YYAAAAJ,,"name,affiliation,homepage,scholarid (ORCID absent)",bigcows-crawler/.cache/csrankings-history-recovery-2026-09-18/2020-12-30/csrankings.csv,0809df80d410b21b7614bf49dc90ee0bd91406968f6929811f61256dde2fab6d,4b714f69c839ca538825054f94bdf57f5d4ea3da,2020-12-30,supported historical candidate,"Historical exact source key Orna Grumberg and Technion / http://www.cs.technion.ac.il/~orna agree with the recipient identity and retained institutional evidence. Reviewed against ACM citation: For contributions to research in automated formal verification of hardware and software systems. A shared non-placeholder Scholar ID additionally corroborates this match, with name and institution checked separately. This is a historical association proposal, not current inclusion or an instruction to restore publication-profile identifiers.",https://awards.acm.org/award-recipients/grumberg_3069713 | https://scholar.google.com/citations?user=ZPed8YYAAAAJ | https://dblp.org/pid/g/OrnaGrumberg | http://www.cs.technion.ac.il/~orna,awaiting explicit adoption; do not restore upstream Scholar/DBLP identifiers
acm_fellows.csv,"Pearl, Judea",2015,https://awards.acm.org/award-recipients/pearl_2658896,Judea Pearl,University of California - Los Angeles,http://bayes.cs.ucla.edu/jp_home.html,bAipNH8AAAAJ,,"name,affiliation,homepage,scholarid (ORCID absent)",bigcows-crawler/.cache/csrankings-history-recovery-2026-09-18/2020-12-30/csrankings.csv,0809df80d410b21b7614bf49dc90ee0bd91406968f6929811f61256dde2fab6d,4b714f69c839ca538825054f94bdf57f5d4ea3da,2020-12-30,supported historical candidate,"Historical exact source key Judea Pearl and University of California - Los Angeles / http://bayes.cs.ucla.edu/jp_home.html agree with the recipient identity and retained institutional evidence. Reviewed against ACM citation: For contributions to artificial intelligence through the development of a calculus for probabilistic and causal reasoning. A shared non-placeholder Scholar ID additionally corroborates this match, with name and institution checked separately. This is a historical association proposal, not current inclusion or an instruction to restore publication-profile identifiers.",https://awards.acm.org/award-recipients/pearl_2658896 | https://scholar.google.com/citations?user=bAipNH8AAAAJ | https://dblp.org/pid/p/JudeaPearl | http://bayes.cs.ucla.edu/jp_home.html,awaiting explicit adoption; do not restore upstream Scholar/DBLP identifiers
acm_fellows.csv,"Radev, Dragomir R",2015,https://awards.acm.org/award-recipients/radev_4508164,Dragomir R. Radev,Yale University,http://www.cs.yale.edu/homes/radev,vIqWvgwAAAAJ,,"name,affiliation,homepage,scholarid (ORCID absent)",bigcows-crawler/.cache/csrankings-history-recovery-2026-09-18/2020-12-30/csrankings.csv,0809df80d410b21b7614bf49dc90ee0bd91406968f6929811f61256dde2fab6d,4b714f69c839ca538825054f94bdf57f5d4ea3da,2020-12-30,supported historical candidate,"Historical exact source key Dragomir R. Radev and Yale University / http://www.cs.yale.edu/homes/radev agree with the recipient identity and retained institutional evidence. Reviewed against ACM citation: For contributions to natural language processing and computational linguistics A shared non-placeholder Scholar ID additionally corroborates this match, with name and institution checked separately. This is a historical association proposal, not current inclusion or an instruction to restore publication-profile identifiers.",https://awards.acm.org/award-recipients/radev_4508164 | https://scholar.google.com/citations?user=vIqWvgwAAAAJ | https://dblp.org/pid/r/DragomirRRadev | http://www.cs.yale.edu/homes/radev,awaiting explicit adoption; do not restore upstream Scholar/DBLP identifiers
acm_fellows.csv,"Tan, Wang-Chiew",2015,https://awards.acm.org/award-recipients/tan_0563874,Wang Chiew Tan,University of California - Santa Cruz,https://users.soe.ucsc.edu/~tan,sOY-wjkAAAAJ,,"name,affiliation,homepage,scholarid (ORCID absent)",bigcows-crawler/.cache/csrankings-history-recovery-2026-09-18/2020-12-30/csrankings.csv,0809df80d410b21b7614bf49dc90ee0bd91406968f6929811f61256dde2fab6d,4b714f69c839ca538825054f94bdf57f5d4ea3da,2020-12-30,supported historical candidate,"Historical exact source key Wang Chiew Tan and University of California - Santa Cruz / https://users.soe.ucsc.edu/~tan agree with the recipient identity and retained institutional evidence. Reviewed against ACM citation: For contributions to data provenance and to the foundations of information integration. A shared non-placeholder Scholar ID additionally corroborates this match, with name and institution checked separately. This is a historical association proposal, not current inclusion or an instruction to restore publication-profile identifiers.",https://awards.acm.org/award-recipients/tan_0563874 | https://scholar.google.com/citations?user=sOY-wjkAAAAJ | https://dblp.org/pid/t/WangChiewTan | https://users.soe.ucsc.edu/~tan,awaiting explicit adoption; do not restore upstream Scholar/DBLP identifiers
acm_fellows.csv,"Ackerman, Mark S",2013,https://awards.acm.org/award-recipients/ackerman_2446870,Mark S. Ackerman,University of Michigan,https://www.si.umich.edu/people/mark-ackerman,qBTbnEQAAAAJ,,"name,affiliation,homepage,scholarid (ORCID absent)",bigcows-crawler/.cache/csrankings-history-recovery-2026-09-18/2020-12-30/csrankings.csv,0809df80d410b21b7614bf49dc90ee0bd91406968f6929811f61256dde2fab6d,4b714f69c839ca538825054f94bdf57f5d4ea3da,2020-12-30,supported historical candidate,"Historical exact source key Mark S. Ackerman and University of Michigan / https://www.si.umich.edu/people/mark-ackerman agree with the recipient identity and retained institutional evidence. Reviewed against ACM citation: For contributions to human computer interaction, with an emphasis on finding and sharing expertise. A shared non-placeholder Scholar ID additionally corroborates this match, with name and institution checked separately. This is a historical association proposal, not current inclusion or an instruction to restore publication-profile identifiers.",https://awards.acm.org/award-recipients/ackerman_2446870 | https://scholar.google.com/citations?user=qBTbnEQAAAAJ | https://dblp.org/pid/a/MSAckerman | https://www.si.umich.edu/people/mark-ackerman,awaiting explicit adoption; do not restore upstream Scholar/DBLP identifiers
acm_fellows.csv,"Nau, Dana",2013,https://awards.acm.org/award-recipients/nau_9374109,Dana S. Nau,University of Maryland - College Park,https://www.cs.umd.edu/users/nau,fez4ulcAAAAJ,,"name,affiliation,homepage,scholarid (ORCID absent)",bigcows-crawler/.cache/csrankings-history-recovery-2026-09-18/2020-12-30/csrankings.csv,0809df80d410b21b7614bf49dc90ee0bd91406968f6929811f61256dde2fab6d,4b714f69c839ca538825054f94bdf57f5d4ea3da,2020-12-30,supported historical candidate,"Historical exact source key Dana S. Nau and University of Maryland - College Park / https://www.cs.umd.edu/users/nau agree with the recipient identity and retained institutional evidence. Reviewed against ACM citation: For contributions to automated search and planning. A shared non-placeholder Scholar ID additionally corroborates this match, with name and institution checked separately. This is a historical association proposal, not current inclusion or an instruction to restore publication-profile identifiers.",https://awards.acm.org/award-recipients/nau_9374109 | https://scholar.google.com/citations?user=fez4ulcAAAAJ | https://dblp.org/pid/n/DanaSNau | https://www.cs.umd.edu/users/nau,awaiting explicit adoption; do not restore upstream Scholar/DBLP identifiers
acm_fellows.csv,"Arge, Lars",2012,https://awards.acm.org/award-recipients/arge_4751673,Lars Arge,Aarhus University,http://cs.au.dk/~large,MgdxxbAAAAAJ,,"name,affiliation,homepage,scholarid (ORCID absent)",bigcows-crawler/.cache/csrankings-history-recovery-2026-09-18/2020-12-30/csrankings.csv,0809df80d410b21b7614bf49dc90ee0bd91406968f6929811f61256dde2fab6d,4b714f69c839ca538825054f94bdf57f5d4ea3da,2020-12-30,supported historical candidate,"Historical exact source key Lars Arge and Aarhus University / http://cs.au.dk/~large agree with the recipient identity and retained institutional evidence. Reviewed against ACM citation: For contributions to massive data algorithmics A shared non-placeholder Scholar ID additionally corroborates this match, with name and institution checked separately. This is a historical association proposal, not current inclusion or an instruction to restore publication-profile identifiers.",https://awards.acm.org/award-recipients/arge_4751673 | https://scholar.google.com/citations?user=MgdxxbAAAAAJ | https://dblp.org/pid/a/LArge | http://cs.au.dk/~large,awaiting explicit adoption; do not restore upstream Scholar/DBLP identifiers
acm_fellows.csv,"Gupta, Manish",2012,https://awards.acm.org/award-recipients/gupta_9121534,Manish Gupta 0001,IIIT Bangalore,http://www.iiitb.ac.in/faculty_page.php?name=ManishGupta,dt_xftUAAAAJ,,"name,affiliation,homepage,scholarid (ORCID absent)",bigcows-crawler/.cache/csrankings-history-recovery-2026-09-18/2020-12-30/csrankings.csv,0809df80d410b21b7614bf49dc90ee0bd91406968f6929811f61256dde2fab6d,4b714f69c839ca538825054f94bdf57f5d4ea3da,2020-12-30,supported historical candidate,"Historical exact source key Manish Gupta 0001 and IIIT Bangalore / http://www.iiitb.ac.in/faculty_page.php?name=ManishGupta agree with the recipient identity and retained institutional evidence. Reviewed against ACM citation: For contributions to high performance computing software and compiler optimizations. This is a historical association proposal, not current inclusion or an instruction to restore publication-profile identifiers. ACM election biography connects the IIIT Bangalore chair to IBM/Xerox and the ACM Fellow. The historical source key is literally Manish Gupta 0001, while the reviewed DBLP author is 0002; preserve the source key and do not use its generated DBLP destination as corroboration.",https://awards.acm.org/award-recipients/gupta_9121534 | https://scholar.google.com/citations?user=fHISoWoAAAAJ | https://dblp.org/pid/g/ManishGupta2 | http://www.iiitb.ac.in/faculty_page.php?name=ManishGupta | https://www.acm.org/binaries/content/assets/acmelections/acm_india_bios_all.pdf,awaiting explicit adoption; do not restore upstream Scholar/DBLP identifiers
acm_fellows.csv,"Pingali, Keshav K",2012,https://awards.acm.org/award-recipients/pingali_3088747,Keshav Pingali,University of Texas at Austin,http://www.cs.utexas.edu/~pingali,02UU6wgAAAAJ,,"name,affiliation,homepage,scholarid (ORCID absent)",bigcows-crawler/.cache/csrankings-history-recovery-2026-09-18/2020-12-30/csrankings.csv,0809df80d410b21b7614bf49dc90ee0bd91406968f6929811f61256dde2fab6d,4b714f69c839ca538825054f94bdf57f5d4ea3da,2020-12-30,supported historical candidate,"Historical exact source key Keshav Pingali and University of Texas at Austin / http://www.cs.utexas.edu/~pingali agree with the recipient identity and retained institutional evidence. Reviewed against ACM citation: For contributions to data-centric parallel programming and to parallel compilation theory and practice. A shared non-placeholder Scholar ID additionally corroborates this match, with name and institution checked separately. This is a historical association proposal, not current inclusion or an instruction to restore publication-profile identifiers.",https://awards.acm.org/award-recipients/pingali_3088747 | https://scholar.google.com/citations?user=02UU6wgAAAAJ | https://dblp.org/pid/71/5735 | http://www.cs.utexas.edu/~pingali,awaiting explicit adoption; do not restore upstream Scholar/DBLP identifiers
acm_fellows.csv,"Pitts, Andrew M",2012,https://awards.acm.org/award-recipients/pitts_4659264,Andrew M. Pitts,University of Cambridge,https://www.cl.cam.ac.uk/~amp12,J1wRn3oAAAAJ,,"name,affiliation,homepage,scholarid (ORCID absent)",bigcows-crawler/.cache/csrankings-history-recovery-2026-09-18/2020-12-30/csrankings.csv,0809df80d410b21b7614bf49dc90ee0bd91406968f6929811f61256dde2fab6d,4b714f69c839ca538825054f94bdf57f5d4ea3da,2020-12-30,supported historical candidate,"Historical exact source key Andrew M. Pitts and University of Cambridge / https://www.cl.cam.ac.uk/~amp12 agree with the recipient identity and retained institutional evidence. Reviewed against ACM citation: For contributions to the theory of programming language semantics. A shared non-placeholder Scholar ID additionally corroborates this match, with name and institution checked separately. This is a historical association proposal, not current inclusion or an instruction to restore publication-profile identifiers.",https://awards.acm.org/award-recipients/pitts_4659264 | https://scholar.google.com/citations?user=J1wRn3oAAAAJ | https://dblp.org/pid/p/AMPitts | https://www.cl.cam.ac.uk/~amp12,awaiting explicit adoption; do not restore upstream Scholar/DBLP identifiers
acm_fellows.csv,"Shoham, Yoav",2012,https://awards.acm.org/award-recipients/shoham_2838361,Yoav Shoham,Stanford University,http://robotics.stanford.edu/users/shoham,NOSCHOLARPAGE,,"name,affiliation,homepage,scholarid (ORCID absent)",bigcows-crawler/.cache/csrankings-history-recovery-2026-09-18/2020-12-30/csrankings.csv,0809df80d410b21b7614bf49dc90ee0bd91406968f6929811f61256dde2fab6d,4b714f69c839ca538825054f94bdf57f5d4ea3da,2020-12-30,supported historical candidate,"Historical exact source key Yoav Shoham and Stanford University / http://robotics.stanford.edu/users/shoham agree with the recipient identity and retained institutional evidence. Reviewed against ACM citation: For contributions at the intersection of artificial intelligence, logic, and economics. This is a historical association proposal, not current inclusion or an instruction to restore publication-profile identifiers.",https://awards.acm.org/award-recipients/shoham_2838361 | https://scholar.google.com/citations?user=fV5P_6MAAAAJ | https://dblp.org/pid/s/YoavShoham | http://robotics.stanford.edu/users/shoham,awaiting explicit adoption; do not restore upstream Scholar/DBLP identifiers
acm_fellows.csv,"Zabih, Ramin",2012,https://awards.acm.org/award-recipients/zabih_4467866,Ramin Zabih [Tech],Cornell University,http://www.cs.cornell.edu/rdz,8Lp0W54AAAAJ,,"name,affiliation,homepage,scholarid (ORCID absent)",bigcows-crawler/.cache/csrankings-history-recovery-2026-09-18/2020-12-30/csrankings.csv,0809df80d410b21b7614bf49dc90ee0bd91406968f6929811f61256dde2fab6d,4b714f69c839ca538825054f94bdf57f5d4ea3da,2020-12-30,supported historical candidate,"Historical exact source key Ramin Zabih [Tech] and Cornell University / http://www.cs.cornell.edu/rdz agree with the recipient identity and retained institutional evidence. Reviewed against ACM citation: For contributions to discrete optimization in computer vision. A shared non-placeholder Scholar ID additionally corroborates this match, with name and institution checked separately. This is a historical association proposal, not current inclusion or an instruction to restore publication-profile identifiers.",https://awards.acm.org/award-recipients/zabih_4467866 | https://scholar.google.com/citations?user=8Lp0W54AAAAJ | https://dblp.org/pid/z/RaminZabih | http://www.cs.cornell.edu/rdz,awaiting explicit adoption; do not restore upstream Scholar/DBLP identifiers
acm_fellows.csv,"Kraut, Robert E",2011,https://awards.acm.org/award-recipients/kraut_1476423,Robert E. Kraut,Carnegie Mellon University,http://kraut.hciresearch.org,HKGYvu4AAAAJ,,"name,affiliation,homepage,scholarid (ORCID absent)",bigcows-crawler/.cache/csrankings-history-recovery-2026-09-18/2020-12-30/csrankings.csv,0809df80d410b21b7614bf49dc90ee0bd91406968f6929811f61256dde2fab6d,4b714f69c839ca538825054f94bdf57f5d4ea3da,2020-12-30,supported historical candidate,"Historical exact source key Robert E. Kraut and Carnegie Mellon University / http://kraut.hciresearch.org agree with the recipient identity and retained institutional evidence. Reviewed against ACM citation: For contributions to human-computer interaction. A shared non-placeholder Scholar ID additionally corroborates this match, with name and institution checked separately. This is a historical association proposal, not current inclusion or an instruction to restore publication-profile identifiers.",https://awards.acm.org/award-recipients/kraut_1476423 | https://scholar.google.com/citations?user=HKGYvu4AAAAJ | https://dblp.org/pid/k/RobertEKraut | http://kraut.hciresearch.org,awaiting explicit adoption; do not restore upstream Scholar/DBLP identifiers
acm_fellows.csv,"Fisher, Kathleen S",2010,https://awards.acm.org/award-recipients/fisher_4399903,Kathleen Fisher,Tufts University,http://www.cs.tufts.edu/~kfisher/Kathleen_Fisher/Home.html,8mi-oYYAAAAJ,,"name,affiliation,homepage,scholarid (ORCID absent)",bigcows-crawler/.cache/csrankings-history-recovery-2026-09-18/2020-12-30/csrankings.csv,0809df80d410b21b7614bf49dc90ee0bd91406968f6929811f61256dde2fab6d,4b714f69c839ca538825054f94bdf57f5d4ea3da,2020-12-30,supported historical candidate,"Historical exact source key Kathleen Fisher and Tufts University / http://www.cs.tufts.edu/~kfisher/Kathleen_Fisher/Home.html agree with the recipient identity and retained institutional evidence. Reviewed against ACM citation: For contributions to programming language design, theory, and practice, and for service to the computing community. A shared non-placeholder Scholar ID additionally corroborates this match, with name and institution checked separately. This is a historical association proposal, not current inclusion or an instruction to restore publication-profile identifiers.",https://awards.acm.org/award-recipients/fisher_4399903 | https://scholar.google.com/citations?user=8mi-oYYAAAAJ | https://dblp.org/pid/83/5986 | http://www.cs.tufts.edu/~kfisher/Kathleen_Fisher/Home.html,awaiting explicit adoption; do not restore upstream Scholar/DBLP identifiers
acm_fellows.csv,"Kiesler, Sara",2010,https://awards.acm.org/award-recipients/kiesler_4386785,Sara B. Kiesler,Carnegie Mellon University,https://www.cs.cmu.edu/~kiesler,8Qu_gAMAAAAJ,,"name,affiliation,homepage,scholarid (ORCID absent)",bigcows-crawler/.cache/csrankings-history-recovery-2026-09-18/2020-12-30/csrankings.csv,0809df80d410b21b7614bf49dc90ee0bd91406968f6929811f61256dde2fab6d,4b714f69c839ca538825054f94bdf57f5d4ea3da,2020-12-30,supported historical candidate,"Historical exact source key Sara B. Kiesler and Carnegie Mellon University / https://www.cs.cmu.edu/~kiesler agree with the recipient identity and retained institutional evidence. Reviewed against ACM citation: For contributions to Human Computer Interaction. A shared non-placeholder Scholar ID additionally corroborates this match, with name and institution checked separately. This is a historical association proposal, not current inclusion or an instruction to restore publication-profile identifiers.",https://awards.acm.org/award-recipients/kiesler_4386785 | https://scholar.google.com/citations?user=8Qu_gAMAAAAJ | https://dblp.org/pid/k/SaraBKiesler | https://www.cs.cmu.edu/~kiesler,awaiting explicit adoption; do not restore upstream Scholar/DBLP identifiers
acm_fellows.csv,"Kossmann, Donald",2010,https://awards.acm.org/award-recipients/kossmann_4175188,Donald Kossmann,ETH Zurich,https://www.systems.ethz.ch,NOSCHOLARPAGE,,"name,affiliation,homepage,scholarid (ORCID absent)",bigcows-crawler/.cache/csrankings-history-recovery-2026-09-18/2020-12-30/csrankings.csv,0809df80d410b21b7614bf49dc90ee0bd91406968f6929811f61256dde2fab6d,4b714f69c839ca538825054f94bdf57f5d4ea3da,2020-12-30,supported historical candidate,"Historical exact source key Donald Kossmann and ETH Zurich / https://www.systems.ethz.ch agree with the recipient identity and retained institutional evidence. Reviewed against ACM citation: For advances in XML data management and distributed information systems. This is a historical association proposal, not current inclusion or an instruction to restore publication-profile identifiers.",https://awards.acm.org/award-recipients/kossmann_4175188 | https://dblp.org/pid/k/DonaldKossmann | https://www.systems.ethz.ch,awaiting explicit adoption; do not restore upstream Scholar/DBLP identifiers
acm_fellows.csv,"Rosenblum, David S.",2010,https://awards.acm.org/award-recipients/rosenblum_2017093,David S. Rosenblum,George Mason University,https://cs.gmu.edu/~dsr/index.html,FyUQvCoAAAAJ,,"name,affiliation,homepage,scholarid (ORCID absent)",bigcows-crawler/.cache/csrankings-history-recovery-2026-09-18/2020-12-30/csrankings.csv,0809df80d410b21b7614bf49dc90ee0bd91406968f6929811f61256dde2fab6d,4b714f69c839ca538825054f94bdf57f5d4ea3da,2020-12-30,supported historical candidate,"Historical exact source key David S. Rosenblum and George Mason University / https://cs.gmu.edu/~dsr/index.html agree with the recipient identity and retained institutional evidence. Reviewed against ACM citation: For contributions to software testing and distributed systems, and for service to the software engineering community. A shared non-placeholder Scholar ID additionally corroborates this match, with name and institution checked separately. This is a historical association proposal, not current inclusion or an instruction to restore publication-profile identifiers.",https://awards.acm.org/award-recipients/rosenblum_2017093 | https://scholar.google.com/citations?user=FyUQvCoAAAAJ | https://dblp.org/pid/r/DSRosenblum | https://cs.gmu.edu/~dsr/index.html,awaiting explicit adoption; do not restore upstream Scholar/DBLP identifiers
acm_fellows.csv,"Hanrahan, Pat",2008,https://awards.acm.org/award-recipients/hanrahan_4652251,Pat Hanrahan,Stanford University,https://graphics.stanford.edu/~hanrahan,RzEnQmgAAAAJ,,"name,affiliation,homepage,scholarid (ORCID absent)",bigcows-crawler/.cache/csrankings-history-recovery-2026-09-18/2020-12-30/csrankings.csv,0809df80d410b21b7614bf49dc90ee0bd91406968f6929811f61256dde2fab6d,4b714f69c839ca538825054f94bdf57f5d4ea3da,2020-12-30,supported historical candidate,"Historical exact source key Pat Hanrahan and Stanford University / https://graphics.stanford.edu/~hanrahan agree with the recipient identity and retained institutional evidence. Reviewed against ACM citation: For contributions to rendering theory and systems. A shared non-placeholder Scholar ID additionally corroborates this match, with name and institution checked separately. This is a historical association proposal, not current inclusion or an instruction to restore publication-profile identifiers.",https://awards.acm.org/award-recipients/hanrahan_4652251 | https://scholar.google.com/citations?user=RzEnQmgAAAAJ | https://dblp.org/pid/h/PatHanrahan | https://graphics.stanford.edu/~hanrahan,awaiting explicit adoption; do not restore upstream Scholar/DBLP identifiers
acm_fellows.csv,"Paulson, Lawrence Charles",2008,https://awards.acm.org/award-recipients/paulson_4585196,Lawrence C. Paulson,University of Cambridge,https://www.cl.cam.ac.uk/~lp15,Sv1hcjEAAAAJ,,"name,affiliation,homepage,scholarid (ORCID absent)",bigcows-crawler/.cache/csrankings-history-recovery-2026-09-18/2020-12-30/csrankings.csv,0809df80d410b21b7614bf49dc90ee0bd91406968f6929811f61256dde2fab6d,4b714f69c839ca538825054f94bdf57f5d4ea3da,2020-12-30,supported historical candidate,"Historical exact source key Lawrence C. Paulson and University of Cambridge / https://www.cl.cam.ac.uk/~lp15 agree with the recipient identity and retained institutional evidence. Reviewed against ACM citation: For contributions to theorem provers and verification techniques. This is a historical association proposal, not current inclusion or an instruction to restore publication-profile identifiers.",https://awards.acm.org/award-recipients/paulson_4585196 | https://scholar.google.com/citations?user=x4toSGEAAAAJ | https://dblp.org/pid/p/LCPaulson | https://www.cl.cam.ac.uk/~lp15,awaiting explicit adoption; do not restore upstream Scholar/DBLP identifiers
acm_fellows.csv,"Brewer, Eric A.",2007,https://awards.acm.org/award-recipients/brewer_UI34063,Eric A. Brewer,University of California - Berkeley,https://www.cs.berkeley.edu/~brewer,BbzYzsgAAAAJ,,"name,affiliation,homepage,scholarid (ORCID absent)",bigcows-crawler/.cache/csrankings-history-recovery-2026-09-18/2020-12-30/csrankings.csv,0809df80d410b21b7614bf49dc90ee0bd91406968f6929811f61256dde2fab6d,4b714f69c839ca538825054f94bdf57f5d4ea3da,2020-12-30,supported historical candidate,"Historical exact source key Eric A. Brewer and University of California - Berkeley / https://www.cs.berkeley.edu/~brewer agree with the recipient identity and retained institutional evidence. Reviewed against ACM citation: For the design of scalable, reliable internet services. A shared non-placeholder Scholar ID additionally corroborates this match, with name and institution checked separately. This is a historical association proposal, not current inclusion or an instruction to restore publication-profile identifiers.",https://awards.acm.org/award-recipients/brewer_UI34063 | https://scholar.google.com/citations?user=BbzYzsgAAAAJ | https://dblp.org/pid/b/EricABrewer | https://www.cs.berkeley.edu/~brewer,awaiting explicit adoption; do not restore upstream Scholar/DBLP identifiers
acm_fellows.csv,"Felten, Edward",2007,https://awards.acm.org/award-recipients/felten_5140041,Edward W. Felten,Princeton University,https://www.cs.princeton.edu/~felten,watx0IAAAAAJ,,"name,affiliation,homepage,scholarid (ORCID absent)",bigcows-crawler/.cache/csrankings-history-recovery-2026-09-18/2020-12-30/csrankings.csv,0809df80d410b21b7614bf49dc90ee0bd91406968f6929811f61256dde2fab6d,4b714f69c839ca538825054f94bdf57f5d4ea3da,2020-12-30,supported historical candidate,"Historical exact source key Edward W. Felten and Princeton University / https://www.cs.princeton.edu/~felten agree with the recipient identity and retained institutional evidence. Reviewed against ACM citation: For contributions to security and the public policy of information technology. A shared non-placeholder Scholar ID additionally corroborates this match, with name and institution checked separately. This is a historical association proposal, not current inclusion or an instruction to restore publication-profile identifiers.",https://awards.acm.org/award-recipients/felten_5140041 | https://scholar.google.com/citations?user=watx0IAAAAAJ | https://dblp.org/pid/f/EdwardWFelten | https://www.cs.princeton.edu/~felten,awaiting explicit adoption; do not restore upstream Scholar/DBLP identifiers
acm_fellows.csv,"Olson, Gary M",2007,https://awards.acm.org/award-recipients/olson_2607703,Gary M. Olson,University of California - Irvine,https://garymolson.com,4XyoYbAAAAAJ,,"name,affiliation,homepage,scholarid (ORCID absent)",bigcows-crawler/.cache/csrankings-history-recovery-2026-09-18/2020-12-30/csrankings.csv,0809df80d410b21b7614bf49dc90ee0bd91406968f6929811f61256dde2fab6d,4b714f69c839ca538825054f94bdf57f5d4ea3da,2020-12-30,supported historical candidate,"Historical exact source key Gary M. Olson and University of California - Irvine / https://garymolson.com agree with the recipient identity and retained institutional evidence. Reviewed against ACM citation: For contributions to computer-supported collaborative work. A shared non-placeholder Scholar ID additionally corroborates this match, with name and institution checked separately. This is a historical association proposal, not current inclusion or an instruction to restore publication-profile identifiers.",https://awards.acm.org/award-recipients/olson_2607703 | https://scholar.google.com/citations?user=4XyoYbAAAAAJ | https://dblp.org/pid/o/GaryMOlson | https://garymolson.com,awaiting explicit adoption; do not restore upstream Scholar/DBLP identifiers
acm_fellows.csv,"Padua, David",2007,https://awards.acm.org/award-recipients/padua_4317590,David A. Padua,Univ. of Illinois at Urbana-Champaign,http://polaris.cs.uiuc.edu/~padua,QaLf6bEAAAAJ,,"name,affiliation,homepage,scholarid (ORCID absent)",bigcows-crawler/.cache/csrankings-history-recovery-2026-09-18/2020-12-30/csrankings.csv,0809df80d410b21b7614bf49dc90ee0bd91406968f6929811f61256dde2fab6d,4b714f69c839ca538825054f94bdf57f5d4ea3da,2020-12-30,supported historical candidate,"Historical exact source key David A. Padua and Univ. of Illinois at Urbana-Champaign / http://polaris.cs.uiuc.edu/~padua agree with the recipient identity and retained institutional evidence. Reviewed against ACM citation: For contributions to compiler support for parallel computing. A shared non-placeholder Scholar ID additionally corroborates this match, with name and institution checked separately. This is a historical association proposal, not current inclusion or an instruction to restore publication-profile identifiers.",https://awards.acm.org/award-recipients/padua_4317590 | https://scholar.google.com/citations?user=QaLf6bEAAAAJ | https://dblp.org/pid/p/DavidAPadua | http://polaris.cs.uiuc.edu/~padua,awaiting explicit adoption; do not restore upstream Scholar/DBLP identifiers
acm_fellows.csv,"Roberts, Eric S",2007,https://awards.acm.org/award-recipients/roberts_2086759,Eric Roberts,Stanford University,http://cs.stanford.edu/people/eroberts,BgLKWLUAAAAJ,,"name,affiliation,homepage,scholarid (ORCID absent)",bigcows-crawler/.cache/csrankings-history-recovery-2026-09-18/2020-12-30/csrankings.csv,0809df80d410b21b7614bf49dc90ee0bd91406968f6929811f61256dde2fab6d,4b714f69c839ca538825054f94bdf57f5d4ea3da,2020-12-30,supported historical candidate,"Historical exact source key Eric Roberts and Stanford University / http://cs.stanford.edu/people/eroberts agree with the recipient identity and retained institutional evidence. Reviewed against ACM citation: For contributions to computer science education. This is a historical association proposal, not current inclusion or an instruction to restore publication-profile identifiers.",https://awards.acm.org/award-recipients/roberts_2086759 | https://dblp.org/pid/13/336 | http://cs.stanford.edu/people/eroberts,awaiting explicit adoption; do not restore upstream Scholar/DBLP identifiers
acm_fellows.csv,"Wand, Mitchell",2007,https://awards.acm.org/award-recipients/wand_1239896,Mitchell Wand,Northeastern University,http://www.ccs.neu.edu/home/wand,Y0E0lsgAAAAJ,,"name,affiliation,homepage,scholarid (ORCID absent)",bigcows-crawler/.cache/csrankings-history-recovery-2026-09-18/2020-12-30/csrankings.csv,0809df80d410b21b7614bf49dc90ee0bd91406968f6929811f61256dde2fab6d,4b714f69c839ca538825054f94bdf57f5d4ea3da,2020-12-30,supported historical candidate,"Historical exact source key Mitchell Wand and Northeastern University / http://www.ccs.neu.edu/home/wand agree with the recipient identity and retained institutional evidence. Reviewed against ACM citation: For contributions to type theory and program analysis. A shared non-placeholder Scholar ID additionally corroborates this match, with name and institution checked separately. This is a historical association proposal, not current inclusion or an instruction to restore publication-profile identifiers.",https://awards.acm.org/award-recipients/wand_1239896 | https://scholar.google.com/citations?user=Y0E0lsgAAAAJ | https://dblp.org/pid/w/MitchellWand | http://www.ccs.neu.edu/home/wand,awaiting explicit adoption; do not restore upstream Scholar/DBLP identifiers
acm_fellows.csv,Arvind,2006,https://awards.acm.org/award-recipients/arvind_3667433,Arvind,Massachusetts Institute of Technology,http://csg.csail.mit.edu/Users/arvind,P0hz-8UAAAAJ,,"name,affiliation,homepage,scholarid (ORCID absent)",bigcows-crawler/.cache/csrankings-history-recovery-2026-09-18/2020-12-30/csrankings.csv,0809df80d410b21b7614bf49dc90ee0bd91406968f6929811f61256dde2fab6d,4b714f69c839ca538825054f94bdf57f5d4ea3da,2020-12-30,supported historical candidate,"Historical exact source key Arvind and Massachusetts Institute of Technology / http://csg.csail.mit.edu/Users/arvind agree with the recipient identity and retained institutional evidence. Reviewed against ACM citation: For contributions to dataflow computing and verification. This is a historical association proposal, not current inclusion or an instruction to restore publication-profile identifiers.",https://awards.acm.org/award-recipients/arvind_3667433 | https://scholar.google.com/citations?user=_BqpjCgAAAAJ | https://dblp.org/pid/a/Arvind | http://csg.csail.mit.edu/Users/arvind,awaiting explicit adoption; do not restore upstream Scholar/DBLP identifiers
acm_fellows.csv,"Laird, John E.",2006,https://awards.acm.org/award-recipients/laird_1610138,John E. Laird,University of Michigan,http://ai.eecs.umich.edu/people/laird,ea6cjVUAAAAJ,,"name,affiliation,homepage,scholarid (ORCID absent)",bigcows-crawler/.cache/csrankings-history-recovery-2026-09-18/2020-12-30/csrankings.csv,0809df80d410b21b7614bf49dc90ee0bd91406968f6929811f61256dde2fab6d,4b714f69c839ca538825054f94bdf57f5d4ea3da,2020-12-30,supported historical candidate,"Historical exact source key John E. Laird and University of Michigan / http://ai.eecs.umich.edu/people/laird agree with the recipient identity and retained institutional evidence. Reviewed against ACM citation: For contributions to the development and application of cognitive architectures. A shared non-placeholder Scholar ID additionally corroborates this match, with name and institution checked separately. This is a historical association proposal, not current inclusion or an instruction to restore publication-profile identifiers.",https://awards.acm.org/award-recipients/laird_1610138 | https://scholar.google.com/citations?user=ea6cjVUAAAAJ | https://dblp.org/pid/l/JohnELaird | http://ai.eecs.umich.edu/people/laird,awaiting explicit adoption; do not restore upstream Scholar/DBLP identifiers
acm_fellows.csv,"Larus, James",2006,https://awards.acm.org/award-recipients/larus_1713445,James R. Larus,EPFL,https://people.epfl.ch/james.larus,xWZTGPUAAAAJ,,"name,affiliation,homepage,scholarid (ORCID absent)",bigcows-crawler/.cache/csrankings-history-recovery-2026-09-18/2020-12-30/csrankings.csv,0809df80d410b21b7614bf49dc90ee0bd91406968f6929811f61256dde2fab6d,4b714f69c839ca538825054f94bdf57f5d4ea3da,2020-12-30,supported historical candidate,"Historical exact source key James R. Larus and EPFL / https://people.epfl.ch/james.larus agree with the recipient identity and retained institutional evidence. Reviewed against ACM citation: For contributions to programming languages, compilers, and computer architecture. A shared non-placeholder Scholar ID additionally corroborates this match, with name and institution checked separately. This is a historical association proposal, not current inclusion or an instruction to restore publication-profile identifiers.",https://awards.acm.org/award-recipients/larus_1713445 | https://scholar.google.com/citations?user=xWZTGPUAAAAJ | https://dblp.org/pid/l/JamesRLarus | https://people.epfl.ch/james.larus,awaiting explicit adoption; do not restore upstream Scholar/DBLP identifiers
acm_fellows.csv,"McKeown, Nick",2006,https://awards.acm.org/award-recipients/mckeown_4304689,Nick McKeown,Stanford University,http://stanford.edu/~nickm,SqMUez0AAAAJ,,"name,affiliation,homepage,scholarid (ORCID absent)",bigcows-crawler/.cache/csrankings-history-recovery-2026-09-18/2020-12-30/csrankings.csv,0809df80d410b21b7614bf49dc90ee0bd91406968f6929811f61256dde2fab6d,4b714f69c839ca538825054f94bdf57f5d4ea3da,2020-12-30,supported historical candidate,"Historical exact source key Nick McKeown and Stanford University / http://stanford.edu/~nickm agree with the recipient identity and retained institutional evidence. Reviewed against ACM citation: For contributions to network switching and queueing. A shared non-placeholder Scholar ID additionally corroborates this match, with name and institution checked separately. This is a historical association proposal, not current inclusion or an instruction to restore publication-profile identifiers.",https://awards.acm.org/award-recipients/mckeown_4304689 | https://scholar.google.com/citations?user=SqMUez0AAAAJ | https://dblp.org/pid/m/NickMcKeown | http://stanford.edu/~nickm,awaiting explicit adoption; do not restore upstream Scholar/DBLP identifiers
acm_fellows.csv,"Moore, J Strother",2006,https://awards.acm.org/award-recipients/moore_4797627,J Strother Moore,University of Texas at Austin,https://www.cs.utexas.edu/users/moore,NOSCHOLARPAGE,,"name,affiliation,homepage,scholarid (ORCID absent)",bigcows-crawler/.cache/csrankings-history-recovery-2026-09-18/2020-12-30/csrankings.csv,0809df80d410b21b7614bf49dc90ee0bd91406968f6929811f61256dde2fab6d,4b714f69c839ca538825054f94bdf57f5d4ea3da,2020-12-30,supported historical candidate,"Historical exact source key J Strother Moore and University of Texas at Austin / https://www.cs.utexas.edu/users/moore agree with the recipient identity and retained institutional evidence. Reviewed against ACM citation: For contributions to mechanized theorem proving. This is a historical association proposal, not current inclusion or an instruction to restore publication-profile identifiers.",https://awards.acm.org/award-recipients/moore_4797627 | https://scholar.google.com/citations?user=91fyr68AAAAJ | https://dblp.org/pid/m/JStrotherMoore | https://www.cs.utexas.edu/users/moore,awaiting explicit adoption; do not restore upstream Scholar/DBLP identifiers
acm_fellows.csv,"O'Leary, Dianne Prost",2006,https://awards.acm.org/award-recipients/oleary_1275429,Dianne P. O'Leary,University of Maryland - College Park,https://www.cs.umd.edu/people/oleary,5mXaSbgAAAAJ,,"name,affiliation,homepage,scholarid (ORCID absent)",bigcows-crawler/.cache/csrankings-history-recovery-2026-09-18/2020-12-30/csrankings.csv,0809df80d410b21b7614bf49dc90ee0bd91406968f6929811f61256dde2fab6d,4b714f69c839ca538825054f94bdf57f5d4ea3da,2020-12-30,supported historical candidate,"Historical exact source key Dianne P. O'Leary and University of Maryland - College Park / https://www.cs.umd.edu/people/oleary agree with the recipient identity and retained institutional evidence. Reviewed against ACM citation: For mentoring activities and contributions to numerical algorithms. A shared non-placeholder Scholar ID additionally corroborates this match, with name and institution checked separately. This is a historical association proposal, not current inclusion or an instruction to restore publication-profile identifiers.",https://awards.acm.org/award-recipients/oleary_1275429 | https://scholar.google.com/citations?user=5mXaSbgAAAAJ | https://dblp.org/pid/o/DiannePOLeary | https://www.cs.umd.edu/people/oleary,awaiting explicit adoption; do not restore upstream Scholar/DBLP identifiers
acm_fellows.csv,"York, Bryant W",2006,https://awards.acm.org/award-recipients/york_1471234,Bryant W. York,Portland State University,http://web.cecs.pdx.edu/~york,NOSCHOLARPAGE,,"name,affiliation,homepage,scholarid (ORCID absent)",bigcows-crawler/.cache/csrankings-history-recovery-2026-09-18/2020-12-30/csrankings.csv,0809df80d410b21b7614bf49dc90ee0bd91406968f6929811f61256dde2fab6d,4b714f69c839ca538825054f94bdf57f5d4ea3da,2020-12-30,supported historical candidate,"Historical exact source key Bryant W. York and Portland State University / http://web.cecs.pdx.edu/~york agree with the recipient identity and retained institutional evidence. Reviewed against ACM citation: For leadership in broadening participation in computing. This is a historical association proposal, not current inclusion or an instruction to restore publication-profile identifiers. Portland State institutional material independently lists Bryant York as its computer-science professor; this corroborates the original historical PSU row without restoring the rejected sparse DBLP link.",https://awards.acm.org/award-recipients/york_1471234 | http://web.cecs.pdx.edu/~york | https://nanocrystallography.research.pdx.edu/nano-crystallography-group/recent-senior-collaborators/,awaiting explicit adoption; do not restore upstream Scholar/DBLP identifiers
acm_fellows.csv,"Zdonik, Stanley",2006,https://awards.acm.org/award-recipients/zdonik_1195676,Stanley B. Zdonik,Brown University,http://cs.brown.edu/~sbz,k3YaoIEAAAAJ,,"name,affiliation,homepage,scholarid (ORCID absent)",bigcows-crawler/.cache/csrankings-history-recovery-2026-09-18/2020-12-30/csrankings.csv,0809df80d410b21b7614bf49dc90ee0bd91406968f6929811f61256dde2fab6d,4b714f69c839ca538825054f94bdf57f5d4ea3da,2020-12-30,supported historical candidate,"Historical exact source key Stanley B. Zdonik and Brown University / http://cs.brown.edu/~sbz agree with the recipient identity and retained institutional evidence. Reviewed against ACM citation: For contributions to data management and database systems. A shared non-placeholder Scholar ID additionally corroborates this match, with name and institution checked separately. This is a historical association proposal, not current inclusion or an instruction to restore publication-profile identifiers.",https://awards.acm.org/award-recipients/zdonik_1195676 | https://scholar.google.com/citations?user=k3YaoIEAAAAJ | https://dblp.org/pid/z/SBZdonik | http://cs.brown.edu/~sbz,awaiting explicit adoption; do not restore upstream Scholar/DBLP identifiers
acm_fellows.csv,"Jain, Ramesh C",2003,https://awards.acm.org/award-recipients/jain_1702455,Ramesh C. Jain,University of California - Irvine,https://ngs.ics.uci.edu,wOYUPpwAAAAJ,,"name,affiliation,homepage,scholarid (ORCID absent)",bigcows-crawler/.cache/csrankings-history-recovery-2026-09-18/2020-12-30/csrankings.csv,0809df80d410b21b7614bf49dc90ee0bd91406968f6929811f61256dde2fab6d,4b714f69c839ca538825054f94bdf57f5d4ea3da,2020-12-30,supported historical candidate,"Historical exact source key Ramesh C. Jain and University of California - Irvine / https://ngs.ics.uci.edu agree with the recipient identity and retained institutional evidence. Reviewed against ACM citation: For contributions to computer vision and multimedia information systems. A shared non-placeholder Scholar ID additionally corroborates this match, with name and institution checked separately. This is a historical association proposal, not current inclusion or an instruction to restore publication-profile identifiers.",https://awards.acm.org/award-recipients/jain_1702455 | https://scholar.google.com/citations?user=wOYUPpwAAAAJ | https://dblp.org/pid/j/RameshJain | https://ngs.ics.uci.edu,awaiting explicit adoption; do not restore upstream Scholar/DBLP identifiers
acm_fellows.csv,"Kozen, Dexter",2003,https://awards.acm.org/award-recipients/kozen_N993279,Dexter Kozen,Cornell University,http://www.cs.cornell.edu/~kozen,LV1qWjgAAAAJ,,"name,affiliation,homepage,scholarid (ORCID absent)",bigcows-crawler/.cache/csrankings-history-recovery-2026-09-18/2020-12-30/csrankings.csv,0809df80d410b21b7614bf49dc90ee0bd91406968f6929811f61256dde2fab6d,4b714f69c839ca538825054f94bdf57f5d4ea3da,2020-12-30,supported historical candidate,"Historical exact source key Dexter Kozen and Cornell University / http://www.cs.cornell.edu/~kozen agree with the recipient identity and retained institutional evidence. Reviewed against ACM citation: For contributions to theoretical computer science. A shared non-placeholder Scholar ID additionally corroborates this match, with name and institution checked separately. This is a historical association proposal, not current inclusion or an instruction to restore publication-profile identifiers.",https://awards.acm.org/award-recipients/kozen_N993279 | https://scholar.google.com/citations?user=LV1qWjgAAAAJ | https://dblp.org/pid/k/DexterKozen | http://www.cs.cornell.edu/~kozen,awaiting explicit adoption; do not restore upstream Scholar/DBLP identifiers
acm_fellows.csv,"Shenker, Scott J",2003,https://awards.acm.org/award-recipients/shenker_3005626,Scott Shenker,University of California - Berkeley,https://www.eecs.berkeley.edu/Faculty/Homepages/shenker.html,GUAoEcAAAAAJ,,"name,affiliation,homepage,scholarid (ORCID absent)",bigcows-crawler/.cache/csrankings-history-recovery-2026-09-18/2020-12-30/csrankings.csv,0809df80d410b21b7614bf49dc90ee0bd91406968f6929811f61256dde2fab6d,4b714f69c839ca538825054f94bdf57f5d4ea3da,2020-12-30,supported historical candidate,"Historical exact source key Scott Shenker and University of California - Berkeley / https://www.eecs.berkeley.edu/Faculty/Homepages/shenker.html agree with the recipient identity and retained institutional evidence. Reviewed against ACM citation: For contributions to Internet architecture and protocols. This is a historical association proposal, not current inclusion or an instruction to restore publication-profile identifiers.",https://awards.acm.org/award-recipients/shenker_3005626 | https://scholar.google.com/citations?user=hcSDlh4AAAAJ | https://dblp.org/pid/34/5593 | https://www.eecs.berkeley.edu/Faculty/Homepages/shenker.html,awaiting explicit adoption; do not restore upstream Scholar/DBLP identifiers
acm_fellows.csv,"Culler, David",2002,https://awards.acm.org/award-recipients/culler_2196962,David E. Culler,University of California - Berkeley,https://www.cs.berkeley.edu/~culler,urTiL7QAAAAJ,,"name,affiliation,homepage,scholarid (ORCID absent)",bigcows-crawler/.cache/csrankings-history-recovery-2026-09-18/2020-12-30/csrankings.csv,0809df80d410b21b7614bf49dc90ee0bd91406968f6929811f61256dde2fab6d,4b714f69c839ca538825054f94bdf57f5d4ea3da,2020-12-30,supported historical candidate,"Historical exact source key David E. Culler and University of California - Berkeley / https://www.cs.berkeley.edu/~culler agree with the recipient identity and retained institutional evidence. Reviewed against ACM citation: For contributions to networks of small and large devices. A shared non-placeholder Scholar ID additionally corroborates this match, with name and institution checked separately. This is a historical association proposal, not current inclusion or an instruction to restore publication-profile identifiers.",https://awards.acm.org/award-recipients/culler_2196962 | https://scholar.google.com/citations?user=urTiL7QAAAAJ | https://dblp.org/pid/c/DavidECuller | https://www.cs.berkeley.edu/~culler,awaiting explicit adoption; do not restore upstream Scholar/DBLP identifiers
acm_fellows.csv,"Dally, William",2002,https://awards.acm.org/award-recipients/dally_2638401,William J. Dally,Stanford University,http://csl.stanford.edu/~billd,YZHj-Y4AAAAJ,,"name,affiliation,homepage,scholarid (ORCID absent)",bigcows-crawler/.cache/csrankings-history-recovery-2026-09-18/2020-12-30/csrankings.csv,0809df80d410b21b7614bf49dc90ee0bd91406968f6929811f61256dde2fab6d,4b714f69c839ca538825054f94bdf57f5d4ea3da,2020-12-30,supported historical candidate,"Historical exact source key William J. Dally and Stanford University / http://csl.stanford.edu/~billd agree with the recipient identity and retained institutional evidence. Reviewed against ACM citation: For contributions to the architecture and design of interconnections networks and parallel computing. A shared non-placeholder Scholar ID additionally corroborates this match, with name and institution checked separately. This is a historical association proposal, not current inclusion or an instruction to restore publication-profile identifiers.",https://awards.acm.org/award-recipients/dally_2638401 | https://scholar.google.com/citations?user=YZHj-Y4AAAAJ | https://dblp.org/pid/d/WJDally | http://csl.stanford.edu/~billd,awaiting explicit adoption; do not restore upstream Scholar/DBLP identifiers
acm_fellows.csv,"Hwu, Wen-Mei",2002,https://awards.acm.org/award-recipients/hwu_3270394,Wen-Mei W. Hwu,Univ. of Illinois at Urbana-Champaign,https://www.ece.illinois.edu/directory/profile/w-hwu,ohjQPx8AAAAJ,,"name,affiliation,homepage,scholarid (ORCID absent)",bigcows-crawler/.cache/csrankings-history-recovery-2026-09-18/2020-12-30/csrankings.csv,0809df80d410b21b7614bf49dc90ee0bd91406968f6929811f61256dde2fab6d,4b714f69c839ca538825054f94bdf57f5d4ea3da,2020-12-30,supported historical candidate,"Historical exact source key Wen-Mei W. Hwu and Univ. of Illinois at Urbana-Champaign / https://www.ece.illinois.edu/directory/profile/w-hwu agree with the recipient identity and retained institutional evidence. Reviewed against ACM citation: For technical contributions and leadership in computer architecture. A shared non-placeholder Scholar ID additionally corroborates this match, with name and institution checked separately. This is a historical association proposal, not current inclusion or an instruction to restore publication-profile identifiers.",https://awards.acm.org/award-recipients/hwu_3270394 | https://scholar.google.com/citations?user=ohjQPx8AAAAJ | https://dblp.org/pid/03/4630 | https://www.ece.illinois.edu/directory/profile/w-hwu,awaiting explicit adoption; do not restore upstream Scholar/DBLP identifiers
acm_fellows.csv,"Immerman, Neil",2002,https://awards.acm.org/award-recipients/immerman_1758739,Neil Immerman,University of Massachusetts Amherst,https://people.cs.umass.edu/~immerman,DbZWZr8AAAAJ,,"name,affiliation,homepage,scholarid (ORCID absent)",bigcows-crawler/.cache/csrankings-history-recovery-2026-09-18/2020-12-30/csrankings.csv,0809df80d410b21b7614bf49dc90ee0bd91406968f6929811f61256dde2fab6d,4b714f69c839ca538825054f94bdf57f5d4ea3da,2020-12-30,supported historical candidate,"Historical exact source key Neil Immerman and University of Massachusetts Amherst / https://people.cs.umass.edu/~immerman agree with the recipient identity and retained institutional evidence. Reviewed against ACM citation: For contributions to complexity theory, descriptive complexity, and database theory. A shared non-placeholder Scholar ID additionally corroborates this match, with name and institution checked separately. This is a historical association proposal, not current inclusion or an instruction to restore publication-profile identifiers.",https://awards.acm.org/award-recipients/immerman_1758739 | https://scholar.google.com/citations?user=DbZWZr8AAAAJ | https://dblp.org/pid/i/NeilImmerman | https://people.cs.umass.edu/~immerman,awaiting explicit adoption; do not restore upstream Scholar/DBLP identifiers
acm_fellows.csv,"Karin, Sidney",2002,https://awards.acm.org/award-recipients/karin_1343664,Sidney Karin,University of California - San Diego,http://www.sdsc.edu/~skarin,jDl3sroAAAAJ,,"name,affiliation,homepage,scholarid (ORCID absent)",bigcows-crawler/.cache/csrankings-history-recovery-2026-09-18/2020-12-30/csrankings.csv,0809df80d410b21b7614bf49dc90ee0bd91406968f6929811f61256dde2fab6d,4b714f69c839ca538825054f94bdf57f5d4ea3da,2020-12-30,supported historical candidate,"Historical exact source key Sidney Karin and University of California - San Diego / http://www.sdsc.edu/~skarin agree with the recipient identity and retained institutional evidence. Reviewed against ACM citation: For leadership in integrating the academic computer science and computational science communities. This is a historical association proposal, not current inclusion or an instruction to restore publication-profile identifiers. UCSD/SDSC biography identifies Sidney Karin as the founding SDSC director and emeritus computer-science professor, matching the ACM computational-science leadership citation.",https://awards.acm.org/award-recipients/karin_1343664 | http://www.sdsc.edu/~skarin | https://www.sdsc.edu/~skarin/,awaiting explicit adoption; do not restore upstream Scholar/DBLP identifiers
acm_fellows.csv,"Miller, Gary L",2002,https://awards.acm.org/award-recipients/miller_1556943,Gary L. Miller,Carnegie Mellon University,https://www.cs.cmu.edu/~glmiller,umm-i20AAAAJ,,"name,affiliation,homepage,scholarid (ORCID absent)",bigcows-crawler/.cache/csrankings-history-recovery-2026-09-18/2020-12-30/csrankings.csv,0809df80d410b21b7614bf49dc90ee0bd91406968f6929811f61256dde2fab6d,4b714f69c839ca538825054f94bdf57f5d4ea3da,2020-12-30,supported historical candidate,"Historical exact source key Gary L. Miller and Carnegie Mellon University / https://www.cs.cmu.edu/~glmiller agree with the recipient identity and retained institutional evidence. Reviewed against ACM citation: For contributions to the design and analysis of algorithms in number theory and computational geometry. A shared non-placeholder Scholar ID additionally corroborates this match, with name and institution checked separately. This is a historical association proposal, not current inclusion or an instruction to restore publication-profile identifiers.",https://awards.acm.org/award-recipients/miller_1556943 | https://scholar.google.com/citations?user=umm-i20AAAAJ | https://dblp.org/pid/m/GaryLMiller | https://www.cs.cmu.edu/~glmiller,awaiting explicit adoption; do not restore upstream Scholar/DBLP identifiers
acm_fellows.csv,"Borning, Alan H",2001,https://awards.acm.org/award-recipients/borning_1966373,Alan Borning,University of Washington,http://www.cs.washington.edu/people/faculty/borning,NOSCHOLARPAGE,,"name,affiliation,homepage,scholarid (ORCID absent)",bigcows-crawler/.cache/csrankings-history-recovery-2026-09-18/2020-12-30/csrankings.csv,0809df80d410b21b7614bf49dc90ee0bd91406968f6929811f61256dde2fab6d,4b714f69c839ca538825054f94bdf57f5d4ea3da,2020-12-30,supported historical candidate,"Historical exact source key Alan Borning and University of Washington / http://www.cs.washington.edu/people/faculty/borning agree with the recipient identity and retained institutional evidence. Reviewed against ACM citation: For contributions to constraint-based languages, systems, and applications, to object-oriented programming; and to understanding issues of computers and society. This is a historical association proposal, not current inclusion or an instruction to restore publication-profile identifiers.",https://awards.acm.org/award-recipients/borning_1966373 | https://dblp.org/pid/b/AlanBorning | http://www.cs.washington.edu/people/faculty/borning,awaiting explicit adoption; do not restore upstream Scholar/DBLP identifiers
acm_fellows.csv,"Hayes, John P",2001,https://awards.acm.org/award-recipients/hayes_1076777,John P. Hayes,University of Michigan,http://web.eecs.umich.edu/~jhayes,a-qMWpwAAAAJ,,"name,affiliation,homepage,scholarid (ORCID absent)",bigcows-crawler/.cache/csrankings-history-recovery-2026-09-18/2020-12-30/csrankings.csv,0809df80d410b21b7614bf49dc90ee0bd91406968f6929811f61256dde2fab6d,4b714f69c839ca538825054f94bdf57f5d4ea3da,2020-12-30,supported historical candidate,"Historical exact source key John P. Hayes and University of Michigan / http://web.eecs.umich.edu/~jhayes agree with the recipient identity and retained institutional evidence. Reviewed against ACM citation: For outstanding contributions to logic design and testing and to fault-tolerant computer architecture. A shared non-placeholder Scholar ID additionally corroborates this match, with name and institution checked separately. This is a historical association proposal, not current inclusion or an instruction to restore publication-profile identifiers.",https://awards.acm.org/award-recipients/hayes_1076777 | https://scholar.google.com/citations?user=a-qMWpwAAAAJ | https://dblp.org/pid/92/2628 | http://web.eecs.umich.edu/~jhayes,awaiting explicit adoption; do not restore upstream Scholar/DBLP identifiers
acm_fellows.csv,"Kowalski, Robert A",2001,https://awards.acm.org/award-recipients/kowalski_4145520,Robert Kowalski,Imperial College London,http://www.doc.ic.ac.uk/~rak,pvkQAj0AAAAJ,,"name,affiliation,homepage,scholarid (ORCID absent)",bigcows-crawler/.cache/csrankings-history-recovery-2026-09-18/2020-12-30/csrankings.csv,0809df80d410b21b7614bf49dc90ee0bd91406968f6929811f61256dde2fab6d,4b714f69c839ca538825054f94bdf57f5d4ea3da,2020-12-30,supported historical candidate,"Historical exact source key Robert Kowalski and Imperial College London / http://www.doc.ic.ac.uk/~rak agree with the recipient identity and retained institutional evidence. Reviewed against ACM citation: For his work as a cofounder of the field of logic programming, for providing the field's first foundations, and for pursuing applications to legal reasoning, temporal reasoning, metalevel reasoning, default reasoning, and argumentation. A shared non-placeholder Scholar ID additionally corroborates this match, with name and institution checked separately. This is a historical association proposal, not current inclusion or an instruction to restore publication-profile identifiers.",https://awards.acm.org/award-recipients/kowalski_4145520 | https://scholar.google.com/citations?user=pvkQAj0AAAAJ | https://dblp.org/pid/k/RobertAKowalski | http://www.doc.ic.ac.uk/~rak,awaiting explicit adoption; do not restore upstream Scholar/DBLP identifiers
acm_fellows.csv,"Kurose, James",2001,https://awards.acm.org/award-recipients/kurose_2056158,James F. Kurose,University of Massachusetts Amherst,http://www-net.cs.umass.edu/personnel/kurose.html,ogj8ppAAAAAJ,,"name,affiliation,homepage,scholarid (ORCID absent)",bigcows-crawler/.cache/csrankings-history-recovery-2026-09-18/2020-12-30/csrankings.csv,0809df80d410b21b7614bf49dc90ee0bd91406968f6929811f61256dde2fab6d,4b714f69c839ca538825054f94bdf57f5d4ea3da,2020-12-30,supported historical candidate,"Historical exact source key James F. Kurose and University of Massachusetts Amherst / http://www-net.cs.umass.edu/personnel/kurose.html agree with the recipient identity and retained institutional evidence. Reviewed against ACM citation: For contributions to the design and analysis of network protocols, and for technical leadership in the field. This is a historical association proposal, not current inclusion or an instruction to restore publication-profile identifiers.",https://awards.acm.org/award-recipients/kurose_2056158 | https://scholar.google.com/citations?user=219_uIcAAAAJ | https://dblp.org/pid/k/JamesFKurose | http://www-net.cs.umass.edu/personnel/kurose.html,awaiting explicit adoption; do not restore upstream Scholar/DBLP identifiers
acm_fellows.csv,"Norman, Don",2001,https://awards.acm.org/award-recipients/norman_2193936,Donald A. Norman,University of California - San Diego,http://www.jnd.org,h-2JebwAAAAJ,,"name,affiliation,homepage,scholarid (ORCID absent)",bigcows-crawler/.cache/csrankings-history-recovery-2026-09-18/2020-12-30/csrankings.csv,0809df80d410b21b7614bf49dc90ee0bd91406968f6929811f61256dde2fab6d,4b714f69c839ca538825054f94bdf57f5d4ea3da,2020-12-30,supported historical candidate,"Historical exact source key Donald A. Norman and University of California - San Diego / http://www.jnd.org agree with the recipient identity and retained institutional evidence. Reviewed against ACM citation: For contributions to human-centered design and computing. A shared non-placeholder Scholar ID additionally corroborates this match, with name and institution checked separately. This is a historical association proposal, not current inclusion or an instruction to restore publication-profile identifiers.",https://awards.acm.org/award-recipients/norman_2193936 | https://scholar.google.com/citations?user=h-2JebwAAAAJ | https://dblp.org/pid/50/784 | http://www.jnd.org,awaiting explicit adoption; do not restore upstream Scholar/DBLP identifiers
acm_fellows.csv,"Pullen, John Mark",2001,https://awards.acm.org/award-recipients/pullen_2007714,J. Mark Pullen,George Mason University,http://netlab.gmu.edu/mpullen,NOSCHOLARPAGE,,"name,affiliation,homepage,scholarid (ORCID absent)",bigcows-crawler/.cache/csrankings-history-recovery-2026-09-18/2020-12-30/csrankings.csv,0809df80d410b21b7614bf49dc90ee0bd91406968f6929811f61256dde2fab6d,4b714f69c839ca538825054f94bdf57f5d4ea3da,2020-12-30,supported historical candidate,"Historical exact source key J. Mark Pullen and George Mason University / http://netlab.gmu.edu/mpullen agree with the recipient identity and retained institutional evidence. Reviewed against ACM citation: For contributions to information technology in transitioning the Internet from a Federal research project to commercial availability, and development of Internet distance education technologies. This is a historical association proposal, not current inclusion or an instruction to restore publication-profile identifiers.",https://awards.acm.org/award-recipients/pullen_2007714 | https://scholar.google.com/citations?user=FvTjg7cAAAAJ | https://dblp.org/pid/07/1554 | http://netlab.gmu.edu/mpullen,awaiting explicit adoption; do not restore upstream Scholar/DBLP identifiers
acm_fellows.csv,"Roussopoulos, Nick",2001,https://awards.acm.org/award-recipients/roussopoulos_1373158,Nick Roussopoulos,University of Maryland - College Park,https://www.cs.umd.edu/users/nick,NOSCHOLARPAGE,,"name,affiliation,homepage,scholarid (ORCID absent)",bigcows-crawler/.cache/csrankings-history-recovery-2026-09-18/2020-12-30/csrankings.csv,0809df80d410b21b7614bf49dc90ee0bd91406968f6929811f61256dde2fab6d,4b714f69c839ca538825054f94bdf57f5d4ea3da,2020-12-30,supported historical candidate,"Historical exact source key Nick Roussopoulos and University of Maryland - College Park / https://www.cs.umd.edu/users/nick agree with the recipient identity and retained institutional evidence. Reviewed against ACM citation: For outstanding contributions to the principles and practice of database management and for leadership in academia and service to the ACM community. This is a historical association proposal, not current inclusion or an instruction to restore publication-profile identifiers.",https://awards.acm.org/award-recipients/roussopoulos_1373158 | https://scholar.google.com/citations?user=tia0DoIE6XUJ | https://dblp.org/pid/r/NickRoussopoulos | https://www.cs.umd.edu/users/nick,awaiting explicit adoption; do not restore upstream Scholar/DBLP identifiers
acm_fellows.csv,"Shin, Kang",2001,https://awards.acm.org/award-recipients/shin_2349744,Kang G. Shin,University of Michigan,http://web.eecs.umich.edu/~kgshin,vY7MdLYAAAAJ,,"name,affiliation,homepage,scholarid (ORCID absent)",bigcows-crawler/.cache/csrankings-history-recovery-2026-09-18/2020-12-30/csrankings.csv,0809df80d410b21b7614bf49dc90ee0bd91406968f6929811f61256dde2fab6d,4b714f69c839ca538825054f94bdf57f5d4ea3da,2020-12-30,supported historical candidate,"Historical exact source key Kang G. Shin and University of Michigan / http://web.eecs.umich.edu/~kgshin agree with the recipient identity and retained institutional evidence. Reviewed against ACM citation: For the development of the theory of dynamic failure in real-time fault-tolerant computing. A shared non-placeholder Scholar ID additionally corroborates this match, with name and institution checked separately. This is a historical association proposal, not current inclusion or an instruction to restore publication-profile identifiers.",https://awards.acm.org/award-recipients/shin_2349744 | https://scholar.google.com/citations?user=vY7MdLYAAAAJ | https://dblp.org/pid/s/KangGShin | http://web.eecs.umich.edu/~kgshin,awaiting explicit adoption; do not restore upstream Scholar/DBLP identifiers
acm_fellows.csv,"Turner, Jonathan",2001,https://awards.acm.org/award-recipients/turner_2493385,Jonathan Turner,Washington University in St. Louis,http://www.arl.wustl.edu/~jst,Cgx9W6UAAAAJ,,"name,affiliation,homepage,scholarid (ORCID absent)",bigcows-crawler/.cache/csrankings-history-recovery-2026-09-18/2020-12-30/csrankings.csv,0809df80d410b21b7614bf49dc90ee0bd91406968f6929811f61256dde2fab6d,4b714f69c839ca538825054f94bdf57f5d4ea3da,2020-12-30,supported historical candidate,"Historical exact source key Jonathan Turner and Washington University in St. Louis / http://www.arl.wustl.edu/~jst agree with the recipient identity and retained institutional evidence. Reviewed against ACM citation: For fundamental contributions --- such as the design of scalable packet switches --- that helped realize the vision of an Integrated packet switching network for data, voice and video. A shared non-placeholder Scholar ID additionally corroborates this match, with name and institution checked separately. This is a historical association proposal, not current inclusion or an instruction to restore publication-profile identifiers.",https://awards.acm.org/award-recipients/turner_2493385 | https://scholar.google.com/citations?user=Cgx9W6UAAAAJ | https://dblp.org/pid/t/JonathanSTurner | http://www.arl.wustl.edu/~jst,awaiting explicit adoption; do not restore upstream Scholar/DBLP identifiers
acm_fellows.csv,"Bryant, Randal E",2000,https://awards.acm.org/award-recipients/bryant_3890209,Randal E. Bryant,Carnegie Mellon University,http://www.cs.cmu.edu/~bryant,AFgYa68AAAAJ,,"name,affiliation,homepage,scholarid (ORCID absent)",bigcows-crawler/.cache/csrankings-history-recovery-2026-09-18/2020-12-30/csrankings.csv,0809df80d410b21b7614bf49dc90ee0bd91406968f6929811f61256dde2fab6d,4b714f69c839ca538825054f94bdf57f5d4ea3da,2020-12-30,supported historical candidate,"Historical exact source key Randal E. Bryant and Carnegie Mellon University / http://www.cs.cmu.edu/~bryant agree with the recipient identity and retained institutional evidence. Reviewed against ACM citation: Randal Bryant is best known for Ordered Binary Decision Diagrams, a canonical form for boolean functions. Although originally developed for applications in CAD, this data structure has found many applications in areas such as hardware and software verification, automated theorem proving, and AI planning. A shared non-placeholder Scholar ID additionally corroborates this match, with name and institution checked separately. This is a historical association proposal, not current inclusion or an instruction to restore publication-profile identifiers.",https://awards.acm.org/award-recipients/bryant_3890209 | https://scholar.google.com/citations?user=AFgYa68AAAAJ | https://dblp.org/pid/b/REBryant | http://www.cs.cmu.edu/~bryant,awaiting explicit adoption; do not restore upstream Scholar/DBLP identifiers
acm_fellows.csv,"Meyer, Albert R",2000,https://awards.acm.org/award-recipients/meyer_1215300,Albert R. Meyer,Massachusetts Institute of Technology,http://people.csail.mit.edu/meyer,yRTPMIUAAAAJ,,"name,affiliation,homepage,scholarid (ORCID absent)",bigcows-crawler/.cache/csrankings-history-recovery-2026-09-18/2020-12-30/csrankings.csv,0809df80d410b21b7614bf49dc90ee0bd91406968f6929811f61256dde2fab6d,4b714f69c839ca538825054f94bdf57f5d4ea3da,2020-12-30,supported historical candidate,"Historical exact source key Albert R. Meyer and Massachusetts Institute of Technology / http://people.csail.mit.edu/meyer agree with the recipient identity and retained institutional evidence. Reviewed against ACM citation: For fundamental advances in complexity theory and semantics of programming, and for outstanding service and education of graduate students. This is a historical association proposal, not current inclusion or an instruction to restore publication-profile identifiers.",https://awards.acm.org/award-recipients/meyer_1215300 | https://dblp.org/pid/m/ARMeyer | http://people.csail.mit.edu/meyer,awaiting explicit adoption; do not restore upstream Scholar/DBLP identifiers
acm_fellows.csv,"Zwaenepoel, Willy E",2000,https://awards.acm.org/award-recipients/zwaenepoel_2046290,Willy Zwaenepoel,University of Sydney,https://sydney.edu.au/engineering/people/willy.zwaenepoel.php,KfI_FL4AAAAJ,,"name,affiliation,homepage,scholarid (ORCID absent)",bigcows-crawler/.cache/csrankings-history-recovery-2026-09-18/2020-12-30/csrankings.csv,0809df80d410b21b7614bf49dc90ee0bd91406968f6929811f61256dde2fab6d,4b714f69c839ca538825054f94bdf57f5d4ea3da,2020-12-30,supported historical candidate,"Historical exact source key Willy Zwaenepoel and University of Sydney / https://sydney.edu.au/engineering/people/willy.zwaenepoel.php agree with the recipient identity and retained institutional evidence. Reviewed against ACM citation: For contributions to distributed and parallel processing, in particular to the design, implementation, and evaluation of software distributed shared memory. A shared non-placeholder Scholar ID additionally corroborates this match, with name and institution checked separately. This is a historical association proposal, not current inclusion or an instruction to restore publication-profile identifiers.",https://awards.acm.org/award-recipients/zwaenepoel_2046290 | https://scholar.google.com/citations?user=KfI_FL4AAAAJ | https://dblp.org/pid/z/WZwaenepoel | https://sydney.edu.au/engineering/people/willy.zwaenepoel.php,awaiting explicit adoption; do not restore upstream Scholar/DBLP identifiers
acm_fellows.csv,"Demmel, James",1999,https://awards.acm.org/award-recipients/demmel_6010135,James Demmel,University of California - Berkeley,https://www.cs.berkeley.edu/~demmel,NOSCHOLARPAGE,,"name,affiliation,homepage,scholarid (ORCID absent)",bigcows-crawler/.cache/csrankings-history-recovery-2026-09-18/2020-12-30/csrankings.csv,0809df80d410b21b7614bf49dc90ee0bd91406968f6929811f61256dde2fab6d,4b714f69c839ca538825054f94bdf57f5d4ea3da,2020-12-30,supported historical candidate,"Historical exact source key James Demmel and University of California - Berkeley / https://www.cs.berkeley.edu/~demmel agree with the recipient identity and retained institutional evidence. Reviewed against ACM citation: For outstanding contributions to scientific computing, parallel processing and software engineering. This is a historical association proposal, not current inclusion or an instruction to restore publication-profile identifiers.",https://awards.acm.org/award-recipients/demmel_6010135 | https://scholar.google.com/citations?user=By1xdxEAAAAJ | https://dblp.org/pid/d/JDemmel | https://www.cs.berkeley.edu/~demmel,awaiting explicit adoption; do not restore upstream Scholar/DBLP identifiers
acm_fellows.csv,"Foley, James D",1999,https://awards.acm.org/award-recipients/foley_1150127,James D. Foley,Georgia Institute of Technology,http://www.cc.gatech.edu/fac/Jim.Foley/foley.html,GmcChLIAAAAJ,,"name,affiliation,homepage,scholarid (ORCID absent)",bigcows-crawler/.cache/csrankings-history-recovery-2026-09-18/2020-12-30/csrankings.csv,0809df80d410b21b7614bf49dc90ee0bd91406968f6929811f61256dde2fab6d,4b714f69c839ca538825054f94bdf57f5d4ea3da,2020-12-30,supported historical candidate,"Historical exact source key James D. Foley and Georgia Institute of Technology / http://www.cc.gatech.edu/fac/Jim.Foley/foley.html agree with the recipient identity and retained institutional evidence. Reviewed against ACM citation: Through his books, courses, papers, organizational, and professional contributions, Foley has had a broad and lasting impact on the computer graphics field and on ACM. A shared non-placeholder Scholar ID additionally corroborates this match, with name and institution checked separately. This is a historical association proposal, not current inclusion or an instruction to restore publication-profile identifiers.",https://awards.acm.org/award-recipients/foley_1150127 | https://scholar.google.com/citations?user=GmcChLIAAAAJ | https://dblp.org/pid/f/JamesDFoley | http://www.cc.gatech.edu/fac/Jim.Foley/foley.html,awaiting explicit adoption; do not restore upstream Scholar/DBLP identifiers
acm_fellows.csv,"Graham, Ronald L.",1999,https://awards.acm.org/award-recipients/graham_2060168,Ronald L. Graham,University of California - San Diego,https://cseweb.ucsd.edu/~rgraham,qrPaF3QAAAAJ,,"name,affiliation,homepage,scholarid (ORCID absent)",bigcows-crawler/.cache/csrankings-history-recovery-2026-09-18/2020-12-30/csrankings.csv,0809df80d410b21b7614bf49dc90ee0bd91406968f6929811f61256dde2fab6d,4b714f69c839ca538825054f94bdf57f5d4ea3da,2020-12-30,supported historical candidate,"Historical exact source key Ronald L. Graham and University of California - San Diego / https://cseweb.ucsd.edu/~rgraham agree with the recipient identity and retained institutional evidence. Reviewed against ACM citation: For seminal contributions to the analysis of algorithms, in particular the worst-case analysis of heuristics, the theory of scheduling, and computational geometry. A shared non-placeholder Scholar ID additionally corroborates this match, with name and institution checked separately. This is a historical association proposal, not current inclusion or an instruction to restore publication-profile identifiers.",https://awards.acm.org/award-recipients/graham_2060168 | https://scholar.google.com/citations?user=qrPaF3QAAAAJ | https://dblp.org/pid/g/RLGraham | https://cseweb.ucsd.edu/~rgraham,awaiting explicit adoption; do not restore upstream Scholar/DBLP identifiers
acm_fellows.csv,"Sameh, Ahmed",1999,https://awards.acm.org/award-recipients/sameh_1184720,Ahmed Sameh,Purdue University,https://www.cs.purdue.edu/people/sameh,tk2gySEAAAAJ,,"name,affiliation,homepage,scholarid (ORCID absent)",bigcows-crawler/.cache/csrankings-history-recovery-2026-09-18/2020-12-30/csrankings.csv,0809df80d410b21b7614bf49dc90ee0bd91406968f6929811f61256dde2fab6d,4b714f69c839ca538825054f94bdf57f5d4ea3da,2020-12-30,supported historical candidate,"Historical exact source key Ahmed Sameh and Purdue University / https://www.cs.purdue.edu/people/sameh agree with the recipient identity and retained institutional evidence. Reviewed against ACM citation: For leadership in education and research in parallel computing, and for pioneering contributions in mathematical software for parallel architectures. This is a historical association proposal, not current inclusion or an instruction to restore publication-profile identifiers.",https://awards.acm.org/award-recipients/sameh_1184720 | https://dblp.org/pid/46/2473 | https://www.cs.purdue.edu/people/sameh,awaiting explicit adoption; do not restore upstream Scholar/DBLP identifiers
acm_fellows.csv,"Snir, Marc",1999,https://awards.acm.org/award-recipients/snir_1436294,Marc Snir,Univ. of Illinois at Urbana-Champaign,http://snir.cs.illinois.edu,HaI6LesAAAAJ,,"name,affiliation,homepage,scholarid (ORCID absent)",bigcows-crawler/.cache/csrankings-history-recovery-2026-09-18/2020-12-30/csrankings.csv,0809df80d410b21b7614bf49dc90ee0bd91406968f6929811f61256dde2fab6d,4b714f69c839ca538825054f94bdf57f5d4ea3da,2020-12-30,supported historical candidate,"Historical exact source key Marc Snir and Univ. of Illinois at Urbana-Champaign / http://snir.cs.illinois.edu agree with the recipient identity and retained institutional evidence. Reviewed against ACM citation: For contributions to the theory of parallel computation and the development of scaleable parallel systems architectures. A shared non-placeholder Scholar ID additionally corroborates this match, with name and institution checked separately. This is a historical association proposal, not current inclusion or an instruction to restore publication-profile identifiers.",https://awards.acm.org/award-recipients/snir_1436294 | https://scholar.google.com/citations?user=HaI6LesAAAAJ | https://dblp.org/pid/40/3047 | http://snir.cs.illinois.edu,awaiting explicit adoption; do not restore upstream Scholar/DBLP identifiers
acm_fellows.csv,"Appel, Andrew W",1998,https://awards.acm.org/award-recipients/appel_2115301,Andrew W. Appel,Princeton University,https://www.cs.princeton.edu/~appel,wC_ntLYAAAAJ,,"name,affiliation,homepage,scholarid (ORCID absent)",bigcows-crawler/.cache/csrankings-history-recovery-2026-09-18/2020-12-30/csrankings.csv,0809df80d410b21b7614bf49dc90ee0bd91406968f6929811f61256dde2fab6d,4b714f69c839ca538825054f94bdf57f5d4ea3da,2020-12-30,supported historical candidate,"Historical exact source key Andrew W. Appel and Princeton University / https://www.cs.princeton.edu/~appel agree with the recipient identity and retained institutional evidence. Reviewed against ACM citation: Significant research contributions in the area of programming languages and compilers. Important contributions to the ACM Transactions on Programming Languages and Systems. A shared non-placeholder Scholar ID additionally corroborates this match, with name and institution checked separately. This is a historical association proposal, not current inclusion or an instruction to restore publication-profile identifiers.",https://awards.acm.org/award-recipients/appel_2115301 | https://scholar.google.com/citations?user=wC_ntLYAAAAJ | https://dblp.org/pid/a/AWAppel | https://www.cs.princeton.edu/~appel,awaiting explicit adoption; do not restore upstream Scholar/DBLP identifiers
acm_fellows.csv,"Clarke, Edmund",1998,https://awards.acm.org/award-recipients/clarke_1167964,Edmund M. Clarke,Carnegie Mellon University,https://www.cs.cmu.edu/~emc,_adL2C8AAAAJ,,"name,affiliation,homepage,scholarid (ORCID absent)",bigcows-crawler/.cache/csrankings-history-recovery-2026-09-18/2020-12-30/csrankings.csv,0809df80d410b21b7614bf49dc90ee0bd91406968f6929811f61256dde2fab6d,4b714f69c839ca538825054f94bdf57f5d4ea3da,2020-12-30,supported historical candidate,"Historical exact source key Edmund M. Clarke and Carnegie Mellon University / https://www.cs.cmu.edu/~emc agree with the recipient identity and retained institutional evidence. Reviewed against ACM citation: Edmund M. Clarke is the co-inventor of Model Checking (with his former student Allen Emerson). He and his graduate students helped make Model Checking a tool that can be used to verify finite-state concurrent systems of industrial complexity. A shared non-placeholder Scholar ID additionally corroborates this match, with name and institution checked separately. This is a historical association proposal, not current inclusion or an instruction to restore publication-profile identifiers.",https://awards.acm.org/award-recipients/clarke_1167964 | https://scholar.google.com/citations?user=_adL2C8AAAAJ | https://dblp.org/pid/c/EdmundMClarke | https://www.cs.cmu.edu/~emc,awaiting explicit adoption; do not restore upstream Scholar/DBLP identifiers
acm_fellows.csv,"Cole, Richard J",1998,https://awards.acm.org/award-recipients/cole_1895101,Richard Cole 0001,New York University,http://cs.nyu.edu/cole,p2ttvlEAAAAJ,,"name,affiliation,homepage,scholarid (ORCID absent)",bigcows-crawler/.cache/csrankings-history-recovery-2026-09-18/2020-12-30/csrankings.csv,0809df80d410b21b7614bf49dc90ee0bd91406968f6929811f61256dde2fab6d,4b714f69c839ca538825054f94bdf57f5d4ea3da,2020-12-30,supported historical candidate,"Historical exact source key Richard Cole 0001 and New York University / http://cs.nyu.edu/cole agree with the recipient identity and retained institutional evidence. Reviewed against ACM citation: Richard Cole has developed innovative and enabling paradigms, algorithms and methods of analysis: in computational geometry, parallel computing, and string and pattern matching. A shared non-placeholder Scholar ID additionally corroborates this match, with name and institution checked separately. This is a historical association proposal, not current inclusion or an instruction to restore publication-profile identifiers.",https://awards.acm.org/award-recipients/cole_1895101 | https://scholar.google.com/citations?user=p2ttvlEAAAAJ | https://dblp.org/pid/96/5516 | http://cs.nyu.edu/cole,awaiting explicit adoption; do not restore upstream Scholar/DBLP identifiers
acm_fellows.csv,"LAM, SIMON S",1998,https://awards.acm.org/award-recipients/lam_1287606,Simon S. Lam,University of Texas at Austin,https://www.cs.utexas.edu/users/lam,0XV1sFsAAAAJ,,"name,affiliation,homepage,scholarid (ORCID absent)",bigcows-crawler/.cache/csrankings-history-recovery-2026-09-18/2020-12-30/csrankings.csv,0809df80d410b21b7614bf49dc90ee0bd91406968f6929811f61256dde2fab6d,4b714f69c839ca538825054f94bdf57f5d4ea3da,2020-12-30,supported historical candidate,"Historical exact source key Simon S. Lam and University of Texas at Austin / https://www.cs.utexas.edu/users/lam agree with the recipient identity and retained institutional evidence. Reviewed against ACM citation: For fundamental research contributions to the design, analysis, and understanding of computer network architectures and protocols. A shared non-placeholder Scholar ID additionally corroborates this match, with name and institution checked separately. This is a historical association proposal, not current inclusion or an instruction to restore publication-profile identifiers.",https://awards.acm.org/award-recipients/lam_1287606 | https://scholar.google.com/citations?user=0XV1sFsAAAAJ | https://dblp.org/pid/l/SimonSLam | https://www.cs.utexas.edu/users/lam,awaiting explicit adoption; do not restore upstream Scholar/DBLP identifiers
acm_fellows.csv,"Ryder, Barbara Gershon",1998,https://awards.acm.org/award-recipients/ryder_1582709,Barbara G. Ryder,Virginia Tech,http://people.cs.vt.edu/ryder,OdWimfcAAAAJ,,"name,affiliation,homepage,scholarid (ORCID absent)",bigcows-crawler/.cache/csrankings-history-recovery-2026-09-18/2020-12-30/csrankings.csv,0809df80d410b21b7614bf49dc90ee0bd91406968f6929811f61256dde2fab6d,4b714f69c839ca538825054f94bdf57f5d4ea3da,2020-12-30,supported historical candidate,"Historical exact source key Barbara G. Ryder and Virginia Tech / http://people.cs.vt.edu/ryder agree with the recipient identity and retained institutional evidence. Reviewed against ACM citation: For seminal contributions to the theoretical foundations and empirical investigation of interprocedural compile-time analyses, especially for languages with general-purpose pointers. A shared non-placeholder Scholar ID additionally corroborates this match, with name and institution checked separately. This is a historical association proposal, not current inclusion or an instruction to restore publication-profile identifiers.",https://awards.acm.org/award-recipients/ryder_1582709 | https://scholar.google.com/citations?user=OdWimfcAAAAJ | https://dblp.org/pid/r/BarbaraGRyder | http://people.cs.vt.edu/ryder,awaiting explicit adoption; do not restore upstream Scholar/DBLP identifiers
acm_fellows.csv,"Taylor, Richard N",1998,https://awards.acm.org/award-recipients/taylor_1470475,Richard N. Taylor,University of California - Irvine,https://www.ics.uci.edu/~taylor,h9t7KCcAAAAJ,,"name,affiliation,homepage,scholarid (ORCID absent)",bigcows-crawler/.cache/csrankings-history-recovery-2026-09-18/2020-12-30/csrankings.csv,0809df80d410b21b7614bf49dc90ee0bd91406968f6929811f61256dde2fab6d,4b714f69c839ca538825054f94bdf57f5d4ea3da,2020-12-30,supported historical candidate,"Historical exact source key Richard N. Taylor and University of California - Irvine / https://www.ics.uci.edu/~taylor agree with the recipient identity and retained institutional evidence. Reviewed against ACM citation: For contributions to research in software engineering and software environments, and for service to the ACM, SIGSOFT, and the entire software engineering community. A shared non-placeholder Scholar ID additionally corroborates this match, with name and institution checked separately. This is a historical association proposal, not current inclusion or an instruction to restore publication-profile identifiers.",https://awards.acm.org/award-recipients/taylor_1470475 | https://scholar.google.com/citations?user=h9t7KCcAAAAJ | https://dblp.org/pid/t/RichardNTaylor | https://www.ics.uci.edu/~taylor,awaiting explicit adoption; do not restore upstream Scholar/DBLP identifiers
acm_fellows.csv,"Boehm, Barry",1997,https://awards.acm.org/award-recipients/boehm_1051168,Barry W. Boehm,University of Southern California,http://csse.usc.edu/new/barry-w-boehm,EyAD66UAAAAJ,,"name,affiliation,homepage,scholarid (ORCID absent)",bigcows-crawler/.cache/csrankings-history-recovery-2026-09-18/2020-12-30/csrankings.csv,0809df80d410b21b7614bf49dc90ee0bd91406968f6929811f61256dde2fab6d,4b714f69c839ca538825054f94bdf57f5d4ea3da,2020-12-30,supported historical candidate,"Historical exact source key Barry W. Boehm and University of Southern California / http://csse.usc.edu/new/barry-w-boehm agree with the recipient identity and retained institutional evidence. Reviewed against ACM citation: For significant contributions to the technology and discipline of software engineering, including implementation of advanced computer and software systems, environments, architectures, process models, cost models, quality models, and risk models. A shared non-placeholder Scholar ID additionally corroborates this match, with name and institution checked separately. This is a historical association proposal, not current inclusion or an instruction to restore publication-profile identifiers.",https://awards.acm.org/award-recipients/boehm_1051168 | https://scholar.google.com/citations?user=EyAD66UAAAAJ | https://dblp.org/pid/b/BarryWBoehm | http://csse.usc.edu/new/barry-w-boehm,awaiting explicit adoption; do not restore upstream Scholar/DBLP identifiers
acm_fellows.csv,"Dobkin, David P",1997,https://awards.acm.org/award-recipients/dobkin_1543941,David P. Dobkin,Princeton University,https://www.cs.princeton.edu/people/profile/dpd,NOSCHOLARPAGE,,"name,affiliation,homepage,scholarid (ORCID absent)",bigcows-crawler/.cache/csrankings-history-recovery-2026-09-18/2020-12-30/csrankings.csv,0809df80d410b21b7614bf49dc90ee0bd91406968f6929811f61256dde2fab6d,4b714f69c839ca538825054f94bdf57f5d4ea3da,2020-12-30,supported historical candidate,"Historical exact source key David P. Dobkin and Princeton University / https://www.cs.princeton.edu/people/profile/dpd agree with the recipient identity and retained institutional evidence. Reviewed against ACM citation: For pionering the development of computational geometry as a field, and for leading the technology transfer of theoretical algorithms to practical problems in computer graphics. This is a historical association proposal, not current inclusion or an instruction to restore publication-profile identifiers.",https://awards.acm.org/award-recipients/dobkin_1543941 | https://scholar.google.com/citations?user=nnr8YgwAAAAJ | https://dblp.org/pid/d/DavidPDobkin | https://www.cs.princeton.edu/people/profile/dpd,awaiting explicit adoption; do not restore upstream Scholar/DBLP identifiers
acm_fellows.csv,"Kedem, Zvi Meir",1997,https://awards.acm.org/award-recipients/kedem_1284975,Zvi M. Kedem,New York University,http://cs.nyu.edu/kedem,NOSCHOLARPAGE,,"name,affiliation,homepage,scholarid (ORCID absent)",bigcows-crawler/.cache/csrankings-history-recovery-2026-09-18/2020-12-30/csrankings.csv,0809df80d410b21b7614bf49dc90ee0bd91406968f6929811f61256dde2fab6d,4b714f69c839ca538825054f94bdf57f5d4ea3da,2020-12-30,supported historical candidate,"Historical exact source key Zvi M. Kedem and New York University / http://cs.nyu.edu/kedem agree with the recipient identity and retained institutional evidence. Reviewed against ACM citation: Zvi Kedem has developed crucial enabling innovations in key areas of information technology and their foundational underpinnings: in computer graphics, database systems, and parallel computing. This is a historical association proposal, not current inclusion or an instruction to restore publication-profile identifiers.",https://awards.acm.org/award-recipients/kedem_1284975 | https://dblp.org/pid/k/ZviMKedem | http://cs.nyu.edu/kedem,awaiting explicit adoption; do not restore upstream Scholar/DBLP identifiers
acm_fellows.csv,"Lipton, Richard",1997,https://awards.acm.org/award-recipients/lipton_2099257,Richard J. Lipton,Georgia Institute of Technology,http://www.cc.gatech.edu/people/richard-lipton,f8B4yewAAAAJ,,"name,affiliation,homepage,scholarid (ORCID absent)",bigcows-crawler/.cache/csrankings-history-recovery-2026-09-18/2020-12-30/csrankings.csv,0809df80d410b21b7614bf49dc90ee0bd91406968f6929811f61256dde2fab6d,4b714f69c839ca538825054f94bdf57f5d4ea3da,2020-12-30,supported historical candidate,"Historical exact source key Richard J. Lipton and Georgia Institute of Technology / http://www.cc.gatech.edu/people/richard-lipton agree with the recipient identity and retained institutional evidence. Reviewed against ACM citation: For sustained excellence in research in virtually every aspect of theoretical computer science. He has produced some of the most influential work in the field. This is a historical association proposal, not current inclusion or an instruction to restore publication-profile identifiers.",https://awards.acm.org/award-recipients/lipton_2099257 | https://dblp.org/pid/l/RichardJLipton | http://www.cc.gatech.edu/people/richard-lipton,awaiting explicit adoption; do not restore upstream Scholar/DBLP identifiers
acm_fellows.csv,"Menasce, Daniel A.",1997,https://awards.acm.org/award-recipients/menasce_4050696,Daniel A. Menascé,George Mason University,https://cs.gmu.edu/~menasce/menasce-web/menasce.html,ONloO5IAAAAJ,,"name,affiliation,homepage,scholarid (ORCID absent)",bigcows-crawler/.cache/csrankings-history-recovery-2026-09-18/2020-12-30/csrankings.csv,0809df80d410b21b7614bf49dc90ee0bd91406968f6929811f61256dde2fab6d,4b714f69c839ca538825054f94bdf57f5d4ea3da,2020-12-30,supported historical candidate,"Historical exact source key Daniel A. Menascé and George Mason University / https://cs.gmu.edu/~menasce/menasce-web/menasce.html agree with the recipient identity and retained institutional evidence. Reviewed against ACM citation: For fundamental contributions to education and practice of computer networks and performance evaluation, and material contributions to the establishment of a strong computing industry in Brazil. A shared non-placeholder Scholar ID additionally corroborates this match, with name and institution checked separately. This is a historical association proposal, not current inclusion or an instruction to restore publication-profile identifiers.",https://awards.acm.org/award-recipients/menasce_4050696 | https://scholar.google.com/citations?user=ONloO5IAAAAJ | https://dblp.org/pid/m/DAMenasce | https://cs.gmu.edu/~menasce/menasce-web/menasce.html,awaiting explicit adoption; do not restore upstream Scholar/DBLP identifiers
acm_fellows.csv,"Sedgewick, Robert",1997,https://awards.acm.org/award-recipients/sedgewick_1183631,Robert Sedgewick,Princeton University,https://www.cs.princeton.edu/~rs,NOSCHOLARPAGE,,"name,affiliation,homepage,scholarid (ORCID absent)",bigcows-crawler/.cache/csrankings-history-recovery-2026-09-18/2020-12-30/csrankings.csv,0809df80d410b21b7614bf49dc90ee0bd91406968f6929811f61256dde2fab6d,4b714f69c839ca538825054f94bdf57f5d4ea3da,2020-12-30,supported historical candidate,"Historical exact source key Robert Sedgewick and Princeton University / https://www.cs.princeton.edu/~rs agree with the recipient identity and retained institutional evidence. Reviewed against ACM citation: For seminal work in the mathematical analysis of algorithms and pioneering research in algorithm animation. This is a historical association proposal, not current inclusion or an instruction to restore publication-profile identifiers.",https://awards.acm.org/award-recipients/sedgewick_1183631 | https://scholar.google.com/citations?user=dc3FV3sAAAAJ | https://dblp.org/pid/s/RobertSedgewick | https://www.cs.princeton.edu/~rs,awaiting explicit adoption; do not restore upstream Scholar/DBLP identifiers
acm_fellows.csv,"Sharir, Micha",1997,https://awards.acm.org/award-recipients/sharir_1636810,Micha Sharir,Tel Aviv University,http://www.math.tau.ac.il/~michas,NOSCHOLARPAGE,,"name,affiliation,homepage,scholarid (ORCID absent)",bigcows-crawler/.cache/csrankings-history-recovery-2026-09-18/2020-12-30/csrankings.csv,0809df80d410b21b7614bf49dc90ee0bd91406968f6929811f61256dde2fab6d,4b714f69c839ca538825054f94bdf57f5d4ea3da,2020-12-30,supported historical candidate,"Historical exact source key Micha Sharir and Tel Aviv University / http://www.math.tau.ac.il/~michas agree with the recipient identity and retained institutional evidence. Reviewed against ACM citation: Algorithmic motion planning; properties of Davenport-Schinzel sequences and their applications in computiational geometry; arrangements of surfaces and their relevance to geometric algorithms; subexpotential randomized (combinatorial) algorithm for linear programming. This is a historical association proposal, not current inclusion or an instruction to restore publication-profile identifiers.",https://awards.acm.org/award-recipients/sharir_1636810 | https://scholar.google.com/citations?user=jnEtxm4AAAAJ | https://dblp.org/pid/s/MichaSharir | http://www.math.tau.ac.il/~michas,awaiting explicit adoption; do not restore upstream Scholar/DBLP identifiers
acm_fellows.csv,"Shneiderman, Ben",1997,https://awards.acm.org/award-recipients/shneiderman_1238799,Ben Shneiderman,University of Maryland - College Park,https://www.cs.umd.edu/users/ben,h4i4fh8AAAAJ,,"name,affiliation,homepage,scholarid (ORCID absent)",bigcows-crawler/.cache/csrankings-history-recovery-2026-09-18/2020-12-30/csrankings.csv,0809df80d410b21b7614bf49dc90ee0bd91406968f6929811f61256dde2fab6d,4b714f69c839ca538825054f94bdf57f5d4ea3da,2020-12-30,supported historical candidate,"Historical exact source key Ben Shneiderman and University of Maryland - College Park / https://www.cs.umd.edu/users/ben agree with the recipient identity and retained institutional evidence. Reviewed against ACM citation: Ben Shneiderman has been a leader in the field of computer-human interaction, seeking to extend benefits of computing technology to a broad constituency. A shared non-placeholder Scholar ID additionally corroborates this match, with name and institution checked separately. This is a historical association proposal, not current inclusion or an instruction to restore publication-profile identifiers.",https://awards.acm.org/award-recipients/shneiderman_1238799 | https://scholar.google.com/citations?user=h4i4fh8AAAAJ | https://dblp.org/pid/s/BShneiderman | https://www.cs.umd.edu/users/ben,awaiting explicit adoption; do not restore upstream Scholar/DBLP identifiers
acm_fellows.csv,"Aho, Alfred V",1996,https://awards.acm.org/award-recipients/aho_1046358,Alfred V. Aho,Columbia University,http://www.cs.columbia.edu/~aho,gb2r2ssAAAAJ,,"name,affiliation,homepage,scholarid (ORCID absent)",bigcows-crawler/.cache/csrankings-history-recovery-2026-09-18/2020-12-30/csrankings.csv,0809df80d410b21b7614bf49dc90ee0bd91406968f6929811f61256dde2fab6d,4b714f69c839ca538825054f94bdf57f5d4ea3da,2020-12-30,supported historical candidate,"Historical exact source key Alfred V. Aho and Columbia University / http://www.cs.columbia.edu/~aho agree with the recipient identity and retained institutional evidence. Reviewed against ACM citation: For contributions to Interconnection Networks, High-Performance Computer Architecture, System Reliability, and Scheduling Techniques. A shared non-placeholder Scholar ID additionally corroborates this match, with name and institution checked separately. This is a historical association proposal, not current inclusion or an instruction to restore publication-profile identifiers.",https://awards.acm.org/award-recipients/aho_1046358 | https://scholar.google.com/citations?user=gb2r2ssAAAAJ | https://dblp.org/pid/a/AVAho | http://www.cs.columbia.edu/~aho,awaiting explicit adoption; do not restore upstream Scholar/DBLP identifiers
acm_fellows.csv,"Bajcsy, Ruzena",1996,https://awards.acm.org/award-recipients/bajcsy_1513548,Ruzena Bajcsy,University of California - Berkeley,https://www.eecs.berkeley.edu/Faculty/Homepages/bajcsy.html,NOSCHOLARPAGE,,"name,affiliation,homepage,scholarid (ORCID absent)",bigcows-crawler/.cache/csrankings-history-recovery-2026-09-18/2020-12-30/csrankings.csv,0809df80d410b21b7614bf49dc90ee0bd91406968f6929811f61256dde2fab6d,4b714f69c839ca538825054f94bdf57f5d4ea3da,2020-12-30,supported historical candidate,"Historical exact source key Ruzena Bajcsy and University of California - Berkeley / https://www.eecs.berkeley.edu/Faculty/Homepages/bajcsy.html agree with the recipient identity and retained institutional evidence. Reviewed against ACM citation: For introducing the paradigm of Active Perception in the field of machine perception and establishing and maintaining a world class robotic and intelligent systems laboratory. This is a historical association proposal, not current inclusion or an instruction to restore publication-profile identifiers.",https://awards.acm.org/award-recipients/bajcsy_1513548 | https://scholar.google.com/citations?user=s9Ikf1EAAAAJ | https://dblp.org/pid/b/RuzenaBajcsy | https://www.eecs.berkeley.edu/Faculty/Homepages/bajcsy.html,awaiting explicit adoption; do not restore upstream Scholar/DBLP identifiers
acm_fellows.csv,"Ferrante, Jeanne",1996,https://awards.acm.org/award-recipients/ferrante_2284206,Jeanne Ferrante,University of California - San Diego,http://cseweb.ucsd.edu/~ferrante,NOSCHOLARPAGE,,"name,affiliation,homepage,scholarid (ORCID absent)",bigcows-crawler/.cache/csrankings-history-recovery-2026-09-18/2020-12-30/csrankings.csv,0809df80d410b21b7614bf49dc90ee0bd91406968f6929811f61256dde2fab6d,4b714f69c839ca538825054f94bdf57f5d4ea3da,2020-12-30,supported historical candidate,"Historical exact source key Jeanne Ferrante and University of California - San Diego / http://cseweb.ucsd.edu/~ferrante agree with the recipient identity and retained institutional evidence. Reviewed against ACM citation: For the development of intermediate program representations for program optimization and parallelization that are fundamental to current optimizing compilers. This is a historical association proposal, not current inclusion or an instruction to restore publication-profile identifiers.",https://awards.acm.org/award-recipients/ferrante_2284206 | https://dblp.org/pid/f/JeanneFerrante | http://cseweb.ucsd.edu/~ferrante,awaiting explicit adoption; do not restore upstream Scholar/DBLP identifiers
acm_fellows.csv,"Irwin, Mary Jane",1996,https://awards.acm.org/award-recipients/irwin_1411388,Mary Jane Irwin,Pennsylvania State University,http://www.cse.psu.edu/~mji,4Mj-BjwAAAAJ,,"name,affiliation,homepage,scholarid (ORCID absent)",bigcows-crawler/.cache/csrankings-history-recovery-2026-09-18/2020-12-30/csrankings.csv,0809df80d410b21b7614bf49dc90ee0bd91406968f6929811f61256dde2fab6d,4b714f69c839ca538825054f94bdf57f5d4ea3da,2020-12-30,supported historical candidate,"Historical exact source key Mary Jane Irwin and Pennsylvania State University / http://www.cse.psu.edu/~mji agree with the recipient identity and retained institutional evidence. Reviewed against ACM citation: For contributions to computer arithmetic, digital signal processing architectures, and electronic CAD and outstanding service to ACM/SIG activities. A shared non-placeholder Scholar ID additionally corroborates this match, with name and institution checked separately. This is a historical association proposal, not current inclusion or an instruction to restore publication-profile identifiers.",https://awards.acm.org/award-recipients/irwin_1411388 | https://scholar.google.com/citations?user=4Mj-BjwAAAAJ | https://dblp.org/pid/i/MaryJaneIrwin | http://www.cse.psu.edu/~mji,awaiting explicit adoption; do not restore upstream Scholar/DBLP identifiers
acm_fellows.csv,"Katz, Randy H.",1996,https://awards.acm.org/award-recipients/katz_1398320,Randy H. Katz,University of California - Berkeley,http://bnrg.eecs.berkeley.edu/~randy,PkfChMgAAAAJ,,"name,affiliation,homepage,scholarid (ORCID absent)",bigcows-crawler/.cache/csrankings-history-recovery-2026-09-18/2020-12-30/csrankings.csv,0809df80d410b21b7614bf49dc90ee0bd91406968f6929811f61256dde2fab6d,4b714f69c839ca538825054f94bdf57f5d4ea3da,2020-12-30,supported historical candidate,"Historical exact source key Randy H. Katz and University of California - Berkeley / http://bnrg.eecs.berkeley.edu/~randy agree with the recipient identity and retained institutional evidence. Reviewed against ACM citation: For contributions to computer system design, engineering education, and government service. A shared non-placeholder Scholar ID additionally corroborates this match, with name and institution checked separately. This is a historical association proposal, not current inclusion or an instruction to restore publication-profile identifiers.",https://awards.acm.org/award-recipients/katz_1398320 | https://scholar.google.com/citations?user=PkfChMgAAAAJ | https://dblp.org/pid/k/RandyHKatz | http://bnrg.eecs.berkeley.edu/~randy,awaiting explicit adoption; do not restore upstream Scholar/DBLP identifiers
acm_fellows.csv,"Levy, Henry M",1996,https://awards.acm.org/award-recipients/levy_1741685,Henry M. Levy,University of Washington,http://www.cs.washington.edu/people/faculty/levy,ymwKqZsAAAAJ,,"name,affiliation,homepage,scholarid (ORCID absent)",bigcows-crawler/.cache/csrankings-history-recovery-2026-09-18/2020-12-30/csrankings.csv,0809df80d410b21b7614bf49dc90ee0bd91406968f6929811f61256dde2fab6d,4b714f69c839ca538825054f94bdf57f5d4ea3da,2020-12-30,supported historical candidate,"Historical exact source key Henry M. Levy and University of Washington / http://www.cs.washington.edu/people/faculty/levy agree with the recipient identity and retained institutional evidence. Reviewed against ACM citation: For exceptional contributions to computer science research in operating systems and computer architecture, to education (through publications and students), and to the ACM. A shared non-placeholder Scholar ID additionally corroborates this match, with name and institution checked separately. This is a historical association proposal, not current inclusion or an instruction to restore publication-profile identifiers.",https://awards.acm.org/award-recipients/levy_1741685 | https://scholar.google.com/citations?user=ymwKqZsAAAAJ | https://dblp.org/pid/l/HenryMLevy | http://www.cs.washington.edu/people/faculty/levy,awaiting explicit adoption; do not restore upstream Scholar/DBLP identifiers
acm_fellows.csv,"Reingold, Edward M",1996,https://awards.acm.org/award-recipients/reingold_1148444,Edward M. Reingold,Illinois Institute of Technology,https://science.iit.edu/people/faculty/edward-reingold,UlQeH7AAAAAJ,,"name,affiliation,homepage,scholarid (ORCID absent)",bigcows-crawler/.cache/csrankings-history-recovery-2026-09-18/2020-12-30/csrankings.csv,0809df80d410b21b7614bf49dc90ee0bd91406968f6929811f61256dde2fab6d,4b714f69c839ca538825054f94bdf57f5d4ea3da,2020-12-30,supported historical candidate,"Historical exact source key Edward M. Reingold and Illinois Institute of Technology / https://science.iit.edu/people/faculty/edward-reingold agree with the recipient identity and retained institutional evidence. Reviewed against ACM citation: For significant research and educational contributions to data structures and the analysis of combinatorial algorithms. A shared non-placeholder Scholar ID additionally corroborates this match, with name and institution checked separately. This is a historical association proposal, not current inclusion or an instruction to restore publication-profile identifiers.",https://awards.acm.org/award-recipients/reingold_1148444 | https://scholar.google.com/citations?user=UlQeH7AAAAAJ | https://dblp.org/pid/r/EMReingold | https://science.iit.edu/people/faculty/edward-reingold,awaiting explicit adoption; do not restore upstream Scholar/DBLP identifiers
acm_fellows.csv,"Savage, John E",1996,https://awards.acm.org/award-recipients/savage_1091867,John E. Savage,Brown University,http://cs.brown.edu/~jes,1lHqK_4AAAAJ,,"name,affiliation,homepage,scholarid (ORCID absent)",bigcows-crawler/.cache/csrankings-history-recovery-2026-09-18/2020-12-30/csrankings.csv,0809df80d410b21b7614bf49dc90ee0bd91406968f6929811f61256dde2fab6d,4b714f69c839ca538825054f94bdf57f5d4ea3da,2020-12-30,supported historical candidate,"Historical exact source key John E. Savage and Brown University / http://cs.brown.edu/~jes agree with the recipient identity and retained institutional evidence. Reviewed against ACM citation: For fundamental contributions to theoretical computer science, information theory, and VLSI design, analysis and synthesis. This is a historical association proposal, not current inclusion or an instruction to restore publication-profile identifiers.",https://awards.acm.org/award-recipients/savage_1091867 | https://dblp.org/pid/s/JohnESavage | http://cs.brown.edu/~jes,awaiting explicit adoption; do not restore upstream Scholar/DBLP identifiers
acm_fellows.csv,"Brent, Richard P",1995,https://awards.acm.org/award-recipients/brent_1107689,Richard P. Brent,Australian National University,http://wwwmaths.anu.edu.au/~brent,TRcAF4cAAAAJ,,"name,affiliation,homepage,scholarid (ORCID absent)",bigcows-crawler/.cache/csrankings-history-recovery-2026-09-18/2020-12-30/csrankings.csv,0809df80d410b21b7614bf49dc90ee0bd91406968f6929811f61256dde2fab6d,4b714f69c839ca538825054f94bdf57f5d4ea3da,2020-12-30,supported historical candidate,"Historical exact source key Richard P. Brent and Australian National University / http://wwwmaths.anu.edu.au/~brent agree with the recipient identity and retained institutional evidence. Reviewed against ACM citation: For research in the areas of parallel algorithms, computational number theory, multiple-precision arithmetic, computational complexity and numerical analysis, and leadership in Australian Computer Science. A shared non-placeholder Scholar ID additionally corroborates this match, with name and institution checked separately. This is a historical association proposal, not current inclusion or an instruction to restore publication-profile identifiers.",https://awards.acm.org/award-recipients/brent_1107689 | https://scholar.google.com/citations?user=TRcAF4cAAAAJ | https://dblp.org/pid/b/RichardPBrent | http://wwwmaths.anu.edu.au/~brent,awaiting explicit adoption; do not restore upstream Scholar/DBLP identifiers
acm_fellows.csv,"Constable, Robert",1995,https://awards.acm.org/award-recipients/constable_1117506,Robert L. Constable,Cornell University,http://www.cs.cornell.edu/home/rc,NOSCHOLARPAGE,,"name,affiliation,homepage,scholarid (ORCID absent)",bigcows-crawler/.cache/csrankings-history-recovery-2026-09-18/2020-12-30/csrankings.csv,0809df80d410b21b7614bf49dc90ee0bd91406968f6929811f61256dde2fab6d,4b714f69c839ca538825054f94bdf57f5d4ea3da,2020-12-30,supported historical candidate,"Historical exact source key Robert L. Constable and Cornell University / http://www.cs.cornell.edu/home/rc agree with the recipient identity and retained institutional evidence. Reviewed against ACM citation: For fundamental contributions to the field of logic and its computational aspects, especially his work on providing mechanical assistance in problem solving through the software system Nuprl. This is a historical association proposal, not current inclusion or an instruction to restore publication-profile identifiers.",https://awards.acm.org/award-recipients/constable_1117506 | https://dblp.org/pid/c/RobertLConstable | http://www.cs.cornell.edu/home/rc,awaiting explicit adoption; do not restore upstream Scholar/DBLP identifiers
acm_fellows.csv,"Lazowska, Edward",1995,https://awards.acm.org/award-recipients/lazowska_1270677,Edward D. Lazowska,University of Washington,http://www.cs.washington.edu/people/faculty/lazowska,NhY4TT4AAAAJ,,"name,affiliation,homepage,scholarid (ORCID absent)",bigcows-crawler/.cache/csrankings-history-recovery-2026-09-18/2020-12-30/csrankings.csv,0809df80d410b21b7614bf49dc90ee0bd91406968f6929811f61256dde2fab6d,4b714f69c839ca538825054f94bdf57f5d4ea3da,2020-12-30,supported historical candidate,"Historical exact source key Edward D. Lazowska and University of Washington / http://www.cs.washington.edu/people/faculty/lazowska agree with the recipient identity and retained institutional evidence. Reviewed against ACM citation: For advancing the state of the art in computer systems and computer system performance analysis, and for significant technical, educational, and disciplinary leadership. A shared non-placeholder Scholar ID additionally corroborates this match, with name and institution checked separately. This is a historical association proposal, not current inclusion or an instruction to restore publication-profile identifiers.",https://awards.acm.org/award-recipients/lazowska_1270677 | https://scholar.google.com/citations?user=NhY4TT4AAAAJ | https://dblp.org/pid/l/EDLazowska | http://www.cs.washington.edu/people/faculty/lazowska,awaiting explicit adoption; do not restore upstream Scholar/DBLP identifiers
acm_fellows.csv,"Misra, Jayadev",1995,https://awards.acm.org/award-recipients/misra_2575603,Jayadev Misra,University of Texas at Austin,http://www.cs.utexas.edu/~misra,NOSCHOLARPAGE,,"name,affiliation,homepage,scholarid (ORCID absent)",bigcows-crawler/.cache/csrankings-history-recovery-2026-09-18/2020-12-30/csrankings.csv,0809df80d410b21b7614bf49dc90ee0bd91406968f6929811f61256dde2fab6d,4b714f69c839ca538825054f94bdf57f5d4ea3da,2020-12-30,supported historical candidate,"Historical exact source key Jayadev Misra and University of Texas at Austin / http://www.cs.utexas.edu/~misra agree with the recipient identity and retained institutional evidence. Reviewed against ACM citation: For significant advancements in the theory and practice of distributed computing, in particular for work on Parallel Program Design and the development and use of UNITY. This is a historical association proposal, not current inclusion or an instruction to restore publication-profile identifiers.",https://awards.acm.org/award-recipients/misra_2575603 | https://scholar.google.com/citations?user=49uW_WcAAAAJ | https://dblp.org/pid/m/JayadevMisra | http://www.cs.utexas.edu/~misra,awaiting explicit adoption; do not restore upstream Scholar/DBLP identifiers
acm_fellows.csv,"Preparata, Franco P",1995,https://awards.acm.org/award-recipients/preparata_1481076,Franco P. Preparata,Brown University,http://cs.brown.edu/~franco,i6uX5zUAAAAJ,,"name,affiliation,homepage,scholarid (ORCID absent)",bigcows-crawler/.cache/csrankings-history-recovery-2026-09-18/2020-12-30/csrankings.csv,0809df80d410b21b7614bf49dc90ee0bd91406968f6929811f61256dde2fab6d,4b714f69c839ca538825054f94bdf57f5d4ea3da,2020-12-30,supported historical candidate,"Historical exact source key Franco P. Preparata and Brown University / http://cs.brown.edu/~franco agree with the recipient identity and retained institutional evidence. Reviewed against ACM citation: For significant research contributions in Computational Geometry, Parallel Algorithms, Theory of VLSI Layouts, Fault Diagnosis in Computer Systems, and Algebraic Coding Theory. This is a historical association proposal, not current inclusion or an instruction to restore publication-profile identifiers.",https://awards.acm.org/award-recipients/preparata_1481076 | https://dblp.org/pid/p/FPPreparata | http://cs.brown.edu/~franco,awaiting explicit adoption; do not restore upstream Scholar/DBLP identifiers
acm_fellows.csv,"Karp, Richard",1994,https://awards.acm.org/award-recipients/karp_3256708,Richard M. Karp,University of California - Berkeley,https://www.eecs.berkeley.edu/Faculty/Homepages/karp.html,NOSCHOLARPAGE,,"name,affiliation,homepage,scholarid (ORCID absent)",bigcows-crawler/.cache/csrankings-history-recovery-2026-09-18/2020-12-30/csrankings.csv,0809df80d410b21b7614bf49dc90ee0bd91406968f6929811f61256dde2fab6d,4b714f69c839ca538825054f94bdf57f5d4ea3da,2020-12-30,supported historical candidate,"Historical exact source key Richard M. Karp and University of California - Berkeley / https://www.eecs.berkeley.edu/Faculty/Homepages/karp.html agree with the recipient identity and retained institutional evidence. Reviewed against ACM citation: For his continuing contributions to the theory of algorithms including the development of efficient algorithms for network flow and other combinatorial optimization problems, the identification of polynomial -time computability with the intuitive notion This is a historical association proposal, not current inclusion or an instruction to restore publication-profile identifiers.",https://awards.acm.org/award-recipients/karp_3256708 | https://scholar.google.com/citations?user=bYp8FsAAAAAJ | https://dblp.org/pid/k/RichardMKarp | https://www.eecs.berkeley.edu/Faculty/Homepages/karp.html,awaiting explicit adoption; do not restore upstream Scholar/DBLP identifiers
acm_fellows.csv,"Ousterhout, John",1994,https://awards.acm.org/award-recipients/ousterhout_1957745,John K. Ousterhout,Stanford University,http://web.stanford.edu/~ouster,nDH-AqwAAAAJ,,"name,affiliation,homepage,scholarid (ORCID absent)",bigcows-crawler/.cache/csrankings-history-recovery-2026-09-18/2020-12-30/csrankings.csv,0809df80d410b21b7614bf49dc90ee0bd91406968f6929811f61256dde2fab6d,4b714f69c839ca538825054f94bdf57f5d4ea3da,2020-12-30,supported historical candidate,"Historical exact source key John K. Ousterhout and Stanford University / http://web.stanford.edu/~ouster agree with the recipient identity and retained institutional evidence. Reviewed against ACM citation: For his contribution to very large scale integrated circuit computer aided design. His systems, Caesar and Magic, have demonstrated that effective CAD systems need not be expensive, hard to learn, or slow. A shared non-placeholder Scholar ID additionally corroborates this match, with name and institution checked separately. This is a historical association proposal, not current inclusion or an instruction to restore publication-profile identifiers.",https://awards.acm.org/award-recipients/ousterhout_1957745 | https://scholar.google.com/citations?user=nDH-AqwAAAAJ | https://dblp.org/pid/o/JohnKOusterhout | http://web.stanford.edu/~ouster,awaiting explicit adoption; do not restore upstream Scholar/DBLP identifiers
acm_fellows.csv,"Scott, Dana S",1994,https://awards.acm.org/award-recipients/scott_1193622,Dana S. Scott,Carnegie Mellon University,http://www.cs.cmu.edu/~scott,EsIyIQsAAAAJ,,"name,affiliation,homepage,scholarid (ORCID absent)",bigcows-crawler/.cache/csrankings-history-recovery-2026-09-18/2020-12-30/csrankings.csv,0809df80d410b21b7614bf49dc90ee0bd91406968f6929811f61256dde2fab6d,4b714f69c839ca538825054f94bdf57f5d4ea3da,2020-12-30,supported historical candidate,"Historical exact source key Dana S. Scott and Carnegie Mellon University / http://www.cs.cmu.edu/~scott agree with the recipient identity and retained institutional evidence. Reviewed against ACM citation: For their joint paper 'Finite Automataand Their Decision Problem,' which introduced the idea of nondeterministic machines, which has proved to be an enormously valuable concept. Their (Scott & Rabin) classic paper has been a continuous source of inspiration for subsequent work in this field. This is a historical association proposal, not current inclusion or an instruction to restore publication-profile identifiers. CMU independently identifies Dana Scott in mathematical logic and computer science; the Berkeley Scholar affiliation does not invalidate the historical CMU association. Preserve the explicit Scholar N rating.",https://awards.acm.org/award-recipients/scott_1193622 | https://scholar.google.com/citations?user=oaja5KYAAAAJ | https://dblp.org/pid/s/DanaSScott | http://www.cs.cmu.edu/~scott | https://www.cmu.edu/dietrich/philosophy/people/emeritus/dana-scott.html,awaiting explicit adoption; do not restore upstream Scholar/DBLP identifiers
turing_award_winners.csv,"Aho, Alfred V",2020,https://awards.acm.org/award-recipients/aho_1046358,Alfred V. Aho,Columbia University,http://www.cs.columbia.edu/~aho,gb2r2ssAAAAJ,,"name,affiliation,homepage,scholarid (ORCID absent)",bigcows-crawler/.cache/csrankings-history-recovery-2026-09-18/2020-12-30/csrankings.csv,0809df80d410b21b7614bf49dc90ee0bd91406968f6929811f61256dde2fab6d,4b714f69c839ca538825054f94bdf57f5d4ea3da,2020-12-30,supported historical candidate,"Historical exact source key Alfred V. Aho and Columbia University / http://www.cs.columbia.edu/~aho agree with the recipient identity and retained institutional evidence. Reviewed against ACM citation: For fundamental algorithms and theory underlying programming language implementation and for synthesizing these results and those of others in their highly influential books, which educated generations of computer scientists. A shared non-placeholder Scholar ID additionally corroborates this match, with name and institution checked separately. This is a historical association proposal, not current inclusion or an instruction to restore publication-profile identifiers.",https://awards.acm.org/award-recipients/aho_1046358 | https://scholar.google.com/citations?user=gb2r2ssAAAAJ | https://dblp.org/pid/a/AVAho | http://www.cs.columbia.edu/~aho,awaiting explicit adoption; do not restore upstream Scholar/DBLP identifiers
turing_award_winners.csv,"Hanrahan, Pat",2019,https://awards.acm.org/award-recipients/hanrahan_4652251,Pat Hanrahan,Stanford University,https://graphics.stanford.edu/~hanrahan,RzEnQmgAAAAJ,,"name,affiliation,homepage,scholarid (ORCID absent)",bigcows-crawler/.cache/csrankings-history-recovery-2026-09-18/2020-12-30/csrankings.csv,0809df80d410b21b7614bf49dc90ee0bd91406968f6929811f61256dde2fab6d,4b714f69c839ca538825054f94bdf57f5d4ea3da,2020-12-30,supported historical candidate,"Historical exact source key Pat Hanrahan and Stanford University / https://graphics.stanford.edu/~hanrahan agree with the recipient identity and retained institutional evidence. Reviewed against ACM citation: For fundamental contributions to 3D computer graphics, and the impact of computer-generated imagery (CGI) in filmmaking and other applications. A shared non-placeholder Scholar ID additionally corroborates this match, with name and institution checked separately. This is a historical association proposal, not current inclusion or an instruction to restore publication-profile identifiers.",https://awards.acm.org/award-recipients/hanrahan_4652251 | https://scholar.google.com/citations?user=RzEnQmgAAAAJ | https://dblp.org/pid/h/PatHanrahan | https://graphics.stanford.edu/~hanrahan,awaiting explicit adoption; do not restore upstream Scholar/DBLP identifiers
turing_award_winners.csv,"Pearl, Judea",2011,https://awards.acm.org/award-recipients/pearl_2658896,Judea Pearl,University of California - Los Angeles,http://bayes.cs.ucla.edu/jp_home.html,bAipNH8AAAAJ,,"name,affiliation,homepage,scholarid (ORCID absent)",bigcows-crawler/.cache/csrankings-history-recovery-2026-09-18/2020-12-30/csrankings.csv,0809df80d410b21b7614bf49dc90ee0bd91406968f6929811f61256dde2fab6d,4b714f69c839ca538825054f94bdf57f5d4ea3da,2020-12-30,supported historical candidate,"Historical exact source key Judea Pearl and University of California - Los Angeles / http://bayes.cs.ucla.edu/jp_home.html agree with the recipient identity and retained institutional evidence. Reviewed against ACM citation: For fundamental contributions to artificial intelligence through the development of a calculus for probabilistic and causal reasoning. A shared non-placeholder Scholar ID additionally corroborates this match, with name and institution checked separately. This is a historical association proposal, not current inclusion or an instruction to restore publication-profile identifiers.",https://awards.acm.org/award-recipients/pearl_2658896 | https://scholar.google.com/citations?user=bAipNH8AAAAJ | https://dblp.org/pid/p/JudeaPearl | http://bayes.cs.ucla.edu/jp_home.html,awaiting explicit adoption; do not restore upstream Scholar/DBLP identifiers
turing_award_winners.csv,"Clarke, Edmund",2007,https://awards.acm.org/award-recipients/clarke_1167964,Edmund M. Clarke,Carnegie Mellon University,https://www.cs.cmu.edu/~emc,_adL2C8AAAAJ,,"name,affiliation,homepage,scholarid (ORCID absent)",bigcows-crawler/.cache/csrankings-history-recovery-2026-09-18/2020-12-30/csrankings.csv,0809df80d410b21b7614bf49dc90ee0bd91406968f6929811f61256dde2fab6d,4b714f69c839ca538825054f94bdf57f5d4ea3da,2020-12-30,supported historical candidate,"Historical exact source key Edmund M. Clarke and Carnegie Mellon University / https://www.cs.cmu.edu/~emc agree with the recipient identity and retained institutional evidence. Reviewed against ACM citation: Together with E. Allen Emerson and Joseph Sifakis, for their role in developing Model-Checking into a highly effective verification technology that is widely adopted in the hardware and software industries. A shared non-placeholder Scholar ID additionally corroborates this match, with name and institution checked separately. This is a historical association proposal, not current inclusion or an instruction to restore publication-profile identifiers.",https://awards.acm.org/award-recipients/clarke_1167964 | https://scholar.google.com/citations?user=_adL2C8AAAAJ | https://dblp.org/pid/c/EdmundMClarke | https://www.cs.cmu.edu/~emc,awaiting explicit adoption; do not restore upstream Scholar/DBLP identifiers
turing_award_winners.csv,"Emerson, E. Allen",2007,https://awards.acm.org/award-recipients/emerson_1671460,E. Allen Emerson,University of Texas at Austin,http://www.cs.utexas.edu/~emerson,NOSCHOLARPAGE,,"name,affiliation,homepage,scholarid (ORCID absent)",bigcows-crawler/.cache/csrankings-history-recovery-2026-09-18/2020-12-30/csrankings.csv,0809df80d410b21b7614bf49dc90ee0bd91406968f6929811f61256dde2fab6d,4b714f69c839ca538825054f94bdf57f5d4ea3da,2020-12-30,supported historical candidate,"Historical exact source key E. Allen Emerson and University of Texas at Austin / http://www.cs.utexas.edu/~emerson agree with the recipient identity and retained institutional evidence. Reviewed against ACM citation: Together with Edmund Clarke and Joseph Sifakis, for their role in developing Model-Checking into a highly effective verification technology that is widely adopted in the hardware and software industries. This is a historical association proposal, not current inclusion or an instruction to restore publication-profile identifiers. UT Austin identifies E. Allen Emerson as the Turing-winning co-inventor of model checking, corroborating the historical UT Austin source row.",https://awards.acm.org/award-recipients/emerson_1671460 | https://dblp.org/pid/e/EAllenEmerson | http://www.cs.utexas.edu/~emerson | https://www.cs.utexas.edu/~emerson/,awaiting explicit adoption; do not restore upstream Scholar/DBLP identifiers
turing_award_winners.csv,"Karp, Richard",1985,https://awards.acm.org/award-recipients/karp_3256708,Richard M. Karp,University of California - Berkeley,https://www.eecs.berkeley.edu/Faculty/Homepages/karp.html,NOSCHOLARPAGE,,"name,affiliation,homepage,scholarid (ORCID absent)",bigcows-crawler/.cache/csrankings-history-recovery-2026-09-18/2020-12-30/csrankings.csv,0809df80d410b21b7614bf49dc90ee0bd91406968f6929811f61256dde2fab6d,4b714f69c839ca538825054f94bdf57f5d4ea3da,2020-12-30,supported historical candidate,"Historical exact source key Richard M. Karp and University of California - Berkeley / https://www.eecs.berkeley.edu/Faculty/Homepages/karp.html agree with the recipient identity and retained institutional evidence. Reviewed against ACM citation: For his continuing contributions to the theory of algorithms including the development of efficient algorithms for network flow and other combinatorial optimization problems, the identification of polynomial-time computability with the intuitive notion of algorithmic efficiency, and, most notably, contributions to the theory of NP-completeness. Karp introduced the now standard methodology for proving problems to be NP-complete which has led to the identification of many theoretical and practical problems as being computationally difficult. This is a historical association proposal, not current inclusion or an instruction to restore publication-profile identifiers.",https://awards.acm.org/award-recipients/karp_3256708 | https://scholar.google.com/citations?user=bYp8FsAAAAAJ | https://dblp.org/pid/k/RichardMKarp | https://www.eecs.berkeley.edu/Faculty/Homepages/karp.html,awaiting explicit adoption; do not restore upstream Scholar/DBLP identifiers
turing_award_winners.csv,"Scott, Dana S",1976,https://awards.acm.org/award-recipients/scott_1193622,Dana S. Scott,Carnegie Mellon University,http://www.cs.cmu.edu/~scott,EsIyIQsAAAAJ,,"name,affiliation,homepage,scholarid (ORCID absent)",bigcows-crawler/.cache/csrankings-history-recovery-2026-09-18/2020-12-30/csrankings.csv,0809df80d410b21b7614bf49dc90ee0bd91406968f6929811f61256dde2fab6d,4b714f69c839ca538825054f94bdf57f5d4ea3da,2020-12-30,supported historical candidate,"Historical exact source key Dana S. Scott and Carnegie Mellon University / http://www.cs.cmu.edu/~scott agree with the recipient identity and retained institutional evidence. Reviewed against ACM citation: Along with Michael O. Rabin, for their joint paper ""Finite Automata and Their Decision Problem,"" which introduced the idea of nondeterministic machines, which has proved to be an enormously valuable concept. Their (Scott & Rabin) classic paper has been a continuous source of inspiration for subsequent work in this field. This is a historical association proposal, not current inclusion or an instruction to restore publication-profile identifiers. CMU independently identifies Dana Scott in mathematical logic and computer science; the Berkeley Scholar affiliation does not invalidate the historical CMU association. Preserve the explicit Scholar N rating.",https://awards.acm.org/award-recipients/scott_1193622 | https://scholar.google.com/citations?user=oaja5KYAAAAJ | https://dblp.org/pid/s/DanaSScott | http://www.cs.cmu.edu/~scott | https://www.cmu.edu/dietrich/philosophy/people/emeritus/dana-scott.html,awaiting explicit adoption; do not restore upstream Scholar/DBLP identifiers
turing_award_winners.csv,"Minsky, Marvin",1969,https://awards.acm.org/award-recipients/minsky_7440781,Marvin Minsky,Massachusetts Institute of Technology,http://web.media.mit.edu/~minsky,NOSCHOLARPAGE,,"name,affiliation,homepage,scholarid (ORCID absent)",bigcows-crawler/.cache/csrankings-history-recovery-2026-09-18/2020-12-30/csrankings.csv,0809df80d410b21b7614bf49dc90ee0bd91406968f6929811f61256dde2fab6d,4b714f69c839ca538825054f94bdf57f5d4ea3da,2020-12-30,supported historical candidate,"Historical exact source key Marvin Minsky and Massachusetts Institute of Technology / http://web.media.mit.edu/~minsky agree with the recipient identity and retained institutional evidence. Reviewed against ACM citation: For his central role in creating, shaping, promoting, and advancing the field of Artificial Intelligence. This is a historical association proposal, not current inclusion or an instruction to restore publication-profile identifiers. MIT biography and obituary connect Marvin Minsky to MIT, AI and the 1969 Turing Award, supporting historical identity only.",https://awards.acm.org/award-recipients/minsky_7440781 | https://scholar.google.com/citations?user=g_7VKegAAAAJ | https://dblp.org/pid/m/MarvinMinsky | http://web.media.mit.edu/~minsky | https://news.mit.edu/2016/marvin-minsky-obituary-0125,awaiting explicit adoption; do not restore upstream Scholar/DBLP identifiers
