roster,name,award_year,dblp_profile,quality,capture_date,decision_status,capture_sha256,capture_path,decision_note
acm_fellows.csv,"Adar, Eytan",2025,https://dblp.org/pid/a/EytanAdar,Y,2026-09-17,supported,7e1533c069822df2aa86cd9158bb30eda5cd2220d785b2685355fc7938bfea81,../bigcows-crawler/.cache/dblp-refresh-2026-09-17-132635/safari/captures/39dd95e96a19f70c5d63f97267466b8c083fd9f9f0c5b2c9eae178cdd33e9aaa-1789667304016478000.html,None; read-only assessment
acm_fellows.csv,"Ahn, Gail-Joon",2025,https://dblp.org/pid/a/GailJoonAhn,Y,2026-09-17,supported,73db1a621ae8d49301d7e98a10398667c5f02b52b57a1bee303af86821fde253,../bigcows-crawler/.cache/dblp-refresh-2026-09-17-132635/safari/captures/30a7b263ae55b5530db8edac6e603b8222ed9570203b1b549254fc4cb358255b-1789667320324843000.html,None; read-only assessment
acm_fellows.csv,"Allman, Eric",2025,https://dblp.org/pid/71/1984,Y,2026-09-17,supported,058e562234394f0e0675bd0977abfc44c0bac390ea742518e29c7fbe2f1041fd,../bigcows-crawler/.cache/dblp-refresh-2026-09-17-132635/safari/captures/cfbfb12b6f87a989d2ee1ad4c6fe0461fa937eda98728f63a32d60f4f0e3b3a1-1789667296286619000.html,None; read-only assessment
acm_fellows.csv,"Apel, Sven",2025,https://dblp.org/pid/a/SvenApel,Y,2026-09-17,supported,70db6f7fa71fc471d9bad3863a305b525d35d55ccc1d8ad06a674918cb9053c8,../bigcows-crawler/.cache/dblp-refresh-2026-09-17-132635/safari/captures/a3d50e7a8955f62b13f247c54b9a9f1f15e5433e4022b2023421fdb3b6b861ca-1789667985007417000.html,None; read-only assessment
acm_fellows.csv,"Bauer, Lujo",2025,https://dblp.org/pid/32/3440,Y,2026-09-17,supported,e4a02e2d89b8e962edd028e85cf47eb129d0dd880437c674b6b32b6bee3331f7,../bigcows-crawler/.cache/dblp-refresh-2026-09-17-132635/safari/captures/055fb3154e3d53f1ee138c6bd2b0c7a2de9acd266817ff6c9c79d16130ce5c4f-1789667757571994000.html,None; read-only assessment
acm_fellows.csv,"Bonifati, Angela",2025,https://dblp.org/pid/b/ABonifati,Y,2026-09-17,supported,3ec465aad44a024263be9c7c15738d59eaf5e66183751d37908da5c1f0581e9e,../bigcows-crawler/.cache/dblp-refresh-2026-09-17-132635/safari/captures/94e120bb0c1c6d7a3e1f7209eddad743b97bcd2ca4bfa28dd58a1fd42c7f5b82-1789667206088609000.html,None; read-only assessment
acm_fellows.csv,"Buyya, Rajkumar",2025,https://dblp.org/pid/b/RajkumarBuyya,Y,2026-09-17,supported,cbf9d598f12e1c3439c3c2bff1b349291d0f507e99dfef0dac47d0915f329488,../bigcows-crawler/.cache/dblp-refresh-2026-09-17-132635/safari/captures/256c78f10496a94408f917a151f57b25c78d5237659dcd38a9b0e6f25309a58a-1789667938555893000.html,None; read-only assessment
acm_fellows.csv,"Candea, George",2025,https://dblp.org/pid/c/GeorgeCandea,Y,2026-09-17,supported,2e7065ba5b260fa1e3593852312370d5a26c1030e519286e613e5236614caba6,../bigcows-crawler/.cache/dblp-refresh-2026-09-17-132635/safari/captures/7a26692613faff62b6622bcd8980eb7361a96a799d4f7a0c975ab1724c483178-1789667327713633000.html,None; read-only assessment
acm_fellows.csv,"Cao, Pei",2025,https://dblp.org/pid/87/3674,N,2026-09-17,existing_N,cffe87c09076cf017d30064152ca07e97eef50d5677aa522ecee6aac814f4ced,../bigcows-crawler/.cache/dblp-refresh-2026-09-17-132635/safari/captures/8bc375d2d17f6b77bc7ba001101065274d76ede25de3422e1ae4f612b21f4de3-1789667844837449000.html,None; read-only assessment
acm_fellows.csv,"Cappello, Franck",2025,https://dblp.org/pid/c/FranckCappello,Y,2026-09-17,supported,b7ef4171d36f16643be9fe18f8753eacf214feb4a98d1154edd5dcd8b03b8763,../bigcows-crawler/.cache/dblp-refresh-2026-09-17-132635/safari/captures/97651c36672c383776e6c026f238303e02ae7bab9ebf6ed0071edbd74efa0499-1789667312211105000.html,None; read-only assessment
acm_fellows.csv,"Carloni, Luca P",2025,https://dblp.org/pid/68/2644,Y,2026-09-17,supported,2648d7eb9c52ed45f9be6afe6564c4d5cc0359c20b8c15acddb8a91655cf0231,../bigcows-crawler/.cache/dblp-refresh-2026-09-17-132635/safari/captures/e3b5c1bd71042b9ad4c8859e43c53b6d43e226e5ca1f2ceb7a1c3a2cb2318268-1789667749269550000.html,None; read-only assessment
acm_fellows.csv,"Carpendale, Sheelagh",2025,https://dblp.org/pid/c/MSheelaghTCarpendale,Y,2026-09-17,supported,14e9cc76f8ccf3e69239272cbbaec8729205b87021b2121cd3e7f22cac3d5031,../bigcows-crawler/.cache/dblp-refresh-2026-09-17-132635/safari/captures/d5873d0aa872f0ab520e3cdef0445ff5ba3292ea0bd12cd93973e2dbab3bc2e9-1789667962130967000.html,None; read-only assessment
acm_fellows.csv,"Chaudhuri, Swarat",2025,https://dblp.org/pid/37/6100,Y,2026-09-17,supported,ac6abe4fa09f0b75285aca06c322008d5083098480bb05a3d1e1de8d01d025b6,../bigcows-crawler/.cache/dblp-refresh-2026-09-17-132635/safari/captures/ea8cef03d58aa54f55c75115b0ae0ee2515eba55a8ecea9fd4302011c6be90b0-1789667991760393000.html,None; read-only assessment
acm_fellows.csv,"Chen, Baoquan",2025,https://dblp.org/pid/23/4197,Y,2026-09-17,supported,3e68c0c5ffdbf7e2f283b78f66873ed3be966df2d364fb45331fc8a0b7a8e44e,../bigcows-crawler/.cache/dblp-refresh-2026-09-17-132635/safari/captures/d19a34ec1b10e4450eca47af95d388762cd2bf86cd1d8f8bf8570cb554176614-1789667249891013000.html,None; read-only assessment
acm_fellows.csv,"Chen, Deming",2025,https://dblp.org/pid/37/1234,Y,2026-09-17,supported,4defb97565aa7b7b4993bd17e06591977f7a3fae7ae8b815aacdfaf7a39f2934,../bigcows-crawler/.cache/dblp-refresh-2026-09-17-132635/safari/captures/40fcb07bb3ca06d0373721b1ccef1292336660e597b8889561fd26c83bd12d39-1789667280176167000.html,None; read-only assessment
acm_fellows.csv,"Cheng, Kwang-Ting",2025,https://dblp.org/pid/c/KwangTingCheng,Y,2026-09-17,supported,a20d535cf4b7665da8528933432a1f4cddeb3a40d6afe8232de0fb388bfe1331,../bigcows-crawler/.cache/dblp-refresh-2026-09-17-132635/safari/captures/6c6ece6fc63e872ef61bca52ac7302d29b31e77b64737073240b69a8d2893f42-1789667732489643000.html,None; read-only assessment
acm_fellows.csv,"Conati, Cristina",2025,https://dblp.org/pid/34/5056,Y,2026-09-17,supported,e83551ce4f3d777c597a7f00324b9487a628f42e17c65074f1a3bd9446cf3a0c,../bigcows-crawler/.cache/dblp-refresh-2026-09-17-132635/safari/captures/6bf7672d4992758bda0bbffdcf78a28f5559652ab08634237e52a4fb2367618e-1789667257710532000.html,None; read-only assessment
acm_fellows.csv,"Dorigo, Marco",2025,https://dblp.org/pid/d/MarcoDorigo,Y,2026-09-17,supported,207366d9754f0b5d9c2c17a20e3f829c8d14881835e319ba73d62b0efefda6dc,../bigcows-crawler/.cache/dblp-refresh-2026-09-17-132635/safari/captures/46523e9ae4c3d6b7bffb9e3465f7b23b28f7fe30403972da12a72fb3e0af8e6d-1789667770978609000.html,None; read-only assessment
acm_fellows.csv,"Drettakis, George",2025,https://dblp.org/pid/59/2449,Y,2026-09-17,supported,5f52f57b5735273f19ce408fdb6e595ec71f24fd8fda6eb7792611355dddf7eb,../bigcows-crawler/.cache/dblp-refresh-2026-09-17-132635/safari/captures/99cf78b6dbe64af5a79d9b680426b4d49f159ea1396a03205e247c7cff873893-1789667335434317000.html,None; read-only assessment
acm_fellows.csv,"Dukkipati, Nandita",2025,https://dblp.org/pid/74/5250,Y,2026-09-17,supported,e90b23031b7203bb9b99c6cd0e76853cfe0e4c69e5333bb407f286d2861ce6b1,../bigcows-crawler/.cache/dblp-refresh-2026-09-17-132635/safari/captures/333d1c285a7cbd96e5ea996bd922224ab44fc21d02a235ed7bd7b4243d285944-1789667793602819000.html,None; read-only assessment
acm_fellows.csv,"Esparza, Javier",2025,https://dblp.org/pid/e/JEsparza,Y,2026-09-17,supported,262a6645c1491cdc5ecda7a4059406f21993ee5e60923ad0154e627486743906,../bigcows-crawler/.cache/dblp-refresh-2026-09-17-132635/safari/captures/273e3609240bcb408617424df88ad02c280d75442fdb7f8e5ff3e21328fc8c6d-1789667455385235000.html,None; read-only assessment
acm_fellows.csv,"Ferragina, Paolo",2025,https://dblp.org/pid/f/PaoloFerragina,Y,2026-09-17,supported,914d0b39e32320f65d0b64b695b8529ddee3474e11dc0171d987437cb87bf0e5,../bigcows-crawler/.cache/dblp-refresh-2026-09-17-132635/safari/captures/278f8c02427b49f744f8b1c0728d991ab6338be780d8b7e3c1a1e15e9aa463e1-1789667837416630000.html,None; read-only assessment
acm_fellows.csv,"Fu, Yun Raymond",2025,https://dblp.org/pid/00/5815-1,Y,2026-09-19,supported,dd6477c944bf9204f198511d8b5868bac4f409c173e23f6dc8caee6013b7c37d,../bigcows-crawler/.cache/dblp-gap-fill-2026-09-19-145403/safari/captures/e07d6abec1efefff6f4b28df69848fc6d47397e4964a78389b6ae5fe7ae22236-1789844074070927000.html,None; read-only assessment
acm_fellows.csv,"Gleicher, Michael L",2025,https://dblp.org/pid/g/MichaelGleicher,Y,2026-09-17,supported,d8dfc560422f488582587bc19fa22aaf890d2dd01108436db9fc5aa8e30cc2ec,../bigcows-crawler/.cache/dblp-refresh-2026-09-17-132635/safari/captures/548af71956fa51264e8c82f5738b83cf09ad578507cc11f070b3c6d2a56fa86e-1789667779377359000.html,None; read-only assessment
acm_fellows.csv,"Heidrich, Wolfgang",2025,https://dblp.org/pid/h/WolfgangHeidrich,Y,2026-09-17,supported,eb25a0b04cafdadc9eeb5c5348747b257f66eb9e57f2514b99a20ae41d43fd88,../bigcows-crawler/.cache/dblp-refresh-2026-09-17-132635/safari/captures/1a6e8bfc900bae0b662466f37e29d9e8e7a8a1c4b0bef8a33b49203acfe369d2-1789668048374497000.html,None; read-only assessment
acm_fellows.csv,"Hodges, Steve",2025,https://dblp.org/pid/h/SteveHodges,Y,2026-09-17,supported,ee54fb8b5775b1a9fdf30ba78b480f80030fe6ac72660364529aafe41fe666a7,../bigcows-crawler/.cache/dblp-refresh-2026-09-17-132635/safari/captures/bf6c58e0aaca66cae7062d0f5bfa682e89864d660073e62aec3990cfda535359-1789667977499239000.html,None; read-only assessment
acm_fellows.csv,"Huang, Zi Helen",2025,https://dblp.org/pid/70/6862,Y,2026-09-17,supported,4cf858eea23cf876374dd04e38727fd7a34ce4531b1a8a7f5d178b0003ced7a6,../bigcows-crawler/.cache/dblp-refresh-2026-09-17-132635/safari/captures/847d985c52b9334a28294f8727ed714cb6692b8b7fb569128038a6029813a6ad-1789668095343237000.html,None; read-only assessment
acm_fellows.csv,"Jenkins, Odest Chadwicke",2025,https://dblp.org/pid/99/4449,Y,2026-09-17,supported,b29911f5c51a456acd66e42fb00619c6c77e4265f8f1375bfbaf865c4bb6d700,../bigcows-crawler/.cache/dblp-refresh-2026-09-17-132635/safari/captures/b39b1500131ca61d9f092c5bf508ead0b8eb97dc1aafcdb56f7188ede6c3503b-1789667829661429000.html,None; read-only assessment
acm_fellows.csv,"Jia, Jiaya",2025,https://dblp.org/pid/31/5649,Y,2026-09-17,supported,3b22c4cec74ef7f25c6378e2313d044d6a1d5db54c11fcd6046eaca766490f50,../bigcows-crawler/.cache/dblp-refresh-2026-09-17-132635/safari/captures/cad31379571fa120729c6cdd3cbc9f7c903a133f780edb358006a8d213cb80f4-1789667469828508000.html,None; read-only assessment
acm_fellows.csv,"Jia, Xiaohua",2025,https://dblp.org/pid/j/XiaohuaJia,Y,2026-09-17,supported,15bf989ad508259952d6cb51d77ff8b60e3965736530938315fcb887abb62f14,../bigcows-crawler/.cache/dblp-refresh-2026-09-17-132635/safari/captures/2c3bbd4f08a9728255cc50910c5f26f16a405c4bdd976b757d0559fad0101178-1789668065275876000.html,None; read-only assessment
acm_fellows.csv,"Jin, Hai",2025,https://dblp.org/pid/98/4156,Y,2026-09-17,supported,30f915d48c5d36ca9bd8f267d01af33ed4323d007632408cfbd3ed46685ccc57,../bigcows-crawler/.cache/dblp-refresh-2026-09-17-132635/safari/captures/b85f6c013db9fd5c72d75793c9dfcad88c4f24048e38e44778485b268041d3ee-1789667352145592000.html,None; read-only assessment
acm_fellows.csv,"Kawarabayashi, Ken-Ichi",2025,https://dblp.org/pid/45/6846,Y,2026-09-17,supported,84b2823389f3d4b9862cbb22134f2770d800c05d32ecdb507bacdcf2f1307c72,../bigcows-crawler/.cache/dblp-refresh-2026-09-17-132635/safari/captures/f46b26c813778358d60da04352dd51da3a68aa9421d304cefd7c8079feb194d0-1789667714705180000.html,None; read-only assessment
acm_fellows.csv,"Kiayias, Aggelos",2025,https://dblp.org/pid/47/3682,Y,2026-09-17,supported,e3280ed28296763e699774ab6259edd66efa626bc537c25092e23538c592b27c,../bigcows-crawler/.cache/dblp-refresh-2026-09-17-132635/safari/captures/fa30ad36a78ae4d892e285077e468c6b1f34c229e9ca73bf52e14800fdf24149-1789667184085176000.html,None; read-only assessment
acm_fellows.csv,"Kohno, Tadayoshi",2025,https://dblp.org/pid/k/TadayoshiKohno,Y,2026-09-17,supported,05fd59c11daee66d4576bbd2aafcc12e2d08945dce702e7cf1159233644c90dc,../bigcows-crawler/.cache/dblp-refresh-2026-09-17-132635/safari/captures/c2639ca52bed22f40a70ecf64c1ae73e322a75cb39b76c404ea46da217cd8016-1789668006412585000.html,None; read-only assessment
acm_fellows.csv,"Lehner, Wolfgang",2025,https://dblp.org/pid/l/WLehner,Y,2026-09-17,supported,ab2b2c1621d6c0ec9ea5a50f4d788f5230afa387509c59adb69cce6755fe1ace,../bigcows-crawler/.cache/dblp-refresh-2026-09-17-132635/safari/captures/123f57edf395d07c865d6ff71fe20464400d36bc40fd351a279857dd1327e85c-1789668057000619000.html,None; read-only assessment
acm_fellows.csv,"Ma, Jian",2025,https://dblp.org/pid/26/4870-4,Y,2026-09-17,supported,ab6173d582deef76dbec6c0f0f65db2e0f562b70505ea47c036c508a1cfa3962,../bigcows-crawler/.cache/dblp-refresh-2026-09-17-132635/safari/captures/771504cffe3f6430543e60c81053cce0b6413e02e7cddd909b9624f51fdcd83b-1789667462570318000.html,None; read-only assessment
acm_fellows.csv,"Mahajan, Ratul",2025,https://dblp.org/pid/81/6327,Y,2026-09-17,supported,29646899c92df8a34395493428b6d15d57f49d9b0a27bb8fede5b236ccb6b1f6,../bigcows-crawler/.cache/dblp-refresh-2026-09-17-132635/safari/captures/fd0d27f9317c553229bb1e6baccdf252ec58bd0f2cc727f9442d5304247a4b15-1789667945681201000.html,None; read-only assessment
acm_fellows.csv,"Markopoulou, Athina",2025,https://dblp.org/pid/82/5866,Y,2026-09-17,supported,62e7734bd8b42319f6da45f0e5996a25da69cb9e71fa34b986c0c523466fa1d3,../bigcows-crawler/.cache/dblp-refresh-2026-09-17-132635/safari/captures/a5e08e683df89c2e35281470e9ba858e950df785f62ed1e0aceaf7b73f2fe8f2-1789667241658188000.html,None; read-only assessment
acm_fellows.csv,"Medvidovic, Nenad",2025,https://dblp.org/pid/65/1728,Y,2026-09-17,supported,d937fac4fa4c106120b8288e2627a46177296c4735d1f62790ef29cc431ebe4a,../bigcows-crawler/.cache/dblp-refresh-2026-09-17-132635/safari/captures/86a3b9af1c6a8b616ba683f8fd852b9bcad2e78c82b6dc33f18bdd067ffa5191-1789667809336095000.html,None; read-only assessment
acm_fellows.csv,"Mei, Tao",2025,https://dblp.org/pid/12/5444-1,Y,2026-09-17,supported,38ace4107270aa45f3dbfddf1862365f17a276da6c11e092434daffa7a17f862,../bigcows-crawler/.cache/dblp-refresh-2026-09-17-132635/safari/captures/aeaa97ccd7e5d2cfdd4e5b6d035d84d795da5ecb5d81d369bd1f27677c6ea8ab-1789668015842691000.html,None; read-only assessment
acm_fellows.csv,"Melodia, Tommaso",2025,https://dblp.org/pid/05/1629,Y,2026-09-17,supported,a4c5c63fbd0cdf1595bc39f7306659986539df31ecaf98ecc8148614a2befe78,../bigcows-crawler/.cache/dblp-refresh-2026-09-17-132635/safari/captures/fd95b9c8a17d60dc83f49e0b43d6582ea8db48d0170273995127d598e19c22c7-1789668040460421000.html,None; read-only assessment
acm_fellows.csv,"Milojicic, Dejan S",2025,https://dblp.org/pid/53/726,Y,2026-09-17,supported,0c0b4d7a705e32a3e935bd8c4457760b746b42472c5aca27983d2f9733f6b75f,../bigcows-crawler/.cache/dblp-refresh-2026-09-17-132635/safari/captures/f6134c8aca1406c7fdd5c0d0bc8b2915df8acb4ac65a4318b63175ceddae6841-1789667272572134000.html,None; read-only assessment
acm_fellows.csv,"Moffat, Alistair M",2025,https://dblp.org/pid/m/AlistairMoffat,Y,2026-09-17,supported,60055a23cf4738e2aff287a41d8c57a3c82f4cf78e7af57439f20c5b5c4a9a41,../bigcows-crawler/.cache/dblp-refresh-2026-09-17-132635/safari/captures/b8f940424d25d51272adb8afe0d7168d8735149a19c62c2899ced1dab605c7ea-1789667197840536000.html,None; read-only assessment
acm_fellows.csv,"Mokbel, Mohamed F",2025,https://dblp.org/pid/94/5893,Y,2026-09-17,supported,8e91b4d6dd8db33cfe8edf0b267e822c3f798c5e6433b1239b06bf650b71a48d,../bigcows-crawler/.cache/dblp-refresh-2026-09-17-132635/safari/captures/0cd9fedea17d0f03272a627d9624c80341d324d7916c00f5bc97513b0056be87-1789667786950929000.html,None; read-only assessment
acm_fellows.csv,"Musuvathi, Madanlal",2025,https://dblp.org/pid/95/6578,Y,2026-09-17,supported,5bd10c8bbc3643da93f639fff01aac7fa752aafbf7b8b9377de741ac65cdc438,../bigcows-crawler/.cache/dblp-refresh-2026-09-17-132635/safari/captures/43b1430f41372ccbd9ccd00f82bb83c0a2c84d1f2043bb390a4b8a567500f329-1789667764038650000.html,None; read-only assessment
acm_fellows.csv,"Müller, Peter",2025,https://dblp.org/pid/m/PMuller1,Y,2026-09-17,supported,e8008f7f14dc92402be5585310eb139e50e368e86a8f0644f896789f4c3023b8,../bigcows-crawler/.cache/dblp-refresh-2026-09-17-132635/safari/captures/3cad3088ef26f717920d2177b239c48e4e4780ec9d1d70fc6c4fe8a4528f632f-1789667930439010000.html,None; read-only assessment
acm_fellows.csv,"Nisan, Noam",2025,https://dblp.org/pid/n/NoamNisan,Y,2026-09-17,supported,05189073f56023e79ee7a3b9b3d369856f5b520cdd232d5ddb05585ca8f3029c,../bigcows-crawler/.cache/dblp-refresh-2026-09-17-132635/safari/captures/53500098e90aaae62b3cc919b3f6cba8035efa2ff03f4f819d659a2b832be4ac-1789667815940727000.html,None; read-only assessment
acm_fellows.csv,"Orso, Alessandro",2025,https://dblp.org/pid/35/805,Y,2026-09-17,supported,688d5a856a2601284b21f19c8fa63314d5fc9bbfe052df0d943c701ab70f6894,../bigcows-crawler/.cache/dblp-refresh-2026-09-17-132635/safari/captures/0c4f3554a58fef485ecfb61eda96eed5a3037a4a59ca1073929f74684e11945c-1789667191004205000.html,None; read-only assessment
acm_fellows.csv,"Palpanas, Themis",2025,https://dblp.org/pid/p/ThemisPalpanas,Y,2026-09-17,supported,4d3a317cba8a544971fbd95cc44fbc5c94cd971caf542d0368f47e760c5d5b56,../bigcows-crawler/.cache/dblp-refresh-2026-09-17-132635/safari/captures/298bae804ebb133bacde3adaf30cc143fddba02073eca8578dceaf9bf159e3b3-1789668022745159000.html,None; read-only assessment
acm_fellows.csv,"Poshyvanyk, Denys",2025,https://dblp.org/pid/02/320,Y,2026-09-17,supported,7f3b03d9cc0928b9579fae7b3594fbf3ab67a314a9cb044be79086b5d8f4ea98,../bigcows-crawler/.cache/dblp-refresh-2026-09-17-132635/safari/captures/f7072b9a74b89aa32a34cff269f933d58aaa37157c429f87a5c2f179d3a2f67d-1789667288113098000.html,None; read-only assessment
acm_fellows.csv,"Procaccia, Ariel",2025,https://dblp.org/pid/p/ArielDProcaccia,Y,2026-09-17,supported,eb3580c2b2ee36b3658ec123ca075426d5a26e7b2b73fb2b6d84e1d926e5b654,../bigcows-crawler/.cache/dblp-refresh-2026-09-17-132635/safari/captures/048d3bac4c910746d91a18794a7760c25b9f472026e29a1fb4d42011073f37f4-1789667234806237000.html,None; read-only assessment
acm_fellows.csv,"Rappaport, Theodore",2025,https://dblp.org/pid/07/2123,Y,2026-09-17,supported,ca9429527f2f5e84d924f2972a7fec1c374a961c965b72b99931c9c586ee8f52,../bigcows-crawler/.cache/dblp-refresh-2026-09-17-132635/safari/captures/387282091e0500507f110429234f3de8ffb29b53cb060156d22a9373475113c0-1789668031332233000.html,None; read-only assessment
acm_fellows.csv,"Ratnasamy, Sylvia",2025,https://dblp.org/pid/68/5579,Y,2026-09-17,supported,31ce2573433f649cc2e9726724f5fa62948f35c823a8cb6702014cca5fd9b696,../bigcows-crawler/.cache/dblp-refresh-2026-09-17-132635/safari/captures/384d46d7c058aeea589f10cabc4790fab977c3e1bd6308ade032b3c2c3bd78d9-1789667999053531000.html,None; read-only assessment
acm_fellows.csv,"Regev, Oded",2025,https://dblp.org/pid/r/OdedRegev,Y,2026-09-17,supported,bead96140edf196633d964c6f0cc05aa22a77d25ba2b728993e82ed8f08d774a,../bigcows-crawler/.cache/dblp-refresh-2026-09-17-132635/safari/captures/1145d2be243f9563ae49aa44d3a6593b5540703eb43a5154a28bde1f3001b099-1789667823071146000.html,None; read-only assessment
acm_fellows.csv,"Rudin, Cynthia",2025,https://dblp.org/pid/62/6936,Y,2026-09-17,supported,9df61a6af537354e00e5197708adb48af74db7e1661326b1a622d82fc54f9334,../bigcows-crawler/.cache/dblp-refresh-2026-09-17-132635/safari/captures/4edf0ab5d0154b7b7a02af9cc1387a5f705fc37b6a9b4dd6d97629e18a1cf255-1789667265178694000.html,None; read-only assessment
acm_fellows.csv,"Shankar, Natarajan",2025,https://dblp.org/pid/33/1623,Y,2026-09-17,supported,bb38817a7cf56bb85aef0534aac13467fe33392af0b7e02243041191a59709aa,../bigcows-crawler/.cache/dblp-refresh-2026-09-17-132635/safari/captures/adc3934be9d87648e52e7fe8d83e20f908c31474602cd4f188abf907d34dfae6-1789667801934730000.html,None; read-only assessment
acm_fellows.csv,"Solihin, Yan",2025,https://dblp.org/pid/11/2624,Y,2026-09-17,supported,c6ff58140d63f345e20677a231184cb890f50340ab5966d9a81fa7c4923a330c,../bigcows-crawler/.cache/dblp-refresh-2026-09-17-132635/safari/captures/efbef07877679653f6b2c473d28c8f7cc5434441c182cbdaac857ba6e485fbcb-1789668072237817000.html,None; read-only assessment
acm_fellows.csv,"Starbird, Kate",2025,https://dblp.org/pid/84/7848,Y,2026-09-17,supported,4ad405a2e4985f07b4473fbad67122428495a590ff9781ca2b49428edad97f59,../bigcows-crawler/.cache/dblp-refresh-2026-09-17-132635/safari/captures/ae67d3161c395eb2030086889f90ba6b34b02d40b7e2012bc5e8664f6ef25e09-1789667700752809000.html,None; read-only assessment
acm_fellows.csv,"Suh, Gookwon Edward",2025,https://dblp.org/pid/09/5657,Y,2026-09-17,supported,6a8630ba5578bf079c1f2c11462a9a45b9ee81012ce1eb28f85b446c558a6cd2,../bigcows-crawler/.cache/dblp-refresh-2026-09-17-132635/safari/captures/55a7f993ad1793964ac0dc015ce8d16fbbe617a6eb67a7e325f27a28cfd23e6c-1789667342695902000.html,None; read-only assessment
acm_fellows.csv,"Tan, Kian-Lee",2025,https://dblp.org/pid/t/KianLeeTan,Y,2026-09-17,supported,2580cc9619a6ea73ec18d37b1719aa5db47223cef0bd01deb1e4cf521d6d3ad4,../bigcows-crawler/.cache/dblp-refresh-2026-09-17-132635/safari/captures/b9f84f1b8eff4b2da872f62fa1cbd7a7ea8eb9ea339367fddfd2e4ca606a6a62-1789667723822222000.html,None; read-only assessment
acm_fellows.csv,"Tong, Hanghang",2025,https://dblp.org/pid/58/1757,Y,2026-09-17,supported,62b473e8c62bc5d673729cc08260fdb5364365cbdc536f21aa2c0cc8ba638e9d,../bigcows-crawler/.cache/dblp-refresh-2026-09-17-132635/safari/captures/0f56e4b7c6b570af36b6aa469696ae920b6e12165f5c2f938468cdd017e857db-1789667359634745000.html,None; read-only assessment
acm_fellows.csv,"Torralba, Antonio",2025,https://dblp.org/pid/t/AntonioBTorralba,Y,2026-09-17,supported,471c88ad1b5492531fb147779302eeabde774b242e5c81d43b04ae28d5ff9858,../bigcows-crawler/.cache/dblp-refresh-2026-09-17-132635/safari/captures/84c73b1bb8ea7088d3d28f20f1109f5075e42691362612d072819d1e78268fe1-1789667226905580000.html,None; read-only assessment
acm_fellows.csv,"Weirich, Stephanie",2025,https://dblp.org/pid/w/StephanieWeirich,Y,2026-09-17,supported,9c039acbec7a80312c23c5d7c5e4c074307edd7e61860b64afc72c31fcfa26b6,../bigcows-crawler/.cache/dblp-refresh-2026-09-17-132635/safari/captures/1c78df091f982885bdfa0322a365ccb66328e1b92ace154509a61e4e8ce22617-1789667969914721000.html,None; read-only assessment
acm_fellows.csv,"Wierman, Adam",2025,https://dblp.org/pid/56/4447,Y,2026-09-17,supported,c7973209fd6b5cb785a8b0f5805b34e301b6904e11fd73401bee9f5c9b3f89bf,../bigcows-crawler/.cache/dblp-refresh-2026-09-17-132635/safari/captures/65671f39164f29c21ff6bb1dbb7c98c5c840d5669a591b8e756e3ffa61f27692-1789667175526050000.html,None; read-only assessment
acm_fellows.csv,"Wright, Rebecca N.",2025,https://dblp.org/pid/w/RebeccaNWright,Y,2026-09-17,supported,0c3a1270524f9e0013eef9ea4f499d0c8c8b35ebbcf23fdbc01a1166eae4455a,../bigcows-crawler/.cache/dblp-refresh-2026-09-17-132635/safari/captures/282af6c0dc047052213bc3a666b455c44c2500dacab17fcc87fe7bd0eb519c45-1789667953592474000.html,None; read-only assessment
acm_fellows.csv,"Xiong, Hui",2025,https://dblp.org/pid/262/1686-1,Y,2026-09-17,supported,0bf97779a70b92f4428303456907a305bdf110c9cbe37ac902c88f02aaefda97,../bigcows-crawler/.cache/dblp-refresh-2026-09-17-132635/safari/captures/79c640885b6601a63c1396cd62075ce21c8f5bd3bde6a60c8163e927cc824482-1789667368020150000.html,None; read-only assessment
acm_fellows.csv,"Xiong, Li",2025,https://dblp.org/pid/39/3530-1,Y,2026-09-17,supported,e77821452c666824089c24687a41cbe3d25e56ec674d95ac58f7069a7f5a1cb7,../bigcows-crawler/.cache/dblp-refresh-2026-09-17-132635/safari/captures/a29218dd22b083ff4a1bfda065025041f53eae9af3e50fe2ead59e32795c1692-1789667741679085000.html,None; read-only assessment
acm_fellows.csv,"Yang, Junfeng",2025,https://dblp.org/pid/71/3724,N,2026-09-17,existing_N,e80bbf2db2a71264a7dceefc566956cc54ab2bc630555428fa2d929dcdddb537,../bigcows-crawler/.cache/dblp-refresh-2026-09-17-132635/safari/captures/21826f5806238392ba487000d784483db70be545487bf85827b529deb36b6989-1789667486391469000.html,None; read-only assessment
acm_fellows.csv,"Yi, Ke",2025,https://dblp.org/pid/43/1219-1,Y,2026-09-17,supported,69af88e9c8f5b9f00bdfbc5ac565c4443ea68da0f491423e831ce4bf4bea17df,../bigcows-crawler/.cache/dblp-refresh-2026-09-17-132635/safari/captures/f14f332b78c85b0c1e39f607ee897b753acc0862833e8d84ba2dd8fb3d619f4f-1789667707839128000.html,None; read-only assessment
acm_fellows.csv,"Zheng, Yu",2025,https://dblp.org/pid/87/1585-4,Y,2026-09-17,supported,6cec1da94cdd7c229cb8607a66f96f42c58bd52d188bb962d513a03b70943064,../bigcows-crawler/.cache/dblp-refresh-2026-09-17-132635/safari/captures/718ba6a3f7335bc1f84865494e29f1d07d20da382cd1e92939f1af14718d60ea-1789668080134999000.html,None; read-only assessment
acm_fellows.csv,"Zhu, Jun",2025,https://dblp.org/pid/50/2644-1,Y,2026-09-17,supported,fef0b30cf5266a58a86175cb141ba0f7fd4ab1056d8115279f3f958195763bbe,../bigcows-crawler/.cache/dblp-refresh-2026-09-17-132635/safari/captures/e67afbfd540acdde989e71128a0985228421f995e51aad2f14eb5ef7f9b5b70c-1789667478273738000.html,None; read-only assessment
acm_fellows.csv,"Alexa, Marc",2024,https://dblp.org/pid/a/MarcAlexa,Y,2026-09-17,supported,aabe73b54957827e525dae0ddd32d64c33fc218d82730a0f2e90fd5279cd9edc,../bigcows-crawler/.cache/dblp-refresh-2026-09-17-132635/safari/captures/257b3114ec767770dc52694ea0c64681565c23148de71110dbd00524f4c16e3a-1789668468451059000.html,None; read-only assessment
acm_fellows.csv,"Arenas, Marcelo",2024,https://dblp.org/pid/76/6735,Y,2026-09-17,supported,290fcbffd833db6f945d6b43888647a7e58c8f240bf038ade0b0834aa740a11d,../bigcows-crawler/.cache/dblp-refresh-2026-09-17-132635/safari/captures/9cc3d180eaaa04d07b34dbf53519478e936304b1d5086eb8fc27bde481900dd7-1789668476894987000.html,None; read-only assessment
acm_fellows.csv,"Bailey, Michael",2024,https://dblp.org/pid/359/0958,Y,2026-09-17,supported,43df70678514edbc1b6d00e7a319eebb67eed124a10e821437fc747f469fc421,../bigcows-crawler/.cache/dblp-refresh-2026-09-17-132635/safari/captures/21c564cc101773e3e4870d80a0a4e9d365aa7431782a1d8b2c0288a6449cee55-1789668493216897000.html,None; read-only assessment
acm_fellows.csv,"Banerjee, Arindam",2024,https://dblp.org/pid/82/4807,Y,2026-09-17,supported,1e4d524039a85a3e20cbfc9d4a0018b106843c276cee9da55f020dee3d480519,../bigcows-crawler/.cache/dblp-refresh-2026-09-17-132635/safari/captures/b55259a049f90872ab8c5a955b0928c2031341b276ae625242a89e1712b2b899-1789668117994244000.html,None; read-only assessment
acm_fellows.csv,"Barrett, Clark",2024,https://dblp.org/pid/b/ClarkWBarrett,Y,2026-09-17,supported,92280f773d21f50f48fea6e6bddf7f5f7b613ad0e45a829f57b349caaaf59dd3,../bigcows-crawler/.cache/dblp-refresh-2026-09-17-132635/safari/captures/9a1b164cc63ca9a49034c1b9134c61a61a78cb6ad6f85b7bb410c9938617d684-1789668232655404000.html,None; read-only assessment
acm_fellows.csv,"Bodker, Susanne",2024,https://dblp.org/pid/20/1847,Y,2026-09-17,supported,14d3b465dff1563b2cc9c958deb8bf5c51298c9af7bb8958c5563f4fddafe05f,../bigcows-crawler/.cache/dblp-refresh-2026-09-17-132635/safari/captures/aba4e4e01a674a96816ce34af10b14904fb5c61280244b9998cc7dc9282d1800-1789668627796350000.html,None; read-only assessment
acm_fellows.csv,"Chandra, Satish",2024,https://dblp.org/pid/c/SatishChandra,Y,2026-09-17,supported,2a7e5065921b540de8896d23dd16dce047d18a46adedf5fbee625f9e3b3abfc1,../bigcows-crawler/.cache/dblp-refresh-2026-09-17-132635/safari/captures/b1690f4447b9537c9ff691bf5f26b6af11ca5da53f91e2e8cec376493b89b59a-1789668583132665000.html,None; read-only assessment
acm_fellows.csv,"Chechik, Marsha",2024,https://dblp.org/pid/c/MarshaChechik,Y,2026-09-17,supported,12dfd632926fc0d71437a723b84bbbe1213aa3b45aa62f2c98c912f77403133d,../bigcows-crawler/.cache/dblp-refresh-2026-09-17-132635/safari/captures/d8940aae598b6a538462fcc645f5f1dc0a55d65734f68c7af8b859e6812e9396-1789668485411671000.html,None; read-only assessment
acm_fellows.csv,"Chen, Lei",2024,https://dblp.org/pid/c/LeiChen0002,Y,2026-09-17,supported,420aa7881e2874084ef1a94e81656f772569be5887963b44ade2fb15c9c232c9,../bigcows-crawler/.cache/dblp-refresh-2026-09-17-132635/safari/captures/2ecec4beda24d1b68194e22accd26ed94b1d8a14e3087a1186e028b9dc315b15-1789668445012247000.html,None; read-only assessment
acm_fellows.csv,"Chen, Wei",2024,https://dblp.org/pid/c/WeiChen13,Y,2026-09-17,supported,827ff8fdabd494ae97ca343f6f8eb8e93bd0745430213553b90a744142fcbfd8,../bigcows-crawler/.cache/dblp-refresh-2026-09-17-132635/safari/captures/aadab1099c16b463a8b2f7f7dc058f5bfcd1d692ff903864ee5e238c44b2ac47-1789668726971582000.html,None; read-only assessment
acm_fellows.csv,"Chiasserini, Carla Fabiana",2024,https://dblp.org/pid/c/CFChiasserini,Y,2026-09-17,supported,810e110bb9d9aa3abdabd93fbeff3cd60fd4016e3fb4c820671574959745dad4,../bigcows-crawler/.cache/dblp-refresh-2026-09-17-132635/safari/captures/5e58ee079d3867ebf2168def715768e4bc7329544503e91a09e70d7a8d88ef0d-1789668224437522000.html,None; read-only assessment
acm_fellows.csv,"Chong, Fred",2024,https://dblp.org/pid/c/FTChong,Y,2026-09-17,supported,07512a0b9587d1447650a216e5963e136e93d33e68e26aef6a941adc26599da1,../bigcows-crawler/.cache/dblp-refresh-2026-09-17-132635/safari/captures/7933b81c871150451484748f8c975f4382a99ae07ec70260f2c843317360266e-1789668318060987000.html,None; read-only assessment
acm_fellows.csv,"Cook, Diane Joyce",2024,https://dblp.org/pid/c/DianeJCook,Y,2026-09-17,supported,76474ede6ad23aeda98775dccc3299f6d9535293f9583871b49018e5abddf89f,../bigcows-crawler/.cache/dblp-refresh-2026-09-17-132635/safari/captures/589d639c41ce3cc0ce700275cef6260c790156267be594470c88f9fe7d1ada20-1789668278541007000.html,None; read-only assessment
acm_fellows.csv,"Crocker, Stephen David",2024,https://dblp.org/pid/49/6744,Y,2026-09-17,supported,172df99b6e20201127d41f651c9d21082a2e80e36682a3b01d1b17301d999a41,../bigcows-crawler/.cache/dblp-refresh-2026-09-17-132635/safari/captures/088ecbba7fd466387fc8a0a7d7b46f99749d46f8a530436a148a56b905818305-1789668605433984000.html,None; read-only assessment
acm_fellows.csv,"Curless, Brian",2024,https://dblp.org/pid/c/BrianCurless,Y,2026-09-17,supported,fc95a93ad5de7d5a611a171d19a5dd45aed75604d19d8d4c8d80c9af09c611f8,../bigcows-crawler/.cache/dblp-refresh-2026-09-17-132635/safari/captures/5ea96857e9f20425523aef596398e8aefdfe1c3f01a7e38f2e53216ec1fcee64-1789668216312382000.html,None; read-only assessment
acm_fellows.csv,"de Alfaro, Luca",2024,https://dblp.org/pid/d/LucadeAlfaro,Y,2026-09-17,supported,89043297c0a0b9ef855ef6be2708fa3d589ad839bb4d441f3a1eb356c7410a88,../bigcows-crawler/.cache/dblp-refresh-2026-09-17-132635/safari/captures/fdd58860061bfb4016274d6a7dbed948e8f6473c53fe68898d1784cea578457c-1789668452083659000.html,None; read-only assessment
acm_fellows.csv,"de Rijke, Maarten",2024,https://dblp.org/pid/r/MdRijke,Y,2026-09-17,supported,228a9f991b993a28f4281b537a93d7499a8138fd7233d95b08ffa88e8e93262d,../bigcows-crawler/.cache/dblp-refresh-2026-09-17-132635/safari/captures/3db0742c256c6780e4640450d10bc3c748cbfadb2b0744b591c8032f5cb21c96-1789668460271007000.html,None; read-only assessment
acm_fellows.csv,"Delp, Edward J",2024,https://dblp.org/pid/d/EdwardJDelp,Y,2026-09-17,supported,70bef0282dd5867320e075e4ba4c4480ffa489bacacd6d23927a69a55dedebb9,../bigcows-crawler/.cache/dblp-refresh-2026-09-17-132635/safari/captures/ab968f6b08cf5d1fc9b4c8b51af5d183795d043e9e6bca32b590bee855157cee-1789668287166503000.html,None; read-only assessment
acm_fellows.csv,"Dressler, Falko",2024,https://dblp.org/pid/d/FalkoDressler,Y,2026-09-17,supported,eee26cf1d7f7d8d139c2b1e24710abaf29614824622380f353cecde569835485,../bigcows-crawler/.cache/dblp-refresh-2026-09-17-132635/safari/captures/2ccca4e2fa4622fa91f1ba084db11fd8ba4c4e0a13c97dd92e79ed065ed03e2b-1789668295579909000.html,None; read-only assessment
acm_fellows.csv,"Dreyer, Derek",2024,https://dblp.org/pid/d/DerekDreyer,Y,2026-09-17,supported,8f50fcdbe4e70e0d920b5708a9adf4729491b092d55a4bca2bd3f766680311bc,../bigcows-crawler/.cache/dblp-refresh-2026-09-17-132635/safari/captures/54537718a96671ee84fce85b6ac7b65cb875395367014cd4b2a6c1057aded328-1789668262059151000.html,None; read-only assessment
acm_fellows.csv,"Elmqvist, Niklas",2024,https://dblp.org/pid/e/NiklasElmqvist,Y,2026-09-17,supported,75c05721d99d45dcc4725005561fbcc73f0eabef77772a7e33abfe22f97f09ab,../bigcows-crawler/.cache/dblp-refresh-2026-09-17-132635/safari/captures/3251287f9d09e9d97d179122bec904c329fc7f99a56cc6712367f0ed109144ba-1789668542812343000.html,None; read-only assessment
acm_fellows.csv,"Feldman, Michal",2024,https://dblp.org/pid/43/1464,Y,2026-09-17,supported,4dcbca9dd00f6a548c442e9c47c6c1fb22e42f442158de7e0a24951c98faea41,../bigcows-crawler/.cache/dblp-refresh-2026-09-17-132635/safari/captures/7f179323cbbdb1ab3d47fa6c5e9d62457e538952cd9ea83e796d47b89c8caf16-1789668500819241000.html,None; read-only assessment
acm_fellows.csv,"Foster, Nate",2024,https://dblp.org/pid/15/3253,Y,2026-09-17,supported,095c40b6e6fe55b6ac89812ced33a14c9a344753c80ce9af750e603cc64155ad,../bigcows-crawler/.cache/dblp-refresh-2026-09-17-132635/safari/captures/42b171757752f18297d149e3b2ed85ee27d0c2a283d732eaadb149b2f92f4802-1789668534149872000.html,None; read-only assessment
acm_fellows.csv,"Goel, Ashish",2024,https://dblp.org/pid/g/AshishGoel,Y,2026-09-17,supported,d66d87e5df77189ce3b537fd96f321e2752e2a68b9f7d2c6853c415ac435a307,../bigcows-crawler/.cache/dblp-refresh-2026-09-17-132635/safari/captures/4805de167053135f3e4652bf22ab83daf70bee5e458be4ed3a8fd0da2f262750-1789668186657298000.html,None; read-only assessment
acm_fellows.csv,"Guha, Sudipto",2024,https://dblp.org/pid/g/SudiptoGuha,Y,2026-09-17,supported,055a9954c39a14f53a1c93b8c5c97e4efc888a1ba9facf5b1d89923b8bff7b62,../bigcows-crawler/.cache/dblp-refresh-2026-09-17-132635/safari/captures/d3be05d450c5c122cbf9c2d28012c90cfc53fd4f9fafd1cf0faca2d1c7ff6e47-1789668620803906000.html,None; read-only assessment
acm_fellows.csv,"Heer, Jeffrey Michael",2024,https://dblp.org/pid/27/4508,Y,2026-09-17,supported,4c8d0442dd1a6d9076411251c300e1e03bcb11846e39ceae6f7783f445e530ee,../bigcows-crawler/.cache/dblp-refresh-2026-09-17-132635/safari/captures/47c6b6a96ff1623f91f84e5ed0e1ce070a097fd2ee3a9eb02800b09bdaa536ac-1789668357217499000.html,None; read-only assessment
acm_fellows.csv,"Housley, Russell",2024,https://dblp.org/pid/69/1293,Y,2026-09-17,supported,d1e8657e52588c344cd14aeeccf7323f15e2f6cb15ab424c07fe547554df1d4f,../bigcows-crawler/.cache/dblp-refresh-2026-09-17-132635/safari/captures/63009af7dffae48846ace144108c3b4b9d8db3f0f6aeafa107873b4502c67c2d-1789668574806135000.html,None; read-only assessment
acm_fellows.csv,"Hudson, Scott",2024,https://dblp.org/pid/h/ScottEHudson,Y,2026-09-17,supported,d8b3626059a783973468822ad315ebcbcf6bd5946d3e1bf455f65040f3dbffcf,../bigcows-crawler/.cache/dblp-refresh-2026-09-17-132635/safari/captures/91d855db8add9967580f5d768eaaac549c651ed1224715adc1595ab4d28368de-1789668589923234000.html,None; read-only assessment
acm_fellows.csv,"Kankanhalli, Mohan",2024,https://dblp.org/pid/09/3613,Y,2026-09-17,supported,720a4d25b03ebf17b42dee8c651a5958dc3270317a79cb53c7a641bedf63aa5e,../bigcows-crawler/.cache/dblp-refresh-2026-09-17-132635/safari/captures/24e385282cb2c7b38afc1f46f925c6ce0a7cd69735b017257eb3cf4b22909b39-1789668518071359000.html,None; read-only assessment
acm_fellows.csv,"King, Irwin",2024,https://dblp.org/pid/k/IrwinKing,Y,2026-09-17,supported,d53ab9175b55cbc0a6fac2d4246fb3caccd3f48d4688128d14e29bc42b3b5962,../bigcows-crawler/.cache/dblp-refresh-2026-09-17-132635/safari/captures/596a1df5f4e2dde5e4cdeb034383a2d171dff9fa3904138f9861c4ce5dbb600e-1789668348626633000.html,None; read-only assessment
acm_fellows.csv,"Lampe, Cliff",2024,https://dblp.org/pid/81/2409,Y,2026-09-17,supported,e73d94c8cd9fbf21098aee57b6337e0954c065b86f5632afe5b1a876c3196a09,../bigcows-crawler/.cache/dblp-refresh-2026-09-17-132635/safari/captures/9bdb644a4c8f9f05e00d5f65e36fe9df8d165b08b0ba3d799693daec9949248b-1789668248308209000.html,None; read-only assessment
acm_fellows.csv,"Leonardi, Stefano",2024,https://dblp.org/pid/l/StefanoLeonardi,Y,2026-09-17,supported,e187b9d70eb28847cf8e6d29ee874ceba12723543d4dda0bf4ec8a7980dc018b,../bigcows-crawler/.cache/dblp-refresh-2026-09-17-132635/safari/captures/dc69f8d068f6016a683fffcce7d01442f7de376105da54a8d437d98c84aa4dcb-1789668597460495000.html,None; read-only assessment
acm_fellows.csv,"li, guoliang",2024,https://dblp.org/pid/l/GuoliangLi,Y,2026-09-19,supported,ce79382a28f545305658cac321e68f20297043c20937e75dc8fe8eab87af9f5a,../bigcows-crawler/.cache/dblp-gap-fill-2026-09-19-145403/safari/captures/ea042045976a3739e1590f29072cc3b8a13e7490941d1f96d3fe3bb82410375a-1789844693625801000.html,None; read-only assessment
acm_fellows.csv,"Madni, Azad M",2024,https://dblp.org/pid/07/10936,Y,2026-09-17,supported,b5592adb66bf94839d2652885a04e6614bcabf11c184bc9942ec1c292cf0e063,../bigcows-crawler/.cache/dblp-refresh-2026-09-17-132635/safari/captures/19afe31294d6960d5a3ab2b3a092f2d101591430930c267d92613f18c79acda4-1789668193785593000.html,None; read-only assessment
acm_fellows.csv,"Menzies, Tim J.",2024,https://dblp.org/pid/m/TimMenzies,Y,2026-09-17,supported,3e7a2d3bef067141948e52e24dc69bc78cd70372a2f8151e249b1624c1cdcb51,../bigcows-crawler/.cache/dblp-refresh-2026-09-17-132635/safari/captures/1a22f91e44cd613d626516571c0db6bebd8778953e2ea72efffc9e897a424988-1789668718401960000.html,None; read-only assessment
acm_fellows.csv,"Mezini, Mira",2024,https://dblp.org/pid/m/MiraMezini,Y,2026-09-17,supported,81fde4710f052089a98fd0ce9f84372828c15665d2c4796048f6737f0231276f,../bigcows-crawler/.cache/dblp-refresh-2026-09-17-132635/safari/captures/bc83a0c3d22354092ffdddeff5f9b94da612252e599cb84be7942109c240580d-1789668509547343000.html,None; read-only assessment
acm_fellows.csv,"Misra, Sudip",2024,https://dblp.org/pid/36/1023,Y,2026-09-17,supported,2060b8c327cbe49025cb26c071f3acd862a501325a396a34510b4c042a1dec70,../bigcows-crawler/.cache/dblp-refresh-2026-09-17-132635/safari/captures/0a3b8cd7d677863ab152677f495d66937481b4b3abdc2088f57fc6813a99d002-1789668613051543000.html,None; read-only assessment
acm_fellows.csv,"Nuseibeh, Bashar A",2024,https://dblp.org/pid/26/1319,Y,2026-09-17,supported,6d48cb0d521216d70b5680fd30262b82dc57d399fc0bbb90a36cc36764cb0178,../bigcows-crawler/.cache/dblp-refresh-2026-09-17-132635/safari/captures/57871d2907ef65bf322f9734f464e9b0c8d9b9e914b54e0d32149d252b5fa5c0-1789668200675469000.html,None; read-only assessment
acm_fellows.csv,"O'Hearn, Peter W",2024,https://dblp.org/pid/o/PeterWOHearn,Y,2026-09-17,supported,7651178b6af36fd1383a6f7dd4e75f873b362ea3fa33eedbfa2f5fbbee39cd41,../bigcows-crawler/.cache/dblp-refresh-2026-09-17-132635/safari/captures/3bbb042042a2089857b8366df6ed48ace8809a73a2eb3a9f5a4b2919b4490fe2-1789668550517067000.html,None; read-only assessment
acm_fellows.csv,"Ozcan, Fatma",2024,https://dblp.org/pid/o/FatmaOzcan,Y,2026-09-17,supported,d7cf52357d3402df59d5a13f2c29dfa5384893a15c1fb084b212178c105169aa,../bigcows-crawler/.cache/dblp-refresh-2026-09-17-132635/safari/captures/c12f0b9737c960ba74cea903d21a16d2dc749f63e951914ed84a8daabc196ebc-1789668302915431000.html,None; read-only assessment
acm_fellows.csv,"Pagh, Rasmus",2024,https://dblp.org/pid/p/RasmusPagh,Y,2026-09-17,supported,bbd6758345197a796aee4330c92807a24c437e4492ff5e514ac7502079cafac9,../bigcows-crawler/.cache/dblp-refresh-2026-09-17-132635/safari/captures/8fb05b244fdc8b7c4d55e2e78e5951b233a06011a3b1c5099dfa1ed5a423dcb5-1789668566540195000.html,None; read-only assessment
acm_fellows.csv,"Panda, Dhabaleswar K",2024,https://dblp.org/pid/p/DhabaleswarKPanda,Y,2026-09-17,supported,65905131793e3adad1a5b0a036e42638f6231590bc925e1cfb5862af049a0158,../bigcows-crawler/.cache/dblp-refresh-2026-09-17-132635/safari/captures/8534c119722ffadb37bc927ac6c6d3825f278aab0bf2686ba0965fbd1b8d87fb-1789668270131483000.html,None; read-only assessment
acm_fellows.csv,"Ramakrishnan, Naren",2024,https://dblp.org/pid/r/NarenRamakrishnan,Y,2026-09-17,supported,b8286aa8bce06f0c67ad748c18477a829464d7ed5a8cb4e87271bcfbda449525,../bigcows-crawler/.cache/dblp-refresh-2026-09-17-132635/safari/captures/c254a84b2f60987042e8e0bfc30e16796bbc3d0d40ea15ee87b0591ae1182b64-1789668526773394000.html,None; read-only assessment
acm_fellows.csv,"Randall, Dana",2024,https://dblp.org/pid/62/3610,Y,2026-09-17,supported,0fdef099f5d20fa481798373beb1145ba90b894a13f566620a92d487e12b24f2,../bigcows-crawler/.cache/dblp-refresh-2026-09-17-132635/safari/captures/1249759ff7869662de47e8ab1b5762c0b06449088661f0d86b37f9f618188dea-1789668255004089000.html,None; read-only assessment
acm_fellows.csv,"Roychoudhury, Abhik",2024,https://dblp.org/pid/04/5884,Y,2026-09-17,supported,6735bdef2f6c0d40117909e49e7a9f4105b7b04b6e8ffc7f714072abc1d97e61,../bigcows-crawler/.cache/dblp-refresh-2026-09-17-132635/safari/captures/8fdc637d31e4c0224df61531c3a4ee8834ca30193493ef8b9e8fb99163bcb38b-1789668102643125000.html,None; read-only assessment
acm_fellows.csv,"Silva, Claudio T.",2024,https://dblp.org/pid/s/ClaudioTSilva,Y,2026-09-17,supported,7224dd46b5c4cf8cb72e9b6c5bc066092b12557ddb26d1b60e8d2d3cc9809fdc,../bigcows-crawler/.cache/dblp-refresh-2026-09-17-132635/safari/captures/b4240864974c3c0b6873e2a7590a4b45a4278229a9f7270caab56562e906f510-1789668240547548000.html,None; read-only assessment
acm_fellows.csv,"Starner, Thad",2024,https://dblp.org/pid/s/ThadStarner,Y,2026-09-17,supported,fe284f67a9d9c070f794309c3a67a5ab46cf46ef1cda118edfa324dda846b323,../bigcows-crawler/.cache/dblp-refresh-2026-09-17-132635/safari/captures/cd47ec11cbcc38c359677f5c76beed4743565fa91ba6d2d8a68d752c3c6f1fcc-1789668636211680000.html,None; read-only assessment
acm_fellows.csv,"Tian, Qi",2024,https://dblp.org/pid/78/1467-1,Y,2026-09-17,supported,ba7182f03b5d1ff3c452ce06f2bbae6af8c526bc33a94d4857f70518859696b8,../bigcows-crawler/.cache/dblp-refresh-2026-09-17-132635/safari/captures/9b1a34b0e5ec8140359efe97e51c8ba3b086311c9a039ad846009491d29e67fa-1789668559469061000.html,None; read-only assessment
acm_fellows.csv,"Walid, Anwar",2024,https://dblp.org/pid/75/6446,Y,2026-09-17,supported,6adf7c91906ffa4511111526c1edc2a8f30452ea6261fbdacbcef97da3cf4eb5,../bigcows-crawler/.cache/dblp-refresh-2026-09-17-132635/safari/captures/6ea445825d18e669c3ca79381f95b863bf2b07f6cccd3375203376a2534916ff-1789668109751995000.html,None; read-only assessment
acm_fellows.csv,"Wang, Haixun",2024,https://dblp.org/pid/w/HaixunWang,Y,2026-09-17,supported,0a499c34a5c4f4d11cacc3160e1849bd85645a4c0366a1cdd1ee06b228251402,../bigcows-crawler/.cache/dblp-refresh-2026-09-17-132635/safari/captures/1f678c29ce6ce5c56d555dd361b676d5a5e07f237b45d3708af5645598f2e518-1789668341094679000.html,None; read-only assessment
acm_fellows.csv,"Xing, Guoliang",2024,https://dblp.org/pid/63/4542,Y,2026-09-17,supported,d2c7b309722497df3459871b35ac63802318eaaf6fb62871570fc77c74ef79c7,../bigcows-crawler/.cache/dblp-refresh-2026-09-17-132635/safari/captures/306b147339ae502065aa0fdccf4a8b2dfe09e0624475179f74fe18d525122b15-1789668333724336000.html,None; read-only assessment
acm_fellows.csv,"Zhao, Feng",2024,https://dblp.org/pid/z/FengZhao,Y,2026-09-19,supported,aa70226eeedf67f6228acc7ac025e83cfad976aca8bcc05ebfe1391541c12dbb,../bigcows-crawler/.cache/dblp-gap-fill-2026-09-19-145403/safari/captures/5343b1bba9cb86af9826beb9db470cc136829f7cf751bfde7e817167e12dd5c7-1789844985523846000.html,None; read-only assessment
acm_fellows.csv,"Zhou, Jingren",2024,https://dblp.org/pid/84/2644-1,Y,2026-09-17,supported,1f095888d9186c4826c3befe82d870572ae5867d28c0fca5c670bedd67ff60a3,../bigcows-crawler/.cache/dblp-refresh-2026-09-17-132635/safari/captures/c0bf4f10ab80eda8bb9975e1fcc03b07136608fc5c449cfeb5e6420fa0fa4553-1789668365163556000.html,None; read-only assessment
acm_fellows.csv,"Zobel, Justin",2024,https://dblp.org/pid/z/JZobel,Y,2026-09-17,supported,ea66c86af7f7cf0d1c370cc9ed1e5c2ad41b89a721feb4141813456d44c57d46,../bigcows-crawler/.cache/dblp-refresh-2026-09-17-132635/safari/captures/18c517c6c69a06d59a17a531800b72ad2471e096c6d76e4b6bb43425d829b34e-1789668372742700000.html,None; read-only assessment
acm_fellows.csv,"Zorn, Benjamin G",2024,https://dblp.org/pid/z/BGZorn,Y,2026-09-17,supported,477957d6edc27f82e7836a1d6ac793cb9950b554758692b9f76b8a1f6a3791c4,../bigcows-crawler/.cache/dblp-refresh-2026-09-17-132635/safari/captures/23946bc31605bfa3d8b92942e46ea49d7a2eb9940d7fd7ffac2c00ad84636fe3-1789668208080086000.html,None; read-only assessment
acm_fellows.csv,"Akella, Aditya",2023,https://dblp.org/pid/a/AdityaAkella,Y,2026-09-17,supported,5c88cfd4d31e1c7d645fb08894f42561d40ac9e65ec362e4e6e0d0a6017f5afe,../bigcows-crawler/.cache/dblp-refresh-2026-09-17-132635/safari/captures/c1116924daf2237a12dcba505e31f0bcb3fdc9612c550117563f14bba5a08c03-1789668735353305000.html,None; read-only assessment
acm_fellows.csv,"Backes, Michael",2023,https://dblp.org/pid/b/MichaelBackes1,Y,2026-09-17,supported,15973cf511838202ed733ea7ebce422ede80514d3328007dfb617d8d219f39c1,../bigcows-crawler/.cache/dblp-refresh-2026-09-17-132635/safari/captures/6736cfc0523384a7667d68b651b7b2b952cf6a5a5b5bf49f28089817cbfd4fb1-1789669077495506000.html,None; read-only assessment
acm_fellows.csv,"Bafna, Vineet",2023,https://dblp.org/pid/b/VineetBafna,Y,2026-09-17,supported,4a2cd5b6f71138ccf41c6e114255280f2629106f7ba8eb3533cfe36a35c01044,../bigcows-crawler/.cache/dblp-refresh-2026-09-17-132635/safari/captures/42a9b5b3388932e5103a7322cf34323a8bf800cf035bcb3c5df545744f115f9e-1789669326327840000.html,None; read-only assessment
acm_fellows.csv,"Balcan, Maria-Florina",2023,https://dblp.org/pid/b/MariaFlorinaBalcan,Y,2026-09-17,supported,7b1c7441bb8879131d7f39717c8827812296952c5b34d2caee348e0e839c99bc,../bigcows-crawler/.cache/dblp-refresh-2026-09-17-132635/safari/captures/e65a62aeb50b7b81b9eaac3a4179a0785c279bdf6f5f78fa043d051dd2cf20f7-1789669059718696000.html,None; read-only assessment
acm_fellows.csv,"Bansal, Nikhil",2023,https://dblp.org/pid/69/5601,Y,2026-09-17,supported,af2b4dad64025e03d4061d3ac9d2c28431e5b8dc22117bdc350919025ddc4531,../bigcows-crawler/.cache/dblp-refresh-2026-09-17-132635/safari/captures/b274b558f464fed9bf55a0bd74544131c64a9c48a22fdd2362a97d1200e7e6ca-1789669114131030000.html,None; read-only assessment
acm_fellows.csv,"Belkin, Mikhail",2023,https://dblp.org/pid/41/2337,Y,2026-09-17,supported,76c58fe8e4de36e38effe35cd71060837847ff26afa0bb73749100561ae82c37,../bigcows-crawler/.cache/dblp-refresh-2026-09-17-132635/safari/captures/831e3ac01deb0e5062a3dc950f74c0c77cdd820dcbd2f0401314dd7ae1bf3532-1789669084226420000.html,None; read-only assessment
acm_fellows.csv,"Ben-David, Shai",2023,https://dblp.org/pid/15/6319,Y,2026-09-17,supported,2ed9e665a4ba08b83aa9672ccebbef591c753f6f9c7d863493751fac6aad48de,../bigcows-crawler/.cache/dblp-refresh-2026-09-17-132635/safari/captures/e2a8b6f66a630a06ce67cb1550b4fda2bfcf29598d2014e7df7a54549d2efb07-1789669174475217000.html,None; read-only assessment
acm_fellows.csv,"Bengio, Yoshua",2023,https://dblp.org/pid/56/953,Y,2026-09-17,supported,e49ddecf095e43d89b532b36b5eca3e58d05c6052f6a4025cf72d1668dca59cc,../bigcows-crawler/.cache/dblp-refresh-2026-09-17-132635/safari/captures/1ae65041370c0cd70b31441e75fba12a80639efbefea55c8ccdc8e37d706af5f-1789669399278493000.html,None; read-only assessment
acm_fellows.csv,"Berners-Lee, Tim",2023,https://dblp.org/pid/b/TimBernersLee,Y,2026-09-17,supported,6b26af0a66cf0319b21f9151bdd095e666611f23adc66036ef16fbd6ee48d9ef,../bigcows-crawler/.cache/dblp-refresh-2026-09-17-132635/safari/captures/c08f78f91f4c2a622cd652e041f4a807ceb46561ebabcd75a0b799689d364252-1789669297689432000.html,None; read-only assessment
acm_fellows.csv,"Betz, Vaughn Timothy",2023,https://dblp.org/pid/76/1530,Y,2026-09-17,supported,010a2fd71f0642c95b96fd52c4d7315cd2ef69443783f83feb803d67b8636c2f,../bigcows-crawler/.cache/dblp-refresh-2026-09-17-132635/safari/captures/dde2473ddb2a7e88fc67159e16749feb52a49434ca0af0506493ea50fc24de68-1789669319487508000.html,None; read-only assessment
acm_fellows.csv,"Caceres, Ramon",2023,https://dblp.org/pid/69/1714,Y,2026-09-17,supported,4e43dff08e8ee71070d1d8519bc96d7bd23fbf509e7117432da572e413d1f9bc,../bigcows-crawler/.cache/dblp-refresh-2026-09-17-132635/safari/captures/fdf00dd3009d0737ea51838c55ccb8607b11ed5c847eba784ca12b3429c002b7-1789669143593819000.html,None; read-only assessment
acm_fellows.csv,"Chekuri, Chandra",2023,https://dblp.org/pid/82/3212,Y,2026-09-17,supported,aabe3442d281bd80f168af6e21e4a32169ec2dd3e64a9725a201c9cc03d5fe22,../bigcows-crawler/.cache/dblp-refresh-2026-09-17-132635/safari/captures/8362a926dbc4970afa40cff4e23036748173d1f9db254d2713eb147e7754c036-1789668800018255000.html,None; read-only assessment
acm_fellows.csv,"Chen, Haibo",2023,https://dblp.org/pid/31/6601-1,Y,2026-09-17,supported,d4478325911908e6ee6ac1805d99aaddcafd71ff6888267b3738418eeac1e691,../bigcows-crawler/.cache/dblp-refresh-2026-09-17-132635/safari/captures/41819659e22b929e25ce8549fdf7b627d8b1e27e7e564b1000b6bd2894b56eef-1789668913607971000.html,None; read-only assessment
acm_fellows.csv,"Chen, Yingying",2023,https://dblp.org/pid/18/2343-1,Y,2026-09-17,supported,9e6bdcbfdaa828a336cb5e3931c05d149ea38833451be6c04408e260f71f9f5a,../bigcows-crawler/.cache/dblp-refresh-2026-09-17-132635/safari/captures/0c96e203d817c2edf5834a31645ae153aacad2c710e214420a3b04f78a781cc6-1789669389431892000.html,None; read-only assessment
acm_fellows.csv,"Church, Kenneth Ward",2023,https://dblp.org/pid/c/KennethWardChurch,Y,2026-09-17,supported,d6a94cb685e40ee618bf42538c317f9eab772ae78a48f6d584ad31ce10594d11,../bigcows-crawler/.cache/dblp-refresh-2026-09-17-132635/safari/captures/06289a8aa947ba00aae8dada66fe7172585fadd94a987f2257ac6c93079f5d9b-1789669026789432000.html,None; read-only assessment
acm_fellows.csv,"Dannenberg, Roger B.",2023,https://dblp.org/pid/59/6414,Y,2026-09-17,supported,82401c3d95284428d17f1bc7db00b49047943bb4a7295d6ea2ea91e8837fef6a,../bigcows-crawler/.cache/dblp-refresh-2026-09-17-132635/safari/captures/8ac6e1fc2b10207f925ebc1aa23a6f08ed5ee885a7e02217f20ca701575409a1-1789669151733125000.html,None; read-only assessment
acm_fellows.csv,"Dong, Xin Luna",2023,https://dblp.org/pid/d/XinLunaDong,Y,2026-09-17,supported,748d039164b5317e5a6586d4ffd439ebb8f7380490dfde514af392512a9ffb6f,../bigcows-crawler/.cache/dblp-refresh-2026-09-17-132635/safari/captures/1ee7583f9856a029a157f033231f771cbe45dd270f585cd9c4f63d9854f82be4-1789669363778352000.html,None; read-only assessment
acm_fellows.csv,"Drechsler, Rolf",2023,https://dblp.org/pid/d/RolfDrechsler,Y,2026-09-17,supported,9c55050d383b7bc00cbf9f5571598f1025499dab9f80bd1bb1cae199673cd7fb,../bigcows-crawler/.cache/dblp-refresh-2026-09-17-132635/safari/captures/d8bed3e515c655f102dc51a93ce5d7b73a68b5285e6eb05ec3d078fc21265fcb-1789669159876678000.html,None; read-only assessment
acm_fellows.csv,"Du, Wenliang",2023,https://dblp.org/pid/d/WenliangDu,Y,2026-09-17,supported,f5c041bbe92e489af07ecaed0a6f14c4fd240ff68b8458175d6bde0820ff6158,../bigcows-crawler/.cache/dblp-refresh-2026-09-17-132635/safari/captures/d9781436a9e9c7e348ea6f679fe457371aeb8abd228f55dc17c7a2b9c5b8ffbb-1789669348733714000.html,None; read-only assessment
acm_fellows.csv,"Dubey, Pradeep",2023,https://dblp.org/pid/47/4438,N,2026-09-17,existing_N,6115ee387c5e97cbb8cc783f25467864003b368b432169a1aba7b6a7b87fad20,../bigcows-crawler/.cache/dblp-refresh-2026-09-17-132635/safari/captures/0ecfe6c736877977a9b92310df1e61e710c7bd70d95eeee3338e8331d62957cc-1789669128823170000.html,None; read-only assessment
acm_fellows.csv,"Feldmann, Anja",2023,https://dblp.org/pid/f/AnjaFeldmann,Y,2026-09-17,supported,efc53e15b6e45f6da2a98999e8560bcd5c6230132bbf37ff96de302a7ec2e55a,../bigcows-crawler/.cache/dblp-refresh-2026-09-17-132635/safari/captures/428ef12f929fff53f6449ac0e662c3ab4aad44de912e2c2fc09da513000b73cc-1789668775124739000.html,None; read-only assessment
acm_fellows.csv,"Fitzmaurice, George",2023,https://dblp.org/pid/01/5804,Y,2026-09-17,supported,8531b1e3299b952e359f070c9dfad44a20fc6711ec5d5029dbe17fdfff44818d,../bigcows-crawler/.cache/dblp-refresh-2026-09-17-132635/safari/captures/facc8e5de15be1b991aad9f592285f39a95cbfbfd604f239afbef96b8bfbb874-1789668887643888000.html,None; read-only assessment
acm_fellows.csv,"Fomin, Fedor",2023,https://dblp.org/pid/f/FedorVFomin,Y,2026-09-17,supported,5bf38ef09f65fca490eedce74f9a2276b19019184a12cb625bd4afd7143dd66f,../bigcows-crawler/.cache/dblp-refresh-2026-09-17-132635/safari/captures/5d8716441d9298c8b10f58b98be65cacc70292c8cc287001bb9d73731464574b-1789668872169876000.html,None; read-only assessment
acm_fellows.csv,"Foster, Jeffrey S",2023,https://dblp.org/pid/18/2050,Y,2026-09-17,supported,817df37e19173d4d12c9b368e206eeda4261cf0d4e24c9c210c9e85dde4bc743,../bigcows-crawler/.cache/dblp-refresh-2026-09-17-132635/safari/captures/e7f0dddd196bba157f42ac179d71f50e255b56ba9f64342160991401779c4fa8-1789668994487937000.html,None; read-only assessment
acm_fellows.csv,"Gao, Jianfeng",2023,https://dblp.org/pid/92/5339,Y,2026-09-17,supported,999d77639ade0f27b16b00fcea967d46d26cc0c4e6657f0f9d3f6181e8173f9c,../bigcows-crawler/.cache/dblp-refresh-2026-09-17-132635/safari/captures/3967d69664f9a644be2afdd2946b8f36d4564b57f47e03d2edd0486c9898987d-1789669003230846000.html,None; read-only assessment
acm_fellows.csv,"Goldberg, Ian",2023,https://dblp.org/pid/04/6434,Y,2026-09-17,supported,3249618f548213f24342bda6144c65dd9a99f0dd6177186c21c81299f8335dab,../bigcows-crawler/.cache/dblp-refresh-2026-09-17-132635/safari/captures/a219eb5df060fbc361cf1f5bed50667367bb50f0b19a97f008bb76c3f42aa88c-1789668987796060000.html,None; read-only assessment
acm_fellows.csv,"Gulwani, Sumit",2023,https://dblp.org/pid/g/SumitGulwani,Y,2026-09-17,supported,4d994cf3e15a27c639b0075d7a628834e638cdbe2c3667fecb8334ec4eb803be,../bigcows-crawler/.cache/dblp-refresh-2026-09-17-132635/safari/captures/a3badd35f4461ee948ba772a700f23fc366c01292707ffdf904b7a98916da972-1789669290812874000.html,None; read-only assessment
acm_fellows.csv,"Han, Zhu",2023,https://dblp.org/pid/83/514,Y,2026-09-17,supported,071603cc03ae94a8a49a6e3dfd6c91d6df34198bb70c5f79b77e0a91f9c44115,../bigcows-crawler/.cache/dblp-refresh-2026-09-17-132635/safari/captures/258344f4d61185b38c3df1343ec89786f2e5dffb6099f13585c06a2e5349ed45-1789669410134974000.html,None; read-only assessment
acm_fellows.csv,"Hinton, Geoffrey E",2023,https://dblp.org/pid/10/3248,Y,2026-09-17,supported,9d21a066408446127de5a0b8fffa88aafcef1b430ba50c26e99928be2a28d6d9,../bigcows-crawler/.cache/dblp-refresh-2026-09-17-132635/safari/captures/f0e26e35c18decbb9d83cb151c6af57c24ce023440de913c6859be62ffc910bd-1789668880410641000.html,None; read-only assessment
acm_fellows.csv,"Immorlica, Nicole",2023,https://dblp.org/pid/43/3631,Y,2026-09-17,supported,be09ed0e31c5c0b2d0c12dc550c2ca6007342cb94d7b5bc71182fb2595a3b22b,../bigcows-crawler/.cache/dblp-refresh-2026-09-17-132635/safari/captures/ac08ce231246301c1b98751ce738f81aca94c5525b0b11c258c02291beced348-1789669106531284000.html,None; read-only assessment
acm_fellows.csv,"Jaeger, Trent",2023,https://dblp.org/pid/45/576,Y,2026-09-17,supported,cfb2b50c74c9d04306d2de0266813980815919e0059cfb4f2d44e9a50849ad28,../bigcows-crawler/.cache/dblp-refresh-2026-09-17-132635/safari/captures/cc012e1de86a21de125cced23514dfe8ecbde55a54307e9c1671b94f9fc4f9b0-1789669312260601000.html,None; read-only assessment
acm_fellows.csv,"Koedinger, Kenneth Richard",2023,https://dblp.org/pid/93/3741,Y,2026-09-17,supported,6975299775564f79260082c0d3c62ce4d9910e6efd395bcb11f16184c0105627,../bigcows-crawler/.cache/dblp-refresh-2026-09-17-132635/safari/captures/52fc1b7653c45abc05e83489167a95138afabdc1647c359385920af9216723fd-1789669019272560000.html,None; read-only assessment
acm_fellows.csv,"Krause, Andreas",2023,https://dblp.org/pid/87/1831-1,Y,2026-09-17,supported,333becaa9dffc8caab815b6a1f088d30995fcdfff1e3c997749406b87ace722e,../bigcows-crawler/.cache/dblp-refresh-2026-09-17-132635/safari/captures/5bb5d08fff0b06075ff6ea6afec421343dc952ef82c3bcce4af96dad147f5592-1789668767741444000.html,None; read-only assessment
acm_fellows.csv,"Kruegel, Christopher Ian",2023,https://dblp.org/pid/k/ChristopherKruegel,Y,2026-09-17,supported,dc26835f3b996f80a566fca321c206b96da3b34a5f19cf435119ffb474a8d479,../bigcows-crawler/.cache/dblp-refresh-2026-09-17-132635/safari/captures/63554e9b3fce1ee92d8f5e55429eee07373aab54ca486cfc3a5b23b9ac1ca962-1789668807680779000.html,None; read-only assessment
acm_fellows.csv,"Kung, Ht",2023,https://dblp.org/pid/k/HTKung,Y,2026-09-17,supported,3dc40f82bdd9f30d8fde9f32b2f8e251d7f3d2390a05ba96e10fc23b9675f763,../bigcows-crawler/.cache/dblp-refresh-2026-09-17-132635/safari/captures/a948f10c0916e6b34ce3892b864735c19d87e49fb4ccb4da34ac03764fdca559-1789668905364016000.html,None; read-only assessment
acm_fellows.csv,"LeCun, Yann",2023,https://dblp.org/pid/l/YannLeCun,Y,2026-09-17,supported,efc664e2343e16af2249236f40a33ea68445d1bb40df6e21aac3f43ea456ff46,../bigcows-crawler/.cache/dblp-refresh-2026-09-17-132635/safari/captures/bd2fe565a831023c932adfb5b66b628b84b164b1c88c8ebddcaccf15d26b9066-1789669381564126000.html,None; read-only assessment
acm_fellows.csv,"Lo, David",2023,https://dblp.org/pid/89/6793-1,Y,2026-09-17,supported,669c01624216109a49c7b253a71a04cd2f6f1e5671a669596c76ddb47333741c,../bigcows-crawler/.cache/dblp-refresh-2026-09-17-132635/safari/captures/c1e03c04cd77903aef627ee6b61b6b539127bd7405b694f5c182d6e512ae83a3-1789668832265115000.html,None; read-only assessment
acm_fellows.csv,"Lou, Wenjing",2023,https://dblp.org/pid/73/3673,Y,2026-09-17,supported,5f591f84b37583c22b449a990dc13e3967221e9b68c8b55777384f7ac331bfe3,../bigcows-crawler/.cache/dblp-refresh-2026-09-17-132635/safari/captures/9992011166ae7eb762e72afdf4eda8a0bf56cc6cbe27c51fd4fcfdc5a976f25f-1789669340692381000.html,None; read-only assessment
acm_fellows.csv,"Ma, Kwan-Liu",2023,https://dblp.org/pid/93/5838,Y,2026-09-17,supported,246aba251e99bd3e4cf4b67830130d66baa7a98b9ffb153ae1c3c1e212998644,../bigcows-crawler/.cache/dblp-refresh-2026-09-17-132635/safari/captures/df845560a632473d2b0d1b7851a9f7d6970b5a4a5584f4d1eb67cda5273f122a-1789669043606233000.html,None; read-only assessment
acm_fellows.csv,"Ma, Wei-Ying",2023,https://dblp.org/pid/m/WYMa,Y,2026-09-17,supported,5dc3735b67f39a41979b550b48712138a8b46639b09e9ec9f337bddaff2f2f31,../bigcows-crawler/.cache/dblp-refresh-2026-09-17-132635/safari/captures/3400337d50b6adbfc51d37e5bc75ad60c1029c387b13064f1f2313255be41e3d-1789669333745740000.html,None; read-only assessment
acm_fellows.csv,"Mao, Morley",2023,https://dblp.org/pid/91/584,Y,2026-09-18,supported,7c43d687c4105b98f032c87303fb30a4d71b4599f6436d52e6eb3bf66a51c65d,../bigcows-crawler/.cache/dblp-missing-web-2026-09-17-203211/safari/captures/7ac8474bf7148ac892712d269274a7815455a7eb2006839d125ad4ca49da2005-1789691854918583000.html,None; read-only assessment
acm_fellows.csv,"McGuinness, Deborah",2023,https://dblp.org/pid/m/DLMcGuinness,Y,2026-09-17,supported,ef07343f71f531a3586dfb66e6d28c054cecc8efbbdf415405feb4f9ac6063cf,../bigcows-crawler/.cache/dblp-refresh-2026-09-17-132635/safari/captures/3ba8b2b1b179e0e8103a16faa67581b71deac101238dccc40aa563feb1659c9a-1789668848964712000.html,None; read-only assessment
acm_fellows.csv,"Medioni, Gerard",2023,https://dblp.org/pid/02/3016,Y,2026-09-17,supported,03101a16b1ae3ed099e3ec4d5cb8183db3be052f8367f77ef3cbc61e98ddc1ad,../bigcows-crawler/.cache/dblp-refresh-2026-09-17-132635/safari/captures/9dec364058ec893028ed039b43bc567a2f751665f6745d92484a66b6c3b3f724-1789668896871613000.html,None; read-only assessment
acm_fellows.csv,"Mehrotra, Sharad",2023,https://dblp.org/pid/m/SharadMehrotra,Y,2026-09-17,supported,7dc8bfee85a5768041b358fa5addbf8b228de7eec4c23cf5dd39c9a3b81ee345,../bigcows-crawler/.cache/dblp-refresh-2026-09-17-132635/safari/captures/4845ec73891d30c07127e542afe62743c049bce3e4d6bbec6f7c9ecb7cfbb40e-1789669257311852000.html,None; read-only assessment
acm_fellows.csv,"Naor, Seffi",2023,https://dblp.org/pid/n/JosephNaor,Y,2026-09-17,supported,87c10c2aa8c0b0d6d77141453f6227d1497b26d0ab9c13f793479f7b71cd9c14,../bigcows-crawler/.cache/dblp-refresh-2026-09-17-132635/safari/captures/f3fe3e5e8ff39abb13fdf3771b107684a0ca54f250e793fa605098067c049ae5-1789669166834414000.html,None; read-only assessment
acm_fellows.csv,"Narayanan, Shrikanth",2023,https://dblp.org/pid/19/3899,Y,2026-09-17,supported,36d141df7a65b608ac4e433a135d371773df848a13e6c7ff516ceee8036233fe,../bigcows-crawler/.cache/dblp-refresh-2026-09-17-132635/safari/captures/d919c555f7dad82dc00c06dc89ee625d323fa8f41eb74b1a95206e679124715a-1789669265950313000.html,None; read-only assessment
acm_fellows.csv,"Noy, Natasha",2023,https://dblp.org/pid/n/NatalyaFridmanNoy,Y,2026-09-17,supported,3461c1adc6350b38bc47289486fb36913cef7f11cabdf910461c19bb144c4c20,../bigcows-crawler/.cache/dblp-refresh-2026-09-17-132635/safari/captures/41f691e41f9f97d0e1ad4b3b4c106ab6be51ebf76c7ff1ad410e8ec2911e083e-1789669099137254000.html,None; read-only assessment
acm_fellows.csv,"Pasareanu, Corina S",2023,https://dblp.org/pid/03/4368,Y,2026-09-17,supported,50cb278cc74a08dcf242f4cb1398a386bf588648105081216d5de4353da483d4,../bigcows-crawler/.cache/dblp-refresh-2026-09-17-132635/safari/captures/7201a1663a755275e96b0fbcb03613e889ec0e608a8b65af77f4e31321e2a4a9-1789668816486962000.html,None; read-only assessment
acm_fellows.csv,"Pedram, Massoud",2023,https://dblp.org/pid/p/MassoudPedram,Y,2026-09-17,supported,cc60ac4e79f47dfbee2de2894e4a7b57a689035dde0372419b16ca38e3b77936,../bigcows-crawler/.cache/dblp-refresh-2026-09-17-132635/safari/captures/d71c273e1b0b251a0161084cc40f223452c017ad4574efd7f20a61f948d70889-1789669068357719000.html,None; read-only assessment
acm_fellows.csv,"Raghunathan, Anand",2023,https://dblp.org/pid/74/3747,Y,2026-09-17,supported,3f78c864aa7fa1fbb96ae0e3590af50fbd7e41c2400e69c3cae18260188eb951,../bigcows-crawler/.cache/dblp-refresh-2026-09-17-132635/safari/captures/63c3091b91079f5a51ea2ccefe8493ac8fb20d5895e8b5e47a357056cda7a601-1789668760188526000.html,None; read-only assessment
acm_fellows.csv,"Raphael, Benjamin",2023,https://dblp.org/pid/23/3243,Y,2026-09-17,supported,977a271b86e36c82298b061ed19d906897abf8be0ff89911161bf54dc3d767d9,../bigcows-crawler/.cache/dblp-refresh-2026-09-17-132635/safari/captures/33f82b72b7e299fb75522015f2c2fdd4513e5965c9b863be869bb162951cbf66-1789668782480025000.html,None; read-only assessment
acm_fellows.csv,"Ron, Dana",2023,https://dblp.org/pid/85/4800,Y,2026-09-17,supported,77886eb4c6dc8d1ef8ec787590610f5b9c88952372baa34a4c88e452dc0e1359,../bigcows-crawler/.cache/dblp-refresh-2026-09-17-132635/safari/captures/5dec2e46d7e641520f269c055a915d14c3619a20bbb8f436d388654ca55d6169-1789668823858469000.html,None; read-only assessment
acm_fellows.csv,"Roughgarden, Tim",2023,https://dblp.org/pid/r/TimRoughgarden,Y,2026-09-17,supported,6b7b8e9d29e61a6b8382e9e5796c08157ccd2a888e1e2aed5c8a1ded85e66482,../bigcows-crawler/.cache/dblp-refresh-2026-09-17-132635/safari/captures/fd88a1d5fc6838b770b4efa3f7e7f985a8c94e7b29045e553138d2fd5ab47178-1789669304617018000.html,None; read-only assessment
acm_fellows.csv,"Sankoff, David",2023,https://dblp.org/pid/66/977,Y,2026-09-17,supported,846f12a2823ef2b40323da5d78022d219eb2c5158dd10c64df3528ad56e98816,../bigcows-crawler/.cache/dblp-refresh-2026-09-17-132635/safari/captures/91c7f9c9cc3e2f61f324e04fc706ecdfb7a14422bf33fd3ddc96fa2f96e15609-1789668840346744000.html,None; read-only assessment
acm_fellows.csv,"Saroiu, Stefan",2023,https://dblp.org/pid/17/3782,Y,2026-09-17,supported,bbd3be7eda9389635e31482be196f66c6c31f40998e7a5bd0cbc2571020f3c46,../bigcows-crawler/.cache/dblp-refresh-2026-09-17-132635/safari/captures/bed8fc528e7eafc714274bb3fd88f3fe5c59fa47cd4b382689ce395ee14c0dc4-1789669273535926000.html,None; read-only assessment
acm_fellows.csv,"Schmidt, Albrecht",2023,https://dblp.org/pid/s/AlbrechtSchmidt1,Y,2026-09-17,supported,9cc62aae2d430608aa7743a4dae886bb931df2d4d920e0d8522a16e525c78383,../bigcows-crawler/.cache/dblp-refresh-2026-09-17-132635/safari/captures/ade8043242435152393fb3ad123b51f3c6554edcc908dc0a60b6e329931219c7-1789668744667466000.html,None; read-only assessment
acm_fellows.csv,"Schuller, Björn W.",2023,https://dblp.org/pid/54/4934,Y,2026-09-17,supported,d58ec400b62e1c797ee4a5e213aefb9b34b291bc49328cd80569176388a2e071,../bigcows-crawler/.cache/dblp-refresh-2026-09-17-132635/safari/captures/4c7f65d9fb55370069dff07e8914c33c3b33cd9e989ff1a9a2cb14bb8392ff11-1789668791590267000.html,None; read-only assessment
acm_fellows.csv,"Sengers, Phoebe",2023,https://dblp.org/pid/s/PhoebeSengers,Y,2026-09-17,supported,ac7d16f4b0ba1de0c5533bb58b06c6f311fcea77b00d09ea23c27b069e7b1a33,../bigcows-crawler/.cache/dblp-refresh-2026-09-17-132635/safari/captures/b9c78c0d204820c2be35758715f96b756fe2f5cc635a61c5849f52cc479f8c3c-1789669121375904000.html,None; read-only assessment
acm_fellows.csv,"Shi, Elaine",2023,https://dblp.org/pid/80/4580,Y,2026-09-17,supported,fb984f7e30cb9ad2b589b01da53130711ca5d5250e067524ac7f77de197b51ab,../bigcows-crawler/.cache/dblp-refresh-2026-09-17-132635/safari/captures/f31adb83e50850c0e7e73691ac3eea84efd1f28576c95099a737b8fd85a0b615-1789668857545136000.html,None; read-only assessment
acm_fellows.csv,"Snavely, Keith Noah",2023,https://dblp.org/pid/33/4636,Y,2026-09-17,supported,4562c887bb13aa1fea3eaf4b503ed60a1b02b958b33152e1d33ff98e33def25b,../bigcows-crawler/.cache/dblp-refresh-2026-09-17-132635/safari/captures/7ce629abd9a924d7477a20633827bee3c6b229c6c6f155d17e690575551b5d03-1789669010688074000.html,None; read-only assessment
acm_fellows.csv,"Sriram, Ram D",2023,https://dblp.org/pid/s/RamDSriram,Y,2026-09-17,supported,860ccbab8549feac06ac8564f129c5b68307cc87f460306b4de877adaa7f9efb,../bigcows-crawler/.cache/dblp-refresh-2026-09-17-132635/safari/captures/abaf7435f140c5ce4e469d04a72537186e7bd7af1e4bc05d33a12a4c953b1293-1789669136355617000.html,None; read-only assessment
acm_fellows.csv,"Staab, Steffen",2023,https://dblp.org/pid/s/SteffenStaab,Y,2026-09-17,supported,8de37dff236d40f25295f2d44e290fe237643a08af6ac0c8a8d193d147f0ea5f,../bigcows-crawler/.cache/dblp-refresh-2026-09-17-132635/safari/captures/37d5a8a3c5f4f550ff6accee0dc7b520e0ba068454c6123e29afeb423f38d6b7-1789669282862505000.html,None; read-only assessment
acm_fellows.csv,"Szalay, Alexander",2023,https://dblp.org/pid/s/AlexanderSSzalay,Y,2026-09-17,supported,d93d7ece19264a160d89b1e36777ed287717980029cfbf4d90bc5f7127dd501c,../bigcows-crawler/.cache/dblp-refresh-2026-09-17-132635/safari/captures/9ab51c2db4cb51d5e49031ff445cbc7abfe983a79772007286a1d80834d21f8f-1789668752185940000.html,None; read-only assessment
acm_fellows.csv,"Varma, Manik",2023,https://dblp.org/pid/07/918,Y,2026-09-17,supported,11a44199bdc8e9423827b3879224a23ea7e3db6d5d2487f8cd31455d4fa68d0d,../bigcows-crawler/.cache/dblp-refresh-2026-09-17-132635/safari/captures/15f652809cb5c098640d188ac808a919c6aa7e32355013072eb80ec539a3a7c3-1789669051174191000.html,None; read-only assessment
acm_fellows.csv,"Wang, XiaoFeng",2023,https://dblp.org/pid/06/6268,Y,2026-09-17,supported,265888868b6bb8576df0dd765130c954796ec6bd7527696a71c63a190fe493d8,../bigcows-crawler/.cache/dblp-refresh-2026-09-17-132635/safari/captures/6afa08a19b1784ec8c58f6fe69ef1d946fe8d79fe4e410f2c891872906f70815-1789669356216037000.html,None; read-only assessment
acm_fellows.csv,"Weinberger, Kilian",2023,https://dblp.org/pid/88/4801,Y,2026-09-17,supported,5dac8a331771a0fec35058240ea09072b21f102c40121cc570aa745ad4414c60,../bigcows-crawler/.cache/dblp-refresh-2026-09-17-132635/safari/captures/e0a1693b2afd7911e2c160ea2bff222721afa5102ab575a226974c9c54b979d3-1789669034636487000.html,None; read-only assessment
acm_fellows.csv,"Witchel, Emmett",2023,https://dblp.org/pid/76/6082,Y,2026-09-17,supported,79637ca702983554c20c87460b66f706ce31bc51ac75a04baad80fc1b44ef0f4,../bigcows-crawler/.cache/dblp-refresh-2026-09-17-132635/safari/captures/7de7c19efdb8c685fef808cf3520ea8cd0fb7af75272e3e7585d1bb2d835923e-1789668864357958000.html,None; read-only assessment
acm_fellows.csv,"Xie, Xing",2023,https://dblp.org/pid/08/6809-1,Y,2026-09-17,supported,bf3f0fb0518452dda323d672f955f31e57304538cf4bccc3dcae60b1a3d3e3ef,../bigcows-crawler/.cache/dblp-refresh-2026-09-17-132635/safari/captures/590158ccbbc9bf153df796649779a6fc2346b0c5be5b0701bfdc980b4a167409-1789669372390066000.html,None; read-only assessment
acm_fellows.csv,"Agrawala, Maneesh",2022,https://dblp.org/pid/64/2431,Y,2026-09-17,supported,2b09e094a0d8830c05252b3f1ab407d62cb0011e33c62c69b153d81e74b59780,../bigcows-crawler/.cache/dblp-refresh-2026-09-17-132635/safari/captures/52de5498967d9c7ea0481dabaa9e94dffb13af721bf63c75407fe93f72ae34ca-1789669814687687000.html,None; read-only assessment
acm_fellows.csv,"Anandkumar, Anima",2022,https://dblp.org/pid/25/1529,Y,2026-09-17,supported,13800bc7991812713cd276e58bcacf69ec60792d0f5eb7ece93458ca1bd1faae,../bigcows-crawler/.cache/dblp-refresh-2026-09-17-132635/safari/captures/f8f1fe99895302fdc31c5f4b6578a31471031e393dc6a8018d815c02a3ff02a2-1789669443792256000.html,None; read-only assessment
acm_fellows.csv,"Atienza Alonso, David",2022,https://dblp.org/pid/a/DavidAtienza,Y,2026-09-17,supported,2160792b161fdedb9aafe8ce00a38ff87817e4fad7c5e819dc2e293640558d4e,../bigcows-crawler/.cache/dblp-refresh-2026-09-17-132635/safari/captures/69ad31baca53b1f0ba149adb52a462feff9c053ce7219e6ee635e120ddefef6f-1789669579845113000.html,None; read-only assessment
acm_fellows.csv,"Barak, Boaz",2022,https://dblp.org/pid/b/BBarak,Y,2026-09-17,supported,690de3d5a585e82c977ceb92dc26e2a93e1d999e232ab1d79a51df7b5f0092aa,../bigcows-crawler/.cache/dblp-refresh-2026-09-17-132635/safari/captures/22792f5e6a4d769292106528c5c2ea79ea5e94508016c2efc712d8a21d11103d-1789669535348219000.html,None; read-only assessment
acm_fellows.csv,"Beaudouin-Lafon, Michel",2022,https://dblp.org/pid/00/2489,Y,2026-09-17,supported,2b230671bde5af7fbb7fe67352be15fdc3edee8a695ac1438e7b9741c63c801a,../bigcows-crawler/.cache/dblp-refresh-2026-09-17-132635/safari/captures/49ba556ff049a22f301d18f586eff4ff5aa73e03397a060ed694c4c2b44edc6a-1789669844780286000.html,None; read-only assessment
acm_fellows.csv,"Boncz, Peter",2022,https://dblp.org/pid/b/PeterABoncz,Y,2026-09-17,supported,08faed2e6dbce43642f816088e2045a0af6217f817af8448d0257deb64215e70,../bigcows-crawler/.cache/dblp-refresh-2026-09-17-132635/safari/captures/721bd24259ab46671596c15afe2e998a659c43f1eff592a50e254bf804c1ad64-1789669869291701000.html,None; read-only assessment
acm_fellows.csv,"Ceze, Luis H",2022,https://dblp.org/pid/95/5263,Y,2026-09-17,supported,610949d8cbed39015196083d611da8fd5dcd429b2a608efd96d170fafa9f67c0,../bigcows-crawler/.cache/dblp-refresh-2026-09-17-132635/safari/captures/711df3a81ca568e892ebb8e6df92cb56833f28a19073257bad15fe4d7cae80c3-1789669806094936000.html,None; read-only assessment
acm_fellows.csv,"Chandra, Ranveer",2022,https://dblp.org/pid/99/2097,Y,2026-09-17,supported,9a4bd59ca2571f1084733d4ccaeb770d10acedc33d87dad69e4f7fe1c2a7e4e8,../bigcows-crawler/.cache/dblp-refresh-2026-09-17-132635/safari/captures/d81477a2cb45017487d84f89b94acd55f21f90617ab08828d1cec2fd4c246674-1789669892524869000.html,None; read-only assessment
acm_fellows.csv,"Chawla, Nitesh",2022,https://dblp.org/pid/c/NiteshVChawla,Y,2026-09-17,supported,b9153ad5509b2a00d210ebbe51d45e98aa0df2042c446cb1078b0059bbe4f3ca,../bigcows-crawler/.cache/dblp-refresh-2026-09-17-132635/safari/captures/1d6e0cade3d60f64aa2a888a73e2b5c9b2268ed9ebead0c57309e261f4eac89c-1789669860843673000.html,None; read-only assessment
acm_fellows.csv,"Chi, Ed H.",2022,https://dblp.org/pid/13/310,Y,2026-09-17,supported,f73e6ce944f7eacedcbf9bfb3e7c5ff552c62644ae4403040fd83fe95dcd7f18,../bigcows-crawler/.cache/dblp-refresh-2026-09-17-132635/safari/captures/56815c629b34009bf542f8be37d23d2d6c5f0acd7c82f77ac10ce254496debe3-1789669611089646000.html,None; read-only assessment
acm_fellows.csv,"Cortes, Corinna",2022,https://dblp.org/pid/77/5783,Y,2026-09-17,supported,f7abdb542e24dc69f878b4765a75e52ef67d843b3d9ad213636affa0615a5a37,../bigcows-crawler/.cache/dblp-refresh-2026-09-17-132635/safari/captures/33dce4ccdba2fb423203cff7b8b0ce2c480cf3206ada1e489e3d1b1ab581679f-1789669565394915000.html,None; read-only assessment
acm_fellows.csv,"Curtis, Bill",2022,https://dblp.org/pid/01/5712,Y,2026-09-17,supported,e95505c77e81bd39f08807f08277fefa80265f5c12da0126b1f79bdc99b5c050,../bigcows-crawler/.cache/dblp-refresh-2026-09-17-132635/safari/captures/c23de807b6429829b2480539bf106a64c278aca97085cbf948775bc221e7b83e-1789669526877612000.html,None; read-only assessment
acm_fellows.csv,"Daskalakis, Constantinos",2022,https://dblp.org/pid/d/ConstantinosDaskalakis,Y,2026-09-17,supported,93a5fc223a8c4b85cd62bb0d783e8d79ab7b0d84248f2151fd8ce8eddb8ade86,../bigcows-crawler/.cache/dblp-refresh-2026-09-17-132635/safari/captures/b263d8ad95548c97b70fb5428d2e0f2636e5dc2780e318f0a21778fb2f130c03-1789669557869474000.html,None; read-only assessment
acm_fellows.csv,"de Supinski, Bronis R.",2022,https://dblp.org/pid/85/5840,Y,2026-09-17,supported,74777ce5e59f1e2b63a814e349f908d0e6a6de639eea55d06b3f56094e67ac34,../bigcows-crawler/.cache/dblp-refresh-2026-09-17-132635/safari/captures/240b76d7aaee052cca4afa5d6e662968232fa77b95966535d2a36e65e94b4500-1789669543553447000.html,None; read-only assessment
acm_fellows.csv,"Deb, Kalyanmoy",2022,https://dblp.org/pid/21/4802,Y,2026-09-17,supported,5f52cd9329a43ef758feaed3ccad896a8359f1eb23e018836e211c22ef392863,../bigcows-crawler/.cache/dblp-refresh-2026-09-17-132635/safari/captures/40fb464fce12951f61428990c03cf4f22ffb22af856d2651d5de8aa752bb325c-1789669785252191000.html,None; read-only assessment
acm_fellows.csv,"Elbaum, Sebastian",2022,https://dblp.org/pid/e/SebastianGElbaum,Y,2026-09-17,supported,19c2e143693276c5a4339a8c6b2fe353b3cfe187efcd0c3425b4f249a57d66d9,../bigcows-crawler/.cache/dblp-refresh-2026-09-17-132635/safari/captures/58228ee29ec78191f0e34744861b6859e06f672853a63a49182419411c7fb023-1789669923282131000.html,None; read-only assessment
acm_fellows.csv,"Fang, Yuguang",2022,https://dblp.org/pid/f/YuguangFang,Y,2026-09-17,supported,f2d0a57f5252da7b5fb78264023851b1805c699c5490ad8adbc8992964d44962,../bigcows-crawler/.cache/dblp-refresh-2026-09-17-132635/safari/captures/e4d675b8e86398694445479e8ddead2f595e4dbdc868b0ddba991ed65bfea679-1789670038781560000.html,None; read-only assessment
acm_fellows.csv,"Fu, Kevin",2022,https://dblp.org/pid/f/KevinFu,Y,2026-09-17,supported,db44125a16e932fe87d7d95bdd4bd8d18f1da39dd533a94ed92d78486c966c32,../bigcows-crawler/.cache/dblp-refresh-2026-09-17-132635/safari/captures/8fa2ff310fcad73ef3c34ee1ae4afbb74d48f6424fbab820f97d32d374c4e4b5-1789669798906718000.html,None; read-only assessment
acm_fellows.csv,"Gotsman, Craig",2022,https://dblp.org/pid/99/3488,Y,2026-09-17,supported,1339cf69982e8f805f80bd9565fbbadb8760fe8a1aa1876d4d9a40e514f26cc2,../bigcows-crawler/.cache/dblp-refresh-2026-09-17-132635/safari/captures/abd2717fa4a4c8d612fb04283cb58de524070af2f14ebea603e0ba4f6a4b27ce-1789669572674606000.html,None; read-only assessment
acm_fellows.csv,"Hassan, Ahmed E.",2022,https://dblp.org/pid/h/AhmedEHassan,Y,2026-09-17,supported,3f9600bb28a6bf059abd3ea7a7f48b1d215c1381b8f2c11595343931aafd5b7a,../bigcows-crawler/.cache/dblp-refresh-2026-09-17-132635/safari/captures/f118ded708dcb1f9c4174372cda2198767bbd8ed4c7e5fdc74a72923c3a7c14e-1789669419355253000.html,None; read-only assessment
acm_fellows.csv,"Helal, Sumi",2022,https://dblp.org/pid/h/AHelal,Y,2026-09-17,supported,91784d3a10c0c538cfe3c79503d8afd3326d3e0381db92c2146a3dc09ad6112c,../bigcows-crawler/.cache/dblp-refresh-2026-09-17-132635/safari/captures/95536d12bbbcfa545ceab6b18e27556767f810ca48d7f77023bdc15b9afb19c6-1789669938225153000.html,None; read-only assessment
acm_fellows.csv,"Henkel, Joerg",2022,https://dblp.org/pid/h/JorgHenkel,Y,2026-09-17,supported,069596c3be597ecd243a7b078a749d1ad886c1cb72590efadc21a773f1e469ae,../bigcows-crawler/.cache/dblp-refresh-2026-09-17-132635/safari/captures/56babda47c3a57e62edb81c4c4595b5156553382add5436c34e637f5002aa53e-1789669709399378000.html,None; read-only assessment
acm_fellows.csv,"Hermenegildo, Manuel V",2022,https://dblp.org/pid/h/ManuelVHermenegildo,Y,2026-09-17,supported,011d5f3ec6f30dec16436df7cef587e00d5a1ebf04a9c736f1bcd79540f43e93,../bigcows-crawler/.cache/dblp-refresh-2026-09-17-132635/safari/captures/eaf2796d622dba1cfd1fa1b1eb9df8c146f035294ab312df3b365638ad733b2b-1789669821708046000.html,None; read-only assessment
acm_fellows.csv,"Hicks, Michael W",2022,https://dblp.org/pid/h/MichaelWHicks,Y,2026-09-17,supported,c869a9377c0d3f681567203cfe1899463183145a9fbecadbcc1cf0906eaad3b9,../bigcows-crawler/.cache/dblp-refresh-2026-09-17-132635/safari/captures/2d0a0b0205dddbf93f3e234bee06ab98592f1019a53271951b9de48e775689b1-1789669837168478000.html,None; read-only assessment
acm_fellows.csv,"Hoefler, Torsten",2022,https://dblp.org/pid/16/3869,Y,2026-09-17,supported,af53123da06e5821aa630bd2f0a35c71f07a4917ae9c9fb9129c415cce3b5fbe,../bigcows-crawler/.cache/dblp-refresh-2026-09-17-132635/safari/captures/2d8377684e2a298524daabd918faf22c077d4e678b0403904a51adfd6f779b41-1789669955061750000.html,None; read-only assessment
acm_fellows.csv,"Hong, Jason",2022,https://dblp.org/pid/h/JasonIHong,Y,2026-09-19,supported,3bf525e6b6f9c25fb961df264286ec189e49d677f8ce409ae8f145bf628b73ea,../bigcows-crawler/.cache/dblp-gap-fill-2026-09-19-145403/safari/captures/502b00d5984b981dca83d1d406ef1bffa90d306ebc551a7b70f3115095256376-1789844561129558000.html,None; read-only assessment
acm_fellows.csv,"Irani, Sandy",2022,https://dblp.org/pid/i/SandyIrani,Y,2026-09-17,supported,c4ca26c27af7febff60eaed7da1a35f7b451bb883c0ff5bb0edc736d72b63719,../bigcows-crawler/.cache/dblp-refresh-2026-09-17-132635/safari/captures/df42bb94b5de484e2b08a66228069fa6a5a8a965bfaa64d2b83b3fc3cf2addbc-1789669915184148000.html,None; read-only assessment
acm_fellows.csv,"Ishii, Hiroshi",2022,https://dblp.org/pid/45/2605-1,Y,2026-09-17,supported,fd835a22790ee6fcdd69934bfcae5ea2a52d79a918fe4eaf65e484f28f83b9c3,../bigcows-crawler/.cache/dblp-refresh-2026-09-17-132635/safari/captures/df26571bcab258e948d5f3a482ee939ae4435c2763754c0b4d39779f35210da5-1789669666608069000.html,None; read-only assessment
acm_fellows.csv,"Kemper, Alfons",2022,https://dblp.org/pid/k/AlfonsKemper,Y,2026-09-17,supported,9658d4b9292f41742065e5be157addcbbd0b6ae55330871b9dccd0abdc19905c,../bigcows-crawler/.cache/dblp-refresh-2026-09-17-132635/safari/captures/882e18cccee928687e8b8ff2e8d906af72a620d6e3884de11c4defcb8fbb4ab8-1789669434502518000.html,None; read-only assessment
acm_fellows.csv,"Khuller, Samir",2022,https://dblp.org/pid/k/SamirKhuller,Y,2026-09-17,supported,2a0977d87914858bd887075e3aa62ed1d128c54e5d4a34291ae3dcf2ca359458,../bigcows-crawler/.cache/dblp-refresh-2026-09-17-132635/safari/captures/d49968c77c2136c0cd07eda1e1d414507938933e0e00a65d0a9fa767cc5b70c4-1789669908228039000.html,None; read-only assessment
acm_fellows.csv,"Koushanfar, Farinaz",2022,https://dblp.org/pid/k/FarinazKoushanfar,Y,2026-09-17,supported,36e1915fc089c0b378dd49ba418d431c5d3d52ad32ddb71e73b4a5b94ab3eb5a,../bigcows-crawler/.cache/dblp-refresh-2026-09-17-132635/safari/captures/d041faa242991f495e2640887ce1f5d3be871cd59c19ccca661fa95a8b678508-1789669626376617000.html,None; read-only assessment
acm_fellows.csv,"Kuo, Chung C",2022,https://dblp.org/pid/k/CCJayKuo,Y,2026-09-19,supported,fce7aaf559050686f96bbaf9bd2fcb044eac6f288f23fc01eff9da9db683bc4b,../bigcows-crawler/.cache/dblp-gap-fill-2026-09-19-145403/safari/captures/83728ce50815f63dc8d31ec10326e291613b02a65362a417c40f1bde8310e9bb-1789844587099177000.html,None; read-only assessment
acm_fellows.csv,"Li, Hang",2022,https://dblp.org/pid/83/5560-1,Y,2026-09-17,supported,e9737a932c8d9764bfd9f3bd531734c09c0348264d1b1057805abdcad5b5226d,../bigcows-crawler/.cache/dblp-refresh-2026-09-17-132635/safari/captures/a0cb1097188e7592b909d06e66a7c364f5767870807cdd7d43d95067115c3aed-1789669658905677000.html,None; read-only assessment
acm_fellows.csv,"Lin, Jimmy",2022,https://dblp.org/pid/00/7739,Y,2026-09-17,supported,9e06b4b1ea93ebeea01ca92cb4d8b3748d6e9e5439dd4311d2adbe12a2ed6e50,../bigcows-crawler/.cache/dblp-refresh-2026-09-17-132635/safari/captures/d2747983f9c26991ce576974cbc1590d65b9e43d6fa847e984c8840d0caf1dba-1789669700941094000.html,None; read-only assessment
acm_fellows.csv,"Marculescu, Radu",2022,https://dblp.org/pid/88/3494,Y,2026-09-17,supported,dcd9626c7511f507b4ff133518e255e213af6a35970fd24b44ff582fb3dfb26f,../bigcows-crawler/.cache/dblp-refresh-2026-09-17-132635/safari/captures/b1bee5e28b2cd9efb3aade88517d30f44a2c1f306ea7f5c044ed5a89dc5e0e82-1789669877011046000.html,None; read-only assessment
acm_fellows.csv,"Mei, Hong",2022,https://dblp.org/pid/14/2036,Y,2026-09-17,supported,edbea4a9a0fa3f0b6b61db232a3bdbf6733af647600ca0534cbac045ac6b8717,../bigcows-crawler/.cache/dblp-refresh-2026-09-17-132635/safari/captures/a2e4da132a665bcb9d2b83a9e2ebcdc32a9d39d4fba88913850d3a0734bcbd6c-1789669674351085000.html,None; read-only assessment
acm_fellows.csv,"Mount, David M",2022,https://dblp.org/pid/m/DavidMMount,Y,2026-09-17,supported,b049fe560f7cd1168e8cb495f7db5b855afb337fd346177a4028946b9e5ad4da,../bigcows-crawler/.cache/dblp-refresh-2026-09-17-132635/safari/captures/ebe4d81b52d9947de4d78cb8a70a3079fb2d4a22f98968a6d2ad12743c96b596-1789669587338653000.html,None; read-only assessment
acm_fellows.csv,"Navarro, Gonzalo",2022,https://dblp.org/pid/n/GonzaloNavarro,Y,2026-09-17,supported,1bc175d8b77d90cab6b73ac1096c15e29d28b599653e4b725dceb38d2fb67fb6,../bigcows-crawler/.cache/dblp-refresh-2026-09-17-132635/safari/captures/c483ca6116a218c3785e4e26a250520a2635010deb83abb2d3e2ddf64e93990a-1789669643345471000.html,None; read-only assessment
acm_fellows.csv,"Pass, Rafael",2022,https://dblp.org/pid/p/RPass,Y,2026-09-17,supported,82d68c5150e0e1eb46baf64b7d00967be7321f79c208d24fb5bc6760eb608fcc,../bigcows-crawler/.cache/dblp-refresh-2026-09-17-132635/safari/captures/cc41bb1fc4f93c7b7b07b471f920c19306d497b4773620eb283a807edcdfb24e-1789669884961371000.html,None; read-only assessment
acm_fellows.csv,"Pollefeys, Marc",2022,https://dblp.org/pid/p/MarcPollefeys,Y,2026-09-17,supported,9524a29a9e38eb0ef14508b3498d85835da97e2fcfb118d432f409ca34272a01,../bigcows-crawler/.cache/dblp-refresh-2026-09-17-132635/safari/captures/24e0c896f6b3f4f945c5615add70123c520224d7aab0dcd4d97aa207a6632fc7-1789669830474178000.html,None; read-only assessment
acm_fellows.csv,"Pothen, Alex",2022,https://dblp.org/pid/03/854,Y,2026-09-17,supported,03c86e880a9391ebae11d5adb492c120b6a2ed7ad9550e1eb5470f1498a3d240,../bigcows-crawler/.cache/dblp-refresh-2026-09-17-132635/safari/captures/ebec888adb9b1570ed53af7ba10ea8e9d1d93410b96a05432f02a4ad8f5f4e05-1789669426367921000.html,None; read-only assessment
acm_fellows.csv,"Qureshi, Moinuddin",2022,https://dblp.org/pid/60/6934,Y,2026-09-17,supported,c3a069be95927b0efe9216b6dec008584cf2b9251fc9b25c1d53e9ec287a02d2,../bigcows-crawler/.cache/dblp-refresh-2026-09-17-132635/safari/captures/708f8890d5a97f50856e654d6cf40a3c76e5e02a6075b3a73930abb3a38fc102-1789669852393187000.html,None; read-only assessment
acm_fellows.csv,"Sabharwal, Ashutosh",2022,https://dblp.org/pid/45/284,Y,2026-09-17,supported,04382fadbc409e7113e9029e875ceb7bfc0c97351b1e28a6cb9f3880ac5c9416,../bigcows-crawler/.cache/dblp-refresh-2026-09-17-132635/safari/captures/b7a968b2663c5079b0e9fa47cd044f46bc2a499841a7c5e06f231e79074f81c8-1789669451277385000.html,None; read-only assessment
acm_fellows.csv,"Sherwood, Tim",2022,https://dblp.org/pid/23/3778,Y,2026-09-17,supported,2f5c628691f918b8d5c255633725f5d1e8822dbd0c5b640b3400a7bbea373ef4,../bigcows-crawler/.cache/dblp-refresh-2026-09-17-132635/safari/captures/380da0f1d32abcee11ce8e2d86992a192ceeb44e1e1d7829e82bff5e41856729-1789669945630118000.html,None; read-only assessment
acm_fellows.csv,"Soatto, Stefano",2022,https://dblp.org/pid/08/1262,Y,2026-09-17,supported,c0c50ebc389be73820691da434ee9ce4f8aeaff04ca1040d8e4ef7270275346f,../bigcows-crawler/.cache/dblp-refresh-2026-09-17-132635/safari/captures/1614e0b07a31f3d093d33569e9b65d91c14fc812daddefb99ea57e6a0c2dfb61-1789669930922051000.html,None; read-only assessment
acm_fellows.csv,"Stasko, John",2022,https://dblp.org/pid/s/JohnTStasko,Y,2026-09-17,supported,47971214fb6b15e12347d3a335cf13308fbe31478195aa269379740f3d1e125a,../bigcows-crawler/.cache/dblp-refresh-2026-09-17-132635/safari/captures/24fcc71d215cf75783410f954e107c7a020333674f330d9b4bd5635f5155cf9c-1789669717388575000.html,None; read-only assessment
acm_fellows.csv,"Su, Zhendong",2022,https://dblp.org/pid/s/ZhendongSu,Y,2026-09-18,supported,cdccfb6b19daf69741e47be566135e76689be20249692ba506d7a5c6766885aa,../bigcows-crawler/.cache/dblp-missing-web-2026-09-17-203211/safari/captures/04cf54dd65901a424f4a1f0ccb2024f84b6296f72c7fea7448a7ce023ca24b7e-1789691876603658000.html,None; read-only assessment
acm_fellows.csv,"Sullivan, Gary J.",2022,https://dblp.org/pid/77/3125,Y,2026-09-17,supported,95753a789499d98ae0b136eab781ed4f5d6534e7c72cd1ec9561583473c1d7e4,../bigcows-crawler/.cache/dblp-refresh-2026-09-17-132635/safari/captures/95aa3627102fc051d063e9b60cea4fdb7fb8348fbd9978378ce13946ad2f3084-1789669634760222000.html,None; read-only assessment
acm_fellows.csv,"Teevan, Jaime",2022,https://dblp.org/pid/38/129,Y,2026-09-17,supported,b4227113d36a8aa909f8eb83cf770f171b8bcd1d25af19ea339dd26326ea38db,../bigcows-crawler/.cache/dblp-refresh-2026-09-17-132635/safari/captures/b4a1db839be05f9d411c76696e479ec165866a80d45399909743d68131eb9ca2-1789669682454406000.html,None; read-only assessment
acm_fellows.csv,"Toyama, Kentaro",2022,https://dblp.org/pid/24/1434,Y,2026-09-17,supported,0948e113d5edfbd743099096cf2acf111fd8a595b42dee1642aaa9f0c49c1e1f,../bigcows-crawler/.cache/dblp-refresh-2026-09-17-132635/safari/captures/75bc8568445f8400c51f26a46b401c565b171ae8293cfe1e6b93a650b9fa3ec1-1789669792318591000.html,None; read-only assessment
acm_fellows.csv,"Vidal, Rene",2022,https://dblp.org/pid/v/ReneVidal,Y,2026-09-17,supported,c1aa1abb9d7dcee44c3c9f1a16cb2e201a59d1b90c7061f3f4a586e887959d46,../bigcows-crawler/.cache/dblp-refresh-2026-09-17-132635/safari/captures/c1847f25aed9600b0e88e1939f9888bb61c8154db2652b47d868be5c5aaa3f87-1789669900382958000.html,None; read-only assessment
acm_fellows.csv,"Xing, Eric",2022,https://dblp.org/pid/36/3855,Y,2026-09-17,supported,5c4b90784c3a2c73850fbf2048aea182002cc7ad3194554d554cc14912205d4f,../bigcows-crawler/.cache/dblp-refresh-2026-09-17-132635/safari/captures/6f2d2f7bc6a4bf6cbd88a2d206a3ae16931f6e1e9c1df90ac013a14f2a7bf0b4-1789669618933511000.html,None; read-only assessment
acm_fellows.csv,"Yu, Dong",2022,https://dblp.org/pid/71/4598-1,Y,2026-09-17,supported,9335bbd3a7b4add1692a7ea2d4bc53657dcd11845e1ea7c8eeef147c068ebf88,../bigcows-crawler/.cache/dblp-refresh-2026-09-17-132635/safari/captures/fee3d31a91f7090a835a75d5ae516ad38869307c34d84df722f8bbeca3e90631-1789669602710282000.html,None; read-only assessment
acm_fellows.csv,"Yu, Yizhou",2022,https://dblp.org/pid/90/6896,Y,2026-09-17,supported,e55ff4e3b253eb826147b96fd238b7dc5194e7d88d94eb6eb51bdbc7ed9928bb,../bigcows-crawler/.cache/dblp-refresh-2026-09-17-132635/safari/captures/2583ea1f84dff220c11ab844d07b7949539ff605eb236c31cb14ac814f9b4298-1789669969891555000.html,None; read-only assessment
acm_fellows.csv,"Zheng, Haitao",2022,https://dblp.org/pid/43/4261,Y,2026-09-18,supported,b176697081de59eaee243014e8b21ad3d4c49945460adae898b90205c99073c6,../bigcows-crawler/.cache/dblp-missing-web-2026-09-17-203211/safari/captures/e5c395653d2e77ce505df6040fd966a8d88810b86bdbb5ee420a7bebfc2edfaa-1789691862144617000.html,None; read-only assessment
acm_fellows.csv,"Zhu, Wenwu",2022,https://dblp.org/pid/97/6308-1,Y,2026-09-18,supported,8926e849b38db88a587bd2d449bca83dfc22d1ac8567c1b492eed9826a1861c0,../bigcows-crawler/.cache/dblp-missing-web-2026-09-17-203211/safari/captures/54768c7605b7d1a85135ad2759fdbd8c89343621cdfb6a0b4c5bd6c62f14706c-1789691869337223000.html,None; read-only assessment
acm_fellows.csv,"Zorin, Denis",2022,https://dblp.org/pid/21/2496,Y,2026-09-17,supported,3bab8381c28415db211962797b3eb0b6420e7f332deca0ff4276ae8dc5e84df5,../bigcows-crawler/.cache/dblp-refresh-2026-09-17-132635/safari/captures/65ec87011b9ecfe3c7d543c3ea8c709c8cf420652b3375e0788b864d8a745959-1789669594529138000.html,None; read-only assessment
acm_fellows.csv,"Adleman, Leonard M.",2021,https://dblp.org/pid/a/LeonardMAdleman,Y,2026-09-17,supported,3b4cc1005a7d3cc36c66ebac0a6cdd3f78c74bdac67a564b72522d22e4fc6774,../bigcows-crawler/.cache/dblp-refresh-2026-09-17-132635/safari/captures/09561209ccd5bb28a35c2aecdb9bc81f829420d8db1b3dac34fcd4587a1d53ae-1789670348414609000.html,None; read-only assessment
acm_fellows.csv,"Bader, David A",2021,https://dblp.org/pid/41/3005,Y,2026-09-17,supported,f85fbf183e767b5296f13f8d6a8630ece5e8b7ef8be350cca3d7c419b65a4576,../bigcows-crawler/.cache/dblp-refresh-2026-09-17-132635/safari/captures/5254eb9df05f5352b92ce5742887a9afa64ad9134c22146c3a6e1b91fb80e0bd-1789670148258667000.html,None; read-only assessment
acm_fellows.csv,"Balakrishnan, Meenakshi",2021,https://dblp.org/pid/24/4827,N,2026-09-19,existing_N,b50b6933fa678ba53a5f5df0606eeac999786a225df92a96554234683e9da82c,../bigcows-crawler/.cache/dblp-gap-fill-2026-09-19-145403/safari/captures/043064702c4f041bdb213a6a868bd36ec65604763a53270bcc3d9bd3eb473501-1789844188899106000.html,None; read-only assessment
acm_fellows.csv,"Bjørner, Nikolaj",2021,https://dblp.org/pid/51/912,Y,2026-09-18,supported,9f77525eb292c0050f5cfd7a87fd273964f354360faefe002b0837b1c26b1890,../bigcows-crawler/.cache/dblp-missing-web-2026-09-17-203211/safari/captures/794c6a31b7c604b329974caf21b3f4d860b4ac05ef95ee95a1935df7d70dcdeb-1789691883511381000.html,None; read-only assessment
acm_fellows.csv,"Braverman, Mark",2021,https://dblp.org/pid/16/6136,Y,2026-09-17,supported,fa66e9d6cf9df2c6e6b56c355113f4f277041483387d031f4c5752c22749d83d,../bigcows-crawler/.cache/dblp-refresh-2026-09-17-132635/safari/captures/2a7eabcf5962a0ff386645fa272e1eb6707a924974761d4df551ab871f5d39ec-1789670386973247000.html,None; read-only assessment
acm_fellows.csv,"Camp, Linda Jean",2021,https://dblp.org/pid/72/4476,Y,2026-09-17,supported,372eccd20ee5c149dca8d32606dab01e5abdf61949caa97c385717e72cf65e07,../bigcows-crawler/.cache/dblp-refresh-2026-09-17-132635/safari/captures/cb76867d38fce89a66e35164f309b9a04b9aa7da907db5b7f074e7dfb1712ee0-1789670371784669000.html,None; read-only assessment
acm_fellows.csv,"Chang, Edward Y",2021,https://dblp.org/pid/c/EdwardYChang,Y,2026-09-17,supported,ff8976784d423411271a7a7d21fa18e32a19a7e42220bd1c19fcbdac43516689,../bigcows-crawler/.cache/dblp-refresh-2026-09-17-132635/safari/captures/78ab5afaced0a7b4de62bc3f13a6e58b4534d0f1c221652cd8a0d1a8019797d1-1789670178991065000.html,None; read-only assessment
acm_fellows.csv,"Choudhury, Tanzeem",2021,https://dblp.org/pid/86/45,Y,2026-09-17,supported,96a0f981b0a2c217d7d706f87f31cd7806baa1574760ea7ed3d76ba2fed3a4ec,../bigcows-crawler/.cache/dblp-refresh-2026-09-17-132635/safari/captures/fdf1773296cecdb85fee9a238b70c18efb9b646810f9dcc8bd162955025fd91f-1789670702046195000.html,None; read-only assessment
acm_fellows.csv,"Cohen-Or, Daniel",2021,https://dblp.org/pid/c/DCohenOr,Y,2026-09-17,supported,9e4d6035c05795be5ccf4cb6f6f2e1f13ce36fa7e93aef50d67b20189283ec13,../bigcows-crawler/.cache/dblp-refresh-2026-09-17-132635/safari/captures/0f8eaede5d2fb26a87529ad2f40a8251e55c94d40fc3eedecb0833b61e2db517-1789670141057688000.html,None; read-only assessment
acm_fellows.csv,"Das, Gautam",2021,https://dblp.org/pid/07/1181,Y,2026-09-19,supported,ab999b97676af1b5051d3cb411c4f549e0c704bff4ae6de86582a6ea2cab742e,../bigcows-crawler/.cache/dblp-gap-fill-2026-09-19-145403/safari/captures/6598bd10e836d5baedcd613af06230f0dd20588983e034cf677ff55ca21244cb-1789844142743031000.html,None; read-only assessment
acm_fellows.csv,"Dey, Anind K.",2021,https://dblp.org/pid/04/4652,Y,2026-09-17,supported,09925a1d592e2314a5258f946511119bc27489850b8096756c0cc4b5f3c62c0f,../bigcows-crawler/.cache/dblp-refresh-2026-09-17-132635/safari/captures/c617b4a15747966559bcefec895d01e8facb14cc2c65182360df941d1a058ac9-1789670069814654000.html,None; read-only assessment
acm_fellows.csv,"Eeckhout, Lieven",2021,https://dblp.org/pid/e/LievenEeckhout,Y,2026-09-17,supported,33add111c05a27a889b5995237338453f8fedafab17efab47632bec46e00dc6a,../bigcows-crawler/.cache/dblp-refresh-2026-09-17-132635/safari/captures/00bc6d5a232e0c6782a69aec43bbb8ea8ff029354374ca1ef6ba2860bb94747f-1789670355675055000.html,None; read-only assessment
acm_fellows.csv,"Farach-Colton, Martin",2021,https://dblp.org/pid/f/MartinFarachColton,Y,2026-09-17,supported,f1ada414a3a472e9f6049a82eb360cacccf11fad9f9cbd16e81acd86966d4bc0,../bigcows-crawler/.cache/dblp-refresh-2026-09-17-132635/safari/captures/865be16ca1e82045f8642401c29bd191f46e8eccca8c90d70cf7fe5e4b30f12e-1789670401204509000.html,None; read-only assessment
acm_fellows.csv,"Fiat, Amos",2021,https://dblp.org/pid/06/894,Y,2026-09-17,supported,69f27ab7d02c4ad1cddbb3a3fc405846448caa6155c902318302be6acd892483,../bigcows-crawler/.cache/dblp-refresh-2026-09-17-132635/safari/captures/b39cc0bfcf8d8c633ba52486de27f528ce1a36e16cb683df34f8a58935c25d11-1789670061224019000.html,None; read-only assessment
acm_fellows.csv,"Franke, Hubertus",2021,https://dblp.org/pid/17/3453,Y,2026-09-17,supported,f58f919b2b9e039b42a3e7803169cc4b527365c8b8a6a4f2ab7a1714b7149378,../bigcows-crawler/.cache/dblp-refresh-2026-09-17-132635/safari/captures/d47b63d114996e3b1aaf640b96d75e8771298ac090e2d43f3653eea153e4c423-1789670300736070000.html,None; read-only assessment
acm_fellows.csv,"Friedman, Batya",2021,https://dblp.org/pid/20/2143,Y,2026-09-17,supported,376a8e2aa43acd827de5f9a5ce9620aff150cdc29239215631b6986700b43300,../bigcows-crawler/.cache/dblp-refresh-2026-09-17-132635/safari/captures/4c3ba848358c03cde0e4450a303d6510b4a25872186fcdcb0c7c3d5202078e64-1789670093992519000.html,None; read-only assessment
acm_fellows.csv,"Gabrilovich, Evgeniy",2021,https://dblp.org/pid/84/1449,Y,2026-09-17,supported,461b2ad200e6de143bc437fe527a5d0254f57c7c1102bf3d1a6529a0fd602d9b,../bigcows-crawler/.cache/dblp-refresh-2026-09-17-132635/safari/captures/28e59ee77e1327271c01ee0a75664d9d2803c8c58287d3f47bb57f8b97c9c7ea-1789670200606606000.html,None; read-only assessment
acm_fellows.csv,"Gal-Ezer, Judith",2021,https://dblp.org/pid/26/3189,Y,2026-09-17,supported,194d24b20fda4d0aba70623de282450c2dd627e17934cf0e51b88283ed426b04,../bigcows-crawler/.cache/dblp-refresh-2026-09-17-132635/safari/captures/dde819ca6df6413b180805731d4854ab77a9037701219f0621d3892d3b66b039-1789670340533131000.html,None; read-only assessment
acm_fellows.csv,"Ganesan, Deepak",2021,https://dblp.org/pid/g/DeepakGanesan,Y,2026-09-17,supported,d78a052c41aeea70ebd3f67c8228227056399d0ea6d195abe2dd7be5f6cf057e,../bigcows-crawler/.cache/dblp-refresh-2026-09-17-132635/safari/captures/9a13f39e2a8bb375f2bee61ecfc44208d5c5a873645114cb52d5bdb6d7049e71-1789670171537139000.html,None; read-only assessment
acm_fellows.csv,"Gupta, Anupam",2021,https://dblp.org/pid/27/2931,Y,2026-09-19,supported,622838280910ad994f8e1442731a92469f26cc9a7cc821bbc937520c1616423b,../bigcows-crawler/.cache/dblp-gap-fill-2026-09-19-145403/safari/captures/0eb5052d3cc1ae49b863c75787b25d0c9d4159f19c8ba45bf075cbe98cc82ce4-1789844196074486000.html,None; read-only assessment
acm_fellows.csv,"Haas, Zygmunt",2021,https://dblp.org/pid/h/ZygmuntJHaas,Y,2026-09-17,supported,12819b9068def423796fe38e166a87dd88002c5e51c113bf00bcc941773c522d,../bigcows-crawler/.cache/dblp-refresh-2026-09-17-132635/safari/captures/bebf533894261de1a58a46274aad91657300ebd30a18590f130d1cf50b90a3b1-1789670765212629000.html,None; read-only assessment
acm_fellows.csv,"Hazan, Elad",2021,https://dblp.org/pid/72/739,Y,2026-09-17,supported,215665439e14228189691de5a693207c8c5f5db5986430af520133d7d46ad8d5,../bigcows-crawler/.cache/dblp-refresh-2026-09-17-132635/safari/captures/195e24c833342aceecd62247220d409941501ebf5b84cee501b413c215306e1c-1789670187156247000.html,None; read-only assessment
acm_fellows.csv,"Hu, Xiaobo Sharon",2021,https://dblp.org/pid/h/XiaoboSharonHu,Y,2026-09-17,supported,7428ddb61eea5332439406a5a10c730860a2f38b4df9c331a00b43b42cdd4476,../bigcows-crawler/.cache/dblp-refresh-2026-09-17-132635/safari/captures/458325dfd136a436f21e7aeb9080b2ac5453aeebc2022784bdcf3c6f3a4c8bac-1789670749805488000.html,None; read-only assessment
acm_fellows.csv,"Inverardi, Paola",2021,https://dblp.org/pid/i/PaolaInverardi,Y,2026-09-17,supported,2479e95386b96aecbc7373cc6669b43a4a84e184b0874a770a84ae4f931ee0c4,../bigcows-crawler/.cache/dblp-refresh-2026-09-17-132635/safari/captures/f4edb8e63b69a97e6158a86895699d327e216857917a2bf07a5766e626c70dd8-1789670475998438000.html,None; read-only assessment
acm_fellows.csv,"Ives, Zachary",2021,https://dblp.org/pid/i/ZacharyGIves,Y,2026-09-17,supported,ebd5db6d43420641eef97181a519776cb6efe3663cac25db459537875e0f33c7,../bigcows-crawler/.cache/dblp-refresh-2026-09-17-132635/safari/captures/340db203f65cc7a3570e4996ae0cc6088117c117879b67f9baf8fd258d054f44-1789670757700754000.html,None; read-only assessment
acm_fellows.csv,"Jajodia, Sushil",2021,https://dblp.org/pid/j/SushilJajodia,Y,2026-09-17,supported,05258e064a447c513ec7868946ea1f026b1e896b574acb69c95c4315b3c9cd85,../bigcows-crawler/.cache/dblp-refresh-2026-09-17-132635/safari/captures/d5257dc5eba7c55e54fb645cec1f42635df939650cd16b9622473d480c2c9191-1789670678561483000.html,None; read-only assessment
acm_fellows.csv,"Jhala, Ranjit",2021,https://dblp.org/pid/47/4244,Y,2026-09-17,supported,024fe2061792b8b9d0b334bc0f3df3beb5a8db494f083130563b8143d2bd9028,../bigcows-crawler/.cache/dblp-refresh-2026-09-17-132635/safari/captures/6b7f3bce9d93c0bf73391bc2bfdf050452dfc86be9e69836ce7727b3d649afb7-1789670577663967000.html,None; read-only assessment
acm_fellows.csv,"Kaeli, David R",2021,https://dblp.org/pid/k/DavidRKaeli,Y,2026-09-17,supported,3426226bee5a931787f0716eec2f15ebf23f5ad35790fa953128204607225156,../bigcows-crawler/.cache/dblp-refresh-2026-09-17-132635/safari/captures/701052307e1a7cf5c55f1781381179cda41ea1f82194d1d8b519c4aa43904886-1789670156628110000.html,None; read-only assessment
acm_fellows.csv,"Katz, Jonathan",2021,https://dblp.org/pid/k/JonathanKatz,Y,2026-09-17,supported,568bdafdcbc75dd5cd57c6d9370e123c1746c7fe426eca8e57cc30c6c47d543f,../bigcows-crawler/.cache/dblp-refresh-2026-09-17-132635/safari/captures/859ec028214e9ebce87c31f1d9c4a46cac6ada550b75f1a08abb94c068e37e6f-1789670332690844000.html,None; read-only assessment
acm_fellows.csv,"Kleinberg, Robert",2021,https://dblp.org/pid/k/RDKleinberg,Y,2026-09-17,supported,19b45161209ad0302187cb79bb6a2fe0028d984f3adb574667903e658edc7d66,../bigcows-crawler/.cache/dblp-refresh-2026-09-17-132635/safari/captures/018c7427b22845da19454c97976651a53bd3df785c75498abfc201efa25f242f-1789670593917668000.html,None; read-only assessment
acm_fellows.csv,"Lengauer, Thomas",2021,https://dblp.org/pid/l/TLengauer,Y,2026-09-17,supported,fdeabcf2decf379c9f6afd75b10f1fb09f0a3eb50f24510894c5a8658a9761aa,../bigcows-crawler/.cache/dblp-refresh-2026-09-17-132635/safari/captures/2826a9b2aca585887329126db7fb16fb1e136ae63c2cffd636ac4d2583531bb0-1789670718496061000.html,None; read-only assessment
acm_fellows.csv,"Li, Feifei",2021,https://dblp.org/pid/l/FeifeiLi,Y,2026-09-17,supported,f02d9ddad41ea58119dc4eb3c24d23473c807e5e8fd5aa01c4a45269835ba4db,../bigcows-crawler/.cache/dblp-refresh-2026-09-17-132635/safari/captures/7a5dba305d9f6865f5f509a298230a93d8b1c7d0a9a3424802dbca64cd06f160-1789670208979768000.html,None; read-only assessment
acm_fellows.csv,"Li, Hai",2021,https://dblp.org/pid/30/5330-1,Y,2026-09-19,supported,5fdd0fed956ef05f6482046408448d82ad7355565c105cbecbfbd84b51de48cd,../bigcows-crawler/.cache/dblp-gap-fill-2026-09-19-145403/safari/captures/91d2c19f35fc0734c0e106ade7590cd18ea1fdf9dca13b7975845624ed41fea3-1789844210654891000.html,None; read-only assessment
acm_fellows.csv,"Li, Ninghui",2021,https://dblp.org/pid/l/NinghuiLi,Y,2026-09-17,supported,78f7631c4578164bbf0b184fd60c2fe64fc6dc6e03eec94b4204d41ecc124914,../bigcows-crawler/.cache/dblp-refresh-2026-09-17-132635/safari/captures/6498a5774c28959f6e6c4f21d8c7f64246d3bf2c061d4e8e6852143c1c31183a-1789670467318392000.html,None; read-only assessment
acm_fellows.csv,"Liu, Tie-Yan",2021,https://dblp.org/pid/l/TieYanLiu,Y,2026-09-17,supported,c7046a3feca4d3fa06ac1c820f40525e8cb01a7002fe30c94cc1fd391b786d66,../bigcows-crawler/.cache/dblp-refresh-2026-09-17-132635/safari/captures/e0e087571ec60be70602f347f95944fd4cd9ef819b7d630681b29bd6ce2c5394-1789670734012450000.html,None; read-only assessment
acm_fellows.csv,"Marschner, Steve",2021,https://dblp.org/pid/m/StephenRMarschner,Y,2026-09-17,supported,cc069108cbb2d5f109031d998a625c88f9432c16b9a2aa6f7530c68b8399d976,../bigcows-crawler/.cache/dblp-refresh-2026-09-17-132635/safari/captures/73a77b182a6b1076d949d5e4fc78e95d82534c9312be646e5430c86e9c32f2ba-1789670663942226000.html,None; read-only assessment
acm_fellows.csv,"Mason, Matthew T",2021,https://dblp.org/pid/69/5537,Y,2026-09-17,supported,acd3db0d1c24d86599b3850993d8d025236cec8c7d520f553074edc31fe492cc,../bigcows-crawler/.cache/dblp-refresh-2026-09-17-132635/safari/captures/1f15069727ba756b25dceabc7199c0900028291feb4cae9f93d55a8df8aec703-1789670408594532000.html,None; read-only assessment
acm_fellows.csv,"Miller, Dale A",2021,https://dblp.org/pid/m/DaleMiller,Y,2026-09-17,supported,693f3c3fae08330fbd727102060cc2993036408df9afd160324c29d65505b8ee,../bigcows-crawler/.cache/dblp-refresh-2026-09-17-132635/safari/captures/c665873ba2f500c1281b69303593887072757e6014bee407e07636939d65af84-1789670132397709000.html,None; read-only assessment
acm_fellows.csv,"Mossel, Elchanan",2021,https://dblp.org/pid/m/EMossel,Y,2026-09-17,supported,12fd9821cecca59c999ae821bb9e6b01b6f8d8641f2eb9162d0193f5740fccae,../bigcows-crawler/.cache/dblp-refresh-2026-09-17-132635/safari/captures/02f2b602b8db966a086d8176b4cba5c180ff09a2c80bf4eda9198f3878b59659-1789670194068481000.html,None; read-only assessment
acm_fellows.csv,"Nebel, Bernhard",2021,https://dblp.org/pid/n/BernhardNebel,Y,2026-09-17,supported,3db9c196cfaf8f0f5d610fb5a88543e8162faf027061ab9e0502c8faec3012cb,../bigcows-crawler/.cache/dblp-refresh-2026-09-17-132635/safari/captures/37779399f29ea50019f86ef5018163a2e45753e077a8e1fa3deb4ab74f88ecdc-1789670109225497000.html,None; read-only assessment
acm_fellows.csv,"Ostrovsky, Rafail",2021,https://dblp.org/pid/o/RafailOstrovsky,Y,2026-09-17,supported,4d3c522c8ae81be8da3c9b580accbd150778ddebf8e07dfe5bb4fc4497fe6aa5,../bigcows-crawler/.cache/dblp-refresh-2026-09-17-132635/safari/captures/df68c2a7b2801ae1d549c830e58b18a3ec1ad68dba7536e0d9444fd1e7234a25-1789670569398838000.html,None; read-only assessment
acm_fellows.csv,"Ouaknine, Joel",2021,https://dblp.org/pid/55/4663,Y,2026-09-17,supported,94656d53b338c69be2ea3736cf1cc850d7c6f94395027fd17039dfb00790b158,../bigcows-crawler/.cache/dblp-refresh-2026-09-17-132635/safari/captures/ffceb53fb287c5506502cbe5be55d6cfab1cd572d0c81a3ab200532b55e61be8-1789670323921221000.html,None; read-only assessment
acm_fellows.csv,"Pan, David Z.",2021,https://dblp.org/pid/p/DavidZhigangPan,Y,2026-09-17,supported,7aef79c28a75f4fae4ca75e69364f76f66a151927901067f70bc10b97c3b826c,../bigcows-crawler/.cache/dblp-refresh-2026-09-17-132635/safari/captures/986779ea05340ab16f651df57ef8e41bd05879f0c73219559acb34c8aa1d9b76-1789670164192718000.html,None; read-only assessment
acm_fellows.csv,"Picard, Rosalind Wright",2021,https://dblp.org/pid/p/RWPicard,Y,2026-09-17,supported,b64ed7c852b5acc0d960f7d0621d83d05b5422abeb7ba98766eb6f679b5553d9,../bigcows-crawler/.cache/dblp-refresh-2026-09-17-132635/safari/captures/619a98acda08270a5003c6cb73372291ea96675cb9b4fe8902cdf0d37e916609-1789670601440590000.html,None; read-only assessment
acm_fellows.csv,"Qadeer, Shaz",2021,https://dblp.org/pid/q/ShazQadeer,Y,2026-09-17,supported,e3f33dc7ec51b539c15458783962d40edc532d77d59e98b1f7ec02d4fa6e7134,../bigcows-crawler/.cache/dblp-refresh-2026-09-17-132635/safari/captures/c546739bf3d0aa16122d449ab2b0b68d4310c79f41cb8b46158edf37c52c3aa7-1789670649206646000.html,None; read-only assessment
acm_fellows.csv,"Ricart, Glenn",2021,https://dblp.org/pid/54/1042,Y,2026-09-17,supported,0c2dda93f29ebaf517cf2aa45d7aab427fb58be63a0ebd32c2681217179ffb46,../bigcows-crawler/.cache/dblp-refresh-2026-09-17-132635/safari/captures/e508bcd335a11450dce461dc5abdea8446130c6f356722ec995b0eebcded1c13-1789670222894799000.html,None; read-only assessment
acm_fellows.csv,"Rosing, Tajana",2021,https://dblp.org/pid/s/TajanaSimunic,Y,2026-09-17,supported,e06346f0aecfd7092b8d8695252b9a2c0376cec9a358ae59a4e7ddecc1d7e813,../bigcows-crawler/.cache/dblp-refresh-2026-09-17-132635/safari/captures/0e51251ac4e6e727919c5f40b667da6fd3747bd070081b28f90bc9a0623185ed-1789670694187308000.html,None; read-only assessment
acm_fellows.csv,"Ross, Robert B",2021,https://dblp.org/pid/r/RBRoss,Y,2026-09-17,supported,2101fe30ab86833b15b2d0f26f9121579ce23163baa463fc471a657c6416db8d,../bigcows-crawler/.cache/dblp-refresh-2026-09-17-132635/safari/captures/feb7422eba104f087307d0b0cae10f9309361e31c24c8ee41bf7be0118d2d1ee-1789670586791268000.html,None; read-only assessment
acm_fellows.csv,"Rusinkiewicz, Szymon",2021,https://dblp.org/pid/61/5465,Y,2026-09-17,supported,02500b421a2b30cb977799723682b71703c4950a6d2cb2a044ae8b074660ef6b,../bigcows-crawler/.cache/dblp-refresh-2026-09-17-132635/safari/captures/b0c82051152600bfe4cd855e363188bfa12f2b8f1e13b2b153e10438f072e189-1789670686178860000.html,None; read-only assessment
acm_fellows.csv,"Samarati, Pierangela",2021,https://dblp.org/pid/s/PSamarati,Y,2026-09-17,supported,498d91309306484468a27da6b1c4b8119183de774263dafdc779dc91c36a786d,../bigcows-crawler/.cache/dblp-refresh-2026-09-17-132635/safari/captures/ba213bca4fc1529565ad399756349d9d5ef7875d42dc7f8fc79839a0664c31f0-1789670483891040000.html,None; read-only assessment
acm_fellows.csv,"Sarawagi, Sunita",2021,https://dblp.org/pid/s/SunitaSarawagi,Y,2026-09-17,supported,45688d6db00df464bf340b67e508900039c0fb278ba0d7dd8f390cb095037c6c,../bigcows-crawler/.cache/dblp-refresh-2026-09-17-132635/safari/captures/c2384e5219c2408034f6e64791b0b455562e4d866377f7883903daa2aa793bee-1789670671193828000.html,None; read-only assessment
acm_fellows.csv,"Schiele, Bernt",2021,https://dblp.org/pid/s/BerntSchiele,Y,2026-09-17,supported,c01f61a6d2ee4fa9eb235b4e721e65c5e54a5c2f170ac7e90de794daa520ddc9,../bigcows-crawler/.cache/dblp-refresh-2026-09-17-132635/safari/captures/212057ab97e12104bb9fcd93eb4e56e510f1d142f2cd67b7c3bfbcd4334b01e5-1789670117317582000.html,None; read-only assessment
acm_fellows.csv,"Shah, Mubarak Ali",2021,https://dblp.org/pid/s/MubarakShah,Y,2026-09-17,supported,ad8f52101ebbbb50e43394849fc1ca461fc9650d6e7a87a96885dfbbb03adbc1,../bigcows-crawler/.cache/dblp-refresh-2026-09-17-132635/safari/captures/abe9c29708fe806fad126e0b800b34010431238bfeac0ce01ec254702e9cf066-1789670442186518000.html,None; read-only assessment
acm_fellows.csv,"Sheffer, Alla",2021,https://dblp.org/pid/65/3735,Y,2026-09-17,supported,8787b932889f5de45562ea8768cff9c0dc25fc5598f6715b52561d8503d5316b,../bigcows-crawler/.cache/dblp-refresh-2026-09-17-132635/safari/captures/9b09457bd4504ff48f516dd8cfa15fa0cee837ea7afe4635579b1d696e9d684e-1789670054062519000.html,None; read-only assessment
acm_fellows.csv,"Singh, Munindar P.",2021,https://dblp.org/pid/s/MunindarPSingh,Y,2026-09-17,supported,ef782c2e91a4f67c42a234088ba4df49e9a452955e9fec76c31acb7c0e4a3e5b,../bigcows-crawler/.cache/dblp-refresh-2026-09-17-132635/safari/captures/26be160d8b66ee8162173a8f0e1bca08832dd0e0a837afd13a9d108e7b218fa9-1789670450880056000.html,None; read-only assessment
acm_fellows.csv,"Sistla, Aravinda P",2021,https://dblp.org/pid/s/APrasadSistla,Y,2026-09-17,supported,1274e9cfce1e6c8a44249b29db913170eb7adab4bb68d7ea6f70015e117f17f8,../bigcows-crawler/.cache/dblp-refresh-2026-09-17-132635/safari/captures/ae04818687067712702cb7b0dc8ebb1d5fab723f9fbeabe511a90d7b3f678418-1789670086228695000.html,None; read-only assessment
acm_fellows.csv,"Smolka, Scott",2021,https://dblp.org/pid/s/ScottASmolka,Y,2026-09-17,supported,8b46238e4ee92c18b9edb1e5459d8210085cc9a6adf972a9a214d32c90cdd99f,../bigcows-crawler/.cache/dblp-refresh-2026-09-17-132635/safari/captures/3574a07bfa9c33c98bca81b41bef351c81c5d325ba4a43f3cf4a1fe014fb4767-1789670642144444000.html,None; read-only assessment
acm_fellows.csv,"Tang, Jie",2021,https://dblp.org/pid/t/JieTang,Y,2026-09-17,supported,8d0dbdb18f130042a25d9dd16ba2df5c6a63c91d691c15a9cde3ec0476343619,../bigcows-crawler/.cache/dblp-refresh-2026-09-17-132635/safari/captures/2aff1cb2668ac663775c8912fe01f387ca79c0f7c065201ad9efb549a97e8654-1789670316489029000.html,None; read-only assessment
acm_fellows.csv,"Tehranipoor, Mark",2021,https://dblp.org/pid/t/MohammadTehranipoor,Y,2026-09-17,supported,f5fba21fafe55a95faba1603282b2124edc584c1d3dfa84b07f5c52efc98796e,../bigcows-crawler/.cache/dblp-refresh-2026-09-17-132635/safari/captures/2c765b949c2cf86eefe28ec8c46fef66b8916998b21e5c8569faee9426ac0ee4-1789670394475949000.html,None; read-only assessment
acm_fellows.csv,"Trevisan, Luca",2021,https://dblp.org/pid/t/LucaTrevisan,Y,2026-09-17,supported,dd7c6fe7f4d6b3d4b1f3dbd5c7e62fe1cd135de7dbd89c1a8caf72021b99f690,../bigcows-crawler/.cache/dblp-refresh-2026-09-17-132635/safari/captures/f89b0ef68c48efb1b26e29c930c66911a209684d850f611babaa74cee85b3da4-1789670379582694000.html,None; read-only assessment
acm_fellows.csv,"Wang, Wenping",2021,https://dblp.org/pid/49/4096-1,Y,2026-09-18,supported,3fbae91269833bce7ac72eaa3528713df6d7a1009936c6876f233d7b1996cb54,../bigcows-crawler/.cache/dblp-missing-web-2026-09-17-203211/safari/captures/af460892b18302b559b09177ac9f6668143d1968982007fa5e87033ba3beda12-1789691891752688000.html,None; read-only assessment
acm_fellows.csv,"Waters, Brent",2021,https://dblp.org/pid/w/BrentWaters,Y,2026-09-17,supported,e53ef37bc45e7113cd4aa4b0b599e6e767f5c5db5cd501538c3336a58b9b4a44,../bigcows-crawler/.cache/dblp-refresh-2026-09-17-132635/safari/captures/771242a564e7d85b2a9428ff7e9cde18a775a7524f05974677ffde793a9d8b48-1789670125523032000.html,None; read-only assessment
acm_fellows.csv,"White, Ryen W",2021,https://dblp.org/pid/w/RyenWWhite,Y,2026-09-17,supported,be40f0cd646862458e09c32c6d4122741e41b9974f12ee599108cc1910dd7162,../bigcows-crawler/.cache/dblp-refresh-2026-09-17-132635/safari/captures/a7fe2af7a7e7a757c5a6c78a4b0fc3dd8cf713243c9f042726379862010e5e5e-1789670634883828000.html,None; read-only assessment
acm_fellows.csv,"Wobbrock, Jacob Otto",2021,https://dblp.org/pid/18/6907,Y,2026-09-17,supported,41e065c6f5d5777b8c8750a977af4a91858b51373b460a2ec6163ed358647c1a,../bigcows-crawler/.cache/dblp-refresh-2026-09-17-132635/safari/captures/8b21af027bcdd2d7dfecf0ee1d1b18d92d8b4b32417335392c684d47e5f5bbd3-1789670307511735000.html,None; read-only assessment
acm_fellows.csv,"Xie, Tao",2021,https://dblp.org/pid/x/TaoXie,Y,2026-09-17,supported,106f407681292d766b4855b46652d69245d5988aee148abf986683bf814143ac,../bigcows-crawler/.cache/dblp-refresh-2026-09-17-132635/safari/captures/652a5cfa9688f8ec55ae6ce66dbd6c93537a992eed5b786f88f8a7835ca9ba67-1789670710503491000.html,None; read-only assessment
acm_fellows.csv,"Yang, Ming-Hsuan",2021,https://dblp.org/pid/79/3711,Y,2026-09-17,supported,e0a78ff990401f759ef72f216072a3589741f455a9e12d4867c8418121f4160e,../bigcows-crawler/.cache/dblp-refresh-2026-09-17-132635/safari/captures/f2d690e5da62c62c354c784f8ea8b00f1960c60fbbcff1d189ce29e8cd623cfb-1789670425676574000.html,None; read-only assessment
acm_fellows.csv,"Zaki, Mohammed",2021,https://dblp.org/pid/z/MohammedJaveedZaki,Y,2026-09-17,supported,9f012b8b28951bb412c2413d159abdfe4170eea7b77f8e2499cca9bb9791a8fa,../bigcows-crawler/.cache/dblp-refresh-2026-09-17-132635/safari/captures/65789f2c63eaa23344a5514ee4ea772bf843a426d1991c6ee29dfca259b0b6cd-1789670432600646000.html,None; read-only assessment
acm_fellows.csv,"Zhao, Ben",2021,https://dblp.org/pid/z/BenYZhao,Y,2026-09-17,supported,d53b295b80e01a25f5605b4a963c4e2e18b56295e42cd241408861a8c7128195,../bigcows-crawler/.cache/dblp-refresh-2026-09-17-132635/safari/captures/54b20ad62029cc403b2dd37a9603850f488e9ad299abefc116b98335c8ef2a6a-1789670102269536000.html,None; read-only assessment
acm_fellows.csv,"Zhong, Lin",2021,https://dblp.org/pid/27/2552-1,Y,2026-09-17,supported,b6b4ae6351d623560f3b6b84dda4aa77511f825d89367909b825bb14494adc7a,../bigcows-crawler/.cache/dblp-refresh-2026-09-17-132635/safari/captures/d698f346b9742e7a889932490b042e1d10493e5eaba179b4f9286e5423cba3bd-1789670364129446000.html,None; read-only assessment
acm_fellows.csv,"Zilberstein, Shlomo",2021,https://dblp.org/pid/z/ShlomoZilberstein,Y,2026-09-17,supported,6e5eb344cfa85c1b6d94fc2b6e3ae1cf0bc565118b90c4bb4b0c9be5a0a80f6c,../bigcows-crawler/.cache/dblp-refresh-2026-09-17-132635/safari/captures/39e3de9fbba92915eaecf6f69b2a77f107f5c190f1b122dd62cbf54a313a2715-1789670656531788000.html,None; read-only assessment
acm_fellows.csv,"Zimmermann, Thomas",2021,https://dblp.org/pid/19/3622-1,Y,2026-09-17,supported,f7877fa53ecb982cd50df4f242508434d92e3a2ccdb04dc6ff4c60956533e71c,../bigcows-crawler/.cache/dblp-refresh-2026-09-17-132635/safari/captures/689a787a333a365ba4d784168ccfc2acf10a6c48b66421aa73e68fc4c736a872-1789670726153291000.html,None; read-only assessment
acm_fellows.csv,"Abadi, Daniel J",2020,https://dblp.org/pid/a/DJAbadi,Y,2026-09-17,supported,1035b3f6fb3bde963556c318d7bbb3353061e6fa5babed6742dc9c40a9bf9830,../bigcows-crawler/.cache/dblp-refresh-2026-09-17-132635/safari/captures/b0018f69cac199e800058c1437b53a3b1531f8f10deb7d1b3c95381f58503634-1789670980558767000.html,None; read-only assessment
acm_fellows.csv,"Allan, James",2020,https://dblp.org/pid/10/4537,Y,2026-09-17,supported,cbf905a9b8170b7bf59c3357f7501e97e7fd8e77ee216a176d3190d41df7cdb2,../bigcows-crawler/.cache/dblp-refresh-2026-09-17-132635/safari/captures/d15f5b0997226e0a55e9647516d987e630384dcf064aa8bd55393f41bec9a098-1789671147156146000.html,None; read-only assessment
acm_fellows.csv,"Aluru, Srinivas",2020,https://dblp.org/pid/a/SAluru,Y,2026-09-17,supported,6036523f7e6e21cd33700b22c146125193113c2fd2ce2a1cc5bb2f6ed6d0ae98,../bigcows-crawler/.cache/dblp-refresh-2026-09-17-132635/safari/captures/9b18dfd533fee44f1689c0e1a8549be497795aecb82c409fa80ffe9afc15a55b-1789671658390721000.html,None; read-only assessment
acm_fellows.csv,"Arpaci-Dusseau, Andrea",2020,https://dblp.org/pid/a/AndreaCArpaciDusseau,Y,2026-09-17,supported,30640565c8a8996bd23f871a140d7cef46a1deb61634b1d67db347abf09a2edc,../bigcows-crawler/.cache/dblp-refresh-2026-09-17-132635/safari/captures/0ee9fa30b1662d01fcd0043d115077c5ef549079aa6c932db85f3c3c216504c9-1789670888870719000.html,None; read-only assessment
acm_fellows.csv,"Arpaci-Dusseau, Remzi",2020,https://dblp.org/pid/a/RemziHArpaciDusseau,Y,2026-09-17,supported,4978c93c8ca6e3600217668f643da4d942f851bb71dd0c6a2d169f83d038002d,../bigcows-crawler/.cache/dblp-refresh-2026-09-17-132635/safari/captures/fe5ab19b78d4d8e529c7af54bd1c2be72b1262a5de4e800d76722d5e313c8ac5-1789671529965188000.html,None; read-only assessment
acm_fellows.csv,"Banerjee, Suman",2020,https://dblp.org/pid/345/5455-1,Y,2026-09-19,supported,36793189038adc437470b4963481fc2ca5a595e3f6701d601b44cb8b2b198b45,../bigcows-crawler/.cache/dblp-gap-fill-2026-09-19-145403/safari/captures/3909a1c9de0b4dcbb49004b07b47690352fe256781592c16ffc6292da85eafa8-1789844218339966000.html,None; read-only assessment
acm_fellows.csv,"Blum, Manuel",2020,https://dblp.org/pid/b/ManuelBlum,Y,2026-09-17,supported,d0928c3d5f506cfce0680075db33422e9fb91fb6e5a2bdd2e10ea8d5df16d51c,../bigcows-crawler/.cache/dblp-refresh-2026-09-17-132635/safari/captures/7fa0405632c040afb243b7197492f9c612229e695dae283f447d9b6e19451f98-1789671275546837000.html,None; read-only assessment
acm_fellows.csv,"Briand, Lionel",2020,https://dblp.org/pid/93/1501,Y,2026-09-17,supported,a57df3064cb90b1e9b39cdb24b567d55cf5c5db1f5d896a8023841277b54c9d6,../bigcows-crawler/.cache/dblp-refresh-2026-09-17-132635/safari/captures/43557883f54205e8230e5e1cb804effba1a80d2e52e9c6398a30a285e708d146-1789671243091072000.html,None; read-only assessment
acm_fellows.csv,"Brooks, David",2020,https://dblp.org/pid/30/135,Y,2026-09-17,supported,57e033b10c5e3737efd02dcd36a47db7cb2c5086eabfecfa374d560a93391d64,../bigcows-crawler/.cache/dblp-refresh-2026-09-17-132635/safari/captures/ebbd00c689b44bdfbbedbfbc536a90075dcbb202883034c9e5b432c229c7017d-1789670993731855000.html,None; read-only assessment
acm_fellows.csv,"Canetti, Ran",2020,https://dblp.org/pid/c/RanCanetti,Y,2026-09-17,supported,c0bc2c1440e56ad63ade19e7500722207f24b6a1d6d0609a8abb35ff07175f34,../bigcows-crawler/.cache/dblp-refresh-2026-09-17-132635/safari/captures/767de97527bfd662161b51de5f0060055bc2cc9f58f1eabeb4c1a492fc6c18fe-1789671514077468000.html,None; read-only assessment
acm_fellows.csv,"Canny, John",2020,https://dblp.org/pid/c/JohnFCanny,Y,2026-09-17,supported,9c2cda31514b79dba63565bb0a4d8560f1130895c316cc43d90dde39405ffb25,../bigcows-crawler/.cache/dblp-refresh-2026-09-17-132635/safari/captures/b073694eca19bc3fd9694dc60e47697a14e45253e2e21d1df2845a42d29ca498-1789671162539752000.html,None; read-only assessment
acm_fellows.csv,"Chandrakasan, Anantha",2020,https://dblp.org/pid/c/AnanthaChandrakasan,Y,2026-09-17,supported,e7e0fe3e952dbc17cb1123f75c767b4d83ebd2697452204701e6e7eb16e44e1e,../bigcows-crawler/.cache/dblp-refresh-2026-09-17-132635/safari/captures/32a9cb180f99f1a9b0684838e85e8c4752bf6ad8c34ddb94dd70cf36b17bda53-1789670881915291000.html,None; read-only assessment
acm_fellows.csv,"Chang, Yao-Wen",2020,https://dblp.org/pid/c/YaoWenChang,Y,2026-09-17,supported,6ba67a612a42e54f20b3cc9f4b78590171e7cc7defa23de2066e19fcce9fbfeb,../bigcows-crawler/.cache/dblp-refresh-2026-09-17-132635/safari/captures/2a5e05251708bc79127d9abd9e31fb6af0944512d9d97c3c65b4c02297632258-1789671774648862000.html,None; read-only assessment
acm_fellows.csv,"Charikar, Moses",2020,https://dblp.org/pid/c/MosesCharikar,Y,2026-09-17,supported,ed30e0516c9f68d20989a9553982c1d31d92249680cf37055f6952479547d8b2,../bigcows-crawler/.cache/dblp-refresh-2026-09-17-132635/safari/captures/d0c6c7d79ed111e65f17d6208d4f5e663fca893e51e76e7312d895882f0f095e-1789671423984279000.html,None; read-only assessment
acm_fellows.csv,"Chen, Yiran",2020,https://dblp.org/pid/80/1641,Y,2026-09-17,supported,61a211b556e32df2e90c884f6f266b17a3d60613f6e6b427d22695f89703145d,../bigcows-crawler/.cache/dblp-refresh-2026-09-17-132635/safari/captures/60b893eea16288407a9b69078ae33d238e02ff57a12aa46962feddfbfe16e887-1789671783773978000.html,None; read-only assessment
acm_fellows.csv,"Cormode, Graham R.",2020,https://dblp.org/pid/c/GrahamCormode,Y,2026-09-17,supported,3a866c843806305159afc59d38dcc054c3ce5a8908c7de93caa3a2e8e22b3e8b,../bigcows-crawler/.cache/dblp-refresh-2026-09-17-132635/safari/captures/50cff7909c7ee6179a3c779790b8cd3e8dd827c13dfc924dc203fbf16f6c9227-1789671036954835000.html,None; read-only assessment
acm_fellows.csv,"Cousot, Patrick",2020,https://dblp.org/pid/c/PCousot,Y,2026-09-17,supported,75cefb4cb8039825b89776f186f2bf690b5c378e4de119d84274597b62492639,../bigcows-crawler/.cache/dblp-refresh-2026-09-17-132635/safari/captures/64d2dacc42d16e0455bcbf7cca12642c67a9f7a6442df64ebd3d78aa5038af2b-1789671476618522000.html,None; read-only assessment
acm_fellows.csv,"Desbrun, Mathieu",2020,https://dblp.org/pid/93/1994,Y,2026-09-17,supported,eec382222edfbaa99b9e28008c1a48c1034ee937c25ec06965bcda54f7f0737a,../bigcows-crawler/.cache/dblp-refresh-2026-09-17-132635/safari/captures/65730bf3b721a25c9e2c82e7124785fdf4e327062f66e728bdf100c1a68a0697-1789671297868637000.html,None; read-only assessment
acm_fellows.csv,"Diffie, Whitfield",2020,https://dblp.org/pid/93/2898,Y,2026-09-17,supported,97fcadd611f96966470cda2184965cf570c4cec09c6d0c0a31405e526d44af6a,../bigcows-crawler/.cache/dblp-refresh-2026-09-17-132635/safari/captures/da43be7cb2b182afbd5ef72ea345471c8d97f80bc684660a94acb36722ba5851-1789671749343400000.html,None; read-only assessment
acm_fellows.csv,"Dorr, Bonnie J",2020,https://dblp.org/pid/d/BonnieJDorr,Y,2026-09-17,supported,1f60bdfe03ff0e19ca43545a737966a047364b6f59d22022fd71d496b3c58535,../bigcows-crawler/.cache/dblp-refresh-2026-09-17-132635/safari/captures/488ea014a9103eebd92075d62633079016fc6a577bd51c5de53578c75175c6af-1789670929677208000.html,None; read-only assessment
acm_fellows.csv,"Duffield, Nicholas",2020,https://dblp.org/pid/d/NickGDuffield,Y,2026-09-18,supported,2a98514f8e2bf3a0839479c17fde52d88fe804269be209643f6844ecf9094550,../bigcows-crawler/.cache/dblp-missing-web-2026-09-17-203211/safari/captures/b78b9a405b55bce232b1d233ca681fadfe35df047ea42b8cb235ca86a05401bc-1789691906533187000.html,None; read-only assessment
acm_fellows.csv,"Edelman, Alan",2020,https://dblp.org/pid/79/4166,Y,2026-09-17,supported,3a01e903b5559a869a2716a893ec9535db599ebe9bccc3a9681dadf94151d39a,../bigcows-crawler/.cache/dblp-refresh-2026-09-17-132635/safari/captures/734b775a5e025e6979eff8f6b42ae0dadc0aaa28e701e8c28080d873da483b75-1789670866990509000.html,None; read-only assessment
acm_fellows.csv,"Eiter, Thomas",2020,https://dblp.org/pid/e/TEiter,Y,2026-09-17,supported,893ca665bf08fafa4e440889c47650a5bd09d87c50a7cb6340f7fb079f92825b,../bigcows-crawler/.cache/dblp-refresh-2026-09-17-132635/safari/captures/e63de66ebf8d142d36be05cf0bb587e440982bd8ba15c7b764aab10ad6bc9649-1789671709606599000.html,None; read-only assessment
acm_fellows.csv,"Flanagan, Cormac",2020,https://dblp.org/pid/f/CormacFlanagan,Y,2026-09-17,supported,f74f32a3b444c4d169b5bbad1232bcb68d2c26fd0b88b29a43227af1f5c54e8c,../bigcows-crawler/.cache/dblp-refresh-2026-09-17-132635/safari/captures/27bd9faadf0f4e7ea356b083bfbb990d1d8e6ce863ff39768829b48fb0526aca-1789670974115424000.html,None; read-only assessment
acm_fellows.csv,"Forlizzi, Jodi",2020,https://dblp.org/pid/46/4227,Y,2026-09-17,supported,6f2df78ed24f1d0ca2f0f794c93bc6fc1edabe3cf213973cc2596a2ee77c8432,../bigcows-crawler/.cache/dblp-refresh-2026-09-17-132635/safari/captures/9be3f85bcfd5458366a22a2360fccdac3bd48420f666b45515b2f2b44ad5a627-1789671155380433000.html,None; read-only assessment
acm_fellows.csv,"Fox, Dieter",2020,https://dblp.org/pid/f/DieterFox,Y,2026-09-17,supported,46c8d5595458636389eab22b36eb005eff43e704a9ee564463b4da5dfcbc2fbd,../bigcows-crawler/.cache/dblp-refresh-2026-09-17-132635/safari/captures/124d1f786b028ee895917ed366575089a268afd6d256f4cccd207ab3aad36a23-1789671014618590000.html,None; read-only assessment
acm_fellows.csv,"Ghemawat, Sanjay",2020,https://dblp.org/pid/g/SGhemawat,Y,2026-09-17,supported,199723c12e4578229eb8256270bed521ddc5d0c31acb7c43e72d6e786e180ba2,../bigcows-crawler/.cache/dblp-refresh-2026-09-17-132635/safari/captures/db700404c1b0fd2da5940bd3983fac98cb05ff1d7f7c6bd3b82ccd7f997c3071-1789671561049315000.html,None; read-only assessment
acm_fellows.csv,"Gonzalez, Antonio",2020,https://dblp.org/pid/g/AntonioGonzalez1,Y,2026-09-17,supported,6ce23f9f2a3618f191e1471246099166d27fec3531504a23c5ee46b2c3dc38ae,../bigcows-crawler/.cache/dblp-refresh-2026-09-17-132635/safari/captures/83418bc9b8e914d498957d3416b4915ebf31645d0f9040f8ac786613e7d0c68a-1789670913647194000.html,None; read-only assessment
acm_fellows.csv,"Gordon, Andrew D.",2020,https://dblp.org/pid/g/AndrewDGordon,Y,2026-09-17,supported,5fda5fa0eec74f76bdb0ea87e3105b73f8baea0b5b70db04ad4844a82c85006b,../bigcows-crawler/.cache/dblp-refresh-2026-09-17-132635/safari/captures/e90e8630210712a78f299944f4e4c583c6a89c6f015d5a973a55995ee24bdbd6-1789670897096026000.html,None; read-only assessment
acm_fellows.csv,"Gribble, Steven",2020,https://dblp.org/pid/g/StevenDGribble,Y,2026-09-17,supported,b8002738bc6c90803ae5a309b97211f08b2b5c35038fe92c8b2f8cd782930e73,../bigcows-crawler/.cache/dblp-refresh-2026-09-17-132635/safari/captures/e0e64580670f3f07e49df6c3d80c4db61055a8f00eca40b0c7cbede619d1835b-1789671664892638000.html,None; read-only assessment
acm_fellows.csv,"Hambrusch, Susanne E",2020,https://dblp.org/pid/h/SusanneSHambrusch,Y,2026-09-17,supported,a79a5009877eb3001cd2a82c2142e84331721ec3d5e9a6dd4ec520abf7930b43,../bigcows-crawler/.cache/dblp-refresh-2026-09-17-132635/safari/captures/536f9819b79e78414fad900ff0cdade20d60dc263a3f17be9d9ef969500375e3-1789671694417323000.html,None; read-only assessment
acm_fellows.csv,"Hellman, Martin",2020,https://dblp.org/pid/h/MartinEHellman,Y,2026-09-17,supported,8e01c48e45c80b4c9117df2538b8574611229ac81eff7ef2b1bc8b879bdf93d6,../bigcows-crawler/.cache/dblp-refresh-2026-09-17-132635/safari/captures/5b3727d09d0a6817a3bc78d6fcc5891dbf823436b718186c7eb83097575c06ca-1789671282075640000.html,None; read-only assessment
acm_fellows.csv,"Higham, Nicholas",2020,https://dblp.org/pid/99/756,Y,2026-09-17,supported,3a4f33b1e4cd8cdf7ce8592effcbeab2bf803113d0b36f373fea1c3aeeed1f1c,../bigcows-crawler/.cache/dblp-refresh-2026-09-17-132635/safari/captures/5e72032d8233cc6cb4abab4d7f8dff7e572c74df016a8bf9382da2e319eaa8ae-1789671452879585000.html,None; read-only assessment
acm_fellows.csv,"Hoare, C. Antony R.",2020,https://dblp.org/pid/h/CARHoare,Y,2026-09-17,supported,ddcb80852abcbfe35c0f9752bab3f35cbd982314ac33385e1ec4c67326650ea0,../bigcows-crawler/.cache/dblp-refresh-2026-09-17-132635/safari/captures/c52a4229f81fd614f781255c0b8ee2deabf8656503646776e5fdddf5547ae7d3-1789670945324769000.html,None; read-only assessment
acm_fellows.csv,"Hoos, Holger H.",2020,https://dblp.org/pid/h/HolgerHHoos,Y,2026-09-17,supported,606a3f7f2169058e934c640a99b5a188832aa81417754f51a830495c0a824540,../bigcows-crawler/.cache/dblp-refresh-2026-09-17-132635/safari/captures/aa82a6ba49ac4926df715a60de0151226edfc43dc3ed674eed777bc2ed6ccb28-1789671133093947000.html,None; read-only assessment
acm_fellows.csv,"Ilyas, Ihab F.",2020,https://dblp.org/pid/i/IhabFIlyas,Y,2026-09-17,supported,e6738fa956ff7b095af5dd52c5582aac4055b615237069940fa04c45e6c8d660,../bigcows-crawler/.cache/dblp-refresh-2026-09-17-132635/safari/captures/ccfaf31790a6965da7ab1ebd0c855954054efca650d6f69c2a0b58fecb9f2b42-1789671139885942000.html,None; read-only assessment
acm_fellows.csv,"John, Lizy Kurian",2020,https://dblp.org/pid/j/LizyKurianJohn,Y,2026-09-17,supported,5080035f63db4ea8dd228b95867e4483a0c599344a913094b210ea1fa7db8f46,../bigcows-crawler/.cache/dblp-refresh-2026-09-17-132635/safari/captures/9b87d2b983f9ebb8378d54301cc9937b7fef5b1576ebf81734647bd969c41d0c-1789671250707335000.html,None; read-only assessment
acm_fellows.csv,"Katoen, Joost-Pieter",2020,https://dblp.org/pid/k/JoostPieterKatoen,Y,2026-09-17,supported,b369748d7d21ce36b5723d40281bc4592f046ffbffeea14a909bb104fbf52ff4,../bigcows-crawler/.cache/dblp-refresh-2026-09-17-132635/safari/captures/06045cd4f16b6fca83e4285a3f865b7a23477923399917eab1c427157f3336d4-1789671171480754000.html,None; read-only assessment
acm_fellows.csv,"Kim, Nam Sung",2020,https://dblp.org/pid/18/1402,Y,2026-09-19,supported,073ee9a3af5c8c7161c5d17ad1682cc7149d4b353f0ddffc669317f7638d2504,../bigcows-crawler/.cache/dblp-gap-fill-2026-09-19-145403/safari/captures/fcadd028ec37e0e11616125f6303ffbebc8e7f5b77882edd8207843e2b56c081-1789844181850879000.html,None; read-only assessment
acm_fellows.csv,"Koenig, Sven",2020,https://dblp.org/pid/k/SvenKoenig,Y,2026-09-17,supported,c8c33f1faea41e5a8f1fea63d628d3310ec3065034e9f27a63ee8c69b9227daf,../bigcows-crawler/.cache/dblp-refresh-2026-09-17-132635/safari/captures/45a6aa2f9237ba106c3bc3051b2e735a3ff40e87e47e8dac0412d4e97f340003-1789671701669431000.html,None; read-only assessment
acm_fellows.csv,"Kotz, David",2020,https://dblp.org/pid/k/DavidKotz,Y,2026-09-17,supported,2876ed934714d25b3b39597b52705e1139a405f5965938e79f46895591c3379f,../bigcows-crawler/.cache/dblp-refresh-2026-09-17-132635/safari/captures/f1daf81e1f4a62766ec734aed271577f003e3454e990ebc224b2fd666ea78fe2-1789671000389554000.html,None; read-only assessment
acm_fellows.csv,"Krishnamurthy, Arvind",2020,https://dblp.org/pid/k/AKrishnamurthy,Y,2026-09-17,supported,2b9b0e09e956c3964717fe15cb875890444426ce868ad5d5e41dba8534350172,../bigcows-crawler/.cache/dblp-refresh-2026-09-17-132635/safari/captures/af90bdead8ae74b37447968d97d77954d6407497dc4237d30fa6d0b5ad1991a0-1789670921737024000.html,None; read-only assessment
acm_fellows.csv,"Kumar, Ravi",2020,https://dblp.org/pid/k/RaviKumar,Y,2026-09-19,supported,0e452e42c4366e87bcf7de2745a5b12da1a2678f332df59e51a388f561d89df8,../bigcows-crawler/.cache/dblp-gap-fill-2026-09-19-145403/safari/captures/3b85975e88e2075ba013ec32e5eecc0ed80746dc8c0304f20588dcb5932fb664-1789844596234312000.html,None; read-only assessment
acm_fellows.csv,"Levine, Brian",2020,https://dblp.org/pid/l/BrianNeilLevine,Y,2026-09-19,supported,6b6fe7c4736011d35987999bbf74110803a21f01752db0ab1470c20763d7c02c,../bigcows-crawler/.cache/dblp-gap-fill-2026-09-19-145403/safari/captures/5797ea22190631f4828bf8d7173ffce4930d54bd399a23ab779255d0b0ec6ff2-1789844685549192000.html,None; read-only assessment
acm_fellows.csv,"Leyton-Brown, Kevin",2020,https://dblp.org/pid/81/1149,Y,2026-09-17,supported,c0a1c1fca5c517f3acb20b5bd5f971cdfa499cbed146203f3de99b71d50214d8,../bigcows-crawler/.cache/dblp-refresh-2026-09-17-132635/safari/captures/d0633b2dc91c7175eb3634625c0bbcf0ee4e0d0f42d398cb9b11b9d82454d355-1789671203058998000.html,None; read-only assessment
acm_fellows.csv,"LI, Xuelong",2020,https://dblp.org/pid/l/XuelongLi,Y,2026-09-18,supported,fbef3afd53461bf313596b6d4d4227e424f88e1f2313b61a226cdf39658e3f4c,../bigcows-crawler/.cache/dblp-missing-web-2026-09-17-203211/safari/captures/6e37278025ad3318b3c793017511f9d339e304cf6ddda9d743e6cacb81fd7aa2-1789691916522851000.html,None; read-only assessment
acm_fellows.csv,"Low, Steven H.",2020,https://dblp.org/pid/l/StevenHLow,Y,2026-09-17,supported,e9ebd7422a4208d53c3fea3f1e5c220169a50ba967d3c564d300adb4dbd0a4fe,../bigcows-crawler/.cache/dblp-refresh-2026-09-17-132635/safari/captures/19405951c58ea22313807a5d27278153d6325afdd45852d000bed9892270cfba-1789671672696918000.html,None; read-only assessment
acm_fellows.csv,"Lu, Chenyang",2020,https://dblp.org/pid/88/683,Y,2026-09-19,supported,6aa7c7adf68979ea290713b5105b63b4ef7f3ab0b1375e211e846f55beab33d4,../bigcows-crawler/.cache/dblp-gap-fill-2026-09-19-145403/safari/captures/baaa43616d45e44fdf298b61e5e2ec7706fd9c231246ce2587d994aa4ad5cd1e-1789844434489313000.html,None; read-only assessment
acm_fellows.csv,"Madden, Samuel",2020,https://dblp.org/pid/m/SamuelMadden,Y,2026-09-17,supported,ffa03abd5ef33cb61748ea9460ea107d389b47581c91fd29c533fa2d1dd5c904,../bigcows-crawler/.cache/dblp-refresh-2026-09-17-132635/safari/captures/6c0ab097ebe5e1a2f0237548e498aa79c4c69e207d62e98b7244d2bcd854f6a0-1789671554011020000.html,None; read-only assessment
acm_fellows.csv,"Mahlke, Scott",2020,https://dblp.org/pid/m/SAMahlke,Y,2026-09-17,supported,b8b8a2da90ae7815db0a6f3643fc39a7637265b39a09d74c8bae765741a66b0a,../bigcows-crawler/.cache/dblp-refresh-2026-09-17-132635/safari/captures/6894fb9b138bbfab5fea16c81041e767b185a2f9dec5331d2d91394e7236be53-1789671576331739000.html,None; read-only assessment
acm_fellows.csv,"Maltz, David",2020,https://dblp.org/pid/65/1459,Y,2026-09-17,supported,d6a5f37a6feb6df7d6ade0ffa0d4595d34cd753d21dcfab8b17c990c0102a266,../bigcows-crawler/.cache/dblp-refresh-2026-09-17-132635/safari/captures/1cfead3a3aaf7456a2caa6bbb596a62d6aeb5326f3daf672ed007966a8a9157c-1789671007362644000.html,None; read-only assessment
acm_fellows.csv,"Markl, Volker",2020,https://dblp.org/pid/m/VMarkl,Y,2026-09-17,supported,23751b926dca8010acc9e8e511392b3afc803a268ffdffbbd8c10f4f9e3567a2,../bigcows-crawler/.cache/dblp-refresh-2026-09-17-132635/safari/captures/ff6e7d4144cbacac8a95de2c86a68e7099df3c3ee71fab1f3428601fc7e199ab-1789671726859010000.html,None; read-only assessment
acm_fellows.csv,"Mataric, Maja",2020,https://dblp.org/pid/37/5216,Y,2026-09-18,supported,145b66e4a39eb86a0b650882e7bcff8de85fa271d217deb250153485cc686f21,../bigcows-crawler/.cache/dblp-missing-web-2026-09-17-203211/safari/captures/07dc739cfa1254bff0a59e6819c53710a89164788f8b6c6e3a00b0ba6cb77891-1789691899059558000.html,None; read-only assessment
acm_fellows.csv,"Menczer, Filippo",2020,https://dblp.org/pid/79/3056,Y,2026-09-17,supported,f7a27bad77f6d7fd3503852e0e15935fbfa234693a5f8af7cb1df0a627ab4362,../bigcows-crawler/.cache/dblp-refresh-2026-09-17-132635/safari/captures/835386b4e7101f3d07acaaf60a5070cb6ebc8b06189943dfa66fcdd95334a8c0-1789671022333699000.html,None; read-only assessment
acm_fellows.csv,"Meseguer, Jose",2020,https://dblp.org/pid/m/JoseMeseguer,Y,2026-09-17,supported,cab9da2248a52da72e90ed2efeb269b4689d63e78f223ff4210909d676586d35,../bigcows-crawler/.cache/dblp-refresh-2026-09-17-132635/safari/captures/c73f4cdb7d8dc2ad1482cbd279c47d15090d24da76e5d99231e28f4b83efbfd7-1789671179593970000.html,None; read-only assessment
acm_fellows.csv,"Morris, Meredith Ringel",2020,https://dblp.org/pid/m/MeredithRingelMorris,Y,2026-09-17,supported,923328fc7dd3a95c21e6f41163e2bb25beebaa7244266538a785d56facff39c6,../bigcows-crawler/.cache/dblp-refresh-2026-09-17-132635/safari/captures/728a583560171fa15a7217286cdd04ad08ea07765f16c8e670d72ef7b4b2b345-1789671313054465000.html,None; read-only assessment
acm_fellows.csv,"Nagappan, Nachiappan",2020,https://dblp.org/pid/91/1758,Y,2026-09-17,supported,560a1b0b9846a2e3376c14e12192444cd32acaa56fa7e156f67234bca74c6e64,../bigcows-crawler/.cache/dblp-refresh-2026-09-17-132635/safari/captures/d653d1d985eff01dab21e3de3781198c805d2c12d527bbd30de5a7de9f4515e7-1789671431648836000.html,None; read-only assessment
acm_fellows.csv,"Nagpal, Radhika",2020,https://dblp.org/pid/84/5637,Y,2026-09-17,supported,11d3178646891875f4260f5eb6e9afbfa3b47b6b751fe0aeeedd27b74e99cfbc,../bigcows-crawler/.cache/dblp-refresh-2026-09-17-132635/safari/captures/507792fcfa037f7387a40230263bc9cd9008c474b9d98d9e509d1ae5dc5312f4-1789671505849006000.html,None; read-only assessment
acm_fellows.csv,"Naor, Moni",2020,https://dblp.org/pid/n/MoniNaor,Y,2026-09-17,supported,31bbd76f7fa5ce031fa0f2dafa7100cc7571361e8608211a2d0ca9d1e3b6b294,../bigcows-crawler/.cache/dblp-refresh-2026-09-17-132635/safari/captures/197224eaa485293eb557562c4ffbb23f8759998785e4d9664cef09496502325d-1789671416032880000.html,None; read-only assessment
acm_fellows.csv,"Narayanaswami, Chandra",2020,https://dblp.org/pid/91/3542,Y,2026-09-17,supported,b0b54ac2492eb3b7146bba30796fb3235bfc12a5e27a4d9a8e8a349d7d1606e2,../bigcows-crawler/.cache/dblp-refresh-2026-09-17-132635/safari/captures/742deccc0720b582fb6b75ae10c5d7076a4987cf23b1e8b17ffdfb68e808f997-1789670960163483000.html,None; read-only assessment
acm_fellows.csv,"Noh, Sam H.",2020,https://dblp.org/pid/81/970,Y,2026-09-17,supported,5a559351aa55d09f367cfa8085a0d63eed3df8793ff14adec271a4ec564f3c0d,../bigcows-crawler/.cache/dblp-refresh-2026-09-17-132635/safari/captures/7c444b3ad136d958599416e8047d98d68634e93a4c4bd0cd599d48ab90b04a58-1789671546104292000.html,None; read-only assessment
acm_fellows.csv,"Panangaden, Prakash",2020,https://dblp.org/pid/p/PPanangaden,Y,2026-09-17,supported,8f3a873c6fe087283f95aabfb5596366b07f2b88febe91dcb6107ee551f94c4d,../bigcows-crawler/.cache/dblp-refresh-2026-09-17-132635/safari/captures/3155ca215a5ee1737c643498f48f7330085e197d771373ccc050f9951e8ba7ea-1789671499364849000.html,None; read-only assessment
acm_fellows.csv,"Panchanathan, Sethuraman",2020,https://dblp.org/pid/31/6591,Y,2026-09-17,supported,433752a7af42864ed402e1c1ef3f36b30255abf5f0273a836cb6904951c07233,../bigcows-crawler/.cache/dblp-refresh-2026-09-17-132635/safari/captures/f3c8cd67bd1986f02bd699d8447a9b58b2156b8c76a5cfa1bd1134f257d11ace-1789671583657320000.html,None; read-only assessment
acm_fellows.csv,"Parashar, Manish",2020,https://dblp.org/pid/p/ManishParashar,Y,2026-09-17,supported,4805f13416865098e4abe978a2243919c63f6d01f2244ef1e72ec0910cb9dc90,../bigcows-crawler/.cache/dblp-refresh-2026-09-17-132635/safari/captures/8d1ea2d52efe3231cae3254436e3c8cdcabb75c53d6c729fa51c6c97b4fc5bed-1789671267433693000.html,None; read-only assessment
acm_fellows.csv,"Parhi, Keshab K.",2020,https://dblp.org/pid/p/KeshabKParhi,Y,2026-09-17,supported,0a158406342b97ae1827a7bb6997988abd913e8956533b32393cc31cf812f72d,../bigcows-crawler/.cache/dblp-refresh-2026-09-17-132635/safari/captures/11eaa19b323bfc342e34fbd89a2106480dcfe1787e5894acf7929d371cb3391e-1789671195274229000.html,None; read-only assessment
acm_fellows.csv,"Park, Haesun",2020,https://dblp.org/pid/78/5322,Y,2026-09-19,supported,b780d18f9d61ac8ba5af3f606d2df64d26daf90abbe099653de15d09866da06e,../bigcows-crawler/.cache/dblp-gap-fill-2026-09-19-145403/safari/captures/8e51372e8820a27a4af0208dd4bf0450e22c1cad4436b1789f32bd397cd578bb-1789844322724365000.html,None; read-only assessment
acm_fellows.csv,"Plotkin, Gordon",2020,https://dblp.org/pid/p/GordonDPlotkin,Y,2026-09-17,supported,967ea40e27dbf68480c27c733c34cac647accec5cf2fc3e2de78ae3f672c3b52,../bigcows-crawler/.cache/dblp-refresh-2026-09-17-132635/safari/captures/7f1394eb7b17459728fbccf1b1f18a944994e802f35e47d2a13bdbbdbe67d349-1789671029961208000.html,None; read-only assessment
acm_fellows.csv,"Rabin, Michael O.",2020,https://dblp.org/pid/r/MORabin,Y,2026-09-17,supported,e46582ebef062f503279b2f394cf7b34847d29338399834fbc535766007ef111,../bigcows-crawler/.cache/dblp-refresh-2026-09-17-132635/safari/captures/ae6cd584b7b3c0c84ac023ecc9ed9495b6e6d02c246d83a55d4ccbfc46ba2d25-1789671406920506000.html,None; read-only assessment
acm_fellows.csv,"Ren, Kui",2020,https://dblp.org/pid/20/6179-1,Y,2026-09-17,supported,39005592dfada91cd147e81fd6b7320f3e5d50b2c5b8aab467a8988f866c9cf7,../bigcows-crawler/.cache/dblp-refresh-2026-09-17-132635/safari/captures/84e84c7a1d2b0935f672282e2671d6749e3994cce6f2240301fffbfeabab0a6f-1789671210991942000.html,None; read-only assessment
acm_fellows.csv,"Resnick, Paul",2020,https://dblp.org/pid/r/PaulResnick,Y,2026-09-17,supported,632cef0993876e6759f895240e76a5157f82f0cbfa82873b76417fbc4ae4822c,../bigcows-crawler/.cache/dblp-refresh-2026-09-17-132635/safari/captures/2c9deb8945b0c295dfd2a66b075d00a8883c759e2b55391b0be59f30374c055e-1789671483899989000.html,None; read-only assessment
acm_fellows.csv,"Rosson, Marybeth",2020,https://dblp.org/pid/r/MBRosson,Y,2026-09-17,supported,a0972f089ffe777eb899d49ebab89bdab3cc6bf1ca7667e01ac781d3effda7dd,../bigcows-crawler/.cache/dblp-refresh-2026-09-17-132635/safari/captures/a19ffdb124e672f395d2dcc9a721f0276e52cbeeb79e67e8cb8e408a71d3aa0a-1789671290635342000.html,None; read-only assessment
acm_fellows.csv,"Salzberg, Steven",2020,https://dblp.org/pid/s/StevenSalzberg,Y,2026-09-17,supported,d6e39cf09d43d1d36a244b8fd8d51fffb7e2416a404835cd09cf0467f86d8e4d,../bigcows-crawler/.cache/dblp-refresh-2026-09-17-132635/safari/captures/bead46be0f0ae68d6f1797b323b108fbf397974b16a1434b9920b19fa9282bca-1789671679486191000.html,None; read-only assessment
acm_fellows.csv,"Seshia, Sanjit Arunkumar",2020,https://dblp.org/pid/s/SanjitASeshia,Y,2026-09-17,supported,cbac51141f109d83c10b7a4bf81b38444f7931b0f2634f244ad69fd71f47366d,../bigcows-crawler/.cache/dblp-refresh-2026-09-17-132635/safari/captures/358e482e3a390fdc823cb6cba47f7a63182d2014a5f2febf0f54a91bcf84fb52-1789671568908552000.html,None; read-only assessment
acm_fellows.csv,"Shamir, Adi",2020,https://dblp.org/pid/s/AdiShamir,Y,2026-09-17,supported,5aa2744966e9d556e2cf9dd10cbe01a67caa6ee8c8bbdc8742f6b5822f3092c1,../bigcows-crawler/.cache/dblp-refresh-2026-09-17-132635/safari/captures/53ce1295b289b161496d9ae314fcc50b52fd1df2ba81acf0282c3d32f22cfc96-1789670780950983000.html,None; read-only assessment
acm_fellows.csv,"Shen, Heng Tao",2020,https://dblp.org/pid/s/HTShen,Y,2026-09-17,supported,65e0c7c73edc009aded3c71bf237db89dcc2ef3b4c6258f2bbd36328be0908f1,../bigcows-crawler/.cache/dblp-refresh-2026-09-17-132635/safari/captures/2f799a9ad925f8df5a4b4729d3a3d5a30a027d225f7e54e461f12c8a2c828af0-1789671051590139000.html,None; read-only assessment
acm_fellows.csv,"Sheth, Amit",2020,https://dblp.org/pid/s/AmitPSheth,Y,2026-09-19,supported,d22e37040f0d7858b09be4c92c66e783298f3ac57dd2b1402096d1f8bec70fc0,../bigcows-crawler/.cache/dblp-gap-fill-2026-09-19-145403/safari/captures/9eef6fa3ce61d86f341a48bf715d9da91674c4afa3e6ab0b85ad620520919f8d-1789844841521730000.html,None; read-only assessment
acm_fellows.csv,"Smith, Adam",2020,https://dblp.org/pid/04/5072,Y,2026-09-19,supported,1944421979e8389bf34566fa4de09a37a1c491f7fed351a19072a4f723ceed83,../bigcows-crawler/.cache/dblp-gap-fill-2026-09-19-145403/safari/captures/5cb234ebd9f1c809d7a8cecba9987d1d2052c0e6d4505559c7060b073fb18da7-1789844104747965000.html,None; read-only assessment
acm_fellows.csv,"Sorkine-Hornung, Olga",2020,https://dblp.org/pid/s/OlgaSorkine,Y,2026-09-17,supported,bcd9109026d601eb1fc9ef3bf5ead0ad6ec3163c2ac4be6d1456c51d25c00445,../bigcows-crawler/.cache/dblp-refresh-2026-09-17-132635/safari/captures/041f2729d31c92dfb9fdedfa91dfede98cae2347d3893949e3a4e64a74563100-1789671461350257000.html,None; read-only assessment
acm_fellows.csv,"Stevens, Rick",2020,https://dblp.org/pid/s/RickLStevens,Y,2026-09-17,supported,318d97623993b111e97dec6b0a1f2c8edc1b4703a8c635403255e7e49efbd7d3,../bigcows-crawler/.cache/dblp-refresh-2026-09-17-132635/safari/captures/d03f103301fda33bcc013d43677086ddbc8dbc9c9a5bb0652d3a43bb7aa36f99-1789671537962651000.html,None; read-only assessment
acm_fellows.csv,"Stone, Peter",2020,https://dblp.org/pid/s/PeterStone,Y,2026-09-17,supported,6c67f4116ddb2d4eb9ae75e54b33be7c3decbdd886e7ae1bc28d7201225aca29,../bigcows-crawler/.cache/dblp-refresh-2026-09-17-132635/safari/captures/6b2d29052442dd267b684325e2e2cfed413243d84f85a105bad9380a46fa299e-1789671491966673000.html,None; read-only assessment
acm_fellows.csv,"Tao, Yufei",2020,https://dblp.org/pid/t/YufeiTao,Y,2026-09-17,supported,d8d1a07a5550e8a87811805f855801a3cd8d50dae2b6959971c1d3ae9d4ecca6,../bigcows-crawler/.cache/dblp-refresh-2026-09-17-132635/safari/captures/ea917319cc83710828a0e0c883e4da2a13566b5719480961826586459c4ec853-1789671792171721000.html,None; read-only assessment
acm_fellows.csv,"Tassiulas, Leandros",2020,https://dblp.org/pid/03/3843,Y,2026-09-17,supported,7444c73abc8bf91d662ae3bbd3831f4c11867de6dfaf752b98be858bb3c53849,../bigcows-crawler/.cache/dblp-refresh-2026-09-17-132635/safari/captures/a3fcad57a65c1b851e02537a4b5c77084a2d74278aa0f21d5547daba44ea9060-1789671235197701000.html,None; read-only assessment
acm_fellows.csv,"Thompson, Kenneth Lane",2020,https://dblp.org/pid/t/KenThompson,Y,2026-09-17,supported,8a2728252e48877796376e1fdd9970ac19648daff7ebe5df35db253c6040faa7,../bigcows-crawler/.cache/dblp-refresh-2026-09-17-132635/safari/captures/c620780b78444b29fd0d5d89cdbaa6e0aa28e14398ce547c457e4bb1eb2db1ad-1789671187723441000.html,None; read-only assessment
acm_fellows.csv,"Tomkins, Andrew",2020,https://dblp.org/pid/t/ATomkins,Y,2026-09-17,supported,b36ecb9eddf158f1c18b1fe11bddea05a104bf48f3a70c96da9d09517c898708,../bigcows-crawler/.cache/dblp-refresh-2026-09-17-132635/safari/captures/caaba878173e6fb2120ff9ed70ca17815c7edf385f96e5346f3e5a4cf13faf7e-1789670904989499000.html,None; read-only assessment
acm_fellows.csv,"Troyanskaya, Olga",2020,https://dblp.org/pid/09/2486,Y,2026-09-17,supported,e48d069b9aa818e8df358e48818f75a3430f986aa1c9189e0970eb607ceadb99,../bigcows-crawler/.cache/dblp-refresh-2026-09-17-132635/safari/captures/410d5ae6c802b06aef4b63a7c9c0bd362fd5641664dc910a72b37393296bdd22-1789671468975898000.html,None; read-only assessment
acm_fellows.csv,"Turk, Matthew A",2020,https://dblp.org/pid/61/3381,Y,2026-09-17,supported,913eea501448b1863228066585723cf4695eb242ca776715e57a85f39f6bf542,../bigcows-crawler/.cache/dblp-refresh-2026-09-17-132635/safari/captures/7bf3b066755b09447969eaf66f37c783927892060d9aedfa1f9d50b9203148ec-1789671304563943000.html,None; read-only assessment
acm_fellows.csv,"Van Der Aalst, Wil",2020,https://dblp.org/pid/a/WilMPvanderAalst,Y,2026-09-17,supported,e4ca458ad966bb3c22e2e11232bdfca943b542a331486f103e2971520f4e071b,../bigcows-crawler/.cache/dblp-refresh-2026-09-17-132635/safari/captures/625be273c54b860ba3e2d0471a9bbcf4e22d24bb54cbeac89cb28e47491d6897-1789671759029500000.html,None; read-only assessment
acm_fellows.csv,"Walsh, Toby",2020,https://dblp.org/pid/86/2576,Y,2026-09-17,supported,f9bec75473c61526c9faa8447626356ac4979ecac80331e2c7879fede148c1dc,../bigcows-crawler/.cache/dblp-refresh-2026-09-17-132635/safari/captures/d866bbdb495235007baf46067da8bb2c33ee4b71c8a141d336546ac126cd59ee-1789671717659668000.html,None; read-only assessment
acm_fellows.csv,"Wang, Wei",2020,https://dblp.org/pid/w/WeiWang,Y,2026-09-19,supported,aee6035ad46a2c5a39366e2decfc4497cb6438118fecd069116bef201e10f973,../bigcows-crawler/.cache/dblp-gap-fill-2026-09-19-145403/safari/captures/5819428cab80df3cd4ec5ee2996c598a528aabfd57e2230f7a224796e482b7dc-1789844977647772000.html,None; read-only assessment
acm_fellows.csv,"Williams, Laurie Ann",2020,https://dblp.org/pid/w/LaurieAWilliams,Y,2026-09-17,supported,793faa47027052e5a2df1d04adcf32da22400b8c7a1b772813b1cf22d61694dc,../bigcows-crawler/.cache/dblp-refresh-2026-09-17-132635/safari/captures/a8010a74aa41424d4091963e74dc0aa92bdb83625607db89a0aef44613147a5b-1789671225970214000.html,None; read-only assessment
acm_fellows.csv,"Wu, Cathy H",2020,https://dblp.org/pid/w/CathyHWu,Y,2026-09-17,supported,25606e1eb7dce033a8661a9553691f751a3015ddc79f191e6b35fba101211ad0,../bigcows-crawler/.cache/dblp-refresh-2026-09-17-132635/safari/captures/0fe019665d81bc6ba82781fd185a10bafd655ac4155e0c6d9ec5ddc5e0e624b6-1789670952194459000.html,None; read-only assessment
acm_fellows.csv,"Yan, Shuicheng",2020,https://dblp.org/pid/y/ShuichengYan,Y,2026-09-17,supported,1df3c75c7bf86374029f41a041347ddf8b277e68a4c44ba7efe7b2667cf62285,../bigcows-crawler/.cache/dblp-refresh-2026-09-17-132635/safari/captures/df90fdb09adbab6c0151f3b7944747129373c77ba85fa3513d23bb6b17734766-1789671592756349000.html,None; read-only assessment
acm_fellows.csv,"Yi, Wang",2020,https://dblp.org/pid/y/WangYi,Y,2026-09-17,supported,bf704b2978ae5388fbedd0b04a496f43d0b5525dfa8f9d48a8a045f6a302df89,../bigcows-crawler/.cache/dblp-refresh-2026-09-17-132635/safari/captures/ffe237887b61a942a38e653f9bd55ecc099087ce3de09c90cfe359a488a52b2f-1789671734860179000.html,None; read-only assessment
acm_fellows.csv,"Zhou, Kun",2020,https://dblp.org/pid/48/3927-1,Y,2026-09-17,supported,2fb5c61159f8737ce48754c3a9c49adc57601a629b7166dc9fff6c260bbef7e2,../bigcows-crawler/.cache/dblp-refresh-2026-09-17-132635/safari/captures/a62a6c63df387fef98b872e29f73828f0175b8ecf8e0465fab178a347c07d2f1-1789671218710797000.html,None; read-only assessment
acm_fellows.csv,"Zyda, Michael J",2020,https://dblp.org/pid/z/MichaelZyda,Y,2026-09-17,supported,66f97fde5106b26ea18fcc6ed7a1bf61e874c77eee41435c7fe09ee97ffbeb9c,../bigcows-crawler/.cache/dblp-refresh-2026-09-17-132635/safari/captures/0256a17eebed1d0c3c7ceda9c41f9b4c29993774601f48c6dee000bcd6db61ee-1789671321120368000.html,None; read-only assessment
acm_fellows.csv,"Aaronson, Scott J",2019,https://dblp.org/pid/56/1358,Y,2026-09-17,supported,2e8040d8bb664fb76bf0893fff8dfc055592b9e68d66fabc73264cfde3e472f9,../bigcows-crawler/.cache/dblp-refresh-2026-09-17-132635/safari/captures/9cd98100680d9bbcf7b83e0c83b5bc2e2576dc05f07dc8c86a138f0b08bc6b93-1789675663168990000.html,None; read-only assessment
acm_fellows.csv,"Abdelzaher, Tarek",2019,https://dblp.org/pid/a/TarekFAbdelzaher,Y,2026-09-17,supported,17840a24a3e8057b183726da9771a82c143207a90bdbd79522b5dfd5688290d4,../bigcows-crawler/.cache/dblp-refresh-2026-09-17-132635/safari/captures/64e78190e2425fdc346b76b5d8826db187698f1c1f78164f4a7bef6bc0f58f39-1789675714610695000.html,None; read-only assessment
acm_fellows.csv,"Amarasinghe, Saman",2019,https://dblp.org/pid/a/SPAmarasinghe,Y,2026-09-17,supported,588662d3b09da7c4443e4c7b20774f2bad75a9bdc4c8d2c91de8e9beec829ca4,../bigcows-crawler/.cache/dblp-refresh-2026-09-17-132635/safari/captures/d1b96dc012852ab5b60288ee9952cb005a6c0945ad10fcc9674377bae8a66d39-1789675656240010000.html,None; read-only assessment
acm_fellows.csv,"Bala, Kavita",2019,https://dblp.org/pid/b/KavitaBala,Y,2026-09-17,supported,e8c0db016088abfaf975dd623fccf09643f62fbe1eae94715f23700e8906e478,../bigcows-crawler/.cache/dblp-refresh-2026-09-17-132635/safari/captures/c87091c01b36d97199228c5e3f6a21884fc64590e42baeaf401c7310528254d8-1789675398800150000.html,None; read-only assessment
acm_fellows.csv,"Balazinska, Magdalena",2019,https://dblp.org/pid/b/MagdalenaBalazinska,Y,2026-09-17,supported,b0f4b65d75ba60f6843c300a9c55abf545c650485b6fb6f8b3dbbbeaeb699dc4,../bigcows-crawler/.cache/dblp-refresh-2026-09-17-132635/safari/captures/b5abc0d0822c3af18e126dfea832ffc15622f7feb4b35d6d2ebc72231dade553-1789675423364051000.html,None; read-only assessment
acm_fellows.csv,"Beame, Paul",2019,https://dblp.org/pid/b/PaulBeame,Y,2026-09-17,supported,99e0fb65f9a36affa087a28939ea72096247b808b38ec1462fa00af502d26221,../bigcows-crawler/.cache/dblp-refresh-2026-09-17-132635/safari/captures/a0ccdd7b3132f15b9caa0bc5a735eca7e6b8b0d3f838c06bc80534cd98aadcfc-1789675583363947000.html,None; read-only assessment
acm_fellows.csv,"Berger, Emery David",2019,https://dblp.org/pid/98/4487,Y,2026-09-17,supported,73073cea964ddc8cb8b87ab28bcf0466f92ea58dd715c5a67b9424dcea95fdb7,../bigcows-crawler/.cache/dblp-refresh-2026-09-17-132635/safari/captures/96e1554ba22da154fdd0dfb8812ca1ae7a1c5d1c0a7f07ad8078d9735db24532-1789675353436956000.html,None; read-only assessment
acm_fellows.csv,"Boisvert, Ronald F",2019,https://dblp.org/pid/83/1418,Y,2026-09-17,supported,d4ea91819e06559b31af103a5db1ced5065465eb4ee51fe2d306f3d2b723ea56,../bigcows-crawler/.cache/dblp-refresh-2026-09-17-132635/safari/captures/54f9055913ca1491be698ee5bb71c517f8373da1317a67d06448e89d7db5a50e-1789675641336561000.html,None; read-only assessment
acm_fellows.csv,"Cachin, Christian",2019,https://dblp.org/pid/c/ChristianCachin,Y,2026-09-17,supported,9073385f07e65ad2020efc5a7875fa47abc96712ee676db8b652cb5ba44a68f5,../bigcows-crawler/.cache/dblp-refresh-2026-09-17-132635/safari/captures/cea49f5c4ccdeadf6fc19142b01db58ca4881cf1bff05e70eead94b667163e7e-1789671820597776000.html,None; read-only assessment
acm_fellows.csv,"Calder, Bradley G",2019,https://dblp.org/pid/c/BradCalder,Y,2026-09-17,supported,c935db3f2052a57fcdd6d0c5b7edb2ab35d5f15907711147369f8b69a6a2f48e,../bigcows-crawler/.cache/dblp-refresh-2026-09-17-132635/safari/captures/cbf0cd0f038085c501562e9760cd8252b6853b8b528bd3ac00fb1df56082b9de-1789671805826329000.html,None; read-only assessment
acm_fellows.csv,"Calvanese, Diego",2019,https://dblp.org/pid/c/DiegoCalvanese,Y,2026-09-17,supported,323748e30402f0b1633ae634535d0473fdf493670a40449d631b9bb70cb8fba7,../bigcows-crawler/.cache/dblp-refresh-2026-09-17-132635/safari/captures/d1f376524664a0955982421d3f7ca665bd40c1082d10f6f102dcd18aaa6c3b47-1789671947819613000.html,None; read-only assessment
acm_fellows.csv,"Capkun, Srdjan",2019,https://dblp.org/pid/51/1639,Y,2026-09-17,supported,ea751b7f79a06f2f11c692232ceec59b6b18374f533e63da38b302895d5f7215,../bigcows-crawler/.cache/dblp-refresh-2026-09-17-132635/safari/captures/dce32ac48c06e26bed3eab5a51dec08076a049fa2c60f8b56ed0e456d2e348d8-1789675685682660000.html,None; read-only assessment
acm_fellows.csv,"Cardie, Claire",2019,https://dblp.org/pid/c/ClaireCardie,Y,2026-09-17,supported,2af2170dab720bd1a45f39a121c115ecff8516d29ee5e0ad8455a19d55f93555,../bigcows-crawler/.cache/dblp-refresh-2026-09-17-132635/safari/captures/1edffb4e26d15bc5af7d5791045baaf9d04ee1616343c30d1af9f7fbcba21a8a-1789671828865720000.html,None; read-only assessment
acm_fellows.csv,"Chan, Timothy",2019,https://dblp.org/pid/60/3556,Y,2026-09-19,supported,be2b35b7020871119f3a1e48a3300d08aaea3a12d036ecc7422a36f6e11b5d43,../bigcows-crawler/.cache/dblp-gap-fill-2026-09-19-145403/safari/captures/460b7ad4c5c7c751d8f5ba7e7ee2a187192afa79b58ab31af03f0f9ca7033f32-1789844277926431000.html,None; read-only assessment
acm_fellows.csv,"Chandy, Kanianthra Mani",2019,https://dblp.org/pid/c/KManiChandy,Y,2026-09-17,supported,29e73f7eeb5f70cc2c67ca91cdc61c2e6854cccba8fca14581571cec8aece2ad,../bigcows-crawler/.cache/dblp-refresh-2026-09-17-132635/safari/captures/8727a97157b4005264da3ddfd9b7687794761e6e7d08968e16f6594162d09e18-1789675392203349000.html,None; read-only assessment
acm_fellows.csv,"Chen, Xilin",2019,https://dblp.org/pid/c/XilinChen,Y,2026-09-17,supported,fdb4324d178f54be2bdb5972c6807d83c3a7529570bd87935b4cf5c3fb2b73e3,../bigcows-crawler/.cache/dblp-refresh-2026-09-17-132635/safari/captures/770660bd3b0c327adf545b82cf17d61e9df0d5eae39f85f8c1b7ea6ea77d4777-1789675760732850000.html,None; read-only assessment
acm_fellows.csv,"Churchill, Elizabeth Frances",2019,https://dblp.org/pid/99/3360,Y,2026-09-17,supported,b90267c211b0f382cfb4a0650c000197265230a9d5d825eadd986bb9dee3cf7b,../bigcows-crawler/.cache/dblp-refresh-2026-09-17-132635/safari/captures/369adc37f773eb4753e3b79faaee37759b9ef3cc762e0e533a89a5451a6e5441-1789675345601720000.html,None; read-only assessment
acm_fellows.csv,"Cohen, Philip R",2019,https://dblp.org/pid/69/1786,Y,2026-09-17,supported,6fdbf3e1438095356e6b1b29dd12646392e49eb22bddf957f772dbc26a14bb55,../bigcows-crawler/.cache/dblp-refresh-2026-09-17-132635/safari/captures/ff4d200bfe736937207c24ee6e2ed71f3ceb70aab4044d1b684a5a8d885ef354-1789675599474195000.html,None; read-only assessment
acm_fellows.csv,"Conitzer, Vincent",2019,https://dblp.org/pid/c/VincentConitzer,Y,2026-09-17,supported,741e51fb4925b194261754f3f146f32282e798623926285205dbecc08ced92f8,../bigcows-crawler/.cache/dblp-refresh-2026-09-17-132635/safari/captures/e5a8701322462d23c1c3318e24695081bca7f36a0a8dbfd11b6d5dba8dfc3ffa-1789675737472967000.html,None; read-only assessment
acm_fellows.csv,"Contractor, Noshir",2019,https://dblp.org/pid/84/4114,Y,2026-09-17,supported,70a0f74a682cd6a5a7c42f13d2981dc7edf4f03f6db4c0d57f29350d8b384988,../bigcows-crawler/.cache/dblp-refresh-2026-09-17-132635/safari/captures/80799f40e7cd539b58122dc16f10d0f11641d85a4496d2557ec3804e44e3c588-1789675576845493000.html,None; read-only assessment
acm_fellows.csv,"Dwyer, Matthew B",2019,https://dblp.org/pid/d/MatthewBDwyer,Y,2026-09-17,supported,5c69a47b76aa8452b00b2943985f016237676014c1de4f7b8deeefa5f62d7828,../bigcows-crawler/.cache/dblp-refresh-2026-09-17-132635/safari/captures/f4214013f795ec3923b18dd0877bab47fc20fd0b7f65f9f35044aec191548bb4-1789675446713522000.html,None; read-only assessment
acm_fellows.csv,"Ferrari, Elena",2019,https://dblp.org/pid/389/7043-1,Y,2026-09-17,supported,e53de15c63ec0d36c9d733fed8cf916491796447c31d1e21e9bcbcb217fba047,../bigcows-crawler/.cache/dblp-refresh-2026-09-17-132635/safari/captures/65069a8d4b1ecd3f233def9139b97cc9e435116c385b1ba5fa63f13775a2cbe7-1789671955363747000.html,None; read-only assessment
acm_fellows.csv,"Freedman, Michael J.",2019,https://dblp.org/pid/65/1370,Y,2026-09-17,supported,ce6950e8a231055ab46a7bc935fcf11dce9de62ae167a242c8052db89a46bc10,../bigcows-crawler/.cache/dblp-refresh-2026-09-17-132635/safari/captures/cb942727367f3532006a4d8b277019c960e68c0f7a5487c8fd7246a72ebffc2c-1789675454314034000.html,None; read-only assessment
acm_fellows.csv,"Frincke, Deborah",2019,https://dblp.org/pid/01/2316,Y,2026-09-17,supported,03efbae253c8085f0b138c05e2bea6d06f07cc9db8f4f8b43edfda98d36e2d53,../bigcows-crawler/.cache/dblp-refresh-2026-09-17-132635/safari/captures/2270678e78ea03bdf3e7ecc90472241b8b8e8be5b702b8ed8e9e6f28ccaa2bee-1789671932632538000.html,None; read-only assessment
acm_fellows.csv,"Getoor, Lise",2019,https://dblp.org/pid/g/LiseGetoor,Y,2026-09-17,supported,25950492814afdec0219917a893a2c355ce5a1c1389ec2239181abdb2a5810f0,../bigcows-crawler/.cache/dblp-refresh-2026-09-17-132635/safari/captures/b4bc3281cf13dab480e0d39cce21691fdaf6bf5aa9a214e6496ca9335f846631-1789675415173168000.html,None; read-only assessment
acm_fellows.csv,"Gini, Maria L",2019,https://dblp.org/pid/g/MariaLGini,Y,2026-09-17,supported,6bef4bab6c23f802f01b774ff74f0d8d00626962ab4f311a923d29233b65a8ac,../bigcows-crawler/.cache/dblp-refresh-2026-09-17-132635/safari/captures/2d8469c2c9fd10a0e426224b2a8be465758db65f6fe643a40d98b4265513cabe-1789675438264915000.html,None; read-only assessment
acm_fellows.csv,"Kambhampati, Subbarao",2019,https://dblp.org/pid/k/SKambhampati,Y,2026-09-17,supported,f72d576a4daf7058b771f687ce446681e00d040a6aafa8f37b827784426274de,../bigcows-crawler/.cache/dblp-refresh-2026-09-17-132635/safari/captures/44fb02729c120f9382af3faee4f07ef85b8ace25841fe46514f15b85ae943121-1789675700571301000.html,None; read-only assessment
acm_fellows.csv,"Kolda, Tamara G",2019,https://dblp.org/pid/45/6474,Y,2026-09-17,supported,7d84f75e4dd1f4c3623c2c960a96dd033f802dd8de59d38aabdf5072a6e1830c,../bigcows-crawler/.cache/dblp-refresh-2026-09-17-132635/safari/captures/d8ce7724784c39f4fd6b1a4c4e0e826fd2797c7c7b09df5e7e9b54bb34dd6740-1789675707030044000.html,None; read-only assessment
acm_fellows.csv,"Li, Xiangyang",2019,https://dblp.org/pid/l/XiangYangLi,Y,2026-09-17,supported,1fb980aa3d3a31f5c4185af779e0c0854343867599daa258ce73197f88346f3d,../bigcows-crawler/.cache/dblp-refresh-2026-09-17-132635/safari/captures/bca61df8ef7b1105f044a64a694f1d66fbf2243f5e20b65ffc85d9dfae857535-1789675752164996000.html,None; read-only assessment
acm_fellows.csv,"Lu, Songwu",2019,https://dblp.org/pid/55/758,Y,2026-09-17,supported,7baf2c48aebc4a7beeabd4d34e3ba6371a464ab63bda2208cf6906f1100eb450,../bigcows-crawler/.cache/dblp-refresh-2026-09-17-132635/safari/captures/3b46d7ec530146e5fe03b1be147294c5796269e0251e21221343f8ff517daacf-1789675678420009000.html,None; read-only assessment
acm_fellows.csv,"Mackay, Wendy Elizabeth",2019,https://dblp.org/pid/m/WendyEMackay,Y,2026-09-17,supported,79595120df4858db61383a7669d977c240d8487ee04488c9394c4b096fbcc88a,../bigcows-crawler/.cache/dblp-refresh-2026-09-17-132635/safari/captures/1e244df3320661e790790b2746985a89ccd2a2c93af3c6778d80ca9a44abe986-1789675744305974000.html,None; read-only assessment
acm_fellows.csv,"Marculescu, Diana",2019,https://dblp.org/pid/59/2715,Y,2026-09-17,supported,69352f23303fda9e535a4c4d4d1f5277cfc34091c86935ef1f9df592172dc451,../bigcows-crawler/.cache/dblp-refresh-2026-09-17-132635/safari/captures/e99b48f17707ba44fb725e8e0f0f430c39249716a244aafc6281933974954d64-1789671940589364000.html,None; read-only assessment
acm_fellows.csv,"McIlraith, Sheila",2019,https://dblp.org/pid/66/3221,Y,2026-09-17,supported,c01b4de650101a9cdbd7f38c50179399e4bc498a81d7811e0fab215edb1096a9,../bigcows-crawler/.cache/dblp-refresh-2026-09-17-132635/safari/captures/9f73f76017268b4b9f84856e172ee4baf770915f3e5d0ed5f5e88b0f74697e70-1789675670099217000.html,None; read-only assessment
acm_fellows.csv,"Mihalcea, Rada",2019,https://dblp.org/pid/m/RadaMihalcea,Y,2026-09-17,supported,cbde3732677b6210f219b09ce73a65ac7651ce3fc9352877033b5bba57023747,../bigcows-crawler/.cache/dblp-refresh-2026-09-17-132635/safari/captures/dd75ae10c55a4d437e2b727433b962e397a855f124852fdcd24d11974c644086-1789675616120083000.html,None; read-only assessment
acm_fellows.csv,"Murphy, Robin R",2019,https://dblp.org/pid/71/3442,Y,2026-09-17,supported,228e29f9e1a3c032e52d9eae6232d3afe3ecfbca5fe94b5d2d41c7fb42258acf,../bigcows-crawler/.cache/dblp-refresh-2026-09-17-132635/safari/captures/8b990fb0b08782b512a156368a6187734e1f1729276f46ef2456d3ef29c88edc-1789675633904817000.html,None; read-only assessment
acm_fellows.csv,"Najork, Marc",2019,https://dblp.org/pid/n/MarcNajork,Y,2026-09-17,supported,7a7a4b42dbd84d2d3b44e988ff6a50e6f56fdddce7429bc34cfd6a249e781d80,../bigcows-crawler/.cache/dblp-refresh-2026-09-17-132635/safari/captures/6c393006d0a0dab3edf3653dbb9eea5841d864c967b982a52e72f9878a1bf1ca-1789675431640616000.html,None; read-only assessment
acm_fellows.csv,"Nieh, Jason",2019,https://dblp.org/pid/n/JasonNieh,Y,2026-09-17,supported,5b74346805dc851842793ffc39bcdb87543adc180540a33e967dd0df34eca205,../bigcows-crawler/.cache/dblp-refresh-2026-09-17-132635/safari/captures/5d5bb25d2fa6cca8d8195df9f3fb1cf88eb699ad9c314a849815fda3324a20d3-1789675376712666000.html,None; read-only assessment
acm_fellows.csv,"Pfister, Hanspeter",2019,https://dblp.org/pid/p/HanspeterPfister,Y,2026-09-17,supported,8f37aa5efb74719fa29e76e0e252a0b684a4d1e6fd4c06f207b0def034e13e50,../bigcows-crawler/.cache/dblp-refresh-2026-09-17-132635/safari/captures/4ef271c0204cee7b6586dff874879af962f35a18ab4437cdffe31f3c9ee676e5-1789675368689344000.html,None; read-only assessment
acm_fellows.csv,"Pinkston, Timothy",2019,https://dblp.org/pid/10/2904,Y,2026-09-17,supported,6ac1817d345a7291d5e7ee8532cc51f59cce4e6a7ee174810d71cc6c38c1a7a4,../bigcows-crawler/.cache/dblp-refresh-2026-09-17-132635/safari/captures/02cad45d6a674fd70c10c610a76c6f98953406c69afbde5901105648b02a878e-1789675729160441000.html,None; read-only assessment
acm_fellows.csv,"Pop, Mihai",2019,https://dblp.org/pid/p/MihaiPop,N,2026-09-19,existing_N,877b62d659a52a61f0efd815927b514e60a18a5bb623be3af5533e022da80957,../bigcows-crawler/.cache/dblp-gap-fill-2026-09-19-145403/safari/captures/340ffb182eace8ed09f3ab9f1b2f5290cebc15af9fa9ee2c03d4e948709248ff-1789844778933808000.html,None; read-only assessment
acm_fellows.csv,"Reuter, Andreas",2019,https://dblp.org/pid/r/AReuter,Y,2026-09-17,supported,ae4ceef7f675e91ce59ef6af2a55410c359bd2f6bf3ecb3d750bdc94c2f727ac,../bigcows-crawler/.cache/dblp-refresh-2026-09-17-132635/safari/captures/f78f4665e77abcf70cbb8aa3dfa29f68ce142bb2ff6e999f5cb5d11890462e85-1789671798716991000.html,None; read-only assessment
acm_fellows.csv,"Rosenschein, Jeffrey S",2019,https://dblp.org/pid/r/JeffreySRosenschein,Y,2026-09-17,supported,fb1e313f0b5a1cbb7ece190e9ad264718e30d0b7b19403ada8596033941aeed3,../bigcows-crawler/.cache/dblp-refresh-2026-09-17-132635/safari/captures/8b397b4399f8b4dfebf48eb9c90e8b85d132f2624b0d489a41a871e535be6bf8-1789675385012874000.html,None; read-only assessment
acm_fellows.csv,"Seshan, Srinivasan",2019,https://dblp.org/pid/s/SrinivasanSeshan,Y,2026-09-17,supported,f975a2c7bfc536e6267ac35d1656851bdfb1e6845ca659bee87a3899ab43b70e,../bigcows-crawler/.cache/dblp-refresh-2026-09-17-132635/safari/captures/6178337d46e8bdbd7b6d6cb0a64bbd357cb71c260aff29298f003ca590a098bc-1789675692239824000.html,None; read-only assessment
acm_fellows.csv,"Shenoy, Prashant J",2019,https://dblp.org/pid/s/PrashantJShenoy,Y,2026-09-17,supported,0f361e724c0e064842a3b903a1fca873f42db2fecf98165fbaca2b669b1fa3ae,../bigcows-crawler/.cache/dblp-refresh-2026-09-17-132635/safari/captures/765efefbae8cfe2bcd4c025bffb782d719e1840692e88f54dc9ce5245575d142-1789675608546068000.html,None; read-only assessment
acm_fellows.csv,"Shor, Peter W",2019,https://dblp.org/pid/s/PeterWShor,Y,2026-09-17,supported,8421122eda3cef6a6b61af30d0f8fdfaeb31480298496bb4a30d8f4ad8ecde26,../bigcows-crawler/.cache/dblp-refresh-2026-09-17-132635/safari/captures/4ddc708637b8fa2e1bee6f00df5188ab005d5e10bba0674af693f2f23c9ec4e6-1789675591610911000.html,None; read-only assessment
acm_fellows.csv,"Singh, Mona",2019,https://dblp.org/pid/73/6093-1,Y,2026-09-17,supported,226ab5d21bba02051b49934a753ee58598e27ef0d8d2d87f7f5d4318b3a0023b,../bigcows-crawler/.cache/dblp-refresh-2026-09-17-132635/safari/captures/f53057acdd35d76bc284eb41b6de96a7fcaf157df3d12ac2f5e14798a0db5443-1789675469907766000.html,None; read-only assessment
acm_fellows.csv,"Sitaraman, Ramesh Kumar",2019,https://dblp.org/pid/s/RameshKSitaraman,Y,2026-09-17,supported,9f220afa3d5319a456d8160727d4b60ed71c710deeb77fbae17ba3724146dd62,../bigcows-crawler/.cache/dblp-refresh-2026-09-17-132635/safari/captures/1081d2aaabead6c042782ebaf93d82732150397efa69c27221d20cfca7eaeac7-1789675624716312000.html,None; read-only assessment
acm_fellows.csv,"Song, Dawn",2019,https://dblp.org/pid/s/DXSong,Y,2026-09-17,supported,144b9a502b231cdacaffbf8a4d8035ae1c1ce85101e262b638954377adae6455,../bigcows-crawler/.cache/dblp-refresh-2026-09-17-132635/safari/captures/8054559f2b89e99baef5b8abff5a3ec42ad24c1281313b8c5b20e0c2b821cd01-1789671925731639000.html,None; read-only assessment
acm_fellows.csv,"Stolfo, Salvatore J",2019,https://dblp.org/pid/s/SalvatoreJStolfo,Y,2026-09-17,supported,977e5cd37edc23c435583e373182720816149d78708e5640cd7f49e0a5062aff,../bigcows-crawler/.cache/dblp-refresh-2026-09-17-132635/safari/captures/57a719a38841bcb5475b7ba67d5e6c19625f7927e1dc74451c43603b6a16e203-1789675649041016000.html,None; read-only assessment
acm_fellows.csv,"Tao, Dacheng",2019,https://dblp.org/pid/46/3391,Y,2026-09-17,supported,5c7b0a0d116a6f52765119a46c5c76a7c1142a9b7b6e930f30fcffcf26b53921,../bigcows-crawler/.cache/dblp-refresh-2026-09-17-132635/safari/captures/8262beec20cd8503a1e2afcb3961e9d6346307f83e8ceae8a95b3b13cb72d969-1789671839496059000.html,None; read-only assessment
acm_fellows.csv,"Tennenholtz, Moshe",2019,https://dblp.org/pid/t/MosheTennenholtz,Y,2026-09-17,supported,a0f4b35e3bcd97d2fcb1ab2ae1cfeb3bd5f15cd70af95b5ac8aeb8a2d76487aa,../bigcows-crawler/.cache/dblp-refresh-2026-09-17-132635/safari/captures/f1fbf8628695e5acf0250ac186fad82a6f59342364d159a7788407d6a8ff3131-1789675478325274000.html,None; read-only assessment
acm_fellows.csv,"Vigna, Giovanni",2019,https://dblp.org/pid/v/GiovanniVigna,Y,2026-09-17,supported,39d173f28af07764fc0160ad08becee69a65c116f01480fcbb06bebd9fd9a23a,../bigcows-crawler/.cache/dblp-refresh-2026-09-17-132635/safari/captures/4c2a6be0d198ea01f97e8559530d2ecba6d1ef811ea298b7b0ac584770f9c6b5-1789675360521570000.html,None; read-only assessment
acm_fellows.csv,"Vishnoi, Nisheeth Kumar",2019,https://dblp.org/pid/02/2229,Y,2026-09-17,supported,8911c8dd4183a7e061385a06fb7b41ae468057b9c0ecfea8a789b21f07b4f542,../bigcows-crawler/.cache/dblp-refresh-2026-09-17-132635/safari/captures/2529c00fdcd7e0a302983a9087fdb979c46d3df5c8b152b157118b6abd320d4e-1789675492574579000.html,None; read-only assessment
acm_fellows.csv,"Whitley, Darrell",2019,https://dblp.org/pid/w/LDarrellWhitley,Y,2026-09-17,supported,90f36705cb28c0770e6a70c276e2ebeba68606db94ea3aea35f3afd79d90fab3,../bigcows-crawler/.cache/dblp-refresh-2026-09-17-132635/safari/captures/857a8087f12bced797fed3d4709d604d79a61341351aeea899005e4422a1e1da-1789671846915236000.html,None; read-only assessment
acm_fellows.csv,"Xie, Yuan",2019,https://dblp.org/pid/x/YuanXie,Y,2026-09-17,supported,aaf9af3789317d6ccbbeb1fd091e665f9b94337d37e331d4f257973a8f534522,../bigcows-crawler/.cache/dblp-refresh-2026-09-17-132635/safari/captures/bdd078f1871e2badb3875314175668a0dba2ae8d9cde65439adb45a66176a971-1789675829945094000.html,None; read-only assessment
acm_fellows.csv,"Youssef, Moustafa",2019,https://dblp.org/pid/52/727,Y,2026-09-17,supported,bbce6142bbc3388ce5a3c789d81c3d52a28280594ccaac75faab30e4295dbc9f,../bigcows-crawler/.cache/dblp-refresh-2026-09-17-132635/safari/captures/087653a49aefdd1c0a62cad94f13714caab89f798cf13386469deb6b0cbf872d-1789675486001047000.html,None; read-only assessment
acm_fellows.csv,"Zaniolo, Carlo A",2019,https://dblp.org/pid/z/CZaniolo,Y,2026-09-17,supported,190ade8ebd40a11d56dd13fc8f3909619f0ab6fbb31f193552941fa337a2e638,../bigcows-crawler/.cache/dblp-refresh-2026-09-17-132635/safari/captures/3a8704bebc8a1b03c17904d299b05340c87fc430c541dca646141cd362cb102d-1789671813804284000.html,None; read-only assessment
acm_fellows.csv,"Zhou, Lidong",2019,https://dblp.org/pid/z/LidongZhou,Y,2026-09-17,supported,a8d8c13260ffc44f266206aae85468f1eac44889c48571fff522e515643af612,../bigcows-crawler/.cache/dblp-refresh-2026-09-17-132635/safari/captures/5c748bad67a5a907bebb76a1b30915fb1833a8e3e34706aa5f00c3dcdb47ea77-1789675406258582000.html,None; read-only assessment
acm_fellows.csv,"Agha, Gul",2018,https://dblp.org/pid/a/GulAAgha,Y,2026-09-17,supported,f142f6b92ec59b66fc5cc688ec8e0fd385e5f0d206a256cbee35b6f2e29c1afb,../bigcows-crawler/.cache/dblp-refresh-2026-09-17-132635/safari/captures/57dd8313746867e50db98f8ddafa80963ebbf5316b532428edb18417c6dde2a3-1789675988270851000.html,None; read-only assessment
acm_fellows.csv,"Asanovic, Krste",2018,https://dblp.org/pid/a/KrsteAsanovic,Y,2026-09-17,supported,d044e755d200ce182dd22e0e46d10271833afaa8192926991ff0880967915bc7,../bigcows-crawler/.cache/dblp-refresh-2026-09-17-132635/safari/captures/3398a5dff59f25003aaea9c8f5ab986248871084293cc0cba8d9a703e334bc7c-1789676130133387000.html,None; read-only assessment
acm_fellows.csv,"Asokan, N",2018,https://dblp.org/pid/39/2508,Y,2026-09-18,supported,ea356c8ef956b270d6baf8743e04220dcd58f25d13f5d01945b922bc8c14f08c,../bigcows-crawler/.cache/dblp-missing-web-2026-09-17-203211/safari/captures/e7500c869fdfd0ec34e272d126a6cf1ace7d47f2fb007eb8bb7e6308c3eb4d1b-1789691925211738000.html,None; read-only assessment
acm_fellows.csv,"Barham, Paul",2018,https://dblp.org/pid/b/PaulBarham,Y,2026-09-17,supported,c2bdc565cc1309807212db9f7c42091cafa0fd9ee50ff44d55624da4bf20f832,../bigcows-crawler/.cache/dblp-refresh-2026-09-17-132635/safari/captures/322cdeacf85c2a31e5203f964d560b094161f46b0ea0e770b87095626ac7fe20-1789676196709668000.html,None; read-only assessment
acm_fellows.csv,"Bartlett, Peter L",2018,https://dblp.org/pid/68/4020,Y,2026-09-17,supported,43293a19bb75bcc6427f0c64dd5da44ef1df743e98ae09f2b6446d7ed1137c80,../bigcows-crawler/.cache/dblp-refresh-2026-09-17-132635/safari/captures/f22016ce4ecc204439e6fd03ba131fb5517f80340556ed8d4f361445dc4e5f49-1789676204229776000.html,None; read-only assessment
acm_fellows.csv,"Basin, David",2018,https://dblp.org/pid/b/DavidABasin,Y,2026-09-17,supported,24272a0a4808150f1c52f0d69a9e58256bfde3c173d849f15223212217ce1e81,../bigcows-crawler/.cache/dblp-refresh-2026-09-17-132635/safari/captures/861dcd3f7b488b5d743828aa6a9057762aabffa2ec6fc6410eb50af74f242785-1789675934679758000.html,None; read-only assessment
acm_fellows.csv,"Belding, Elizabeth",2018,https://dblp.org/pid/b/EMBeldingRoyer,Y,2026-09-17,supported,476e92b7e54ed665fbd6ec5e51d3785df39da4858e1fbe52bc6b314ff64f9767,../bigcows-crawler/.cache/dblp-refresh-2026-09-17-132635/safari/captures/edff88155cefae3419f00e0cdb3ae46c68c53db69937c2a5ae962400b27cfe31-1789675948400766000.html,None; read-only assessment
acm_fellows.csv,"Bodik, Rastislav",2018,https://dblp.org/pid/20/1858,Y,2026-09-17,supported,b410e14389225d4108c017985c9076262c1d6254cffa42bd390b1d9f4174c1e8,../bigcows-crawler/.cache/dblp-refresh-2026-09-17-132635/safari/captures/81e32a00d046dce25126e672526e46988f539aba7724f1ef2d648a069821db02-1789676218870772000.html,None; read-only assessment
acm_fellows.csv,"Borner, Katy",2018,https://dblp.org/pid/b/KatyBorner,Y,2026-09-17,supported,9308249d414584f77c30ccde74dc0362b64a4fb6c43c4bccf5699398ed05194a,../bigcows-crawler/.cache/dblp-refresh-2026-09-17-132635/safari/captures/2778b3968bd54853d62e533ae140bbcb7d3f902efea723624748874f72cf9f81-1789676114963654000.html,None; read-only assessment
acm_fellows.csv,"Bruckman, Amy S",2018,https://dblp.org/pid/b/AmyBruckman,Y,2026-09-17,supported,c9c58fc208571a2804d1792a3032337729af17482b7a6cbed271b2aa15ecd765,../bigcows-crawler/.cache/dblp-refresh-2026-09-17-132635/safari/captures/a67ed46d59d4c7ba6100af69c29651ea05af7fafbd53f33ba620ebf7fd4fd714-1789675873743361000.html,None; read-only assessment
acm_fellows.csv,"Camenisch, Jan",2018,https://dblp.org/pid/c/JanCamenisch,Y,2026-09-17,supported,468fb1c083c9572583c0d81297df95616ca2ceee11e2e6d678e71f622229f40c,../bigcows-crawler/.cache/dblp-refresh-2026-09-17-132635/safari/captures/a5bc332fb43b464f6400aa5e87449759b60c8352238207c0b504d8d8bb44b55a-1789676009488556000.html,None; read-only assessment
acm_fellows.csv,"Darwiche, Adnan",2018,https://dblp.org/pid/p/ADarwiche,Y,2026-09-17,supported,970958483ba938e02aaffbb320f2a33dff7426c1e8b7479633a7e0a343d12382,../bigcows-crawler/.cache/dblp-refresh-2026-09-17-132635/safari/captures/cb774b94dec42d10569224948fe10699edafd64e5f7846481ad9dc7b82cfb317-1789675844082982000.html,None; read-only assessment
acm_fellows.csv,"Dehon, Andre M",2018,https://dblp.org/pid/d/ADeHon,Y,2026-09-17,supported,5489731688dba7a5731e59d09ca238b66c5efa5e1c83ad10a7980ff26600db36,../bigcows-crawler/.cache/dblp-refresh-2026-09-17-132635/safari/captures/2beb29a6885c11f5de2db2de03e31cb0fa58f2646a3c732659f357cb0cddeadf-1789675880305956000.html,None; read-only assessment
acm_fellows.csv,"Devanbu, Premkumar T",2018,https://dblp.org/pid/d/PremkumarTDevanbu,Y,2026-09-17,supported,f29f0a1b142097efe4e76c5d18b943595a65381252cf0d9daa637b7cc59c480c,../bigcows-crawler/.cache/dblp-refresh-2026-09-17-132635/safari/captures/650aca96330b55a99c56224f5753681ad036b327776164ade492d35142388f0b-1789676211927121000.html,None; read-only assessment
acm_fellows.csv,"Dey, Tamal Krishna",2018,https://dblp.org/pid/d/TamalKDey,Y,2026-09-17,supported,a492f225ed641634d0eb32b60c0e164be96d1d4164d8ca45e14b6c5effdd82b1,../bigcows-crawler/.cache/dblp-refresh-2026-09-17-132635/safari/captures/4aff209b60f02a5b246706b28b86ef8f5e0d3680fda124a03658a54b865a98e5-1789676257852092000.html,None; read-only assessment
acm_fellows.csv,"Dwarkadas, Sandhya",2018,https://dblp.org/pid/62/1421,Y,2026-09-17,supported,c779081c6be2be668d037ac3c33ce788ccc2534087fcc1b9fc41f531e2d0cd3c,../bigcows-crawler/.cache/dblp-refresh-2026-09-17-132635/safari/captures/8879dec94579b7544a8bc46acde105092414fe95131e807f7c17c470f2d9a28b-1789676234017233000.html,None; read-only assessment
acm_fellows.csv,"Feiner, Steven",2018,https://dblp.org/pid/f/StevenFeiner,Y,2026-09-17,supported,d2c3a92ec64623abde5bc6889bc40cbd5fe3c8bbac2237d48e87b58084189d5a,../bigcows-crawler/.cache/dblp-refresh-2026-09-17-132635/safari/captures/7aa9da040e5e43c0b7c114cb75540e4367cb5aba8b7374823f9988e401003e7d-1789676249583648000.html,None; read-only assessment
acm_fellows.csv,"Finin, Tim",2018,https://dblp.org/pid/f/TWFinin,Y,2026-09-17,supported,6be6b9aa53bd99e04c35ceb02e3c6b547d9597f5fd75c972e43a7c053b59da29,../bigcows-crawler/.cache/dblp-refresh-2026-09-17-132635/safari/captures/a6b07a4564d5456ce80d3f86dda242e5f217fb71fb5cf45fff36daa5021422b7-1789676351667966000.html,None; read-only assessment
acm_fellows.csv,"Funkhouser, Thomas",2018,https://dblp.org/pid/f/TAFunkhouser,Y,2026-09-17,supported,63c9523be8a224217dc3a7af9a0f5ad8b0b07b1d5e6ad89be0bf3761b5a586ab,../bigcows-crawler/.cache/dblp-refresh-2026-09-17-132635/safari/captures/29e71194e563e41f6de6ba61415c9f214aaab68f981b7125fca6240d3c5f16f2-1789676334685922000.html,None; read-only assessment
acm_fellows.csv,"Garofalakis, Minos",2018,https://dblp.org/pid/g/MinosNGarofalakis,Y,2026-09-17,supported,94cb8d6e5bd14c240f6f427b2dfb9b499db12e6446724f9cbd489ea9ac224c15,../bigcows-crawler/.cache/dblp-refresh-2026-09-17-132635/safari/captures/858ea5eb49c43a07518f5ff70c7d1f00a53995ddb2a758ab57161f8bacca575f-1789676174189432000.html,None; read-only assessment
acm_fellows.csv,"Gerla, Mario",2018,https://dblp.org/pid/g/MarioGerla,Y,2026-09-17,supported,6caa706366029c417b57da17f916a2349aed6546f462dd668ad341d4eddfb58b,../bigcows-crawler/.cache/dblp-refresh-2026-09-17-132635/safari/captures/9ac36bbf61b2eb4ee676af273ee53032d62ebee918954897a27f8e2e7d5785ec-1789676153460982000.html,None; read-only assessment
acm_fellows.csv,"Gilbert, Juan E",2018,https://dblp.org/pid/01/6747,Y,2026-09-17,supported,e8cbc2ec03851f507412b76bf4097b7e4400f3ed37cd31b4d630bf5c34407283,../bigcows-crawler/.cache/dblp-refresh-2026-09-17-132635/safari/captures/b59ba62b0262ee7d338cf45bff09fa86961481bf633dee5e842ab543b1d7919b-1789676108227727000.html,None; read-only assessment
acm_fellows.csv,"Hajiaghayi, Mohammad T.",2018,https://dblp.org/pid/334/4488,Y,2026-09-17,supported,e4954632bec8d69b0f40dcb43e3dff87a5f468db24c17dc805386c7f78912148,../bigcows-crawler/.cache/dblp-refresh-2026-09-17-132635/safari/captures/a1f47ebfc86c15f6bc2aac24ad9595af3003d0a71eefd8b63f2acd552c4559ad-1789676182531881000.html,None; read-only assessment
acm_fellows.csv,"Halperin, Dan",2018,https://dblp.org/pid/h/DanHalperin,Y,2026-09-17,supported,2479da208686f6106378f8dae4b795767cc222614e862b6d7983730e5e1addca,../bigcows-crawler/.cache/dblp-refresh-2026-09-17-132635/safari/captures/27c39d6082b1b8e8f2581c133bb6739affe84ea486f4b440df87aae4969b2adf-1789675926178434000.html,None; read-only assessment
acm_fellows.csv,"He, Tian",2018,https://dblp.org/pid/h/TianHe,Y,2026-09-18,supported,c0df4bcda5f77124538067b0a33e57516c1a706f9ed9e96aa5cc31573f7b79d0,../bigcows-crawler/.cache/dblp-missing-web-2026-09-17-203211/safari/captures/1b3f39f548dc365d67e939d26bd724c64d78b6ae4cb37e6cbb36330390f41ed8-1789691932944588000.html,None; read-only assessment
acm_fellows.csv,"Heinzelman, Wendi Beth",2018,https://dblp.org/pid/h/WendiRabinerHeinzelman,Y,2026-09-17,supported,0bcbee11f2eb5f78fd8a4057e694bce80368f492673accb72bab733695e61098,../bigcows-crawler/.cache/dblp-refresh-2026-09-17-132635/safari/captures/0c907fa3f89dbae43b25b94028647b3d5075c51864d5fffca69e965565260c52-1789676383850167000.html,None; read-only assessment
acm_fellows.csv,"Hertzmann, Aaron",2018,https://dblp.org/pid/91/3132,Y,2026-09-17,supported,2c5add8783f417ec7b8147b056f140ac3092797093ecea5e569858d056b51a4d,../bigcows-crawler/.cache/dblp-refresh-2026-09-17-132635/safari/captures/55b4e5d8b455cf3eeff84590bf6ea2ec26b74c138960a4a10cd9ae4e735ebf13-1789675836709326000.html,None; read-only assessment
acm_fellows.csv,"Hodgins, Jessica K",2018,https://dblp.org/pid/75/3852,Y,2026-09-17,supported,d4ae6887aac6975a765edb5aca76acf15e625f040c9d041612a810f727f9a2bc,../bigcows-crawler/.cache/dblp-refresh-2026-09-17-132635/safari/captures/7c6a52440087ccbe67e9c8b9bf6df4dbf4297bf637b9c596000c844a95237c3a-1789676076273437000.html,None; read-only assessment
acm_fellows.csv,"Hughes, John",2018,https://dblp.org/pid/h/JohnHughes,Y,2026-09-17,supported,b777e5a388f68b5057123f91b85b9a9c9605c09bac5ab90d4972600ffa2ea323,../bigcows-crawler/.cache/dblp-refresh-2026-09-17-132635/safari/captures/38f1dde331d77cfd3b2a9135d7adcf96677cb962be174c803a6a7c4dab18bb12-1789676101702341000.html,None; read-only assessment
acm_fellows.csv,"Håstad, Johan",2018,https://dblp.org/pid/47/3155,Y,2026-09-17,supported,565434377577a4ac0e24294a3ebfd69b9cefd6bd24707ca76aba04c1bc184d89,../bigcows-crawler/.cache/dblp-refresh-2026-09-17-132635/safari/captures/fc2236edbeaa4c0dd10dd932372af8a32816789462a2f1dce577be0a9078abaf-1789676093618013000.html,None; read-only assessment
acm_fellows.csv,"Isbell, Charles Lee",2018,https://dblp.org/pid/i/LCIsbell,Y,2026-09-17,supported,9baf6ccb99f300461f1bd1389a10beef6ba9be922764d0bd45189e03fb76f6d2,../bigcows-crawler/.cache/dblp-refresh-2026-09-17-132635/safari/captures/bca32bd7a40005e3637c2968d79521c9c1295db0d5c9e5d1e23e2c939e2f1c7f-1789675919064033000.html,None; read-only assessment
acm_fellows.csv,"Keeton, Kimberly",2018,https://dblp.org/pid/k/KimberlyKeeton,Y,2026-09-17,supported,fc99949d7df9303dd7f9a706bdc41edaa4534ef5eb62f79bc27921e8c42fd1fa,../bigcows-crawler/.cache/dblp-refresh-2026-09-17-132635/safari/captures/cd4c0ecb85867c3b518c21ace0930604d43085edf5fe4c8d61890f9abfbcb803-1789676122341670000.html,None; read-only assessment
acm_fellows.csv,"Khanna, Sanjeev",2018,https://dblp.org/pid/k/SanjeevKhanna,Y,2026-09-17,supported,41207b7634dfef00f3e3b1677acb5b38977eb4c82f5aff813d356416b5dd0969,../bigcows-crawler/.cache/dblp-refresh-2026-09-17-132635/safari/captures/0c0c8de0b347498718b598299acbb5ff1d6e1811ec58ed16b6238f985354d28a-1789676241701522000.html,None; read-only assessment
acm_fellows.csv,"Lee, Lillian",2018,https://dblp.org/pid/l/LillianLee,Y,2026-09-17,supported,1cf88b22232263d48425059e192fde7747dbd1440b45fac2fdc95b8ff1f7f879,../bigcows-crawler/.cache/dblp-refresh-2026-09-17-132635/safari/captures/0c37b35bf5ca59d0058f3245ada840e9c8e7acb954302adfb8e276b0c466bf71-1789676144423471000.html,None; read-only assessment
acm_fellows.csv,"Leighton, Tom",2018,https://dblp.org/pid/l/FrankThomsonLeighton,Y,2026-09-17,supported,db33c507c9f0048f2c502b34e60ff622f71beee3ff8d8091eaaf17d602cdbad6,../bigcows-crawler/.cache/dblp-refresh-2026-09-17-132635/safari/captures/4a120cc1c50c170fca7c49b48875cce3488bc2c9d50c1f89176fb5fc596b4aca-1789676359069762000.html,None; read-only assessment
acm_fellows.csv,"Li, Fei-Fei",2018,https://dblp.org/pid/79/2528,Y,2026-09-17,supported,3fc80b81cb814fb5e23062a2006bb13dd72f3fdea8c2dcb5cbeb6a371246f00e,../bigcows-crawler/.cache/dblp-refresh-2026-09-17-132635/safari/captures/2736e89187150bf2426984f6deeffea19435bc655901dab6a2c6071bbdc55c10-1789675963918521000.html,None; read-only assessment
acm_fellows.csv,"Littman, Michael",2018,https://dblp.org/pid/l/MLLittman,Y,2026-09-19,supported,fb0712b9282a8e303ff433066880978b23fc2c0269c0f7a6ad6e915bf5fdde5a,../bigcows-crawler/.cache/dblp-gap-fill-2026-09-19-145403/safari/captures/f8b298cf56335966d077d0c7f17395e655eabc520a10cd52ee3e3dfe8c23f13c-1789844701548136000.html,None; read-only assessment
acm_fellows.csv,"Liu, Huan",2018,https://dblp.org/pid/92/309-1,Y,2026-09-19,supported,dddab264f6891489bbebacdde6e344d32a48ce43b606e5c5a174ee04417a7a6a,../bigcows-crawler/.cache/dblp-gap-fill-2026-09-19-145403/safari/captures/c03a046b669857070180d602bf4c5a6e95ccbd29cf2843d953bf52ea7c6da07d-1789844443484240000.html,None; read-only assessment
acm_fellows.csv,"Luo, Jiebo",2018,https://dblp.org/pid/25/5545,Y,2026-09-17,supported,27990f6b7bb9e2db8efc93e64f9614ebab8a304c3d734b896ca1ca5f8dfc019e,../bigcows-crawler/.cache/dblp-refresh-2026-09-17-132635/safari/captures/bc1474d7e62be2fe130be9c73ac1e9885c851a2603194e88968753e21ac35c84-1789676085997750000.html,None; read-only assessment
acm_fellows.csv,"Maggs, Bruce M",2018,https://dblp.org/pid/m/BruceMMaggs,Y,2026-09-17,supported,95e7ed24f81d2fb4fe8463a79fdbd52f8d7291549bb68cc5d3b1cc1645f26c0c,../bigcows-crawler/.cache/dblp-refresh-2026-09-17-132635/safari/captures/b5b56be18e053a632edfa9317aa6de66f8dd31e507f27166154c9cf2ff833c09-1789675911618041000.html,None; read-only assessment
acm_fellows.csv,"Manjunath, Bangalore S",2018,https://dblp.org/pid/m/BSManjunath,Y,2026-09-17,supported,d3f01bed3c3b983dc28d646219838519b741f8d3a080c290be4f7cdee826769a,../bigcows-crawler/.cache/dblp-refresh-2026-09-17-132635/safari/captures/f403c6729493c9a5331fc57176f3828a08d271887f421af506cc76849ade2fb9-1789675895636223000.html,None; read-only assessment
acm_fellows.csv,"Misra, Vishal",2018,https://dblp.org/pid/29/6724,Y,2026-09-17,supported,e4fe18e2829b54042acdd93841b0c9ee02a1320acdb83eacad8e36b933fadd60,../bigcows-crawler/.cache/dblp-refresh-2026-09-17-132635/safari/captures/8b1376abfe6e9245e987c766f38b82c03b54a975acbc04e98391f7aa69e7fbce-1789676375714313000.html,None; read-only assessment
acm_fellows.csv,"Mueller, Frank",2018,https://dblp.org/pid/46/2933-1,Y,2026-09-17,supported,13a17c69512ad90e7736ea65ef8fc1ef7f612eca6ee664133e307bde389a49a3,../bigcows-crawler/.cache/dblp-refresh-2026-09-17-132635/safari/captures/dce65ae2804da6935b17f5f61a0d7627fe61c456ed6a7f1af26c7d86f950f179-1789675971990273000.html,None; read-only assessment
acm_fellows.csv,"Parkes, David",2018,https://dblp.org/pid/p/DavidCParkes,Y,2026-09-19,supported,fed30e338db5db3482804eb586bc7d939811cfa4180b80d6875fa7f27d5eefd2,../bigcows-crawler/.cache/dblp-gap-fill-2026-09-19-145403/safari/captures/686fa3b334e6c480a70380e4adc751ce63615348ada307454a58a28c34f73726-1789844757542665000.html,None; read-only assessment
acm_fellows.csv,"Parulkar, Gurudatta",2018,https://dblp.org/pid/50/4579,Y,2026-09-17,supported,d8e856f14564e504613c66a06297326f66e7f40b8291891c8d2891cf933e65af,../bigcows-crawler/.cache/dblp-refresh-2026-09-17-132635/safari/captures/49a5871e851ba1449f4a7f5926887131de4e2c70763e52d4358e4c2e91d9798b-1789675995621130000.html,None; read-only assessment
acm_fellows.csv,"Pitassi, Toniann",2018,https://dblp.org/pid/p/TPitassi,Y,2026-09-17,supported,c74f7e9aa0cf41221c6fd88dd775e7aac81f2b409c4bd67247bd8009604975a7,../bigcows-crawler/.cache/dblp-refresh-2026-09-17-132635/safari/captures/7450b58a6fa23744862acf29943fdb84d7482b5011338a2f4409debc5e153373-1789676368154432000.html,None; read-only assessment
acm_fellows.csv,"Qiu, Lili",2018,https://dblp.org/pid/54/4031,Y,2026-09-17,supported,8988995dc8192f894439dc0ee515d953c1518c55c658343906f153279e5edf8c,../bigcows-crawler/.cache/dblp-refresh-2026-09-17-132635/safari/captures/cd14bfe5a789c2f87099843999131976788d93385b37aa260676d5b80ebcbb3c-1789676136867735000.html,None; read-only assessment
acm_fellows.csv,"Roughan, Matthew",2018,https://dblp.org/pid/72/6960,Y,2026-09-17,supported,cf83f439e89d2e7bc996bb1dcfc1093cf1c0bc9dc3df094a8dabc5853da093c1,../bigcows-crawler/.cache/dblp-refresh-2026-09-17-132635/safari/captures/1593b2d40209544857b5450e4c654a215d730e023227b0281244effec59e98f1-1789676160084886000.html,None; read-only assessment
acm_fellows.csv,"Sahai, Amit",2018,https://dblp.org/pid/s/AmitSahai,Y,2026-09-17,supported,1306120edab5b595e808516ac1e4a1ec3e8f77965c2d85bd3f8b5483dfefc28e,../bigcows-crawler/.cache/dblp-refresh-2026-09-17-132635/safari/captures/adb007f0474d361056589882af2ae46f3c3f0e8ce14bc07ec51466d750e3ec81-1789675866880872000.html,None; read-only assessment
acm_fellows.csv,"Snoeren, Alex C.",2018,https://dblp.org/pid/s/AlexCSnoeren,Y,2026-09-17,supported,cdab3be3699899a93af114b98629871a4df776c50bca7781c082ef1a3b38d94f,../bigcows-crawler/.cache/dblp-refresh-2026-09-17-132635/safari/captures/e5d9479248d7e8247ea7ead71c090cab566839012c33a783780333b6f3ae9562-1789675859996532000.html,None; read-only assessment
acm_fellows.csv,"Tesauro, Gerald",2018,https://dblp.org/pid/68/2197,Y,2026-09-17,supported,846148c43e3db1f20f876a5ae4f5e497639be37ce12321e9de53c52d8f7d9673,../bigcows-crawler/.cache/dblp-refresh-2026-09-17-132635/safari/captures/83d5e9e50789ea55d0d3533fe26e740f13f064f6432f966e91091d03b40cd7fa-1789675980447083000.html,None; read-only assessment
acm_fellows.csv,"Thuraisingham, Bhavani",2018,https://dblp.org/pid/t/BMThuraisingham,Y,2026-09-17,supported,70b63c3f991d19771856975504a9685bb04db71ff479f32bfd99dfb5c3506e74,../bigcows-crawler/.cache/dblp-refresh-2026-09-17-132635/safari/captures/e9989af2bb5799a12841cd3ff92eebca3e8c975f9f2a122001988135ece28cb3-1789675904322229000.html,None; read-only assessment
acm_fellows.csv,"Vadhan, Salil",2018,https://dblp.org/pid/v/SPVadhan,Y,2026-09-17,supported,9399a03373123f1bb32a77694a0127b90a99fd44049aa9a9017699734ca186f5,../bigcows-crawler/.cache/dblp-refresh-2026-09-17-132635/safari/captures/491e09a2d8eeb57f15fe160f058c20b6ea1b674b7395b97eee40afb2dfd35196-1789676226551370000.html,None; read-only assessment
acm_fellows.csv,"Voorhees, Ellen M",2018,https://dblp.org/pid/60/3753,Y,2026-09-17,supported,c6cd431ae9f72d4cccd7a3efca70401446d46cfd15e4b2f862c683ffe956c44c,../bigcows-crawler/.cache/dblp-refresh-2026-09-17-132635/safari/captures/4a71cb3c06cdb817b4c8f9913d47ce2b089e8d4045b983efe130fcb8c02e0a61-1789675956276493000.html,None; read-only assessment
acm_fellows.csv,"Wigderson, Avi",2018,https://dblp.org/pid/w/AviWigderson,Y,2026-09-17,supported,936fb8f6beeeb55b8e22a2d82d7614f0c22b459b7795179eb4d9be3af6510165,../bigcows-crawler/.cache/dblp-refresh-2026-09-17-132635/safari/captures/970ff190a9da7b414439339fad794f5ced0bfd5c07b213d00df6c9a41c42e117-1789675887411777000.html,None; read-only assessment
acm_fellows.csv,"Wolman, Alec",2018,https://dblp.org/pid/06/915,Y,2026-09-17,supported,3aa7c6abfd3ad2f51daa7bec47b2d87b52631be5dc12774bec5553037e5368be,../bigcows-crawler/.cache/dblp-refresh-2026-09-17-132635/safari/captures/7e138b3a87bb49f2815df7a881951b629f7aaf5f10a880bceba0ce32d524e69c-1789675852350481000.html,None; read-only assessment
acm_fellows.csv,"Birkedal, Lars",2017,https://dblp.org/pid/31/910,Y,2026-09-17,supported,ae43780e00ef05d80526267db403b8b894735c646dfdb5bf65b1033f49fcfaaa,../bigcows-crawler/.cache/dblp-refresh-2026-09-17-132635/safari/captures/ac6f09a263fd91fc13e5f07ba1d7f1a7c3367e165d2d5c46cc341cbc2da06b48-1789676667090754000.html,None; read-only assessment
acm_fellows.csv,"Bugnion, Edouard",2017,https://dblp.org/pid/b/EBugnion,Y,2026-09-17,supported,f5c7b3acbe1049b582b0fd0adbb97906775d93f06dabd9f4d5a832de4a18af14,../bigcows-crawler/.cache/dblp-refresh-2026-09-17-132635/safari/captures/c6bed13568647ba05dc05dc251a732d2a52f298a1152780ec2c8d062c89019ce-1789676525293619000.html,None; read-only assessment
acm_fellows.csv,"Burnett, Margaret",2017,https://dblp.org/pid/b/MMBurnett,Y,2026-09-17,supported,9ea86374832b2734f618a8a78c301da180fa516ff4fe5b4115933524183065f8,../bigcows-crawler/.cache/dblp-refresh-2026-09-17-132635/safari/captures/235b66e56d7ea7190f354ce3722dc15e8a96de4f8fc41a6026482743dede8772-1789676700211816000.html,None; read-only assessment
acm_fellows.csv,"Chang, Shih Fu",2017,https://dblp.org/pid/c/ShihFuChang,Y,2026-09-17,supported,997f6a6f7425d45611d3d3b8029c5e8d3db807c9cf85948850161e8bff31fab3,../bigcows-crawler/.cache/dblp-refresh-2026-09-17-132635/safari/captures/f3fb0f59be35b17e4fc0f032fe39b466ec729caf214a40685a138e32be0f7a1c-1789676794458262000.html,None; read-only assessment
acm_fellows.csv,"Cohen, Edith",2017,https://dblp.org/pid/40/1039,Y,2026-09-17,supported,418a7ff23880c17a71d8a81b98f0e71d8379229e226f7d560e7bbc8f710fca92,../bigcows-crawler/.cache/dblp-refresh-2026-09-17-132635/safari/captures/a5bc4419ae294be14f11908c0beccf95e4227d72425f6f4b65202678f10fb8d6-1789676517361933000.html,None; read-only assessment
acm_fellows.csv,"Comaniciu, Dorin",2017,https://dblp.org/pid/54/4552,Y,2026-09-17,supported,436b8cc3069ae4e929eb161c9f288d32de9f176328bacfc7b004acd7a048d04f,../bigcows-crawler/.cache/dblp-refresh-2026-09-17-132635/safari/captures/c40f5e8523e4704437da8ee00f04323ef3e276e0f4039ab9c15b3623d4abe200-1789676508985317000.html,None; read-only assessment
acm_fellows.csv,"Dray, Susan",2017,https://dblp.org/pid/19/4597,Y,2026-09-17,supported,82417e5482cc802ae3f8ffa623957da04f569e3c4a11c314ee2af02efa694138,../bigcows-crawler/.cache/dblp-refresh-2026-09-17-132635/safari/captures/fdb2f1ffe2f92d43ab741f58d23be0fd0dfd963d2db045f6400c784343c0ce7c-1789676899799082000.html,None; read-only assessment
acm_fellows.csv,"Fox, Edward Alan",2017,https://dblp.org/pid/f/EdwardAFox,Y,2026-09-17,supported,4ac1e036fb2d794930096e8fa9ddac333e5eca5b48e343dcad7f8e5c595fc6c9,../bigcows-crawler/.cache/dblp-refresh-2026-09-17-132635/safari/captures/f976f070556dc162eabb4cc9b29f15f23cd24a4797466c5c07913cb9bdd8a34e-1789676607134413000.html,None; read-only assessment
acm_fellows.csv,"Fujimoto, Richard M",2017,https://dblp.org/pid/f/RichardMFujimoto,Y,2026-09-17,supported,e38044ac91604dcaabac4f500d25b1f68308d908984e7de8229deb65c377ce1b,../bigcows-crawler/.cache/dblp-refresh-2026-09-17-132635/safari/captures/12bdc1692573b75e1b2063f9839cd2644a964477ab12ae3567849cade1d9af73-1789676778551362000.html,None; read-only assessment
acm_fellows.csv,"Goldwasser, Shafi",2017,https://dblp.org/pid/g/ShafiGoldwasser,Y,2026-09-17,supported,25cde13f8b80df657d291ac22299b1d2df53250334324d5a3082a0a3d222bca7,../bigcows-crawler/.cache/dblp-refresh-2026-09-17-132635/safari/captures/9d2570ce20a004f22cc7d3408e726bfb2719af7957b1eef6ecbe71027518e808-1789676785283250000.html,None; read-only assessment
acm_fellows.csv,"Gomes, Carla",2017,https://dblp.org/pid/g/CarlaPGomes,Y,2026-09-18,supported,892fa8ab5801eef0ed2361afa8e1c4ec8e442e86534b26929f4658375cdcd820,../bigcows-crawler/.cache/dblp-missing-web-2026-09-17-203211/safari/captures/1fd1f8a9d1b6033798f3fc8f444aa8256e5fe8fba7f9a8a1c5ca91f78996eecc-1789691941086336000.html,None; read-only assessment
acm_fellows.csv,"Grohe, Martin",2017,https://dblp.org/pid/g/MGrohe,Y,2026-09-17,supported,cac3376b3ed51feba1068c42f34d5882f625bb82cc1971e86ea005fdfa376c10,../bigcows-crawler/.cache/dblp-refresh-2026-09-17-132635/safari/captures/59e35b5c7ed38afd3b08e80a6b7e53b1726d74fe17441de69f2d7a336056fd46-1789676708017502000.html,None; read-only assessment
acm_fellows.csv,"Gupta, Aarti",2017,https://dblp.org/pid/18/2229,Y,2026-09-17,supported,c31e7d1ad2af6e1d1a8a03b1efa0150cb5da494bcc6c9a595ac27c775b579e53,../bigcows-crawler/.cache/dblp-refresh-2026-09-17-132635/safari/captures/ea498ab903534b658bdaf3a25fd428a6d0ba5e1a5224411cfcaca6097b3b2cfa-1789676391420592000.html,None; read-only assessment
acm_fellows.csv,"guruswami, venkatesan",2017,https://dblp.org/pid/g/VenkatesanGuruswami,Y,2026-09-17,supported,8fe7e0d409c945d8b463d898c9a2e277bcab11d9fa8c334846761b6b674a6a11,../bigcows-crawler/.cache/dblp-refresh-2026-09-17-132635/safari/captures/179f89cb79a025f104bf7948929aed53a1231683cca1f2ee158bf16e830e64f9-1789676923938416000.html,None; read-only assessment
acm_fellows.csv,"Gusfield, Dan",2017,https://dblp.org/pid/g/DanGusfield,Y,2026-09-17,supported,32c2fd3428c7571fe0c926a2c547833d3ba15099cec503c31861e4ba9f839dcc,../bigcows-crawler/.cache/dblp-refresh-2026-09-17-132635/safari/captures/810ca902872b674fec71bffbee0d67e12ba3ecad00f6422829aeba67c20e7265-1789676501445282000.html,None; read-only assessment
acm_fellows.csv,"Hager, Gregory",2017,https://dblp.org/pid/12/5814,Y,2026-09-17,supported,d781a04a91c28ce509326f5a9f00af461eb8f93415a1031bab237ab2fa3734a8,../bigcows-crawler/.cache/dblp-refresh-2026-09-17-132635/safari/captures/e8a28eed6b3bc8d9ed2b48912628788013b1fa500bb4b12c75fd5815f1d83c74-1789676643887966000.html,None; read-only assessment
acm_fellows.csv,"Hand, Steven Michael",2017,https://dblp.org/pid/69/6457,Y,2026-09-17,supported,2617fb86e230e5029754394bc65ddb20cfa5b6094a244c845558e0e2d052fcb5,../bigcows-crawler/.cache/dblp-refresh-2026-09-17-132635/safari/captures/65ecb9dada2feb7dc2c90a18b75c15efcba237476f758fbabbaf00bfad627d82-1789676893240065000.html,None; read-only assessment
acm_fellows.csv,"Harchol-Balter, Mor",2017,https://dblp.org/pid/01/3967,Y,2026-09-17,supported,11e5832ced6f07c03a7320bea38c57393410037dd28b5fa805b0b89f0616d290,../bigcows-crawler/.cache/dblp-refresh-2026-09-17-132635/safari/captures/a67bb37337d93f72a5d538cbc2be9f9434db478e07afd9472bd9c9a7a74416f6-1789676738960354000.html,None; read-only assessment
acm_fellows.csv,"Kale, Laxmikant",2017,https://dblp.org/pid/k/LaxmikantVKale,Y,2026-09-17,supported,8f6b9018ced1e709c44f8635597d5dc11c3724d89a3f2ec2384568b26f8eecab,../bigcows-crawler/.cache/dblp-refresh-2026-09-17-132635/safari/captures/010ae2c64731b3db8085fb1e3347d29ff71d8d4aae12b41ac9c720a164a2d7b3-1789676675840162000.html,None; read-only assessment
acm_fellows.csv,"Kass, Michael",2017,https://dblp.org/pid/46/6511,N,2026-09-17,existing_N,c74324a23dbe1fb7a53a6a98b9519f1d4f4b9d3d58c814751e9fcf1911e68a87,../bigcows-crawler/.cache/dblp-refresh-2026-09-17-132635/safari/captures/031410dfac3670e6f13d2bc0d684fb83cc72294758a35dd0ba56ff253e5b1d50-1789676722814690000.html,None; read-only assessment
acm_fellows.csv,"Keromytis, Angelos Dennis",2017,https://dblp.org/pid/k/AngelosDKeromytis,Y,2026-09-17,supported,1961442437961b7f55bf26437de8ea6be97857c39efb451e5a70314b9717f356,../bigcows-crawler/.cache/dblp-refresh-2026-09-17-132635/safari/captures/e72b5727f3776215696c0af5417b5c923f84e9e7fc06c23b190e481f86efb7dd-1789676437690326000.html,None; read-only assessment
acm_fellows.csv,"Kesselman, Carl",2017,https://dblp.org/pid/06/4477,Y,2026-09-17,supported,b46152db2f127dc28f2883570f3b21995a4b39ec203c95e58e36fa37336be783,../bigcows-crawler/.cache/dblp-refresh-2026-09-17-132635/safari/captures/433170ba777e3b7124e6f3f7189c95e9bb47cec172af2fa94fcd9667ad5d80e7-1789676461490092000.html,None; read-only assessment
acm_fellows.csv,"Knightly, Edward",2017,https://dblp.org/pid/k/EWKnightly,Y,2026-09-17,supported,6f9869bd03af83aedb5b9e569671f28c441672bfac7b5c07057cc08ba571075c,../bigcows-crawler/.cache/dblp-refresh-2026-09-17-132635/safari/captures/08b13fdfc35fea9c6dfc1f4dffcc2a01f5fc37e820b2b553a8160569727d9b65-1789676613958468000.html,None; read-only assessment
acm_fellows.csv,"Knoblock, Craig",2017,https://dblp.org/pid/k/CAKnoblock,Y,2026-09-17,supported,8703635ef1f52b55a23d0b76b8240f1d695516e682b14f9f090ed07a5b92a404,../bigcows-crawler/.cache/dblp-refresh-2026-09-17-132635/safari/captures/4c8f07c5a44170ad74840f5ae692450c12476e538068ffc4834cc2313185470f-1789676494213208000.html,None; read-only assessment
acm_fellows.csv,"Lee, Insup",2017,https://dblp.org/pid/l/InsupLee,Y,2026-09-17,supported,274bc1a5067338d7dbf026188370209384ebee283a7573280147bcc314874857,../bigcows-crawler/.cache/dblp-refresh-2026-09-17-132635/safari/captures/73015b3956cf50cfbfd97a6a8a6128907aa65fa127b127dade2b30454ac386af-1789676652420140000.html,None; read-only assessment
acm_fellows.csv,"Lee, Wenke",2017,https://dblp.org/pid/29/5976,Y,2026-09-17,supported,3a8745a397c8ee725e67afab101ec38756795b5777e272b25ce33fd07f760ee9,../bigcows-crawler/.cache/dblp-refresh-2026-09-17-132635/safari/captures/4e9b0bb99c6d91a140763a85e1e1231595492e4de45007584946f0c650a59fa2-1789676932970802000.html,None; read-only assessment
acm_fellows.csv,"Li, Li Erran",2017,https://dblp.org/pid/l/ErranLLi,Y,2026-09-17,supported,137ed52e29d14b322af079cf2b51773ddad0cccd04e58a52966c7fae7b58de57,../bigcows-crawler/.cache/dblp-refresh-2026-09-17-132635/safari/captures/5bd1118645b6c8850d47e7b497bd60d84194c8888cb6e0081975cf96a4008c38-1789676684095475000.html,None; read-only assessment
acm_fellows.csv,"Loh, Gabriel H",2017,https://dblp.org/pid/03/2782,Y,2026-09-17,supported,1e911e08922cbf5b97c5ab772ed3fad4ffb61f30b079389314b5be09b059820a,../bigcows-crawler/.cache/dblp-refresh-2026-09-17-132635/safari/captures/0d1bf5c93fa084196f625b2b1e121ff5b0c7c91f7455b5f3889e7a56f1f2a0a2-1789676621721202000.html,None; read-only assessment
acm_fellows.csv,"Lozano-Perez, Tomas",2017,https://dblp.org/pid/90/752,Y,2026-09-17,supported,14fae01f4fdff486342888a98e29cf7a76871e559ea3455debab3634fd44bec0,../bigcows-crawler/.cache/dblp-refresh-2026-09-17-132635/safari/captures/6e79aa12b695290caef95689544aaf11d2d463b9a5f8268130ce96b234ce5d99-1789676916138064000.html,None; read-only assessment
acm_fellows.csv,"Lynch, Clifford A",2017,https://dblp.org/pid/l/CliffordALynch,Y,2026-09-17,supported,4e892634832012c17a1eff6bb29ff7735d4e13312f49a7400ff0bc914a5a22df,../bigcows-crawler/.cache/dblp-refresh-2026-09-17-132635/safari/captures/6d6e7dcda426343e341da215871c30060830bccd4f31ecb1e5788b9dd113cae1-1789676485378371000.html,None; read-only assessment
acm_fellows.csv,"Ma, Yi",2017,https://dblp.org/pid/69/1112-1,Y,2026-09-17,supported,4bdbf107256ea959c6f39b0eff2024df7f2bc507c4e12da66539220a86601492,../bigcows-crawler/.cache/dblp-refresh-2026-09-17-132635/safari/captures/724f651fb42cb5c5995508cec0bf338e2201fe35e4102b1f46fff585954a3d86-1789676940998941000.html,None; read-only assessment
acm_fellows.csv,"Mccallum, Andrew K.",2017,https://dblp.org/pid/m/AndrewMcCallum,Y,2026-09-17,supported,a0384853c81ba48610129860bef7a491afa255a91bc02a165cfd3d40a27dc704,../bigcows-crawler/.cache/dblp-refresh-2026-09-17-132635/safari/captures/a70a9d7824abf45d8b6b33a48f8b85a1910806eea1ade020a09380b62bbfd823-1789676430698194000.html,None; read-only assessment
acm_fellows.csv,"Micali, Silvio",2017,https://dblp.org/pid/49/5661,Y,2026-09-17,supported,de8b63af3b5f2f7cbe71642a53974c059104400dbf206e8c58ce420f7b77e8a0,../bigcows-crawler/.cache/dblp-refresh-2026-09-17-132635/safari/captures/9471eb91550563d80247cc894ff7747a03714bd9cc1101261b3e8144553be88d-1789676877338487000.html,None; read-only assessment
acm_fellows.csv,"Moshovos, Andreas",2017,https://dblp.org/pid/m/AndreasMoshovos,Y,2026-09-17,supported,4ad0f831d341374dab94f0d1894c21ed88cd06ffc52f1e3f3ef29aa3f4262be4,../bigcows-crawler/.cache/dblp-refresh-2026-09-17-132635/safari/captures/0e8da59c606ccbea9e2e5f0f1edea2fb1ccb3ee3f541773f9460f591869ae495-1789676421953804000.html,None; read-only assessment
acm_fellows.csv,"Murphy, Gail C",2017,https://dblp.org/pid/95/712,Y,2026-09-17,supported,a93fcf3b3ff8609f7995d461a2e4bdf869ea6e6e316fbc52fd0a99ffd7b7d3b3,../bigcows-crawler/.cache/dblp-refresh-2026-09-17-132635/safari/captures/b4ba8bd8374b0b4a146d268a8463d407a6bbf461ebed7abe39eb437cd19981af-1789676628700905000.html,None; read-only assessment
acm_fellows.csv,"Mutlu, Onur",2017,https://dblp.org/pid/m/OnurMutlu,Y,2026-09-17,supported,35ebeff1ae56a1183a1cc219a6853b80f7acaf2e7cae587e9770390a7cb7b108,../bigcows-crawler/.cache/dblp-refresh-2026-09-17-132635/safari/captures/a3c202a654c3ea9fa38482cc5616b6cee740d355571b4683f63e3a0d56bcbadb-1789676755261046000.html,None; read-only assessment
acm_fellows.csv,"Oliver, Nuria",2017,https://dblp.org/pid/o/NuriaOliver,Y,2026-09-17,supported,88b55f8a23c7a0f06b0dd77c4b8961f5fe49abfbd5f31689a05ec566d2b4f7c4,../bigcows-crawler/.cache/dblp-refresh-2026-09-17-132635/safari/captures/7a8550d6bfdd5e59f0f0c82913562b127a74f5a5fd67bb67d27c04128466b8ed-1789676747249610000.html,None; read-only assessment
acm_fellows.csv,"Prabhakar, Balaji",2017,https://dblp.org/pid/48/1750,Y,2026-09-17,supported,55fac66c2fe164e654312ef82da2ccc30c5ca006b0b5045bcc30fb4370c4c088,../bigcows-crawler/.cache/dblp-refresh-2026-09-17-132635/safari/captures/27300cad306237cc9e5870fc26357e1f2782796116ec56a41ff4905306d8b7b6-1789676444903745000.html,None; read-only assessment
acm_fellows.csv,"Rabin, Tal",2017,https://dblp.org/pid/r/TalRabin,Y,2026-09-17,supported,e0ec8656d3936db5b29419384acc8f3e0301a374e6b2554143b77b982e9cc244,../bigcows-crawler/.cache/dblp-refresh-2026-09-17-132635/safari/captures/a7bf14642e33043fda388aefd0b8f8df326346bf8f98f420af9e13ea82df5f43-1789676908120518000.html,None; read-only assessment
acm_fellows.csv,"Ramakrishnan, K. K.",2017,https://dblp.org/pid/r/KKRamakrishnan,Y,2026-09-17,supported,e1f7f7820828d3e860ef3aadf13469ab32bc76352ba4cd70a7a2fdc3ff642053,../bigcows-crawler/.cache/dblp-refresh-2026-09-17-132635/safari/captures/ff83b0fec6c7978d5e137ac486a5c9af870e333c730f83d7cbf81beb79c3dde9-1789676660222944000.html,None; read-only assessment
acm_fellows.csv,"Ramamoorthi, Ravi",2017,https://dblp.org/pid/88/6919,Y,2026-09-17,supported,f0755f5c1b9dea6b665e632f7493ef6319131c026e02c5cf26a750d8c28f2dbe,../bigcows-crawler/.cache/dblp-refresh-2026-09-17-132635/safari/captures/01e5f44bfa005d3f0f7c36c7e141758b93499d65c696e35adc4c4d35214a56cb-1789676770246632000.html,None; read-only assessment
acm_fellows.csv,"Rogers, Yvonne",2017,https://dblp.org/pid/r/YvonneRogers,Y,2026-09-17,supported,e53d14f47dabe89154f6f04ed171234bf76f29935c2c75118fa40dd86b538938,../bigcows-crawler/.cache/dblp-refresh-2026-09-17-132635/safari/captures/087352b477729d268a3fb3f8ec531c6c41f0c8e1e208440f9ab644c53815d035-1789676957824938000.html,None; read-only assessment
acm_fellows.csv,"Rui, Yong",2017,https://dblp.org/pid/r/YongRui,Y,2026-09-17,supported,dc50d45d0edcb6a6bfe51f650d3b837ec2a61cb8502c299902d2f30c4e4aecf9,../bigcows-crawler/.cache/dblp-refresh-2026-09-17-132635/safari/captures/ef9574aad58f59ca4d3eecfb4ab37fca6f1e44e3438069d70ed8802f8adf7456-1789676949244355000.html,None; read-only assessment
acm_fellows.csv,"Schoelkopf, Bernhard",2017,https://dblp.org/pid/97/119,Y,2026-09-17,supported,581a31434ca8f350ba018e40366cf3ad7c6d1534b738486f6f199d760177e67b,../bigcows-crawler/.cache/dblp-refresh-2026-09-17-132635/safari/captures/efbfa87cee77558a47719750b926005cd624dd79d573d23d55060c23165e8d56-1789676454671720000.html,None; read-only assessment
acm_fellows.csv,"Seitz, Steve",2017,https://dblp.org/pid/s/StevenMSeitz,Y,2026-09-19,supported,08be1bc22b60b9fd86c534ea63895bf8f7e0228dacea2a08da9e3b056c067e49,../bigcows-crawler/.cache/dblp-gap-fill-2026-09-19-145403/safari/captures/bf65f95ba9f0677c463cae2d6af87212d677f28c8cbd1ca6f53ff63cc653f26d-1789844933326744000.html,None; read-only assessment
acm_fellows.csv,"Sipser, Michael",2017,https://dblp.org/pid/s/MichaelSipser,Y,2026-09-17,supported,81f9d310e453cd3b217838d16f65f9d0490d68f32ea59adb86e294e24a5e092c,../bigcows-crawler/.cache/dblp-refresh-2026-09-17-132635/safari/captures/5563758e4fd2b81dd7d72c603c0949a68032f27f87c15cdf36bd116eb5cf55cb-1789676730603899000.html,None; read-only assessment
acm_fellows.csv,"Sivasubramaniam, Anand",2017,https://dblp.org/pid/72/3356,Y,2026-09-17,supported,c8a21d7de8f31be627ab7f6c1541df5fd988823f7a13cabb41fb1775b333be0c,../bigcows-crawler/.cache/dblp-refresh-2026-09-17-132635/safari/captures/8906f55141570dae322e9f4a783d71b77b31a0c257df43c52509fb5e96c0aaae-1789676414206675000.html,None; read-only assessment
acm_fellows.csv,"Srivastava, Mani B.",2017,https://dblp.org/pid/s/ManiBSrivastava,Y,2026-09-17,supported,6c50d212de41dc8fa071385845ab46a9ac51b48824c4a1783c61709787f4637c,../bigcows-crawler/.cache/dblp-refresh-2026-09-17-132635/safari/captures/25ca0260336ed9ad8cb408540edf69832da7cca06f9c2504165ac4bffe6a2678-1789676692410821000.html,None; read-only assessment
acm_fellows.csv,"Vardy, Alexander",2017,https://dblp.org/pid/11/2669,Y,2026-09-17,supported,ed85d44d47667339fecb4af08a0c062b1a5f74b3c021eb0ca016715528c64e82,../bigcows-crawler/.cache/dblp-refresh-2026-09-17-132635/safari/captures/e8d207b00a409836bcb02359e1dec9f11ecac63cb2f0743723f7004ffcf8247b-1789676407484045000.html,None; read-only assessment
acm_fellows.csv,"Voelker, Geoffrey",2017,https://dblp.org/pid/v/GeoffreyMVoelker,Y,2026-09-17,supported,6820912917560a751a19532a8310ba13ff23ec21f740e04276520ec677b78aca,../bigcows-crawler/.cache/dblp-refresh-2026-09-17-132635/safari/captures/5b710472323e7ffdb3c68796aca6b7d0485b26a54902836bdabb03f73dbfdab7-1789676636084147000.html,None; read-only assessment
acm_fellows.csv,"Wong, Martin",2017,https://dblp.org/pid/w/MartinDFWong,Y,2026-09-19,supported,16c8ca2a9c609733d3dc60e823ff44da9d72c0303c37f26a708c5877815ab22e,../bigcows-crawler/.cache/dblp-gap-fill-2026-09-19-145403/safari/captures/01a8527231f56d1d2672538303b65c23e1912ee81e98229d8b966ca4efb58346-1789844962119486000.html,None; read-only assessment
acm_fellows.csv,"Yang, Qiang",2017,https://dblp.org/pid/82/6362-1,Y,2026-09-17,supported,c88a2d89d0342033c495a8cce9874f48d1d4da08dec4a2a783fb89762d7133d3,../bigcows-crawler/.cache/dblp-refresh-2026-09-17-132635/safari/captures/67bc0d5adcf8295c6518704ceef13ac5ad8e68886df8a3d3e683516485e8d61c-1789676763353846000.html,None; read-only assessment
acm_fellows.csv,"Zhai, Chengxiang",2017,https://dblp.org/pid/z/ChengXiangZhai,Y,2026-09-17,supported,b63979adc740dcf0fe946891ed18ab5dc1d72087c3ea322940855dadfde9c643,../bigcows-crawler/.cache/dblp-refresh-2026-09-17-132635/safari/captures/425e767e95939f7913c2205108e7d1c326929be1a300808cb428ff8efeb7ed6c-1789676478146960000.html,None; read-only assessment
acm_fellows.csv,"Zhang, Aidong",2017,https://dblp.org/pid/z/AidongZhang,Y,2026-09-17,supported,b38ed251d0597045ba4c5aa57a6e7ebfed0ecc56305130055161bf3d7556a1e2,../bigcows-crawler/.cache/dblp-refresh-2026-09-17-132635/safari/captures/ff34338fd5d32207a8d14c92affc0b9807e61703bab39edd4ab51312ea542fdc-1789676398839110000.html,None; read-only assessment
acm_fellows.csv,"Alon, Noga",2016,https://dblp.org/pid/a/NAlon,Y,2026-09-17,supported,b598cfd5a0a3728f0d0fdd06e4d8a13d6dfb45da19b41c1d8ee64a9e64b50ae1,../bigcows-crawler/.cache/dblp-refresh-2026-09-17-132635/safari/captures/432a23b10e3f56c1fbc645393da25dbb2fa282afb5f59e14046a6443c8b1d3e0-1789677254097986000.html,None; read-only assessment
acm_fellows.csv,"Barford, Paul",2016,https://dblp.org/pid/b/PaulBarford,Y,2026-09-17,supported,c17a5f1b829f60f75737dc828c00e8b748a61389d2d22cd85b2077e122905207,../bigcows-crawler/.cache/dblp-refresh-2026-09-17-132635/safari/captures/65cad778149898d5663286f576fd177bb51ed6dc7f7212e11a630954404f1c80-1789677262492677000.html,None; read-only assessment
acm_fellows.csv,"Benini, Luca",2016,https://dblp.org/pid/b/LucaBenini,Y,2026-09-17,supported,f31a4e46aaf5bffeea838b89c16f601d26db691a79781f6326e8822f6ae8f3a5,../bigcows-crawler/.cache/dblp-refresh-2026-09-17-132635/safari/captures/fab30bc524a524aa7f5966bb112e13565c1c957396f3d4917d0cfb04ad4ab6c8-1789677196916792000.html,None; read-only assessment
acm_fellows.csv,"Bianchini, Ricardo",2016,https://dblp.org/pid/85/2722,Y,2026-09-17,supported,39b016de2f27250053485cd7a31bad4c58de102c01374b6033f1aa7cacbd0017,../bigcows-crawler/.cache/dblp-refresh-2026-09-17-132635/safari/captures/a85e79c75512e72274f32cb99627e8f327bddab38e817fce70b26bfc187bfffc-1789677301070888000.html,None; read-only assessment
acm_fellows.csv,"Blackburn, Steve",2016,https://dblp.org/pid/b/StephenMBlackburn,Y,2026-09-17,supported,261fd4460f34854657ece9f52b2ce56331de2890c1786c1c927ccc671dbe7955,../bigcows-crawler/.cache/dblp-refresh-2026-09-17-132635/safari/captures/776bfa041715b4d23dc510a8c9cb33ee6cc216eb699fa6ab48d003c4d715438a-1789677414359143000.html,None; read-only assessment
acm_fellows.csv,"Boneh, Dan",2016,https://dblp.org/pid/b/DanBoneh,Y,2026-09-17,supported,ed3aeee6c5d63494759c0ce491321eb6abd3f6a8ecdf5e80873b4cea587c3259,../bigcows-crawler/.cache/dblp-refresh-2026-09-17-132635/safari/captures/15ac380779ff419e3a59cf4ac1482e537d3234fc9efef7a0afab6475f06a4d20-1789677033213269000.html,None; read-only assessment
acm_fellows.csv,"Brodley, Carla",2016,https://dblp.org/pid/24/1941,Y,2026-09-17,supported,94294228b0f39672a2c5143c9f827d0b1d649a34642abebbd5b5326d828bf4c8,../bigcows-crawler/.cache/dblp-refresh-2026-09-17-132635/safari/captures/14fac2ebb783ea6e1686cd0583a438ed0d1e347a4c9ba1fd3d24ea194b067070-1789677010784381000.html,None; read-only assessment
acm_fellows.csv,"Cassell, Justine",2016,https://dblp.org/pid/61/1634,Y,2026-09-17,supported,1b3840a2f5076e95a7ba6fbe8a9bc04cfa1288e7343e953f906ea2407b25d797,../bigcows-crawler/.cache/dblp-refresh-2026-09-17-132635/safari/captures/35bc736dcebb4688e51ba78958736298361b40691cd084b5c495d6822c114b8e-1789677171264458000.html,None; read-only assessment
acm_fellows.csv,"Demaine, Erik",2016,https://dblp.org/pid/d/ErikDDemaine,Y,2026-09-17,supported,631dbab00bc0f3c016a95574b2b3c2842ac10b24faf4318df7164859c4ff1bcc,../bigcows-crawler/.cache/dblp-refresh-2026-09-17-132635/safari/captures/f63ad2c49621043da1164143e71b6cb1a0afcb502f74e54977f754fa21eab33d-1789677058461326000.html,None; read-only assessment
acm_fellows.csv,"Druin, Allison",2016,https://dblp.org/pid/d/AllisonDruin,Y,2026-09-17,supported,63c9f4532748db5fb06175a4af05bf42dfb2f3b7f8d0d369bfb81a5da3c67937,../bigcows-crawler/.cache/dblp-refresh-2026-09-17-132635/safari/captures/b0101bfcfdf75ca99e80cd353deb277fe0a5e9bd83821a42110cd2234f466e0c-1789676982179027000.html,None; read-only assessment
acm_fellows.csv,"Durand, Fredo",2016,https://dblp.org/pid/87/2617,Y,2026-09-17,supported,31b350b7dc3c3476991fbe9e7a45415b391e433b507ced8bded00ee58dd5834b,../bigcows-crawler/.cache/dblp-refresh-2026-09-17-132635/safari/captures/77fd3c1d3e8b6ec15921b3d50a56484d0b4b5990183cc6849e16ae6e98f2c94c-1789677065550908000.html,None; read-only assessment
acm_fellows.csv,"Feamster, Nick",2016,https://dblp.org/pid/87/840,Y,2026-09-17,supported,3989d255d7b39c33c843aa89f9655cad77b2ea8caf1deb9db6fe9628ca762e65,../bigcows-crawler/.cache/dblp-refresh-2026-09-17-132635/safari/captures/291eafad5f8aa7e3d796792dc4399224e936bc2cdccabf8fe80aa7bd720c20e8-1789677246641206000.html,None; read-only assessment
acm_fellows.csv,"Flinn, Jason",2016,https://dblp.org/pid/14/85,Y,2026-09-17,supported,3151aaaa19fe65dd95c46bbd3aba6127569d4c1d0ddad808f6da165e5864cec8,../bigcows-crawler/.cache/dblp-refresh-2026-09-17-132635/safari/captures/9c57eb76efceb8f1968f9c407c383fd5bd7795ce9d6fb01b2ddbe9997ee5ef86-1789677164273126000.html,None; read-only assessment
acm_fellows.csv,"Freeman, William",2016,https://dblp.org/pid/86/6650,Y,2026-09-17,supported,aa564baf842d9cf4809b3759bf8f18ffa622b701abef21403ffc2a73ce92556e,../bigcows-crawler/.cache/dblp-refresh-2026-09-17-132635/safari/captures/75f64ab4953590a2b1cd35071c24f5d9fe49472c89c71106200b8f94d954dac7-1789677456477810000.html,None; read-only assessment
acm_fellows.csv,"Gil, Yolanda",2016,https://dblp.org/pid/88/2686,Y,2026-09-17,supported,6e0c4ea4ee236191c53937c2530b2475e8eed495435692b658f3636cebfd736f,../bigcows-crawler/.cache/dblp-refresh-2026-09-17-132635/safari/captures/838284052d9393ce734f2180e13ead7989241e271f7124f27bbab77109d94e11-1789677470235303000.html,None; read-only assessment
acm_fellows.csv,"Grossman, Robert L.",2016,https://dblp.org/pid/g/RobertLGrossman,Y,2026-09-17,supported,d34e15fe1a224f9fde9227304fed5c0e9fedf3e5c55808409671b6fdb2a11585,../bigcows-crawler/.cache/dblp-refresh-2026-09-17-132635/safari/captures/9f5c1d9e9dde95f4a7dd1a460dd3ababfc18ce44f50b8a46309ad3618fab2fe9-1789677315288460000.html,None; read-only assessment
acm_fellows.csv,"Gupta, Rajesh",2016,https://dblp.org/pid/213/9138-1,Y,2026-09-17,supported,74be97897bec288b4c6f85d1d5f608d5786017cc59099898440b6e3e4d1e769d,../bigcows-crawler/.cache/dblp-refresh-2026-09-17-132635/safari/captures/7b04b2519bbcf7772b73f368488e2e81ae821587317fb80945d835d2e2c65929-1789677285035337000.html,None; read-only assessment
acm_fellows.csv,"Hendler, James",2016,https://dblp.org/pid/h/JamesAHendler,Y,2026-09-17,supported,2451793f9239e7440b450012fdf694fd6491347d1893d9249c637a760b228f68,../bigcows-crawler/.cache/dblp-refresh-2026-09-17-132635/safari/captures/4e5888f28828e377c51af5b59983ca37b5c2e8bfe03ceaf01a4cd75ab796cb3e-1789677149400286000.html,None; read-only assessment
acm_fellows.csv,"Henzinger, Monika",2016,https://dblp.org/pid/h/MonikaRauchHenzinger,Y,2026-09-17,supported,1a35f10e528b8a077619f64fedb686ee57bb50e030e0af7f294662baf60778f8,../bigcows-crawler/.cache/dblp-refresh-2026-09-17-132635/safari/captures/b2dcc6b2084193182449c726301cad46cd66ed14890b989bc2d3ecc6e52fbef6-1789677237346810000.html,None; read-only assessment
acm_fellows.csv,"Hey, Anthony",2016,https://dblp.org/pid/h/AnthonyJGHey,Y,2026-09-17,supported,2560fc1dfcd5c6d3e974eda614eb5c3eb5a29559fa449729fbae27295a425228,../bigcows-crawler/.cache/dblp-refresh-2026-09-17-132635/safari/captures/4ab86555865208fb0dba5d239a01bee9191b8ba9ba4b80cbd672d61cea312f61-1789677004167499000.html,None; read-only assessment
acm_fellows.csv,"Huang, Xuedong",2016,https://dblp.org/pid/41/4753,Y,2026-09-19,supported,41c5f1c20e21b70fc2d67c486c0d4fd5dc1d3a16d7399608f1e32e9e973c5e76,../bigcows-crawler/.cache/dblp-gap-fill-2026-09-19-145403/safari/captures/0da04ccca4e23aca2c435707232a85a5e026437f09baed644e06a82fc343b7a8-1789844254350710000.html,None; read-only assessment
acm_fellows.csv,"Jackson, Daniel",2016,https://dblp.org/pid/80/1906-1,Y,2026-09-19,supported,50ee4c6dbe87d392436459caeb933d12b63253f8801c3b6d40d75f4a3c11e9d6,../bigcows-crawler/.cache/dblp-gap-fill-2026-09-19-145403/safari/captures/df18666f23b2d868e8b129379502bf37298a8cca6a8f9bd8564f2e9c32a31b54-1789844418654204000.html,None; read-only assessment
acm_fellows.csv,"Jacob, Robert J.K.",2016,https://dblp.org/pid/j/RobertJKJacob,Y,2026-09-17,supported,df1a1f3f6a6ca1f1078c3e5695ff89bf2d5a2eb3d9be3ff719cf121b99491d57,../bigcows-crawler/.cache/dblp-refresh-2026-09-17-132635/safari/captures/6fe5ce606d805395d6bb6757565ac547daaffeff2e3ad2c0ceba72abf7e749c0-1789677307913823000.html,None; read-only assessment
acm_fellows.csv,"Jha, Somesh",2016,https://dblp.org/pid/j/SomeshJha,Y,2026-09-17,supported,b8eb048bf1c802be3166914a6c4587a0492d5eb532d22667fcbb2092c126360a,../bigcows-crawler/.cache/dblp-refresh-2026-09-17-132635/safari/captures/83438387fcfccf670c7a44096b833e365dcb8fe492313d759b152c8f92798f97-1789677406603281000.html,None; read-only assessment
acm_fellows.csv,"Kannan, Ravi",2016,https://dblp.org/pid/k/RaviKannan,Y,2026-09-17,supported,6957f86341c35db6ee0028ec676088386e9b1f9e31431a393449163144fceb68,../bigcows-crawler/.cache/dblp-refresh-2026-09-17-132635/safari/captures/d6605f5eab753c2e9525d13c65e3eca86a9049f83e044589b102285a644e74e8-1789677292760034000.html,None; read-only assessment
acm_fellows.csv,"Kermarrec, Anne-Marie",2016,https://dblp.org/pid/86/676,Y,2026-09-17,supported,2cfb3c783782cabefe4167c61cae30502ce7322bc4333a6a0cd4d4636b3a9970,../bigcows-crawler/.cache/dblp-refresh-2026-09-17-132635/safari/captures/85db7785a0c9884fd25d0f5d26e036c7bec8dfb252779cfcbdd6d5097f390d96-1789676997350040000.html,None; read-only assessment
acm_fellows.csv,"Kersten, Martin",2016,https://dblp.org/pid/k/MartinLKersten,Y,2026-09-17,supported,2655d34abdafeedccb6ff6edb466c6f048225b53e100cbe413b76cd1f0faa55b,../bigcows-crawler/.cache/dblp-refresh-2026-09-17-132635/safari/captures/a88ac3c238dce57de37560ea4a1193448240250aa90285c4448ab7a10520497c-1789677222354161000.html,None; read-only assessment
acm_fellows.csv,"Kozyrakis, Christos",2016,https://dblp.org/pid/k/ChristoforosEKozyrakis,Y,2026-09-17,supported,83d7afa699e051e9a685faf67dd31a4ac3a1dc58af9dc650b97c2c55b9a3f471,../bigcows-crawler/.cache/dblp-refresh-2026-09-17-132635/safari/captures/8519a6d0929a35db1a94d711407f861944a1775141975ad1f376292f515ed969-1789677024996218000.html,None; read-only assessment
acm_fellows.csv,"Kwiatkowska, Marta",2016,https://dblp.org/pid/k/MartaZKwiatkowska,Y,2026-09-17,supported,c75080e0946e316bcbbf0b17f9e2d8d84c5152fcedcf4880a685e4f758f6fd4b,../bigcows-crawler/.cache/dblp-refresh-2026-09-17-132635/safari/captures/f386ca1755d75a182c5835b41c9f2a625f91cb3f5670a424356d064738e84068-1789677214249479000.html,None; read-only assessment
acm_fellows.csv,"Landay, James",2016,https://dblp.org/pid/l/JamesALanday,Y,2026-09-17,supported,06375fc8c5cf9c16b2337f2d3449e1489061d535f431ff150bde56f49089e3d4,../bigcows-crawler/.cache/dblp-refresh-2026-09-17-132635/safari/captures/6ecd58ccbb724cafe457f6828471a508deedfc4caee1f90f00e3304097e4ba6b-1789677156185110000.html,None; read-only assessment
acm_fellows.csv,"Leino, K. Rustan M.",2016,https://dblp.org/pid/l/KRMLeino,Y,2026-09-17,supported,1c8a428e19cd3521d4b110797938ac5e770656f0d35d56e11f6d4c76a4c4fda7,../bigcows-crawler/.cache/dblp-refresh-2026-09-17-132635/safari/captures/ad7f6e06c33da435958266e543cfed31d036d3ca541e26d802dfeebcd9a7e0a0-1789677178399158000.html,None; read-only assessment
acm_fellows.csv,"Lyles, Joseph Bryan",2016,https://dblp.org/pid/03/4762,Y,2026-09-18,supported,dcfdb45288ce8e6ccd21a1037e350a3a79e1620cdf6723e580ad7f9ac6c5bb4b,../bigcows-crawler/.cache/dblp-missing-web-2026-09-17-203211/safari/captures/a3045d955b07f69245968ad55558cf753d79161a8d948e3d71e879b32c8454a6-1789691948752243000.html,None; read-only assessment
acm_fellows.csv,"Mowry, Todd C",2016,https://dblp.org/pid/65/4120,Y,2026-09-17,supported,f5780554e95551cf575b6ec066005ac45b80f2cbdd9ee6dc59381292db76d18e,../bigcows-crawler/.cache/dblp-refresh-2026-09-17-132635/safari/captures/98551c860232f0b1dd3ff92cc777530b0d221cf3aa36cadd6132385e7d34f740-1789677427731048000.html,None; read-only assessment
acm_fellows.csv,"Mudge, Trevor",2016,https://dblp.org/pid/m/TrevorNMudge,Y,2026-09-17,supported,a52276ef21f62f36392be2db005f2bea6f9131585d95dbd4ba90b4325f7f6108,../bigcows-crawler/.cache/dblp-refresh-2026-09-17-132635/safari/captures/40c7561650656dfe6b1ffec300cb95cc08551796fb86b0e66e57e84cd0b24646-1789677435904100000.html,None; read-only assessment
acm_fellows.csv,"Oviatt, Sharon",2016,https://dblp.org/pid/o/SharonLOviatt,Y,2026-09-17,supported,d672336e16658a1c7009412596c325215219ff9732eb924bae6360f2654886e1,../bigcows-crawler/.cache/dblp-refresh-2026-09-17-132635/safari/captures/faf24b786fd4bb22dc42a45ac5963b3ce66e30246981656288b254caefa7edca-1789677391723290000.html,None; read-only assessment
acm_fellows.csv,"Padmanabhan, Venkata",2016,https://dblp.org/pid/p/VenkataNPadmanabhan,Y,2026-09-17,supported,0a8ad2afd1b0d39766d4d060de1d10c1e64e2e9b68877c0b2033373a17aa8d15,../bigcows-crawler/.cache/dblp-refresh-2026-09-17-132635/safari/captures/519845368096e029bdaec8c299bf8cd45ce2061e3070bcd866ecfab4bac68ab6-1789677449743359000.html,None; read-only assessment
acm_fellows.csv,"Patel, Shwetak N",2016,https://dblp.org/pid/p/ShwetakNPatel,Y,2026-09-17,supported,ead34f4a172680fba75a7b562808ab310ebd125a91fe76e61b3a6f48a8ce079b,../bigcows-crawler/.cache/dblp-refresh-2026-09-17-132635/safari/captures/4fbc69b685f913480e1691b3bfcfada25ba12201c56f6f9cb08afbb8d8390290-1789677398669750000.html,None; read-only assessment
acm_fellows.csv,"Peleg, David",2016,https://dblp.org/pid/p/DavidPeleg,Y,2026-09-17,supported,e1ea3c79fc39d807874fec587616a3fe3ba3e0f0d87e0d65f6ee5b20ab43c525,../bigcows-crawler/.cache/dblp-refresh-2026-09-17-132635/safari/captures/2390833ab4416566b7224f50f78f71391f7954bf5b6f02adc9d85ce168207329-1789677049667786000.html,None; read-only assessment
acm_fellows.csv,"Perlman, Radia",2016,https://dblp.org/pid/87/2370,Y,2026-09-17,supported,4e550f5ed81354b864e767f4475f314506b14f2604da3c60689016ca4c0590e8,../bigcows-crawler/.cache/dblp-refresh-2026-09-17-132635/safari/captures/cf1d0c1d4e8b4ba2e75e7aeb222fea42044330c7b1d5c868a2cac5c4606b433b-1789677277268354000.html,None; read-only assessment
acm_fellows.csv,"Perrig, Adrian",2016,https://dblp.org/pid/16/6873,Y,2026-09-17,supported,9240b0c34cf1d7e387ed625b72f6f67e0d8806f1e69dcb7d2b73a32724a8311d,../bigcows-crawler/.cache/dblp-refresh-2026-09-17-132635/safari/captures/70f8f7444361babc64aae7fdde826259fb13ae2edcd5de4b738bb73ff5c97849-1789676973842787000.html,None; read-only assessment
acm_fellows.csv,"Ramalingam, Ganesan",2016,https://dblp.org/pid/r/GRamalingam,Y,2026-09-17,supported,baed8b5963047abf5e82597ffa0f1f792c8d3f41f842999843094333e6b874fc,../bigcows-crawler/.cache/dblp-refresh-2026-09-17-132635/safari/captures/473926733b0f8871070040e5c37946c682693a2a79ffcafed7bf75044696ad40-1789677135374190000.html,None; read-only assessment
acm_fellows.csv,"Raschid, Louiqa",2016,https://dblp.org/pid/r/LouiqaRaschid,Y,2026-09-17,supported,0726ec25bc845b56c453eb7aad74f5263f5ca5d8bb095ae13b8666e149b1dccb,../bigcows-crawler/.cache/dblp-refresh-2026-09-17-132635/safari/captures/95aa8f9ded14e42166bf732186cfd4805e0b85dbfdc0c9da9a827b8b67d86eaf-1789677186563320000.html,None; read-only assessment
acm_fellows.csv,"Rushmeier, Holly E",2016,https://dblp.org/pid/13/6571,Y,2026-09-17,supported,6aaad4843f4f351aa6d472cb77c3afe7ad55f5bc53f65b0cfbbfa5a16014a7d4,../bigcows-crawler/.cache/dblp-refresh-2026-09-17-132635/safari/captures/bf0bd371506b52ced7a1a04d047cc7e40db9daf7caf7c071281abf06a37037ca-1789677142079751000.html,None; read-only assessment
acm_fellows.csv,"Saks, Michael E",2016,https://dblp.org/pid/s/MichaelESaks,Y,2026-09-17,supported,ce5e7b4814112171793d524dcb636f70bc53fc60ce9e4642f8111ffa34cd8073,../bigcows-crawler/.cache/dblp-refresh-2026-09-17-132635/safari/captures/37110b49804548143b173641e9f3044c03a8f18fd4a78c20795d644578e22515-1789677229313717000.html,None; read-only assessment
acm_fellows.csv,"Sapatnekar, Sachin S.",2016,https://dblp.org/pid/s/SachinSSapatnekar,Y,2026-09-17,supported,4b333af34b3633dd50f665d75cfba2c704d14ec68695311391d6cbe93ea51b8f,../bigcows-crawler/.cache/dblp-refresh-2026-09-17-132635/safari/captures/77c80ec70436acdc479cb6c751368f3e328587447f2f3d5f10076a6ce1edf50f-1789677322677110000.html,None; read-only assessment
acm_fellows.csv,"Sellen, Abigail",2016,https://dblp.org/pid/s/AbigailSellen,Y,2026-09-17,supported,4f25dbc02c2418fe6c7714c0c4f646140f2ddfbf19ca357919437d5765097ee9,../bigcows-crawler/.cache/dblp-refresh-2026-09-17-132635/safari/captures/35e070da1501f6cfbcaff412bf06711ec0a7a27b8e7927aa27cd60826f4d4156-1789676966435723000.html,None; read-only assessment
acm_fellows.csv,"Sengupta, Sudipta",2016,https://dblp.org/pid/88/4889,Y,2026-09-17,supported,4bc2329ba3e83563cd3ba0b3f311227e6b114c3c52be042225d5b847cddd926b,../bigcows-crawler/.cache/dblp-refresh-2026-09-17-132635/safari/captures/776e65f173f4abe812ec75f663f78b9e7d701cb79151c1db07224efa89d44a1d-1789677421051684000.html,None; read-only assessment
acm_fellows.csv,"Seznec, Andre",2016,https://dblp.org/pid/08/6044,Y,2026-09-17,supported,0f47d2037e2dc061bd74e17b9ed4529fa2046a09474ed0319b83655d72a8c42d,../bigcows-crawler/.cache/dblp-refresh-2026-09-17-132635/safari/captures/ad038fe710120e7513e4c32aac93c8652bcd94e8e32c79f8ece3f59d35d84b9c-1789676990500501000.html,None; read-only assessment
acm_fellows.csv,"Taylor, Valerie",2016,https://dblp.org/pid/50/1380,Y,2026-09-17,supported,f76b17da044730d25c4a051ebfb0c82f34adef9ab18adffccfde1a99bc525221,../bigcows-crawler/.cache/dblp-refresh-2026-09-17-132635/safari/captures/634579405f098518cd13e84542fda6f32faf07c49d67a0648b3077bfcd671598-1789677442611402000.html,None; read-only assessment
acm_fellows.csv,"Tomasi, Carlo",2016,https://dblp.org/pid/24/2162,Y,2026-09-17,supported,c5012c67ad25034dcf15d5bab39fc9d97634245a9a2afd621936dfdfcd2b3b2b,../bigcows-crawler/.cache/dblp-refresh-2026-09-17-132635/safari/captures/07eb031a5583f611398b955b6965a70f5b5d82d94fb731a8bd407fc6c17ba907-1789677018205942000.html,None; read-only assessment
acm_fellows.csv,"Van Oorschot, Paul",2016,https://dblp.org/pid/o/PCvOorschot,Y,2026-09-17,supported,8a14a4f63814cdc82941a381f9be0f01502344811a4657a538536951cfe38428,../bigcows-crawler/.cache/dblp-refresh-2026-09-17-132635/safari/captures/b52c8ebfe8d27fc7587f8d481b25989c9d3b38b4a00e7adcbe4d428c520646da-1789677269322434000.html,None; read-only assessment
acm_fellows.csv,"Veloso, Manuela",2016,https://dblp.org/pid/v/ManuelaMVeloso,Y,2026-09-17,supported,42fd60080e24a1b860c36ae32f1a4e9b85c1a3c82f94bc3ab15a7d7d1d250f59,../bigcows-crawler/.cache/dblp-refresh-2026-09-17-132635/safari/captures/a67f210bd3f5d3e1a7dda9a5227d0b314d6fa0f0791d8b6eec1e180a6220eb90-1789677206157537000.html,None; read-only assessment
acm_fellows.csv,"Zhou, Zhi-Hua",2016,https://dblp.org/pid/z/ZhiHuaZhou,Y,2026-09-17,supported,e8fe7dd084241f71d4dd316a2c9ca06a3fd18a6a2cd9ee75c2a5d33f25a1ecfc,../bigcows-crawler/.cache/dblp-refresh-2026-09-17-132635/safari/captures/043ac8736a3eea6cc178978ffd72cfaf9000df1cbe2d6547d2e38616dab2eb25-1789677478752410000.html,None; read-only assessment
acm_fellows.csv,"Ailamaki, Anastasia",2015,https://dblp.org/pid/a/AnastassiaAilamaki,Y,2026-09-17,supported,b69c1a43e7f1d60d326837d1fc647579cf2befd0fdca5297918f27e559ae5160,../bigcows-crawler/.cache/dblp-refresh-2026-09-17-132635/safari/captures/0b0b5919f051fe9c15d4156e87133182d445cba9d32a56b42979678f207d853e-1789677487386474000.html,None; read-only assessment
acm_fellows.csv,"Amato, Nancy M",2015,https://dblp.org/pid/a/NMAmato,Y,2026-09-17,supported,d50822cc7fd1a00c6dfd5396d38a79b83b48c1ba53eeb0c4ae5bde8d22cdc05e,../bigcows-crawler/.cache/dblp-refresh-2026-09-17-132635/safari/captures/2addf2175d84a53c1d90839b10c40d40e149da9194ae0ada1d83557094058d68-1789677749442803000.html,None; read-only assessment
acm_fellows.csv,"Blei, David M.",2015,https://dblp.org/pid/86/1910,Y,2026-09-17,supported,3069182052ee70ca73ed0f76a9e10277c9b59f9c068170a40a8d94606f1ea40e,../bigcows-crawler/.cache/dblp-refresh-2026-09-17-132635/safari/captures/c9b630c250eedef002fe089cfbb94243c4e761626bf9dd0c68386f6bf287fae9-1789677531078642000.html,None; read-only assessment
acm_fellows.csv,"Chang, Naehyuck",2015,https://dblp.org/pid/84/5634,Y,2026-09-17,supported,6e6d95f0ae0811cd4ce6de388b59fcfa025bcc6c0e3b137ea5cdde8bd6bd1e60,../bigcows-crawler/.cache/dblp-refresh-2026-09-17-132635/safari/captures/341b32a3f53872e6ccabd08de2c352cf5fcf2d119290b2b95f6afb7cd2dc49d6-1789677740233190000.html,None; read-only assessment
acm_fellows.csv,"Chen, Hsinchun",2015,https://dblp.org/pid/c/HsinchunChen,Y,2026-09-19,supported,ec105baa70a87a068df3ca3fe1ed1152bfe2cb686c8e7b3f2da297e3a9155e38,../bigcows-crawler/.cache/dblp-gap-fill-2026-09-19-145403/safari/captures/f67b65ecd40e2a57ea323c9daec575569eb87d657eaba19c4e4652a2b4f27b4e-1789844497250887000.html,None; read-only assessment
acm_fellows.csv,"Czerwinski, Mary P.",2015,https://dblp.org/pid/c/MaryCzerwinski,Y,2026-09-17,supported,9afeb75fbbed10b1a27ff89a8f916bace0ccce6e03bd75561665ad8a6658b22e,../bigcows-crawler/.cache/dblp-refresh-2026-09-17-132635/safari/captures/7c616544799f5b2606f8e5d49cb4313d86b974c63bcaa74310d58cd07d1eddf9-1789677700549772000.html,None; read-only assessment
acm_fellows.csv,"De Giacomo, Giuseppe",2015,https://dblp.org/pid/g/GDGiacomo,Y,2026-09-17,supported,41a1cb962201234544764fd44ccd14d5a7a581a97673404056ceab9697e8702f,../bigcows-crawler/.cache/dblp-refresh-2026-09-17-132635/safari/captures/fbe91a82080249e0f0f03a782a20d67361f01de64766d7aafc6417ddb9d9c2e8-1789677560257000000.html,None; read-only assessment
acm_fellows.csv,"Dourish, Paul",2015,https://dblp.org/pid/97/936,Y,2026-09-17,supported,ba39beab5b08bef78a14f89515d429a4883a859a5b8b6ae75887b80d9ed48e97,../bigcows-crawler/.cache/dblp-refresh-2026-09-17-132635/safari/captures/37422cbe657fbea42e64d18a1f626d6745dd2bc65d371c90df50e36e9cca0b01-1789677779291660000.html,None; read-only assessment
acm_fellows.csv,"Dwork, Cynthia",2015,https://dblp.org/pid/83/6616,Y,2026-09-17,supported,6b3a246ab82bd08e669dc4a13667b80ffbcbc9e9d13f3c8825cfe9f6e062abae,../bigcows-crawler/.cache/dblp-refresh-2026-09-17-132635/safari/captures/8982ad181d2b0101d20e38523ef67e6cd6cb5ea48716495f04d32fbf75ee1ab7-1789677523074656000.html,None; read-only assessment
acm_fellows.csv,"Fall, Kevin",2015,https://dblp.org/pid/38/3635,Y,2026-09-17,supported,156a2058328d64d16798d43017d4c5338f4b319cae2eda531b8a28cd27099d05,../bigcows-crawler/.cache/dblp-refresh-2026-09-17-132635/safari/captures/23d71001a0d86c2b8a5e4a4e2d00785e7c56ad6778b30f517b23f6f69ed4d49b-1789677683848810000.html,None; read-only assessment
acm_fellows.csv,"Falsafi, Babak",2015,https://dblp.org/pid/f/BabakFalsafi,Y,2026-09-17,supported,3a499d99ac38b54b22424b6f5a68f5f595330d7aaa93891ed987b106f5c4bc98,../bigcows-crawler/.cache/dblp-refresh-2026-09-17-132635/safari/captures/ee2ceafe127d17f87c9f7fc1708f0a31ecf16c5513f377a3a7d9375431dfb1b6-1789677501264867000.html,None; read-only assessment
acm_fellows.csv,"Franz, Michael",2015,https://dblp.org/pid/f/MichaelFranz,N,2026-09-17,existing_N,7292f5420801adc767fe25dccc452380a758b1071f7dcb8836009f2c914bd683,../bigcows-crawler/.cache/dblp-refresh-2026-09-17-132635/safari/captures/39534d6b07fde5145ba09758c7bac07258ad1b1876eaf96c5b880f33797c5983-1789677707395309000.html,None; read-only assessment
acm_fellows.csv,"Grumberg, Orna",2015,https://dblp.org/pid/g/OrnaGrumberg,Y,2026-09-17,supported,8617aedcc4a7d0c979de42f6d392ec7a51e0d673941a023270458b7b93f725a2,../bigcows-crawler/.cache/dblp-refresh-2026-09-17-132635/safari/captures/e47d5c89ec4c5e083a602aa28454cfc906bdee1e917646392c80e93e7545d3ee-1789677757117291000.html,None; read-only assessment
acm_fellows.csv,"Guha, Ramanathan",2015,https://dblp.org/pid/g/RamanathanVGuha,Y,2026-09-17,supported,7f9991e9b37838ce9d8d7c617af2cf7fee1c52df38ab63883e40f80899d874a5,../bigcows-crawler/.cache/dblp-refresh-2026-09-17-132635/safari/captures/a0a7c8409dd7cd5dfc249583d5d0fea9aa219b65d1806f3e6d068b3c2dbc28ea-1789677802143368000.html,None; read-only assessment
acm_fellows.csv,"Haritsa, Jayant R",2015,https://dblp.org/pid/h/JayantRHaritsa,Y,2026-09-17,supported,8e9e8fc69f8fb64ff98c3f6de3544dfbfc9175252f294650f635b3e40c111d39,../bigcows-crawler/.cache/dblp-refresh-2026-09-17-132635/safari/captures/9cd92eed890ec79189036410e62d842487b65cd6ddeeb8d7654648428b23b4e2-1789677653332733000.html,None; read-only assessment
acm_fellows.csv,"Hirschberg, Julia",2015,https://dblp.org/pid/h/JuliaHirschberg,Y,2026-09-17,supported,70529e3c8a69b3ddec888292f1f2359908b2c2acd23b119fe2f0f57adbe7ad1e,../bigcows-crawler/.cache/dblp-refresh-2026-09-17-132635/safari/captures/70030b4ba3cafe08836f7b59df26280434efe149f7637b9bb192ef6dbdb4d708-1789677676641122000.html,None; read-only assessment
acm_fellows.csv,"Indyk, Piotr",2015,https://dblp.org/pid/i/PiotrIndyk,Y,2026-09-17,supported,e9541d4143810a18016dfa3168aa94db73939e93ae3de8d20590f8afb8267b9d,../bigcows-crawler/.cache/dblp-refresh-2026-09-17-132635/safari/captures/8e567fb2268185bfeefbe57e8012121877c2b25caec2c4faa0d4b2c10f6cfd4c-1789677794519187000.html,None; read-only assessment
acm_fellows.csv,"Kuo, Tei-Wei",2015,https://dblp.org/pid/07/3181,Y,2026-09-17,supported,7ad1cceb2acc2a936664cfb26621c02420138b6d732acb25b331de80ba399d93,../bigcows-crawler/.cache/dblp-refresh-2026-09-17-132635/safari/captures/2d3e5e4f1c6b5a0e0dd00da984f671a8845c0dd7cc3d88cc602fce2d56042e33-1789677839092949000.html,None; read-only assessment
acm_fellows.csv,"Leroy, Xavier",2015,https://dblp.org/pid/03/352,Y,2026-09-17,supported,283ce7f500914f018c6d1ea32d0bb6176f7284a893ff44b6eb7f12a7c5f2b0c9,../bigcows-crawler/.cache/dblp-refresh-2026-09-17-132635/safari/captures/f3d3a916ebf7f66c48b36278c84bf74ae05f1ba8e32ffba8bee6b37c58fe47a5-1789677950794906000.html,None; read-only assessment
acm_fellows.csv,"Lin, Chih-Jen",2015,https://dblp.org/pid/61/1218,N,2026-09-17,existing_N,0c3dcb156b6f3bf68bcf4bdbd91923d114e386c3b9576b5392adaeaaa0fad872,../bigcows-crawler/.cache/dblp-refresh-2026-09-17-132635/safari/captures/60a586bb60f80b7851a2e38e3d8246f8ab87a48a9d5ccd0ea954e61c5b375e97-1789677516478618000.html,None; read-only assessment
acm_fellows.csv,"Liu, Bing",2015,https://dblp.org/pid/l/BingLiu1,Y,2026-09-19,supported,717cf6a171cd3a99bbfe84a4f9ffcdbf48abca29837c5ca73825d8ef8e3464bc,../bigcows-crawler/.cache/dblp-gap-fill-2026-09-19-145403/safari/captures/d2e09438d800cf835da22089a13bef2d4dddf711c0272c7e28b9640987ce9ee2-1789844678116020000.html,None; read-only assessment
acm_fellows.csv,"Liu, Yunhao",2015,https://dblp.org/pid/27/2403,Y,2026-09-18,supported,d7ee93964cb88d47a625c0b85dab048bd8f6ca4f99808a55bc46820a593ae875,../bigcows-crawler/.cache/dblp-missing-web-2026-09-17-203211/safari/captures/52dbca7164cd8bc827d3ca5141b27308f8d96c670c9e44d6bf1733128d922a95-1789691964309078000.html,None; read-only assessment
acm_fellows.csv,"Luby, Michael George",2015,https://dblp.org/pid/l/MichaelLuby,Y,2026-09-17,supported,eb5a4eaa286af0f7c988ddc9dd26b8ea2e4fece5ebbae2cb79d177b97fc83162,../bigcows-crawler/.cache/dblp-refresh-2026-09-17-132635/safari/captures/968b0287cc9e9892db0de4b5488ee548ee4078be15f884be2e96fd8087651dea-1789677714101273000.html,None; read-only assessment
acm_fellows.csv,"Lyu, Michael Rung-Tsong",2015,https://dblp.org/pid/l/MichaelRLyu,Y,2026-09-17,supported,471fae5be0a3bc45b0688a0ee6fc19810262b770403cfd423d4e1b022f610566,../bigcows-crawler/.cache/dblp-refresh-2026-09-17-132635/safari/captures/dd2b9177e7b45c3cdd0b7b2f3629ee83be9abb32d9e146d41bc2ce2d1d29b080-1789677723695924000.html,None; read-only assessment
acm_fellows.csv,"Maurer, Ueli M",2015,https://dblp.org/pid/m/UMMaurer,Y,2026-09-17,supported,571c0e4a047bd603b9075751bf7d387acb14dc424213090eabdc5f02c859d6d3,../bigcows-crawler/.cache/dblp-refresh-2026-09-17-132635/safari/captures/74dc650f2d00a4290fc8386d3b720ab66b433ccd99928aab11937f9885ab4ac6-1789677927618441000.html,None; read-only assessment
acm_fellows.csv,"McDaniel, Patrick",2015,https://dblp.org/pid/m/PatrickDrewMcDaniel,Y,2026-09-17,supported,ae292ff4cd3271078079c95bfa2295a2803fa3119a2f5cce44131d0bbfe928b4,../bigcows-crawler/.cache/dblp-refresh-2026-09-17-132635/safari/captures/ef5c75df658d6d718ec417dec57584891ed017680b4c2a8b6453cba9d44f49ac-1789677772103761000.html,None; read-only assessment
acm_fellows.csv,"Miller, Victor",2015,,N,,missing_known,,,None; read-only assessment
acm_fellows.csv,"Mynatt, Elizabeth D.",2015,https://dblp.org/pid/m/ElizabethDMynatt,Y,2026-09-17,supported,78d39b40150f619f3d6e097cec8672633e6744176e5f49a55087e30ddfe092d6,../bigcows-crawler/.cache/dblp-refresh-2026-09-17-132635/safari/captures/25fa4d070c18b75e063496885d146b96482886dc1667178cccb979088b6e84bd-1789677546472893000.html,None; read-only assessment
acm_fellows.csv,"Pearl, Judea",2015,https://dblp.org/pid/p/JudeaPearl,Y,2026-09-17,supported,64a22d462d72a1816fbfee389686baeba4833b3765b0e0eec3c458fd63b2b484,../bigcows-crawler/.cache/dblp-refresh-2026-09-17-132635/safari/captures/b2e5022e88b15ee023ea82db9d49d35f1a565dd18b6df0a114a66ab3313be7c3-1789677669007056000.html,None; read-only assessment
acm_fellows.csv,"Pei, Jian",2015,https://dblp.org/pid/p/JianPei,Y,2026-09-17,supported,7987144c2b8d75dc91e192607476cf64dc81729792c3b14c9059c311098fcf11,../bigcows-crawler/.cache/dblp-refresh-2026-09-17-132635/safari/captures/ea609b2332b211ed7cd047c7635980f7e93d532ca02c66f004397000d589265b-1789677662376872000.html,None; read-only assessment
acm_fellows.csv,"Pfenning, Frank",2015,https://dblp.org/pid/p/FPfenning,Y,2026-09-17,supported,aaf6f5a24a144cf039a9e3cb229e4a33b1fb379d5126e60a3f58f59cc7f16d2f,../bigcows-crawler/.cache/dblp-refresh-2026-09-17-132635/safari/captures/b9b44d9d322ad56f906534b6b7854f8093c3465cdcf983521fc329e72bc69da7-1789677552986374000.html,None; read-only assessment
acm_fellows.csv,"Radev, Dragomir R",2015,https://dblp.org/pid/r/DragomirRRadev,Y,2026-09-17,supported,01008b4421ccf1ede290ddb49b8cd5ea3f13a0c98a380f4465f6dab17de956cf,../bigcows-crawler/.cache/dblp-refresh-2026-09-17-132635/safari/captures/0207a4852607911fa4d995df2a4ffe9c1b0a08d73d298c8de97ae0eaa89045c6-1789677538392755000.html,None; read-only assessment
acm_fellows.csv,"Rajamani, Sriram",2015,https://dblp.org/pid/r/SriramKRajamani,Y,2026-09-19,supported,a44f40303a394b8ee4ece3415db38bd06e2861489622a421745685f3770131ac,../bigcows-crawler/.cache/dblp-gap-fill-2026-09-19-145403/safari/captures/665c73db91a522fa8b4efdd1e1d5627780a8073ff383168c87c930a92d18b7d4-1789844833215864000.html,None; read-only assessment
acm_fellows.csv,"Rodriguez, Pablo",2015,https://dblp.org/pid/r/PabloRodriguez,Y,2026-09-17,supported,c4d8a890985325ad5fecdb46ddc93b087f1631e3cd5fbbaa0c63b0237c9ae997,../bigcows-crawler/.cache/dblp-refresh-2026-09-17-132635/safari/captures/03be3db8788ffa8eb24db38015400bed28651300cc262f541f5a1652ee4cd35b-1789677765042264000.html,None; read-only assessment
acm_fellows.csv,"Sagiv, Shmuel",2015,https://dblp.org/pid/s/SSagiv,Y,2026-09-17,supported,f7d3dcc642d9076883c5a5d492ca6b5fe1532b2f794951b9f9d3d47baedd43dd,../bigcows-crawler/.cache/dblp-refresh-2026-09-17-132635/safari/captures/e5ee387adc53baf9270250a1cc763a99c92f0843a5d72c6c271274d4306ed24e-1789677816016919000.html,None; read-only assessment
acm_fellows.csv,"Schroeder, Peter",2015,https://dblp.org/pid/40/2885,Y,2026-09-18,supported,aacaa85da32d6c787b35437a2182ff4f9d1efa6cad9c7f296473814b4826e225,../bigcows-crawler/.cache/dblp-missing-web-2026-09-17-203211/safari/captures/29340dc6612f501710d5acdc185ae5e563ea4d55d6257e89f15a0af265be1d3d-1789691956102702000.html,None; read-only assessment
acm_fellows.csv,"Schuster, Assaf",2015,https://dblp.org/pid/s/AssafSchuster,Y,2026-09-17,supported,884e126905f38966a8ac2245d299848e24200378f26c616f1c8092c81bb53b2e,../bigcows-crawler/.cache/dblp-refresh-2026-09-17-132635/safari/captures/f0e0adbdad8c91a7b9f599e992649377767159f127e0e3ab0d5f7913ae104dfc-1789677494254825000.html,None; read-only assessment
acm_fellows.csv,"Skadron, Kevin",2015,https://dblp.org/pid/s/KevinSkadron,Y,2026-09-17,supported,68e2f31eab4b1c503deb73bc800e0ed4cb53a9b22ea65b01e4f2a293e95639cc,../bigcows-crawler/.cache/dblp-refresh-2026-09-17-132635/safari/captures/89751923940580c2720e3fc67307ceef2b07f75d7c59bf8d734843acf8ea9d99-1789677692058366000.html,None; read-only assessment
acm_fellows.csv,"Tan, Wang-Chiew",2015,https://dblp.org/pid/t/WangChiewTan,Y,2026-09-17,supported,54c5860fc86e85a009c41de82d2702149be6b4e297c454c2732a200c4af6c0d8,../bigcows-crawler/.cache/dblp-refresh-2026-09-17-132635/safari/captures/d9d1766ec140bce1607f650d36a08ffa715ca1551d935091a8dbe92148a419ef-1789677943360491000.html,None; read-only assessment
acm_fellows.csv,"Vempala, Santosh",2015,https://dblp.org/pid/v/SantoshVempala,Y,2026-09-17,supported,6630f0936ac832a23c244f3180cec8472f0898a1cbdf425881c1066bcd5a78ab,../bigcows-crawler/.cache/dblp-refresh-2026-09-17-132635/safari/captures/fbd5e6dd6ac56292edf07682482ddc4018bd1ea546d07b381406be3b964bdfbe-1789677809406735000.html,None; read-only assessment
acm_fellows.csv,"Warnow, Tandy",2015,https://dblp.org/pid/w/TandyWarnow,Y,2026-09-17,supported,c5a53bf69834a36183883bb64b2771db31d927cdd23c4df0564cf0ca0098ffb5,../bigcows-crawler/.cache/dblp-refresh-2026-09-17-132635/safari/captures/181c51052f25d3424c62555fddaae6a3025953b7dbd16baa14d71504dda33e10-1789677831149538000.html,None; read-only assessment
acm_fellows.csv,"Wooldridge, Michael",2015,https://dblp.org/pid/w/MichaelWooldridge,Y,2026-09-19,supported,661997b8584e7f28a0ec37999e9fbad0ebe5cb4fa492a9f4e2951b8bb80e8d77,../bigcows-crawler/.cache/dblp-gap-fill-2026-09-19-145403/safari/captures/80db43b2f4325027ffb028c611b579fef74cfee2e15b9e7ef279738b0e5386ce-1789844969057604000.html,None; read-only assessment
acm_fellows.csv,"Abramsky, Samson",2014,https://dblp.org/pid/a/SamsonAbramsky,Y,2026-09-17,supported,d3de2a804d3ceabc2ffc80c0919743ac1ccbcde5a194eb220eca31c7b44ebdcc,../bigcows-crawler/.cache/dblp-refresh-2026-09-17-132635/safari/captures/883c2ece3c15dcb928c1b6f1b9b5f569e6d207a9e5b6999c7ce8e08ddad5a15e-1789678282592375000.html,None; read-only assessment
acm_fellows.csv,"Adve, Vikram",2014,https://dblp.org/pid/78/4438,Y,2026-09-17,supported,b985bb4fa859d0f11e654af85aa0d3a36c36d47e77982acd1b3744a8ad2b266b,../bigcows-crawler/.cache/dblp-refresh-2026-09-17-132635/safari/captures/4dacc047eb49dce18d27db3a111ea820335f59a695e108061f4e8e8028821bcc-1789678441874984000.html,None; read-only assessment
acm_fellows.csv,"Afrati, Foto",2014,https://dblp.org/pid/a/FotoNAfrati,Y,2026-09-17,supported,2c35e29044658d19ce934890da905feef190bad5043e97c6461320e5743626e1,../bigcows-crawler/.cache/dblp-refresh-2026-09-17-132635/safari/captures/d5884a9b674a2d52efbc2fcf11c5d7348975cfdc034b817f4301c074e1dbf492-1789678042568452000.html,None; read-only assessment
acm_fellows.csv,"Bachman, Charles W",2014,https://dblp.org/pid/91/5139,Y,2026-09-17,supported,2ab6e616e8fa9e524fa517123893cb36d883e4d5fe0bdc7340371e49f0c7abb3,../bigcows-crawler/.cache/dblp-refresh-2026-09-17-132635/safari/captures/54777356742da2eccca78585618a16cb3f82d72cbfa4f305910f1da8588f9579-1789678004765893000.html,None; read-only assessment
acm_fellows.csv,"Borodin, Allan",2014,https://dblp.org/pid/02/5164,Y,2026-09-17,supported,6f498693e7cddbd0a1afc12f2bf3d466a140dad46cb80b4df8698895e1c3ea64,../bigcows-crawler/.cache/dblp-refresh-2026-09-17-132635/safari/captures/f44679d50f79abc3bbe2e2095a4f280d0a9e79f846cc03b1a875ee4f147e2a74-1789677989877642000.html,None; read-only assessment
acm_fellows.csv,"Bundy, Alan",2014,https://dblp.org/pid/b/AlanBundy,N,2026-09-17,existing_N,704a0751ad6f5957e1e7fc96d160e15bae0e6bf4dfb8d685f8263bfe77b1cf9d,../bigcows-crawler/.cache/dblp-refresh-2026-09-17-132635/safari/captures/6120ea700f4d52a51639a1da985d24cb204b2489b5010d1be795fa7184f869ec-1789677974573600000.html,None; read-only assessment
acm_fellows.csv,"Cranor, Lorrie Faith",2014,https://dblp.org/pid/03/1595,Y,2026-09-17,supported,a17ea73a2d59f51b69f9765c9e232cc338676016cbd114fea8313c75084c224f,../bigcows-crawler/.cache/dblp-refresh-2026-09-17-132635/safari/captures/a43bada6b00c3b22ed2694e90f32475874a80cbc7206e3b3f3904191bd404511-1789678111235387000.html,None; read-only assessment
acm_fellows.csv,"Davis, Timothy Alden",2014,https://dblp.org/pid/81/2844-1,Y,2026-09-17,supported,4d6d4b3ac72ecce22d3f4a0a6307df63ab85fc71e5293a9fdc478dd9c2c0b7ae,../bigcows-crawler/.cache/dblp-refresh-2026-09-17-132635/safari/captures/027cad39c2e605b921ab693854aeb97ed3758aa9d712ef316240500b6fdc5660-1789678348415773000.html,None; read-only assessment
acm_fellows.csv,"Devadas, Srinivas",2014,https://dblp.org/pid/14/3973,Y,2026-09-17,supported,32d62e64b59444a905fe4292511f7619dbee1306b689822cd4e18c0edc123930,../bigcows-crawler/.cache/dblp-refresh-2026-09-17-132635/safari/captures/1f043962b48535d8c3fed5e715c5eb1aaf2b5439e9ee4ea798aaafc095456b93-1789678312127885000.html,None; read-only assessment
acm_fellows.csv,"Dhillon, Inderjit",2014,https://dblp.org/pid/d/InderjitSDhillon,Y,2026-09-17,supported,a284c1594b071781de5b708b5ee2f33e71d37011ce73b43c2a5b1f2d45a1afda,../bigcows-crawler/.cache/dblp-refresh-2026-09-17-132635/safari/captures/de56bae9646ee7ee606bedfd148aa00e3f377c35d561ea8fd1a77a2479aca7a1-1789678073254475000.html,None; read-only assessment
acm_fellows.csv,"Dutt, Nikil D.",2014,https://dblp.org/pid/d/NikilDDutt,Y,2026-09-17,supported,d454bdfe90976acdcdc501125471f58b90bbdd9177f9cdc7673db5ebf21912cb,../bigcows-crawler/.cache/dblp-refresh-2026-09-17-132635/safari/captures/cca013b69fe4dd82e8990ba65ae7b12f3e80baccd5726d62c9d7204b6ceabcaf-1789678220570279000.html,None; read-only assessment
acm_fellows.csv,"Ellen, Faith",2014,https://dblp.org/pid/f/FEFich,Y,2026-09-17,supported,a881d58d60429bdd905b681ef3e0e3ab88d1e14473b06b8459e81e63a3d9ced1,../bigcows-crawler/.cache/dblp-refresh-2026-09-17-132635/safari/captures/275454433cfc3381951f8ea8c145eab061804debfdc4cff38428dd50daf7debd-1789678035240390000.html,None; read-only assessment
acm_fellows.csv,"Ernst, Michael D",2014,https://dblp.org/pid/e/MDErnst,Y,2026-09-17,supported,827bf0d029d95776b471e9b69ddc5b56b1325890adf8ca3264249254072bca30,../bigcows-crawler/.cache/dblp-refresh-2026-09-17-132635/safari/captures/ab515fb935dee89daf75278726e621085cb9b5bbde4a703606f9fd85016e42ab-1789678196165481000.html,None; read-only assessment
acm_fellows.csv,"Finkelstein, Adam",2014,https://dblp.org/pid/f/AdamFinkelstein,Y,2026-09-17,supported,e4356cefaf5fae380991db623067521a538ee15ae47ec8e16a33a35ce9d628a0,../bigcows-crawler/.cache/dblp-refresh-2026-09-17-132635/safari/captures/4c2e07d425a95a6055affc5e9657cf31a735ca19cc9c8a4751dca922bcb2986c-1789677966412423000.html,None; read-only assessment
acm_fellows.csv,"Freire, Juliana",2014,https://dblp.org/pid/f/JulianaFreire,Y,2026-09-17,supported,79c3f11d281733f838a4ee91c4a8e83f4b8b8ebd66f2ccdbdacbb37bbbb5f316,../bigcows-crawler/.cache/dblp-refresh-2026-09-17-132635/safari/captures/ca7ebb25e96ef3403a1cd82423de8376b28acb3dff71f9239e66b0af7cf4dd23-1789678096122732000.html,None; read-only assessment
acm_fellows.csv,"Gehrke, Johannes",2014,https://dblp.org/pid/g/JohannesGehrke,Y,2026-09-17,supported,8b5cd55244fdba58aaf86a775073d8db3935a1f3efdf996b512070132a612555,../bigcows-crawler/.cache/dblp-refresh-2026-09-17-132635/safari/captures/13bef0be5ff7cfe94b552de1885dbb5571ec0f262e2ef4c9a3da8f39c00f1197-1789678088674602000.html,None; read-only assessment
acm_fellows.csv,"Grimson, Eric",2014,https://dblp.org/pid/g/WEricLGrimson,Y,2026-09-17,supported,a250fb876f855f5c933430706abb0294808270b42e2b9ceb4b00c1500a2ef88b,../bigcows-crawler/.cache/dblp-refresh-2026-09-17-132635/safari/captures/1f2dd008f6e71f85fda52cd1f4cc7445dfa43d9d88305f9cc64f8a9bdb0be06e-1789678021069990000.html,None; read-only assessment
acm_fellows.csv,"Guzdial, Mark",2014,https://dblp.org/pid/g/MarkGuzdial,Y,2026-09-17,supported,2f6783bb473fbd11ca99c472c754870045f5428e54b6f84fe5b0c349f1d85cfb,../bigcows-crawler/.cache/dblp-refresh-2026-09-17-132635/safari/captures/4dabd269113e723e917cb5cfb0602778582f22d60d455737d11e897be393c839-1789678187853688000.html,None; read-only assessment
acm_fellows.csv,"Heiser, Gernot",2014,https://dblp.org/pid/h/GernotHeiser,Y,2026-09-17,supported,a409672b81a04f58e77a7ef1efe7ad15a35e370c36772fc297202f63e149425e,../bigcows-crawler/.cache/dblp-refresh-2026-09-17-132635/safari/captures/a4c77f2445409f82ec3fef0c4863720c033798cb4369840673a253e6184aad7e-1789678059321616000.html,None; read-only assessment
acm_fellows.csv,"Horvitz, Eric",2014,https://dblp.org/pid/h/EricHorvitz,Y,2026-09-17,supported,17c7c9bfbab9e450597f8691a66974ae39c4e79379171e172c1019992f94376f,../bigcows-crawler/.cache/dblp-refresh-2026-09-17-132635/safari/captures/893ceeb19c38975786c256578047f82856c1849fb79333510d509f4d73ce32ac-1789678028573347000.html,None; read-only assessment
acm_fellows.csv,"Joachims, Thorsten",2014,https://dblp.org/pid/j/ThorstenJoachims,Y,2026-09-17,supported,e5fbd4f43d7c7b5e2b357e8a3fc701c7d2b3e93df114c772d4834b50c0e1e6a4,../bigcows-crawler/.cache/dblp-refresh-2026-09-17-132635/safari/captures/f1b0107015036177673c858a639f4e7c2d9e56856ba0848f698d33f0ae2a5a32-1789678341970284000.html,None; read-only assessment
acm_fellows.csv,"Kearns, Michael",2014,https://dblp.org/pid/78/6858,Y,2026-09-17,supported,0e503da32fa2c080ead1d4f63872e43e75e983cae7ca6c5ce26ea6d467834f1a,../bigcows-crawler/.cache/dblp-refresh-2026-09-17-132635/safari/captures/20775e86010dada09d8e0f384a1cecd85423c44255930121df9192d308ebc6fb-1789678204122692000.html,None; read-only assessment
acm_fellows.csv,"King, Valerie",2014,https://dblp.org/pid/k/ValerieKing,Y,2026-09-17,supported,1bcfcfb27e616f80282f4e580d547ff67bc28ac25df9d34944bcc3b5c4d9de80,../bigcows-crawler/.cache/dblp-refresh-2026-09-17-132635/safari/captures/af5e34d240226be2710bf63830521e112fdea95bcb5f48c6ba69d6ba5a3d1bd9-1789678364515812000.html,None; read-only assessment
acm_fellows.csv,"Kraus, Sarit",2014,https://dblp.org/pid/k/SaritKraus,Y,2026-09-17,supported,cdcace4fa9612bd476c1903ea9a62ba26b5a962a5666884008d7782e5a3ed448,../bigcows-crawler/.cache/dblp-refresh-2026-09-17-132635/safari/captures/69c64f33349d4b2c8b23860432e59fdd6514e16b070a92266b056695fc226008-1789678290716056000.html,None; read-only assessment
acm_fellows.csv,"Lamport, Leslie Barry",2014,https://dblp.org/pid/l/LeslieLamport,Y,2026-09-17,supported,5210f774dda9480d870ddebfc219d04bc89ef4a947db8e17e38c0f26fa29b1ed,../bigcows-crawler/.cache/dblp-refresh-2026-09-17-132635/safari/captures/c3f2b267ed3fa0eaf4c990ba265c27c139e4e58bb680dde190697747a31fde36-1789678103275238000.html,None; read-only assessment
acm_fellows.csv,"Malik, Sharad",2014,https://dblp.org/pid/79/6934,Y,2026-09-17,supported,09186dfcd8590994cf86608d36c479b678b971ac85a4deaa5c571cb7b7ffbb8e,../bigcows-crawler/.cache/dblp-refresh-2026-09-17-132635/safari/captures/f33566aacd6a8d4d8979303919fc5523e81bb7bd147fd38b875f1dca53f6c91f-1789678305023256000.html,None; read-only assessment
acm_fellows.csv,"Mansour, Yishay",2014,https://dblp.org/pid/m/YishayMansour,Y,2026-09-17,supported,9c883339482348db800bc3a4eff67aca19bc070b750b4daeb1d9bbf8a9ab1487,../bigcows-crawler/.cache/dblp-refresh-2026-09-17-132635/safari/captures/db1d270782887cfaeea60c19e8e9ccec950578fa890a32c65c8c1100761478ef-1789678448867010000.html,None; read-only assessment
acm_fellows.csv,"Mitra, Subhasish",2014,https://dblp.org/pid/30/4561,Y,2026-09-17,supported,e25028482012c4063b1fd6e7daf75f4217a85abeed6cfa21fc5b2c2769e6697a,../bigcows-crawler/.cache/dblp-refresh-2026-09-17-132635/safari/captures/c3d1f5dece147e9ff689fa8cc9101346331fd07c9b712a841a1ef915a030c0a6-1789678335350854000.html,None; read-only assessment
acm_fellows.csv,"Mitzenmacher, Michael",2014,https://dblp.org/pid/74/838,Y,2026-09-17,supported,7220dd3676f5cb573f51fe2fcdcff4030c1864aee4bdad19b5a9a35013e97aec,../bigcows-crawler/.cache/dblp-refresh-2026-09-17-132635/safari/captures/91719477c442ba65254dcaf3129c66944427d42d351ee0095b88947fd8ae0a33-1789678212629249000.html,None; read-only assessment
acm_fellows.csv,"Morris, Robert",2014,https://dblp.org/pid/82/11191,Y,2026-09-19,supported,3496b2336748ccc947bb9cd6569e8b42400e0054b243f80c5090f927dbee63ca,../bigcows-crawler/.cache/dblp-gap-fill-2026-09-19-145403/safari/captures/4849e4e96dd4b28e2460335f8e08ee738c245b4a0aff828bc97d5bfc9655e6ac-1789844426097382000.html,None; read-only assessment
acm_fellows.csv,"Narayanan, Vijaykrishnan",2014,https://dblp.org/pid/v/NarayananVijaykrishnan,Y,2026-09-17,supported,aba88fe88b4cadc8c8c9b3ebf505ea40307bbce1b3fe1dec03c2cb779f2eab30,../bigcows-crawler/.cache/dblp-refresh-2026-09-17-132635/safari/captures/895027b82865ef8a0aca7d3affe6ec09ca30a661874f7d677e1642696e47af56-1789678373020570000.html,None; read-only assessment
acm_fellows.csv,"Navathe, Shamkant",2014,https://dblp.org/pid/n/ShamkantBNavathe,Y,2026-09-17,supported,ef6898b7111a9876dc36f99ca7a2da0def32b498e20dd097a056fa028a17a031,../bigcows-crawler/.cache/dblp-refresh-2026-09-17-132635/safari/captures/409cb9b4233e5a01a69f12ea54a9d4d044d4cf40ef814d146eeb09f973b79735-1789678297732284000.html,None; read-only assessment
acm_fellows.csv,"Patel, Jignesh M",2014,https://dblp.org/pid/p/JMPatel,Y,2026-09-17,supported,d9e541ffba5011c3409af3354288831853219418bcd69fa612c2c4ca9aa28ef6,../bigcows-crawler/.cache/dblp-refresh-2026-09-17-132635/safari/captures/2d090e1f8779ff84230aec1e349c0deb1513a5512cc8bf3d6301c26a73c52509-1789678081470757000.html,None; read-only assessment
acm_fellows.csv,"Ranganathan, Parthasarathy",2014,https://dblp.org/pid/12/6848,Y,2026-09-17,supported,be9990a0b0438071adc8ba00355d2192f37fb0a325f885e5946be5aabc5f165f,../bigcows-crawler/.cache/dblp-refresh-2026-09-17-132635/safari/captures/d3044e19180339cd331f0f9c9d26129f24a9980850e9ca186dd2098953a47cbb-1789678236533678000.html,None; read-only assessment
acm_fellows.csv,"Reingold, Omer",2014,https://dblp.org/pid/r/OmerReingold,Y,2026-09-17,supported,bc774b2dc2dc2f3686f4f5c1b392c92ee5cdc6d67562897af4fee5c0277cb8f9,../bigcows-crawler/.cache/dblp-refresh-2026-09-17-132635/safari/captures/03fb7f844c7a17c1eec412b50ecfb8531227afb43257b8cccd7262e7133ba8c2-1789678228873897000.html,None; read-only assessment
acm_fellows.csv,"Rodden, Tom",2014,https://dblp.org/pid/r/TomRodden,Y,2026-09-17,supported,d0e029248899c319404d777fa6874d8b68c8bf2498ba98bbc30369bfb4dc7422,../bigcows-crawler/.cache/dblp-refresh-2026-09-17-132635/safari/captures/051c213370911f7f4f63cbabb4d811a664cb7d82ab3461f5b2e22300c8da976e-1789678356746335000.html,None; read-only assessment
acm_fellows.csv,"Rubinfeld, Ronitt",2014,https://dblp.org/pid/r/RonittRubinfeld,Y,2026-09-17,supported,b8a5f2ef0e640560d5b63dc2e805ce4a821995fd199ec41ea6da0deb47593a99,../bigcows-crawler/.cache/dblp-refresh-2026-09-17-132635/safari/captures/95782f83cb754bc72b228ba4e7094590a28e146bbadd3101371ad72a68597da8-1789678266927980000.html,None; read-only assessment
acm_fellows.csv,"Rus, Daniela",2014,https://dblp.org/pid/r/DanielaRus,Y,2026-09-17,supported,1b920826fcecd4db8559532f6ce964884c9311a580b02e95bccf6d268ff8e397,../bigcows-crawler/.cache/dblp-refresh-2026-09-17-132635/safari/captures/b1d3f3d941f327b79136b6932ed87849ac21b1ef93f8596be1147e4381514490-1789678014169367000.html,None; read-only assessment
acm_fellows.csv,"Sangiovanni Vincentelli, Alberto Luigi",2014,https://dblp.org/pid/s/ALSangiovanniV,Y,2026-09-17,supported,05b84dcab740b0ba28c39a91d76834b967648912308671facfadd65ba9c707d0,../bigcows-crawler/.cache/dblp-refresh-2026-09-17-132635/safari/captures/1fcc9f66ec2e5bb4d302829217554f7390f78d567ef6630c3f388305584adb55-1789677981978946000.html,None; read-only assessment
acm_fellows.csv,"Schulzrinne, Henning",2014,https://dblp.org/pid/s/HenningSchulzrinne,Y,2026-09-17,supported,e3741be1e4d48f5f66ea531465032c1dec299f7ab3facfbfb34385145b27502e,../bigcows-crawler/.cache/dblp-refresh-2026-09-17-132635/safari/captures/c2718893ec2fce993eb46087bdbf61683b4161ce3f341e2df34954aaa99d8de4-1789678066578982000.html,None; read-only assessment
acm_fellows.csv,"Shieber, Stuart",2014,https://dblp.org/pid/s/StuartMShieber,Y,2026-09-17,supported,55f8422d80172a862c1a60040343d5cb5b503494d4e4c934a5eca31f6648e853,../bigcows-crawler/.cache/dblp-refresh-2026-09-17-132635/safari/captures/421f1c94a630924f7ddfb3401e90ba3296f584afa05056214d7be5bd1eecd7fe-1789678328535688000.html,None; read-only assessment
acm_fellows.csv,"Srikant, Ramakrishnan",2014,https://dblp.org/pid/s/RamSrikant,Y,2026-09-17,supported,801d3372e4f0f61e57c1bca7c1fa70fff45fb5bd1f05dd78907a1ff54edd2299,../bigcows-crawler/.cache/dblp-refresh-2026-09-17-132635/safari/captures/a22e6c190d156cb4998671a5f0a7480302f8bfe0bc35b65af7b804a22f9551d8-1789678252513557000.html,None; read-only assessment
acm_fellows.csv,"Srinivasan, Aravind",2014,https://dblp.org/pid/s/AravindSrinivasan,N,2026-09-17,existing_N,a1ac9c253d6ca7a803e1503b0919e729d6f11ff4bc352715eb7c638d0e1759a5,../bigcows-crawler/.cache/dblp-refresh-2026-09-17-132635/safari/captures/9d6a33957032279f391193b803665891880236081c042acfb6714a4fc707f1cf-1789677997671311000.html,None; read-only assessment
acm_fellows.csv,"Sudarshan, S.",2014,https://dblp.org/pid/s/SSudarshan1,Y,2026-09-17,supported,db41f37bf03cc9e0527a408a3120d9ce61a2c2e30d08218b4a8a9520351dbd59,../bigcows-crawler/.cache/dblp-refresh-2026-09-17-132635/safari/captures/13fe1d3d16fe21b194ee932c906ded5428df9d058970bec812f7e5037da9c7af-1789678274308742000.html,None; read-only assessment
acm_fellows.csv,"Syverson, Paul",2014,https://dblp.org/pid/81/5221,Y,2026-09-17,supported,e454aa635f32024670ef6956a1c617658ddbcfca7df052e1342896f2c52aa3bc,../bigcows-crawler/.cache/dblp-refresh-2026-09-17-132635/safari/captures/29c1610beeb4e53c517a077533003f81cce4481219f6b86625c0e55f38b237c0-1789678244806308000.html,None; read-only assessment
acm_fellows.csv,"Tsudik, Gene",2014,https://dblp.org/pid/08/1183,Y,2026-09-17,supported,3b6f1b6ab1ac038becfab9dbd56e35f015a917bcde96eb43262745e7e63efb17,../bigcows-crawler/.cache/dblp-refresh-2026-09-17-132635/safari/captures/79311484c199d1a8d7aee44101ee868c8a907afbb998a15984590e0029e8d661-1789678050874713000.html,None; read-only assessment
acm_fellows.csv,"Whittaker, Stephen J",2014,https://dblp.org/pid/41/2145-1,Y,2026-09-17,supported,f797f0e9b032f50b4776cb1e2ff0d0007f09f76be6182eacbd53c6df2da9c85a,../bigcows-crawler/.cache/dblp-refresh-2026-09-17-132635/safari/captures/91ba8152053022c8a405bc7b763c145b3fdac29d662a1fb2d55e652ec59057c6-1789678320364903000.html,None; read-only assessment
acm_fellows.csv,"Ackerman, Mark S",2013,https://dblp.org/pid/a/MSAckerman,Y,2026-09-17,supported,304d458baa6d087423846e3af59b735227167f26bf6a1a53ebeae368991a1e56,../bigcows-crawler/.cache/dblp-refresh-2026-09-17-132635/safari/captures/da516d1f048e6728226a2bb9b2c41160c26ec61fe71885dbbfbf05f314578f5c-1789678722794637000.html,None; read-only assessment
acm_fellows.csv,"Aggarwal, Charu Chandra",2013,https://dblp.org/pid/a/CharuCAggarwal,Y,2026-09-17,supported,c922d72e48d2832b50bf7a1530c67f5b87df06fd4f88e2153189e32c6d73ea24,../bigcows-crawler/.cache/dblp-refresh-2026-09-17-132635/safari/captures/3874f2784e8db72fbbd52179f7d5437f36589d5f345db56d891d015ee3ded6de-1789678471212432000.html,None; read-only assessment
acm_fellows.csv,"Anderson, James H",2013,https://dblp.org/pid/a/JamesHAnderson,N,2026-09-17,existing_N,d6e06994f6474b6bdc6e9ca79c031fe9d2aee9f869b81b8111848eea5a05a4e2,../bigcows-crawler/.cache/dblp-refresh-2026-09-17-132635/safari/captures/5691b212e2119b06c77f4804e7e017dd1e249695c62ec6d5cca0c3868f2db495-1789678605862896000.html,None; read-only assessment
acm_fellows.csv,"Bellare, Mihir",2013,https://dblp.org/pid/b/MBellare,Y,2026-09-17,supported,6ab8b3bfe6fa973623c021df1a335390c97156bd518e861c1f80a20b4069b92a,../bigcows-crawler/.cache/dblp-refresh-2026-09-17-132635/safari/captures/e13289d477fe7942c19798de62b8195c3fa1d012713583ba6fc81b8500a30e87-1789678745343253000.html,None; read-only assessment
acm_fellows.csv,"Borgman, Christine L",2013,https://dblp.org/pid/b/CLBorgman,Y,2026-09-17,supported,003cf8add98a5c278074934dd71f21bcb0546a1162e4b013f6593fc2c745d3cf,../bigcows-crawler/.cache/dblp-refresh-2026-09-17-132635/safari/captures/155507b2bab8eeec2f3106d3d8958165970cf4a4203518e35d48b5c1b70e2c70-1789678486300778000.html,None; read-only assessment
acm_fellows.csv,"Ceri, Stefano",2013,https://dblp.org/pid/c/StefanoCeri,Y,2026-09-17,supported,b6110f335a6352e6cb1eb8158f9f25354f5f275aec7eac0aeaf23e665bbc12b3,../bigcows-crawler/.cache/dblp-refresh-2026-09-17-132635/safari/captures/d6d7fb8f7da064dc51316f5e1d684ed6550eaff79c393981c56d38a40e35920d-1789678842166744000.html,None; read-only assessment
acm_fellows.csv,"Chakrabarty, Krishnendu",2013,https://dblp.org/pid/c/KrishnenduChakrabarty,Y,2026-09-17,supported,ecaeef6b63f2af70ab4dc6aeccfa988780d651eee19c6420f2e547fab406c936,../bigcows-crawler/.cache/dblp-refresh-2026-09-17-132635/safari/captures/f10589e8559e00d47469d8df6622c75f95d9bf3b2c475922996e95c0d9b0284f-1789678691674653000.html,None; read-only assessment
acm_fellows.csv,"Chellappa, Ramalingam",2013,https://dblp.org/pid/c/RamaChellappa,Y,2026-09-17,supported,dbbb23ea4ecfe9cc9dde3e61287727fccc1842092e82078f964237c97c875f96,../bigcows-crawler/.cache/dblp-refresh-2026-09-17-132635/safari/captures/86ed896fa1555dd98921ca27f61adf6580d6c3610987c415aa8355a460ccbf38-1789678801709026000.html,None; read-only assessment
acm_fellows.csv,"Cox, Ingemar J.",2013,https://dblp.org/pid/c/IngemarJCox,Y,2026-09-17,supported,2eef9964d0e8c87693d09c2052b708792c8b5ec0cf792165f242f22d9fb83b9d,../bigcows-crawler/.cache/dblp-refresh-2026-09-17-132635/safari/captures/648b66db2eb93822a3c909d94b9547c4cc09172460a810dc4913a656867cf82c-1789678591371702000.html,None; read-only assessment
acm_fellows.csv,"De Lucena, Carlos J P",2013,https://dblp.org/pid/l/CarlosJosePereiradeLucena,Y,2026-09-17,supported,7542dcd1c9fad6b3659bb184ba91be8baeb61e4351bfce7dca32607a2de4c5b3,../bigcows-crawler/.cache/dblp-refresh-2026-09-17-132635/safari/captures/e9c6b35c9e7b0d614e24e4e8758f34793ff8e75822698b02a9c899ca4ca218c0-1789678462910538000.html,None; read-only assessment
acm_fellows.csv,"Dechter, Rina",2013,https://dblp.org/pid/d/RDechter,Y,2026-09-17,supported,28ffc6f5904e394489bf90eb9a8ce6ca3c7d3a486ef9a8a8a100e1444f8c218a,../bigcows-crawler/.cache/dblp-refresh-2026-09-17-132635/safari/captures/084f7d2b341cf356b8bf42ff0001ea64d92f258234445167c392b88d2422bcd2-1789678810390199000.html,None; read-only assessment
acm_fellows.csv,"Elliott, Chip",2013,https://dblp.org/pid/78/115,Y,2026-09-17,supported,c11d94443a225931d50d15791b45030a3864f6a7c7b39a771754605260c2a7a0,../bigcows-crawler/.cache/dblp-refresh-2026-09-17-132635/safari/captures/27d6d30f5a4d6ef30567c5fc5348957a76f3cd57d43a7ed1ed1e649824be44c4-1789678478343062000.html,None; read-only assessment
acm_fellows.csv,"Forsyth, David",2013,https://dblp.org/pid/f/DavidAForsyth,Y,2026-09-17,supported,997f4b3ee7dec8ed216dd7ab931111071d46c8c98f051c1cec1d00e9daf9a720,../bigcows-crawler/.cache/dblp-refresh-2026-09-17-132635/safari/captures/54e5426418a357cfd067fd137852c7757913e3fd5f21f3881d00133929e0e9e8-1789678509463180000.html,None; read-only assessment
acm_fellows.csv,"Gao, Wen",2013,https://dblp.org/pid/g/WenGao,Y,2026-09-19,supported,a9573dbc890cf659520f7e0240af0c19e68fdbb7104b4b6fd3c132762705ca2f,../bigcows-crawler/.cache/dblp-gap-fill-2026-09-19-145403/safari/captures/ba12b10a3818056b3612adde8a841db617e7eb8322f2ef5501ef267a672e8e1d-1789844552761426000.html,None; read-only assessment
acm_fellows.csv,"Garlan, David",2013,https://dblp.org/pid/01/2201,Y,2026-09-17,supported,17e35cd5561454b93639c41be23231082261176d20d01412e4ec91f5fe2b893d,../bigcows-crawler/.cache/dblp-refresh-2026-09-17-132635/safari/captures/1f0fe8bb33e864a28c8dcb449f4337f6bc276cd8978286c3a98a8b5219dee174-1789678516187667000.html,None; read-only assessment
acm_fellows.csv,"Gosling, James",2013,,N,,missing_known,,,None; read-only assessment
acm_fellows.csv,"Haas, Peter",2013,https://dblp.org/pid/h/PeterJHaas,Y,2026-09-19,supported,c85bd7508fa987b30897f7e80aadb698a2dc22d93af52190e81de08acfe36e4b,../bigcows-crawler/.cache/dblp-gap-fill-2026-09-19-145403/safari/captures/c8128612169257af799973e95de5a76b301426025af4675bdc1ef3edd1927877-1789844569073751000.html,None; read-only assessment
acm_fellows.csv,"Hearst, Marti",2013,https://dblp.org/pid/h/MartiAHearst,Y,2026-09-17,supported,6449688fca9915c6f28cca0fb4cf5457972d5e0da8157cc8d4e6e1c68d2cd540,../bigcows-crawler/.cache/dblp-refresh-2026-09-17-132635/safari/captures/efa7ec4b4174e0e65cb3171e888d62abd6b985f896d88da6e118c804c19c06bc-1789678731001900000.html,None; read-only assessment
acm_fellows.csv,"Jarke, Matthias",2013,https://dblp.org/pid/j/MatthiasJarke,Y,2026-09-17,supported,1515dc905c559f285b70059e45294f19ec462ab806af528f90559480dbb94b1a,../bigcows-crawler/.cache/dblp-refresh-2026-09-17-132635/safari/captures/1e0dd96403574e746a0882279bbbe022f1b8a270b92279577a7ddf120b88bdec-1789678738118608000.html,None; read-only assessment
acm_fellows.csv,"Kannan, Sampath Kumar",2013,https://dblp.org/pid/86/5425,Y,2026-09-17,supported,163e05494cba31b0c03087397373fb15ae0c23546ff379353f6ba7286eaa556d,../bigcows-crawler/.cache/dblp-refresh-2026-09-17-132635/safari/captures/d443391c79b7dcc6b6baf3fa14b0d2f46978651e6d5ff0cc78d020428d672360-1789678825734316000.html,None; read-only assessment
acm_fellows.csv,"Kasik, David J",2013,https://dblp.org/pid/32/2190,Y,2026-09-17,supported,bec42e3065f04e797d4a3ef2244b98469c73012220fc9e174457d1783a9eb35b,../bigcows-crawler/.cache/dblp-refresh-2026-09-17-132635/safari/captures/99171dacfd79a6fadc2fb41f846787e6cc1980585089879915ef1f9704e1dd80-1789678523965104000.html,None; read-only assessment
acm_fellows.csv,"Katabi, Dina",2013,https://dblp.org/pid/k/DinaKatabi,Y,2026-09-17,supported,695c1c06023c64e2a88e3b1351a9166bae1512fa7579495dec7eb4c4bb0facad,../bigcows-crawler/.cache/dblp-refresh-2026-09-17-132635/safari/captures/402c2769885ed390a25b2324542195c0caf3466eb66f27af7a5f816514a020c9-1789678553613556000.html,None; read-only assessment
acm_fellows.csv,"Kautz, Henry A",2013,https://dblp.org/pid/k/HenryAKautz,Y,2026-09-17,supported,a4e81ca9d70ea48cf2ef1fe404da7ba83d41b3ac8031a4fb70da7455e92d9a96,../bigcows-crawler/.cache/dblp-refresh-2026-09-17-132635/safari/captures/00a533dc8969c60f44d4d02b7a99f9fe0dde88f5fe24045f4e14d7bc46244ee3-1789678584492387000.html,None; read-only assessment
acm_fellows.csv,"Kleinberg, Jon",2013,https://dblp.org/pid/k/JonMKleinberg,Y,2026-09-17,supported,a79dc4a53a195272a5e486b37b6224bc8030fd800584007a3b4a06ac328cac02,../bigcows-crawler/.cache/dblp-refresh-2026-09-17-132635/safari/captures/cc1bf9fe19bbe325aab6aee3ded82a93154ac0ac8b37a371baf6c31ca5a8d8ae-1789678622708671000.html,None; read-only assessment
acm_fellows.csv,"Kumar, Panganamala",2013,https://dblp.org/pid/83/4027,Y,2026-09-17,supported,89ab8835a7705443cf700ba24906b46e39e74e6f98a98afcf713237715735b7c,../bigcows-crawler/.cache/dblp-refresh-2026-09-17-132635/safari/captures/a17d9e37290f4fe88f30dad65b1b06f28c952467fce8f31eab117da4c707dfff-1789678785891983000.html,None; read-only assessment
acm_fellows.csv,"Lea, Douglas",2013,https://dblp.org/pid/l/DougLea,Y,2026-09-17,supported,17353012677bba41604c37a81c08efe635bdbae1e700e1f4f3912a27487cce81,../bigcows-crawler/.cache/dblp-refresh-2026-09-17-132635/safari/captures/a77c0839d9594ddf39d4ac7e7448ad70cc19aa03e8618ec9970d93a531d4d783-1789678561370443000.html,None; read-only assessment
acm_fellows.csv,"Maarek, Yoelle",2013,https://dblp.org/pid/m/YoelleSMaarek,Y,2026-09-17,supported,baecf1b62069a7637b9c7d73d23a244e0415a7570bece26cb0fec3261c2e4ca6,../bigcows-crawler/.cache/dblp-refresh-2026-09-17-132635/safari/captures/833d383498594e39967d65f1b4bb9f000299765ebe2563cfb914ddb31383f1a9-1789678883437005000.html,None; read-only assessment
acm_fellows.csv,"Manning, Christopher",2013,https://dblp.org/pid/m/ChristopherDManning,Y,2026-09-17,supported,44e7ad2d470974b08e7b338a7ce41542c50da1b319535814686acd1e901f443c,../bigcows-crawler/.cache/dblp-refresh-2026-09-17-132635/safari/captures/5960f9b12d1d1629daa45cba539fe7b7c435afbe7e05fa08e02b360b5165fe54-1789678494540371000.html,None; read-only assessment
acm_fellows.csv,"Marathe, Madhav",2013,https://dblp.org/pid/52/991,Y,2026-09-17,supported,567bbdd167eb684a6e78be7b8a087e98cf70056f69f7bb216e8bfd199fe255e2,../bigcows-crawler/.cache/dblp-refresh-2026-09-17-132635/safari/captures/ddfd1bd7ddaecf933771a131ec56a64c397180fee8c86b81db6d3efc1cc8fa2f-1789678715160716000.html,None; read-only assessment
acm_fellows.csv,"Mellor-Crummey, John",2013,https://dblp.org/pid/m/JMMellorCrummey,Y,2026-09-17,supported,26a836cdbcfded924bdaecac65f4441f6cc29f8ceeac8f25376705132ecdbb45,../bigcows-crawler/.cache/dblp-refresh-2026-09-17-132635/safari/captures/0a50470dc22cae2f274d9205cc4fa855328bf1dd673e4bdaff58c0020064e40e-1789678613782383000.html,None; read-only assessment
acm_fellows.csv,"Morrisett, Greg",2013,https://dblp.org/pid/m/JGMorrisett,Y,2026-09-17,supported,65a7bfc84058dcbe4aaea5bac91fef38ad282fe802b9530a16fef93ca4a9b727,../bigcows-crawler/.cache/dblp-refresh-2026-09-17-132635/safari/captures/7dfaaca6da08f44b592b90a8105554998ca2ad066c9a9dce5c1eded15af568aa-1789678577389748000.html,None; read-only assessment
acm_fellows.csv,"Myers, Andrew",2013,https://dblp.org/pid/m/AndrewCMyers,Y,2026-09-17,supported,9840c85f858074fdc4ff78c5445eb9ef07700a08b32cc0d7cb8db75c76e2bc33,../bigcows-crawler/.cache/dblp-refresh-2026-09-17-132635/safari/captures/456bbfffbbe42285354146a6d3d59076f0432ef59590a17cc7a88467a42f6882-1789678456014336000.html,None; read-only assessment
acm_fellows.csv,"Nau, Dana",2013,https://dblp.org/pid/n/DanaSNau,Y,2026-09-17,supported,d719b3b3b5baa1dde7d96643d9f70adbc73b435a462cadda26e44f0c12f6b423,../bigcows-crawler/.cache/dblp-refresh-2026-09-17-132635/safari/captures/1d3a55e2b5fcb7a72eb065c0c3de9e50fd053aa24a45d86faf271b9330751a6e-1789678502492529000.html,None; read-only assessment
acm_fellows.csv,"Rao, Satish",2013,https://dblp.org/pid/r/SRao,Y,2026-09-18,supported,a07b1d6a1b6c94fbd60ea52c6afbbded16f1448e39630c846c5eb3243b6846bb,../bigcows-crawler/.cache/dblp-missing-web-2026-09-17-203211/safari/captures/d7c6334b9f9c2650b3adbdeac646eaaf8a6e819ee6a284a059dea2dd849c68e5-1789691972558361000.html,None; read-only assessment
acm_fellows.csv,"Robertson, S E",2013,https://dblp.org/pid/r/SERobertson,Y,2026-09-17,supported,e0cd2d243ed88d6d25f4ff9101e0bf3554a164006cac8803f8b0c2c21e411c5f,../bigcows-crawler/.cache/dblp-refresh-2026-09-17-132635/safari/captures/fb82c0c871fa69996a1e843ab033dca66ff96607f3e1546b4fe3c2c7c131a15e-1789678818659517000.html,None; read-only assessment
acm_fellows.csv,"Roscoe, Timothy",2013,https://dblp.org/pid/r/TimothyRoscoe,Y,2026-09-17,supported,6b0ddf2d664938943ea4c6edc437ea4d7adeafd6a0a8cdbc0f4461f5d665f44d,../bigcows-crawler/.cache/dblp-refresh-2026-09-17-132635/safari/captures/da5c6216181a4f23f6ec1177c5711134d78ec4911c450d8dafe7c184ae275e00-1789678859676373000.html,None; read-only assessment
acm_fellows.csv,"Sellis, Timoleon",2013,https://dblp.org/pid/s/TimosKSellis,Y,2026-09-17,supported,ca1e7af095e8d89d409c5bb28ecf72a94fa7ce1d38ae6360e205a682bce59558,../bigcows-crawler/.cache/dblp-refresh-2026-09-17-132635/safari/captures/f922c14aecb6602ea3b90d89dbd48182a20edd8eafe3c1d8aa459599ee87d16e-1789678851379726000.html,None; read-only assessment
acm_fellows.csv,"Shasha, Dennis E",2013,https://dblp.org/pid/s/DennisShasha,Y,2026-09-17,supported,6a225ff5f82812be78c120878c9a84a9292750d55829796b6aa4b045e062be98,../bigcows-crawler/.cache/dblp-refresh-2026-09-17-132635/safari/captures/52b7706668a318ffcb5410d7628e2e8dea36cf697a0d168e629fbf910ca711e7-1789678545766006000.html,None; read-only assessment
acm_fellows.csv,"Shavit, Nir N",2013,https://dblp.org/pid/s/NirShavit,Y,2026-09-17,supported,c2bfaef8bd081cfc7bbe56d0e7bf2889effdf74499c5d89f23b078a5a414d795,../bigcows-crawler/.cache/dblp-refresh-2026-09-17-132635/safari/captures/2a7085d02b5973fdf8e85ea81b5ee28e5f9b9fe4b5c2a1dd9b9802e07e134212-1789678771048311000.html,None; read-only assessment
acm_fellows.csv,"Shim, Kyuseok",2013,https://dblp.org/pid/s/KyuseokShim,Y,2026-09-19,supported,5670ffe7c6f5b94cb4263464a3411fef46918c787ef83166c393afeef3820d3a,../bigcows-crawler/.cache/dblp-gap-fill-2026-09-19-145403/safari/captures/f4fcebdba7989fc1688f3d9cab1cb32e14e23cfd88667ecaa9c7ee326ce20f8d-1789844855951502000.html,None; read-only assessment
acm_fellows.csv,"Smyth, Padhraic",2013,https://dblp.org/pid/s/PadhraicSmyth,Y,2026-09-17,supported,3f91e50b2cb2b8d30bbf3c362edf6cffb8ebc64bf1169f29562b33d75683d5a9,../bigcows-crawler/.cache/dblp-refresh-2026-09-17-132635/safari/captures/1a5e24483a343a918504385f5ced169ac6bc2fc38a1f114398ecaaf54532697e-1789678778492113000.html,None; read-only assessment
acm_fellows.csv,"Tambe, Milind",2013,https://dblp.org/pid/67/2667,Y,2026-09-17,supported,c3cb302bbec559d88ff5e834857a3f8bda210d073e1acd2da2315c3e6c831e00,../bigcows-crawler/.cache/dblp-refresh-2026-09-17-132635/safari/captures/1926727b266aab357e1c2fc8f8cf3fa441ddafe210e1ab2f5e5e9410830d1d58-1789678753808191000.html,None; read-only assessment
acm_fellows.csv,"Tannen, Val",2013,https://dblp.org/pid/t/ValTannen,Y,2026-09-17,supported,a34c08f0656f07f01264ab80f7cdb0e1d43a56801a7842e3aa4d57dd55df6fda,../bigcows-crawler/.cache/dblp-refresh-2026-09-17-132635/safari/captures/e2f26c17d8ba233ee3240af47f803d499c488780e8ce6062f85f020123acc11b-1789678868185541000.html,None; read-only assessment
acm_fellows.csv,"Williamson, David",2013,https://dblp.org/pid/w/DavidPWilliamson,Y,2026-09-19,supported,e2654c833cc92d9df54b763456a6af2b7574a0ecea38c110c9a5e497d1dbbdc1,../bigcows-crawler/.cache/dblp-gap-fill-2026-09-19-145403/safari/captures/287e89dad11f5ca6016a5f3e5e9591da2f44b455f62528193664ecbc8f9f9400-1789844955300111000.html,None; read-only assessment
acm_fellows.csv,"Wong, Limsoon",2013,https://dblp.org/pid/w/LimsoonWong,Y,2026-09-17,supported,b0c84cc8d882932651cc9fed1f724ba52563bd9aef120e7679dc86d42d4d243f,../bigcows-crawler/.cache/dblp-refresh-2026-09-17-132635/safari/captures/b69a2fe362e3ad29f42d04ac8b2c29c575374b80c1b7bf9dac502d584e826808-1789678706848875000.html,None; read-only assessment
acm_fellows.csv,"Yung, Moti",2013,https://dblp.org/pid/y/MotiYung,Y,2026-09-17,supported,4cbfa118c43310869d322fea446f308c82a8513bd5d83dddda90a1de091c856e,../bigcows-crawler/.cache/dblp-refresh-2026-09-17-132635/safari/captures/41c9056b5f7fe46e331b2553b3631daa09c4795ce71b52a48cd496c60cea01f3-1789678762954822000.html,None; read-only assessment
acm_fellows.csv,"Zegura, Ellen",2013,https://dblp.org/pid/z/EllenWZegura,Y,2026-09-17,supported,430d6fc96ec578886698cf5cb5fe8207a408b9f6d26943d5f5caf4ea96d362e4,../bigcows-crawler/.cache/dblp-refresh-2026-09-17-132635/safari/captures/0a1da253c2601590d47966ad4266ed9678ad51a38eb7ea18364f1cf25a57f81a-1789678569212487000.html,None; read-only assessment
acm_fellows.csv,"Zhang, Zhengyou",2013,https://dblp.org/pid/73/5043,Y,2026-09-19,supported,09e6f965230eb754706c6c120fb01f09dd6aa2637260938dd01f93ff956d1089,../bigcows-crawler/.cache/dblp-gap-fill-2026-09-19-145403/safari/captures/c7572850c9b97c291258bf6e70050ef360d5914d0dc2c89d2acb139218d17c29-1789844308048112000.html,None; read-only assessment
acm_fellows.csv,"Zhou, Yuanyuan",2013,https://dblp.org/pid/99/2747-1,Y,2026-09-19,supported,0b3eb850d73a9f3118b0404a9ac19ac31cfba93627fbb3d44da35ed17cc01a6a,../bigcows-crawler/.cache/dblp-gap-fill-2026-09-19-145403/safari/captures/f5b357ac7e3ad6d2712006e9d75e97e744dc5e3eca6bfc80f039292ccf250817-1789844458332522000.html,None; read-only assessment
acm_fellows.csv,"Zuckerman, David",2013,https://dblp.org/pid/z/DZuckerman,Y,2026-09-17,supported,925a6ab524ebf7d7ff22ae4c270cfa67a7f9194e4c920198e104b8b0198f4726,../bigcows-crawler/.cache/dblp-refresh-2026-09-17-132635/safari/captures/9eec2f26ab061a7859fb863e47a842e4e3beb698bf2d67d3f748e24b88c8b0e4-1789678537197937000.html,None; read-only assessment
acm_fellows.csv,"Alonso, Gustavo",2012,https://dblp.org/pid/a/GustavoAlonso,Y,2026-09-17,supported,d14b54a2e557a373d1199c1d63207432e0d255bd90472814679e747ab24d5a03,../bigcows-crawler/.cache/dblp-refresh-2026-09-17-132635/safari/captures/b5d79f1485820ccce5e12bfde6894d15d473a07be3c1944e7c708454a66b3529-1789679065095710000.html,None; read-only assessment
acm_fellows.csv,"Arge, Lars",2012,https://dblp.org/pid/a/LArge,Y,2026-09-17,supported,2ad969115a72f5a3924c0a1152c15d85a4afe58fab65730fb285473fc9fa23f2,../bigcows-crawler/.cache/dblp-refresh-2026-09-17-132635/safari/captures/484f6259947214a036dc971cf4e0e0f0bcdecc495b2d8f3a0059d2d837b0ff7c-1789679242018539000.html,None; read-only assessment
acm_fellows.csv,"Baldi, Pierre",2012,https://dblp.org/pid/54/1564,Y,2026-09-17,supported,5e9e8917cbad3b35ae60657609c3bffee71f5b5361e3c74c38f3de3f965a4e62,../bigcows-crawler/.cache/dblp-refresh-2026-09-17-132635/safari/captures/45274b8c88f4f8e6ba4871729a2fefc504ebb3e6c4f6d948710bf38b2b706eac-1789679303059902000.html,None; read-only assessment
acm_fellows.csv,"Boehm, Hans",2012,https://dblp.org/pid/43/2339,Y,2026-09-19,supported,d97d7d3ab0fd85e0b80b1b4fc39156b4918153477ccbd590ef9cf8ccb9f668dc,../bigcows-crawler/.cache/dblp-gap-fill-2026-09-19-145403/safari/captures/6cab88a967d246f568f79e6b181049412924342a0acbeaef899304f9e58eaff8-1789844261565305000.html,None; read-only assessment
acm_fellows.csv,"Boutilier, Craig",2012,https://dblp.org/pid/10/3411,Y,2026-09-17,supported,04525904385c63dd1fc2f3690f0a93f34b0c9d115f552015043fd729229ca111,../bigcows-crawler/.cache/dblp-refresh-2026-09-17-132635/safari/captures/2ef7a276a80985e598fbb9dc44562cee49114127dbf74198c72609c20bf8899c-1789679033781856000.html,None; read-only assessment
acm_fellows.csv,"Camp, Tracy",2012,https://dblp.org/pid/91/2315,Y,2026-09-17,supported,830e76aa033abad422914b2c424abf3b6ba9fdf17fc8d0d1c03d24cabf9fc317,../bigcows-crawler/.cache/dblp-refresh-2026-09-17-132635/safari/captures/be659af145036353490fa513d14f5e59549fe11639294ed63d92905f7bd199bc-1789679411976309000.html,None; read-only assessment
acm_fellows.csv,"Cattell, Rick",2012,https://dblp.org/pid/67/2932,Y,2026-09-19,supported,cf5fea95cc0feb9c40334d92c8ceb53cf50f0e0dd8f91f92a9aa8d2cf549c174,../bigcows-crawler/.cache/dblp-gap-fill-2026-09-19-145403/safari/captures/efc9e6778d501f451b2c602309c9190b7fc5f285a68e54c1be840d429ac86b01-1789844292722693000.html,None; read-only assessment
acm_fellows.csv,"Davis, Larry S",2012,https://dblp.org/pid/d/LarrySDavis,Y,2026-09-17,supported,179acc500cb452188a11b0eeddfd46efae4d794665cf3df45efbfc739e31e5f2,../bigcows-crawler/.cache/dblp-refresh-2026-09-17-132635/safari/captures/9e3fe4e07654791019264391893bb386d6ea9064959a7763c48b55fc68ffb31a-1789679233904471000.html,None; read-only assessment
acm_fellows.csv,"Elmagarmid, Ahmed",2012,https://dblp.org/pid/e/AKElmagarmid,Y,2026-09-18,supported,28c0100f371476433f09928e14a048e27455eb1f0035de5765a53b513f96f8bc,../bigcows-crawler/.cache/dblp-missing-web-2026-09-17-203211/safari/captures/97280967621ab96bf6cab0028b1ab15ea7a5232cb9d3465aba987f3ab1071ec1-1789691979142909000.html,None; read-only assessment
acm_fellows.csv,"Fan, Wenfei",2012,https://dblp.org/pid/94/2372,Y,2026-09-17,supported,e175293ff0f8c9bb4b3ff06518eb0b6ceb486261e04db677f36da9651fbdb203,../bigcows-crawler/.cache/dblp-refresh-2026-09-17-132635/safari/captures/223c7a94e5f3e9f890222c98847d102b6a64a1ac9476a8d248a07079744b8acc-1789679505267320000.html,None; read-only assessment
acm_fellows.csv,"Gao, Lixin",2012,https://dblp.org/pid/69/3480-1,Y,2026-09-19,supported,57af904bc322ae8af2c3b7f08bd56e07c81bba58fe127ca50afe818c467588bf,../bigcows-crawler/.cache/dblp-gap-fill-2026-09-19-145403/safari/captures/6202fb174e5cd7badfff3d3d5e94bc7b8c413df9ace28897c9d836173b16dfda-1789844300872338000.html,None; read-only assessment
acm_fellows.csv,"Garfinkel, Simson L",2012,https://dblp.org/pid/70/2101,Y,2026-09-17,supported,e259267f01f74510789200f7f3d32aa9bd40970c5f579e7c2f615aaafe5fe916,../bigcows-crawler/.cache/dblp-refresh-2026-09-17-132635/safari/captures/d25259ad21fb3fb016f627159f19f4c4dc06f7fcfd328a75a3d5aabec4c83ba6-1789679381162309000.html,None; read-only assessment
acm_fellows.csv,"Gibson, Garth A",2012,https://dblp.org/pid/g/GarthAGibson,Y,2026-09-17,supported,e6cdf83894d0ffa07b4f1eb165c04ba122bff0361136d425bbe369ea806739fa,../bigcows-crawler/.cache/dblp-refresh-2026-09-17-132635/safari/captures/af10e272e712f534be5304bdc7bd3a892ab7e9f79fb10b87a505604dfd36df7c-1789679048944201000.html,None; read-only assessment
acm_fellows.csv,"Greenberg, Saul",2012,https://dblp.org/pid/g/SaulGreenberg,Y,2026-09-17,supported,3cdb18e1ea98c88a97d1a4796f25af59c93a86216db901d34aadf3dd9e0fa02f,../bigcows-crawler/.cache/dblp-refresh-2026-09-17-132635/safari/captures/71d8eae08ea666e964be6a7b1c905cb041645f0ade78c5ce31e4a34ba25c4946-1789679372839996000.html,None; read-only assessment
acm_fellows.csv,"Gross, Markus",2012,https://dblp.org/pid/g/MarkusHGross,Y,2026-09-17,supported,6c83f5ce47c7409ab82df122321501a57fb649df1147db30e1fac681eb9b52af,../bigcows-crawler/.cache/dblp-refresh-2026-09-17-132635/safari/captures/f44df16b6c0cf3850685937f30a94cb579db1b2cd72ffb59eb10bbec31d1891a-1789679278746425000.html,None; read-only assessment
acm_fellows.csv,"Grove, David Paul",2012,https://dblp.org/pid/65/2846,Y,2026-09-17,supported,456b08ba6be241c42f11054f9952421d2c625100399e94d1ec5fcd8a406a959a,../bigcows-crawler/.cache/dblp-refresh-2026-09-17-132635/safari/captures/f400c2953db8a3022ab12c519ec3559ad72a30d196b1bffb048523ea225f7f02-1789679040898936000.html,None; read-only assessment
acm_fellows.csv,"Grudin, Jonathan",2012,https://dblp.org/pid/g/JonathanGrudin,Y,2026-09-17,supported,206a1d91229e80b6131def24389826e3b85923dbb737bf55a374d4299ea13e91,../bigcows-crawler/.cache/dblp-refresh-2026-09-17-132635/safari/captures/40c1071042b3053b053dbb6a1b9bd50f2dc3f518ebffb4be8cb7dc8b2767d8dd-1789679094915933000.html,None; read-only assessment
acm_fellows.csv,"Guerraoui, Rachid",2012,https://dblp.org/pid/g/RachidGuerraoui,Y,2026-09-17,supported,1ff19bd89d24a63b7acfa11deab9aec06140ae33f3cf6a3619ba0838c73f9d7d,../bigcows-crawler/.cache/dblp-refresh-2026-09-17-132635/safari/captures/47283184d6a9ec8f11c07083d49883af897c5321b8eda213529acb66473e25e3-1789679311023330000.html,None; read-only assessment
acm_fellows.csv,"Gupta, Manish",2012,https://dblp.org/pid/g/ManishGupta2,Y,2026-09-17,supported,e866ba3db31d2760ebeac8bbf5e55f5701b7a706cefb08a5d3405843defa37a5,../bigcows-crawler/.cache/dblp-refresh-2026-09-17-132635/safari/captures/4e84d7dcc7e663b9a39617cca5cebe7312678bc2df99d540fd14bad3643265d4-1789679270283606000.html,None; read-only assessment
acm_fellows.csv,"Hershberger, John",2012,https://dblp.org/pid/56/510,Y,2026-09-17,supported,ed12672fbee2ec08b3b1875a3ffed25e62a14dc724a7476a6d511e3378e8e369,../bigcows-crawler/.cache/dblp-refresh-2026-09-17-132635/safari/captures/80b249fb15b0a33a64ca5337959fb7483185f8e56f157d78f33930abbbb43a3e-1789679087229902000.html,None; read-only assessment
acm_fellows.csv,"Kahng, Andrew B.",2012,https://dblp.org/pid/k/AndrewBKahng,Y,2026-09-17,supported,c6e7afd50cc88e595f5dfc12e2b2dbf072717e17085633fd72ac41a2eb93e7b6,../bigcows-crawler/.cache/dblp-refresh-2026-09-17-132635/safari/captures/a2517e6795435a92a6749cdf37ce9d3cbb31634d4746735c6df63b7f1b16ce3d-1789678991674695000.html,None; read-only assessment
acm_fellows.csv,"Karlin, Anna",2012,https://dblp.org/pid/k/AnnaRKarlin,Y,2026-09-17,supported,b42403e169043eb3e3798ff2906a3503f5ba6c705d6460fa1a0c0f800517e19c,../bigcows-crawler/.cache/dblp-refresh-2026-09-17-132635/safari/captures/0841251b1eb77cd4f85e9384738b22d396d87b6349fe9da39bb59d498c65a629-1789679005067226000.html,None; read-only assessment
acm_fellows.csv,"Keshav, Srinivasan",2012,https://dblp.org/pid/59/739,Y,2026-09-17,supported,b30289a52809202cf67e62f20fc53f8d44fd4fcb847a39628a86dd14abc75138,../bigcows-crawler/.cache/dblp-refresh-2026-09-17-132635/safari/captures/16c4a310c702619f915ff0b65304842d7b0d935114fd09065511b253c7464e5b-1789679389138164000.html,None; read-only assessment
acm_fellows.csv,"Kiczales, Gregor",2012,https://dblp.org/pid/k/GregorKiczales,Y,2026-09-17,supported,d87ec7ec38e0ed9043a68be59694782609fff93943a9c89960137f0d5dafb78e,../bigcows-crawler/.cache/dblp-refresh-2026-09-17-132635/safari/captures/120a6e825ea80e14007a46f45ca5ba954e6282f9c3c27760d99339133bcc0fb2-1789679057021937000.html,None; read-only assessment
acm_fellows.csv,"Kitsuregawa, Masaru",2012,https://dblp.org/pid/k/MasaruKitsuregawa,Y,2026-09-17,supported,4e1a7984b641c3dfe88091b35e5dc82d9a4053ef039fe4554954ea528c81a37f,../bigcows-crawler/.cache/dblp-refresh-2026-09-17-132635/safari/captures/3527a22c018238b13453152452797bb3e6d9a695e4cb85e9b02d130896880f84-1789679286847334000.html,None; read-only assessment
acm_fellows.csv,"Libkin, Leonid",2012,https://dblp.org/pid/l/LeonidLibkin,Y,2026-09-17,supported,1efa14d7e4e1b2e04cc5050c1ae8f2b7e8c45d4e3bb573ef5652e517a8e98485,../bigcows-crawler/.cache/dblp-refresh-2026-09-17-132635/safari/captures/943e91a4822616ecc8e26af5396c24fe8248002edc00d043169b63f8456877b6-1789679248781230000.html,None; read-only assessment
acm_fellows.csv,"Milo, Tova",2012,https://dblp.org/pid/m/TovaMilo,Y,2026-09-17,supported,7b325904c7b0e55ab830f56609dd97f4a1b7476e39949dfc5c2e78dd7e84546f,../bigcows-crawler/.cache/dblp-refresh-2026-09-17-132635/safari/captures/9728134295945ad152860d6650f840a13ef29d56049cfd453c20c703b7b31e1d-1789679403927121000.html,None; read-only assessment
acm_fellows.csv,"Nahrstedt, Klara",2012,https://dblp.org/pid/45/3224,Y,2026-09-17,supported,3864af93d2ec93a57bef6b5a99d659d0788a1da9d0aa136e0729da87395901a8,../bigcows-crawler/.cache/dblp-refresh-2026-09-17-132635/safari/captures/1635e99c0b59768acb0179c32953b686c631ea3172e2e9c17f2efe69b8e0a8be-1789679225646125000.html,None; read-only assessment
acm_fellows.csv,"O'Rourke, Joseph",2012,https://dblp.org/pid/o/JosephORourke,Y,2026-09-17,supported,93d479b636f94abe1b514b4e08e27ba26b7f23226e6c27230fd7b950b7f454bd,../bigcows-crawler/.cache/dblp-refresh-2026-09-17-132635/safari/captures/54a7e94d3c36683b2361d8aaa60433642f7c8f2694e5dfa97a8e3dee3596c60d-1789679101824331000.html,None; read-only assessment
acm_fellows.csv,"Pierce, Benjamin C.",2012,https://dblp.org/pid/p/BenjaminCPierce,Y,2026-09-17,supported,575cb635932b028943b1b3270952b0a456b8ae77dbb01bd62fb12ea24542f7db,../bigcows-crawler/.cache/dblp-refresh-2026-09-17-132635/safari/captures/fadb6bf4ea19f727ebd0e861e98123ca21bd056770be137b2505c134d44868cf-1789679018772199000.html,None; read-only assessment
acm_fellows.csv,"Pingali, Keshav K",2012,https://dblp.org/pid/71/5735,Y,2026-09-17,supported,0334a50d9871e408db2a3a2c830a37f8dff2e62dc03be7d8ea264cebfe690620,../bigcows-crawler/.cache/dblp-refresh-2026-09-17-132635/safari/captures/2726adceb850f83bdccf8993b85d4ba2529c539b34feff81b2538af47a499d6f-1789679138420372000.html,None; read-only assessment
acm_fellows.csv,"Pitts, Andrew M",2012,https://dblp.org/pid/p/AMPitts,Y,2026-09-17,supported,36410b5f7b9afed96719b0b5e38a9d3b10599052db9e67df3b815deb0b6ba85e,../bigcows-crawler/.cache/dblp-refresh-2026-09-17-132635/safari/captures/019c07d0004c0bfb7b0cb3f76c2f8f4947f4a124b46a8a7fee5b491bf9e21871-1789678998397528000.html,None; read-only assessment
acm_fellows.csv,"Rastogi, Rajeev Ramnarain",2012,https://dblp.org/pid/r/RajeevRastogi,Y,2026-09-17,supported,e0f99c5b92749ea80d4ed5b9395dd9f5038ffe220764718869917e6f98f3023c,../bigcows-crawler/.cache/dblp-refresh-2026-09-17-132635/safari/captures/ad002a45b6b84dd56a9e17040172fe9047d680e1198acf9de35080739f95168a-1789679327427403000.html,None; read-only assessment
acm_fellows.csv,"Reddy, Raj",2012,https://dblp.org/pid/r/RajReddy,Y,2026-09-17,supported,c76aec792d02906fb602153e13640f88c306ef9be001856a769c62009825af73,../bigcows-crawler/.cache/dblp-refresh-2026-09-17-132635/safari/captures/5c706a035d63b0f12b9cc193a807be3d4d3b9c0c0bb4461fca7779cd391127ba-1789679319083027000.html,None; read-only assessment
acm_fellows.csv,"Ross, Keith",2012,https://dblp.org/pid/r/KWRoss,Y,2026-09-19,supported,e8fc8e23a4e4d3c5443eaf4a37defbe1c7a010a2d4e60b5f4b14901fe612c502,../bigcows-crawler/.cache/dblp-gap-fill-2026-09-19-145403/safari/captures/db5aab41bc38bec119650c0f43e752633490b86fdc9be3170b8c001f1645d0ae-1789844809165127000.html,None; read-only assessment
acm_fellows.csv,"Sakallah, Karem",2012,https://dblp.org/pid/34/5374,Y,2026-09-17,supported,3ab6166c00fed8988226218bde16eb4e9c97cde3b115628826e6e5f7f9866ba1,../bigcows-crawler/.cache/dblp-refresh-2026-09-17-132635/safari/captures/15e90ae41d5f89009732156dd460e36fe2fde65a98fc62feaf992848879d46fd-1789679116547598000.html,None; read-only assessment
acm_fellows.csv,"Schreiber, Robert",2012,https://dblp.org/pid/69/2277,Y,2026-09-17,supported,b0f1cacc3fce6744cdad6667fde5414261aef4647726a6bdde16d6a5cf769f25,../bigcows-crawler/.cache/dblp-refresh-2026-09-17-132635/safari/captures/3d2a96c0fabf955642f76a430369bda86be8ccd6a3e0736cc068167d554562a8-1789679349658465000.html,None; read-only assessment
acm_fellows.csv,"Scott, Steven",2012,,N,,missing_known,,,None; read-only assessment
acm_fellows.csv,"Selman, Bart",2012,https://dblp.org/pid/s/BartSelman,Y,2026-09-17,supported,499d5f86f996e2f5d7f5f3241eaab30ac30a378ef1a96d244d51db22d95155cf,../bigcows-crawler/.cache/dblp-refresh-2026-09-17-132635/safari/captures/c98426e0b1daec2cd4435bd1c14c65eb29bad7ae071a9f4fd6a4591ec9470fd4-1789679012066210000.html,None; read-only assessment
acm_fellows.csv,"Shamir, Ron",2012,https://dblp.org/pid/66/6913,Y,2026-09-17,supported,324c3a84ce776706d25e14dd86b4d4acb2639da1a22fe8a0a30997bbf8804ab3,../bigcows-crawler/.cache/dblp-refresh-2026-09-17-132635/safari/captures/5cc78d1c536d029b366945a72b2e937759cc703e008d8e5b3041ad488de6cecb-1789679365442321000.html,None; read-only assessment
acm_fellows.csv,"Shoham, Yoav",2012,https://dblp.org/pid/s/YoavShoham,Y,2026-09-17,supported,38a58fbc0a5ec1e7080f727de229485b54d0412dd6fbd573eef5cad7ce7e32fc,../bigcows-crawler/.cache/dblp-refresh-2026-09-17-132635/safari/captures/9566981bcd6493dad111ee92ec1b82dfe77499a8187fef3036099986ff7b930a-1789679520604268000.html,None; read-only assessment
acm_fellows.csv,"Sifakis, Joseph",2012,https://dblp.org/pid/s/JosephSifakis,Y,2026-09-17,supported,91ec0026d8a206974739ab88be546a4ffa20a97e556b22e00397d7de6e27e410,../bigcows-crawler/.cache/dblp-refresh-2026-09-17-132635/safari/captures/5be65dae2fa0f53ecc91a0d10523ed2159e228308f171d48cc8acd990014881f-1789679109244633000.html,None; read-only assessment
acm_fellows.csv,"Sinclair, Alistair",2012,https://dblp.org/pid/s/AlistairSinclair,Y,2026-09-17,supported,6a5551db0b3bb7c85f190a73dd2dfa11db1ce1cab09d6373caf0e331a5335996,../bigcows-crawler/.cache/dblp-refresh-2026-09-17-132635/safari/captures/498e7c077e1277aa09d784e195bdecb6937ec72b51699e783f4ddd6faa18791f-1789678983158642000.html,None; read-only assessment
acm_fellows.csv,"Stein, Clifford",2012,https://dblp.org/pid/s/CliffordStein,Y,2026-09-17,supported,951576bb5644a9e5a9e787fb013c04d90c2a9f34d43c4e2484f52d025eb34b0e,../bigcows-crawler/.cache/dblp-refresh-2026-09-17-132635/safari/captures/5f917a4a7a5dabcbfa3a52e8a62f64d7c50bbabd1e120a06e1c5809306656a65-1789679025858818000.html,None; read-only assessment
acm_fellows.csv,"Stoica, Ion",2012,https://dblp.org/pid/s/IonStoica,Y,2026-09-17,supported,ebe4db84bccb21ea53248ec64c09f93ae0ab0633a94617377f8708f83ff54cee,../bigcows-crawler/.cache/dblp-refresh-2026-09-17-132635/safari/captures/8303fca9618f18caf55bc3d67f2c21eac7399a1cd86b8679cbc0c47efe4947fc-1789679080074418000.html,None; read-only assessment
acm_fellows.csv,"Tamassia, Roberto",2012,https://dblp.org/pid/t/RobertoTamassia,Y,2026-09-17,supported,b65d656ea1e6c715d23ae6187bc2f84b003e6919669d333c8667a15e24266539,../bigcows-crawler/.cache/dblp-refresh-2026-09-17-132635/safari/captures/2ba172261f260d1623b6b4d5135323481ed15343352b671bceee753251c83367-1789679357753669000.html,None; read-only assessment
acm_fellows.csv,"Tichy, Walter F.",2012,https://dblp.org/pid/t/WalterFTichy,Y,2026-09-17,supported,fd5266852aae670d081f6a9f315f078041f525406f06da5f5dbd2ae08bd9963e,../bigcows-crawler/.cache/dblp-refresh-2026-09-17-132635/safari/captures/464afc576408f677bf4d4bf4c396623d4938cb5992b12f9004bbbfa9325c53aa-1789679498651256000.html,None; read-only assessment
acm_fellows.csv,"Valduriez, Patrick",2012,https://dblp.org/pid/v/PatrickValduriez,Y,2026-09-17,supported,b8e8a7de791c903c63be1eeec852009747735bb6142a3cede14d24e349e033de,../bigcows-crawler/.cache/dblp-refresh-2026-09-17-132635/safari/captures/3230623533a8a58d3d399aedd7017cecf768c3880546f7ef626babaa38e2ca5a-1789679294528098000.html,None; read-only assessment
acm_fellows.csv,"Valiant, Leslie G",2012,https://dblp.org/pid/v/LeslieGValiant,Y,2026-09-17,supported,df8b62a560346810a058448ca6822b0f11df0ad68075c99008e57b486aed3536,../bigcows-crawler/.cache/dblp-refresh-2026-09-17-132635/safari/captures/dc6fe9b0e9af095fc238f38cbade2ca1e494aaccf336011f6f97cb7eafce3236-1789679255357245000.html,None; read-only assessment
acm_fellows.csv,"Yelick, Katherine",2012,https://dblp.org/pid/y/KAYelick,Y,2026-09-17,supported,356c373a25371496abbd9102f61e520a1f39179351e11c729f885c0f4465442b,../bigcows-crawler/.cache/dblp-refresh-2026-09-17-132635/safari/captures/e88e69b862cc86e97d864a7ddd8a5c87dd96c7feccfad81248c7e8c113878878-1789679124118335000.html,None; read-only assessment
acm_fellows.csv,"Zabih, Ramin",2012,https://dblp.org/pid/z/RaminZabih,Y,2026-09-17,supported,51f3397f8ed75720848b666343d53bebabc91d4f2f8d5fb4702d702c99bfe1fd,../bigcows-crawler/.cache/dblp-refresh-2026-09-17-132635/safari/captures/3838d39b66bdf2a2fc291c59238057b5b603ee5b36f7920e6e1dac7c16adaf13-1789679335765137000.html,None; read-only assessment
acm_fellows.csv,"Zhang, Xiaodong",2012,https://dblp.org/pid/37/4356-1,Y,2026-09-19,supported,33f9598d68bdd80d85f6629e7e249e62eb6782c9156c195f79968502d7679131,../bigcows-crawler/.cache/dblp-gap-fill-2026-09-19-145403/safari/captures/d4d491ffa2a6b3db94923fa64cd1520bbb7144bbecd6ee5e740f9a8584312cbf-1789844232653062000.html,None; read-only assessment
acm_fellows.csv,"Abiteboul, Serge",2011,https://dblp.org/pid/a/SergeAbiteboul,Y,2026-09-17,supported,66fca1114853cd14b78f29f58d59ff98bca4f122349de4c712f3b94524f75ff1,../bigcows-crawler/.cache/dblp-refresh-2026-09-17-132635/safari/captures/f6168c9b014246ea642dd0aa229c36de5d1212252608dedf3c96a3fcdad22fc2-1789679912961225000.html,None; read-only assessment
acm_fellows.csv,"Agrawal, Divyakant",2011,https://dblp.org/pid/a/DivyakantAgrawal,Y,2026-09-17,supported,f651b3a1ea6cb0bf2b66593205ec7a4e3c960bfefdc267774e76ccd4275fd817,../bigcows-crawler/.cache/dblp-refresh-2026-09-17-132635/safari/captures/9eea10275433f108a45374c022ab86f73e1169090af4e6e418eca79b99d40e05-1789679654048595000.html,None; read-only assessment
acm_fellows.csv,"Baecker, Ronald M",2011,https://dblp.org/pid/b/RonaldBaecker,Y,2026-09-17,supported,35ae7d6841940496d0d746d1e522743d07e445d75588a6fff68556ef012f5087,../bigcows-crawler/.cache/dblp-refresh-2026-09-17-132635/safari/captures/401afadc14d3a564384fb73b41077d169abfe672544b0eda9be5548c1f790b74-1789679889841081000.html,None; read-only assessment
acm_fellows.csv,"Ball, Thomas",2011,https://dblp.org/pid/296/1574-1,Y,2026-09-17,supported,c67e076a6e93404a3707bd976614d23679587514ae0f9c6391f3ed1c756695de,../bigcows-crawler/.cache/dblp-refresh-2026-09-17-132635/safari/captures/1022a5cc7db561c0942999ca2b01a5b9498eba915b0a5c33c6979b0cbcd7235f-1789679942275785000.html,None; read-only assessment
acm_fellows.csv,"Blelloch, Guy",2011,https://dblp.org/pid/b/GEBlelloch,Y,2026-09-17,supported,7d35bebbb88dec7577332d4a400632982cac7fa705a98447915d1100d3cb89f4,../bigcows-crawler/.cache/dblp-refresh-2026-09-17-132635/safari/captures/5d5c3158651555d6c12118e977018e2fd5452a0886ec943684e2dc63835afacd-1789679772467288000.html,None; read-only assessment
acm_fellows.csv,"Ebeling, Carl",2011,https://dblp.org/pid/e/CarlEbeling,Y,2026-09-17,supported,d8a27f594d783134ce18dc6b3bdbb6aef1b673461f7321a7c76e65c90363dd5d,../bigcows-crawler/.cache/dblp-refresh-2026-09-17-132635/safari/captures/9589c7149776d229a0994e427eaab03419f49837e47f173fc9296189d723a609-1789679561773068000.html,None; read-only assessment
acm_fellows.csv,"Eppstein, David",2011,https://dblp.org/pid/e/DEppstein,Y,2026-09-17,supported,06bda6bb735053b6e6bcb32f6c66582b06c77ce18240c798101510677347ea3d,../bigcows-crawler/.cache/dblp-refresh-2026-09-17-132635/safari/captures/8598f310e1c5177343ba2e5959822e9797fc5f663c59415683ecb8c0bd6e7922-1789679599252462000.html,None; read-only assessment
acm_fellows.csv,"Fox, Geoffrey",2011,https://dblp.org/pid/f/GeoffreyFox,Y,2026-09-17,supported,06ab4cef08f0dbbc82b651508a55b965992da976940896a012ef7ffbbf25127c,../bigcows-crawler/.cache/dblp-refresh-2026-09-17-132635/safari/captures/f4692999d6002d7659095d1625d287290eeadb090c506a38c651529902d269f3-1789679670338650000.html,None; read-only assessment
acm_fellows.csv,"Furnas, George",2011,https://dblp.org/pid/52/3166,Y,2026-09-17,supported,e3466859f006be0cc919de157e7342d063e860d138b029ae917f36fefe7005cc,../bigcows-crawler/.cache/dblp-refresh-2026-09-17-132635/safari/captures/6831fb6347eaa213c6d10d485d285abf2e28bfcf80a5397de243cac28e2c072a-1789679677652589000.html,None; read-only assessment
acm_fellows.csv,"Gifford, David K",2011,https://dblp.org/pid/g/DavidKGifford,Y,2026-09-17,supported,2ca715973c0cb26e98c9d96a07a2c79a8e765dcb6e3f6965f71aa2657492c759,../bigcows-crawler/.cache/dblp-refresh-2026-09-17-132635/safari/captures/d3f51cfa614545761aa1dbea3a9f797aed1603a0201a4c7691e870b517f21df6-1789679613070887000.html,None; read-only assessment
acm_fellows.csv,"Govindan, Ramesh",2011,https://dblp.org/pid/g/RameshGovindan,Y,2026-09-17,supported,789341ee423e5b0b091e8e2999327150d6e39f8a442a7d7f3a14e7370b0a98d2,../bigcows-crawler/.cache/dblp-refresh-2026-09-17-132635/safari/captures/b239b9cbfc658df0e52bb6417b9612ae0c694439e8526c912a2e5922ec6a64f9-1789679874217874000.html,None; read-only assessment
acm_fellows.csv,"Guo, Baining",2011,https://dblp.org/pid/44/3946,Y,2026-09-17,supported,fc703b4b51cf7bec44da791963a48394d7197ffc8f8b176e8eac1f66d5d3e3b8,../bigcows-crawler/.cache/dblp-refresh-2026-09-17-132635/safari/captures/0113985fafee83752915f98012e9c7109487080d20dd01df06a136bbde93b7e9-1789679544616872000.html,None; read-only assessment
acm_fellows.csv,"Heckerman, David",2011,https://dblp.org/pid/h/DavidHeckerman,Y,2026-09-17,supported,1ae66f668817589e278f8aa33dd8c8cd38da75f2392dc6ebfeac2b1b15153d96,../bigcows-crawler/.cache/dblp-refresh-2026-09-17-132635/safari/captures/f6b11db95d31c4cbb853862f8381503e9f22d1e7fd782967ea9cd6a5750bab64-1789679606215885000.html,None; read-only assessment
acm_fellows.csv,"Holzmann, Gerard J.",2011,https://dblp.org/pid/h/GerardJHolzmann,Y,2026-09-17,supported,b266d5e28dc3329b13c376efad436449c4369f90e89b0428b318862e3adbd58a,../bigcows-crawler/.cache/dblp-refresh-2026-09-17-132635/safari/captures/60a36d03fc3013d3555d5a2389fe987b7f0e27b5bd63e735b474831cae290bb4-1789679684642944000.html,None; read-only assessment
acm_fellows.csv,"Hoppe, Hugues",2011,https://dblp.org/pid/25/6720,Y,2026-09-17,supported,ce8e8aa4581a41158bf53f394ad446f5736011ef38bcc41fbcaf3aa7dbc83fdd,../bigcows-crawler/.cache/dblp-refresh-2026-09-17-132635/safari/captures/1506871f9d18dfd6c8335ae022b10bf1e6c002f89cb8e4b6d214722315aacc0e-1789679786691019000.html,None; read-only assessment
acm_fellows.csv,"Jensen, Christian S.",2011,https://dblp.org/pid/j/ChristianSJensen,Y,2026-09-19,supported,dfd5f8244bfabaddae0424555b23f0fa8e86e3cbf2ce45cf9e4384d42fb39db7,../bigcows-crawler/.cache/dblp-gap-fill-2026-09-19-145403/safari/captures/dc266ba58921b57be79537d3e02ac7fe466918778198453ed3f645c1446fdcf4-1789844577300784000.html,None; read-only assessment
acm_fellows.csv,"Karloff, Howard J",2011,https://dblp.org/pid/44/5186,Y,2026-09-17,supported,a3930a46e956a65c500d9dc073acd8aef58c5ee6c362bf8272477a34f8031e2b,../bigcows-crawler/.cache/dblp-refresh-2026-09-17-132635/safari/captures/94429585f0e731202163bf8b8505bf0d3bc6c273a785bd140781e29fe76c9fe1-1789679779829934000.html,None; read-only assessment
acm_fellows.csv,"Keckler, Stephen",2011,https://dblp.org/pid/k/StephenWKeckler,Y,2026-09-17,supported,e67712ae7218a4075e98d7f91fcf1b3bc5d606e955062f2861dc5e6f42e6d806,../bigcows-crawler/.cache/dblp-refresh-2026-09-17-132635/safari/captures/daab6b1cb080b08781ba8f659aac524ed8b3c7c9c37d72f008c95f3cb6faf337-1789679927386669000.html,None; read-only assessment
acm_fellows.csv,"Key, Peter B.",2011,https://dblp.org/pid/22/3458,Y,2026-09-17,supported,3f4e35e01d15c9c8530d368de46ba12c18cbf9a2800bae28483f3a180bd87c8b,../bigcows-crawler/.cache/dblp-refresh-2026-09-17-132635/safari/captures/b18d929be345fb30ab580677965a0a58ccab963d6cd41bc4890b8ccd3ba88d05-1789679858250683000.html,None; read-only assessment
acm_fellows.csv,"Kirkpatrick, Scott",2011,https://dblp.org/pid/39/5192,Y,2026-09-19,supported,6e7601dee3fc7d1fd0ffe0fea8748b8208b9bb7c26194db939b280d65f2545cc,../bigcows-crawler/.cache/dblp-gap-fill-2026-09-19-145403/safari/captures/bd43dc20b82036439d3a61922bd2f1a9c42c60551276853bde75f5bbb3d29664-1789844239073386000.html,None; read-only assessment
acm_fellows.csv,"Kraut, Robert E",2011,https://dblp.org/pid/k/RobertEKraut,Y,2026-09-17,supported,fc596dcc089df0ec78fd1146357816b05814bedf2b151c015ff8b08d4d4ba4c2,../bigcows-crawler/.cache/dblp-refresh-2026-09-17-132635/safari/captures/8d34541cd82343c6caf72a26113f5311cbd2a7334045480696ac6dd36ef4d722-1789679881887901000.html,None; read-only assessment
acm_fellows.csv,"Landau, Susan",2011,https://dblp.org/pid/44/6965,Y,2026-09-17,supported,b858e6e0add5789de34bc68549e86718e42c0f308b9f7e92dca8a681eab0f02c,../bigcows-crawler/.cache/dblp-refresh-2026-09-17-132635/safari/captures/442b6c07bd0862d8705d710a83187f3684bfed853c84e28718bcbcdcf6dcf8b7-1789679934734940000.html,None; read-only assessment
acm_fellows.csv,"Lin, Ming C",2011,https://dblp.org/pid/l/MingCLin,Y,2026-09-19,supported,95aea2b42aec5e8c4bc57cc63255bdb347be25c82b834a4ae8f09c5c793d7e21,../bigcows-crawler/.cache/dblp-gap-fill-2026-09-19-145403/safari/captures/6ce05cc0f9f3f3251501cce1baaad03a1f18af54a77206b9bb13d55674f2947a-1789844710187963000.html,None; read-only assessment
acm_fellows.csv,"Magnusson, Peter",2011,https://dblp.org/pid/41/1559,Y,2026-09-19,supported,70282632e6df6b251754f2e6643737deafc4259c99f464ff14cd2ffdf8ec3a28,../bigcows-crawler/.cache/dblp-gap-fill-2026-09-19-145403/safari/captures/e772641b50e83d67ab9c1644de755c2cb89f7ed70d3ff9d96c1a13f82194b8ad-1789844246464052000.html,None; read-only assessment
acm_fellows.csv,"Malkhi, Dahlia",2011,https://dblp.org/pid/m/DahliaMalkhi,Y,2026-09-17,supported,31dbbb3fbeadb46cba14cfe7f269eedbe7e73850edc92bfd3808f9bba3849d62,../bigcows-crawler/.cache/dblp-refresh-2026-09-17-132635/safari/captures/642590e7fc56595a40ccd864a46e707e13ecca8ade24cfeae14ad62701a8511b-1789679576553052000.html,None; read-only assessment
acm_fellows.csv,"Marzullo, Keith",2011,https://dblp.org/pid/m/KMarzullo,Y,2026-09-17,supported,80a1427106f68db5f0793eba1821b849d6d013ce1fce92bbb09b85015f2b4e91,../bigcows-crawler/.cache/dblp-refresh-2026-09-17-132635/safari/captures/c68bd1c0cf2378ab21f6d47f0959c2b275686a4cd7048f6beb77ae16b35f01f7-1789679814527125000.html,None; read-only assessment
acm_fellows.csv,"MATSUOKA, SATOSHI",2011,https://dblp.org/pid/57/4464,Y,2026-09-17,supported,a6358cfd2996a90a1b6a0fe021cea03aa1a7426591efb387d9f225cc0294292b,../bigcows-crawler/.cache/dblp-refresh-2026-09-17-132635/safari/captures/8a829cf1c407f35bbc82329aa8f5de1d24ff6813478bd5e2ad4567b0770ba06e-1789679897269169000.html,None; read-only assessment
acm_fellows.csv,"Max, Nelson",2011,https://dblp.org/pid/06/3255,Y,2026-09-17,supported,03db0084e55335e0f15ab19a642253edf6415c3b52e7a1ce9c8c0e563467e0d1,../bigcows-crawler/.cache/dblp-refresh-2026-09-17-132635/safari/captures/c7e7d68fa32d5ad357986d403c5fc03dd32069f3f2fd792d56f68640cbe3c04d-1789679851313174000.html,None; read-only assessment
acm_fellows.csv,"Mitchell, Joseph",2011,https://dblp.org/pid/m/JosephSBMitchell,Y,2026-09-19,supported,1aa038fdab644876f9c8cdf256be9b5906a9e2555c5007579ddfb5e6a4d408ac,../bigcows-crawler/.cache/dblp-gap-fill-2026-09-19-145403/safari/captures/37c71fa6d79c7d63fb1bf44df8854f4170c70c4aa065cfdd55884faf62c4d86a-1789844742320033000.html,None; read-only assessment
acm_fellows.csv,"Mukherjee, Shubu",2011,https://dblp.org/pid/65/1049,Y,2026-09-19,supported,64b6b0bbdfdf6c8b199f7aba569bc55ea8701fc6bf4ed613ef7ef4d11541eca8,../bigcows-crawler/.cache/dblp-gap-fill-2026-09-19-145403/safari/captures/90791c77b90c280db25afe5c979bd8ee6c6f2e6e36bcd674c14bc688cba29813-1789844284526618000.html,None; read-only assessment
acm_fellows.csv,"Ooi, Beng Chin",2011,https://dblp.org/pid/o/BengChinOoi,Y,2026-09-17,supported,c9b3682fcabaf72b1b6f005749712c432a12f37c90f0a6436911bb4818f82f63,../bigcows-crawler/.cache/dblp-refresh-2026-09-17-132635/safari/captures/105a75c51ddda173f4efc0de102da05f7d1f225a451d3255b8c688317f9f5f51-1789679553267507000.html,None; read-only assessment
acm_fellows.csv,"Ozsoyoglu, Zehra",2011,https://dblp.org/pid/o/ZMeralOzsoyoglu,Y,2026-09-17,supported,061718aae150089ea3976859e6e68da628d0f387837d27bf2d8bf1a3efabaf5a,../bigcows-crawler/.cache/dblp-refresh-2026-09-17-132635/safari/captures/69300ae90e0546d57017472a79ea9fc473d80c103389628ec7a1501422fb33c7-1789680187155527000.html,None; read-only assessment
acm_fellows.csv,"Pach, Janos",2011,https://dblp.org/pid/18/2119,Y,2026-09-17,supported,35e2acd498ae42dec1babaa24c6661bd74656df5fd9f201600dc7fffee699806,../bigcows-crawler/.cache/dblp-refresh-2026-09-17-132635/safari/captures/cf472410fc19fe10e7830a25f7f591a61b84b23f2a255385ba5412605ffe9e49-1789679793635681000.html,None; read-only assessment
acm_fellows.csv,"Petzold, Linda",2011,https://dblp.org/pid/03/3669,Y,2026-09-17,supported,38b599e19da1d8c394fd72124cd9d059893095763f5890cbeda5ccaac455b8fd,../bigcows-crawler/.cache/dblp-refresh-2026-09-17-132635/safari/captures/556f9743775645258063bf0d077f41c91b521fc901ea802766dba62df2601755-1789679822299316000.html,None; read-only assessment
acm_fellows.csv,"Pollack, Martha",2011,https://dblp.org/pid/p/MEPollack,Y,2026-09-17,supported,60597733a69faa00970951958254a348146fdf07d0b74238adc95bc8e9cc72c2,../bigcows-crawler/.cache/dblp-refresh-2026-09-17-132635/safari/captures/5e93501c209113cce6296771fd3ba7840a42bded84d7002572f3ccfe92746ee4-1789679836515957000.html,None; read-only assessment
acm_fellows.csv,"Roth, Dan",2011,https://dblp.org/pid/r/DanRoth,Y,2026-09-19,supported,cdb9c943968aceb889a89fd2e4d322020dc98873540c04b708d000600eca25f7,../bigcows-crawler/.cache/dblp-gap-fill-2026-09-19-145403/safari/captures/189305f2cded1d5e395bff1c74b94ab00dbbc99aadf7cc51b9907f78f15c4c19-1789844787634477000.html,None; read-only assessment
acm_fellows.csv,"Sanguinetti, John",2011,https://dblp.org/pid/60/6393,Y,2026-09-17,supported,ba3adc2e871f8697fc57320586958025dc9bc3121e457e379fb6349691d77732,../bigcows-crawler/.cache/dblp-refresh-2026-09-17-132635/safari/captures/3ef357cfc0746c0a162e3ad1d897518506d1c33098e9bdd8b3a256f1348bcf15-1789679800434604000.html,None; read-only assessment
acm_fellows.csv,"Seltzer, Margo",2011,https://dblp.org/pid/s/MargoISeltzer,Y,2026-09-17,supported,904317a055d1ee4fa1845eb8e2698d9566c78d2d8bd8554f400b9e70dd8d63e0,../bigcows-crawler/.cache/dblp-refresh-2026-09-17-132635/safari/captures/a1fcaff2aab47b96f77b7cb48d8d419d5aca65b880cb3501ac8427d57c7710b5-1789679829094799000.html,None; read-only assessment
acm_fellows.csv,"Singhal, Amit",2011,https://dblp.org/pid/s/AmitSinghal,N,2026-09-17,existing_N,dffe4f8fd67b336b1780a1a2cefb926f53a772bcf01ed186fe8797fbc414111d,../bigcows-crawler/.cache/dblp-refresh-2026-09-17-132635/safari/captures/b47b4bdd15e20b8e8bfaeda5240dfb97dfadcd6a15033812859fb95bfc222b30-1789679536323421000.html,None; read-only assessment
acm_fellows.csv,"Souvaine, Diane L",2011,https://dblp.org/pid/s/DLSouvaine,Y,2026-09-17,supported,97fbf51ba7ff645a23e6ad6a39795e62c7f4c28ed61bd8f1feb22e64d1a73c31,../bigcows-crawler/.cache/dblp-refresh-2026-09-17-132635/safari/captures/b0704709c8d474b2f76f806edebbedbec1d2d8a58418656ed37369b4f25dbe6a-1789679638122456000.html,None; read-only assessment
acm_fellows.csv,"Srivastava, Divesh",2011,https://dblp.org/pid/s/DiveshSrivastava,Y,2026-09-17,supported,53aefacf8cfce89c0df7405f243e4d10a4696062dfe7c5a7632dca971e16cb8a,../bigcows-crawler/.cache/dblp-refresh-2026-09-17-132635/safari/captures/82e77a697ce41a2811bd6f9a41d75038b40521d61ba7d0e68fd60a522f41b2b5-1789679646563139000.html,None; read-only assessment
acm_fellows.csv,"Suciu, Dan",2011,https://dblp.org/pid/s/DanSuciu,Y,2026-09-19,supported,4f7cb01768a8072c339e51e55fec5c988c11e4d019f399b4385cf9e650d6c15f,../bigcows-crawler/.cache/dblp-gap-fill-2026-09-19-145403/safari/captures/ae981c2da5b8e5ec12dfb43b1cf23f05e0324fcdaedd6c39abc22abd72970b54-1789844848975716000.html,None; read-only assessment
acm_fellows.csv,"Tullsen, Dean",2011,https://dblp.org/pid/t/DeanMTullsen,Y,2026-09-17,supported,9e058e937f2bc102848a99508182c53ea0ad43c82a14351813a58060ee3487a4,../bigcows-crawler/.cache/dblp-refresh-2026-09-17-132635/safari/captures/44d75a8c5644af8c7017f464543a1fc631ca066568bc2391af6d3f1214445c41-1789679629644403000.html,None; read-only assessment
acm_fellows.csv,"Vahdat, Amin",2011,https://dblp.org/pid/v/AminVahdat,Y,2026-09-17,supported,b2bf05a6b9b713594ffe7996bf79f37d6cba549116d790f46c0bfca71aad9dd2,../bigcows-crawler/.cache/dblp-refresh-2026-09-17-132635/safari/captures/8ea8a51cd2744e5a7b1db2db32a9191967ad456f1d3447c1fb730ba5576f745a-1789679529238856000.html,None; read-only assessment
acm_fellows.csv,"Wetherall, David",2011,https://dblp.org/pid/w/DavidWetherall,Y,2026-09-17,supported,c703914e67343d3f6753bbead14f2ed45e68776498113ecee84494f7c6230955,../bigcows-crawler/.cache/dblp-refresh-2026-09-17-132635/safari/captures/2fe9cd6dec35a806148b254d900c303e366a970f61d111051206c977dd533053-1789679621160150000.html,None; read-only assessment
acm_fellows.csv,"Zadeck, Frank Kenneth",2011,https://dblp.org/pid/73/4688,Y,2026-09-17,supported,6d9ff694fb2f5b9d4622a47b1cf12b50ca295d328f81e699e9d7617b9cbe4b3c,../bigcows-crawler/.cache/dblp-refresh-2026-09-17-132635/safari/captures/be0258ef4fd6ffe5288e2fc26abda11d5b1c019107d163ed1e3bd844c9703316-1789679662054522000.html,None; read-only assessment
acm_fellows.csv,"Abramson, David A",2010,https://dblp.org/pid/09/6203,Y,2026-09-17,supported,54c00d74cc04db81b2db125052940e5713b1d34a8031a3d93502a5f121259a12,../bigcows-crawler/.cache/dblp-refresh-2026-09-17-132635/safari/captures/d3cadf7a96facf66b5406edccb988b3536a8dda1bd679ea31a9bb9f8fa30385b-1789680305401970000.html,None; read-only assessment
acm_fellows.csv,"Adve, Sarita",2010,https://dblp.org/pid/97/4181,Y,2026-09-17,supported,16d216600f127242f74075be16b1603da30023e4865d7b04f439afc9daa4cde1,../bigcows-crawler/.cache/dblp-refresh-2026-09-17-132635/safari/captures/1b755f1aedcdd798ca331fd431a7bfebbcfe05ddc46284223383d29984c8cd09-1789680593575130000.html,None; read-only assessment
acm_fellows.csv,"Alvisi, Lorenzo",2010,https://dblp.org/pid/a/LAlvisi,N,2026-09-17,existing_N,5850b752bfaf46b91c302edcdcadfde74796c5f7ea9d76ca91d9c6c21b4d2575,../bigcows-crawler/.cache/dblp-refresh-2026-09-17-132635/safari/captures/83199b7a2be21a1a5c3a29ec5c39c586ddca9d3866202882dca1146171421652-1789680410398636000.html,None; read-only assessment
acm_fellows.csv,"Barroso, Luiz Andre",2010,https://dblp.org/pid/b/LuizAndreBarroso,Y,2026-09-18,supported,db91a840ebfa9c326eee26b2249ba5f309842e0687fcccb13063a450fcc91acf,../bigcows-crawler/.cache/dblp-missing-web-2026-09-17-203211/safari/captures/25f8aba5a04857232c4bd50f0c2b2677a26619d5fa1d0b2e6bb48cb170572b70-1789691986218090000.html,None; read-only assessment
acm_fellows.csv,"Burger, Douglas C",2010,https://dblp.org/pid/b/DougBurger,Y,2026-09-17,supported,c2042409ba1a621a6236c0343e89f0eba8f9af9b8d5ba926cc17dbea6f4175a9,../bigcows-crawler/.cache/dblp-refresh-2026-09-17-132635/safari/captures/c198492e233d7e5de9b40e4eca0da412faaaeaab35c602c5556b2474a8c3602c-1789680341729298000.html,None; read-only assessment
acm_fellows.csv,"Chayes, Jennifer",2010,https://dblp.org/pid/c/JenniferTChayes,Y,2026-09-17,supported,87e811650357bc9424d59216cbbf4b76f6732b88e45bb226d172e6a59385ce6a,../bigcows-crawler/.cache/dblp-refresh-2026-09-17-132635/safari/captures/4f011e408c961398d2d3b84c257a36cfc3e7af7897bc51087abec84d07addccc-1789680381653356000.html,None; read-only assessment
acm_fellows.csv,"Chen, Peter",2010,https://dblp.org/pid/c/PeterMChen,Y,2026-09-17,supported,6bdadf97e6cd47a044b47a879031ad984079606665555b6e7f330bde5ef936bc,../bigcows-crawler/.cache/dblp-refresh-2026-09-17-132635/safari/captures/033b5e673b96b92672572dabe659cabb83f85929e29ff37d8bd825bbb40bc0ea-1789680533562364000.html,None; read-only assessment
acm_fellows.csv,"Condon, Anne",2010,https://dblp.org/pid/c/AnneCondon,Y,2026-09-17,supported,2983057368fdfe2347cde447df0dfe1ef6bf05609ceb75e25fb7559370e5e9e4,../bigcows-crawler/.cache/dblp-refresh-2026-09-17-132635/safari/captures/f2ea26a1c0a0efccaabc01c9f15482894303559496d7fd3c3f1e38d594a52a8f-1789680271457739000.html,None; read-only assessment
acm_fellows.csv,"Crovella, Mark",2010,https://dblp.org/pid/c/MarkCrovella,Y,2026-09-17,supported,b50893aaf8b163741a14cc009d1594a570ad6e152aea9d58fa284533a1158b18,../bigcows-crawler/.cache/dblp-refresh-2026-09-17-132635/safari/captures/14691fc326d8e78de747e9e27d9de5722f9907e0dfa8ee76044fc1758a23f097-1789680431597774000.html,None; read-only assessment
acm_fellows.csv,"Cytron, Ron",2010,https://dblp.org/pid/c/RCytron,Y,2026-09-17,supported,8980b6e894889123a8d2e2cb97e7f06e13212853ffe0cff671b7f8dfd1c28d0a,../bigcows-crawler/.cache/dblp-refresh-2026-09-17-132635/safari/captures/acd9a2e4ea98b1a77bc035dcb4daed82d481c4b0631c712a718b1951207b758c-1789680571348984000.html,None; read-only assessment
acm_fellows.csv,"Dahlin, Michael D",2010,https://dblp.org/pid/d/MDahlin,Y,2026-09-17,supported,a47e68c6d1597da5c360ae4e3a076211e8f4c1514ef9874ae2c979104cf6ad93,../bigcows-crawler/.cache/dblp-refresh-2026-09-17-132635/safari/captures/574ee4642250efa989e8f29b3490b3eb7dea8a677259243fd02c6962cf5e83e4-1789680439922879000.html,None; read-only assessment
acm_fellows.csv,"El Abbadi, Amr",2010,https://dblp.org/pid/a/AmrElAbbadi,Y,2026-09-17,supported,48b8885e89fa8961733db899ce2d4703661862068ff666de5e01f4768b33b94c,../bigcows-crawler/.cache/dblp-refresh-2026-09-17-132635/safari/captures/6cee256b776fd3ccc1fdafcdb001fb0cd2f71c7ea3b01e891a582b876cad38d9-1789680256367798000.html,None; read-only assessment
acm_fellows.csv,"Ellis, Carla S.",2010,https://dblp.org/pid/e/CSEllis,Y,2026-09-17,supported,61ce1b8dede115d96c613e6c084749f5f07b558dfb157ec28beb8661bc4d694a,../bigcows-crawler/.cache/dblp-refresh-2026-09-17-132635/safari/captures/a05fa9d86fe77964c0cc06435b797b7e0b6248e514136f728ecf5ba77fffe229-1789680279446780000.html,None; read-only assessment
acm_fellows.csv,"Faloutsos, Christos",2010,https://dblp.org/pid/f/CFaloutsos,Y,2026-09-17,supported,637dd7ec2767340a53480e6d0474117821d408c734122b47f80281dfb4c4e1f7,../bigcows-crawler/.cache/dblp-refresh-2026-09-17-132635/safari/captures/30c6a9be3377e9f640ee35004cfc4fafd7f5add40a1d2832071b7a0571a8acfe-1789680288786420000.html,None; read-only assessment
acm_fellows.csv,"Fisher, Kathleen S",2010,https://dblp.org/pid/83/5986,Y,2026-09-17,supported,0cd09ddb4a6aacafd51e80037a83dce180b07ad6a5b89429192d99bcfd0bfb95,../bigcows-crawler/.cache/dblp-refresh-2026-09-17-132635/safari/captures/a10bc5765a1d690b0b9a94707ba0da8c10d68e9019f4121cd14983b631c2caa2-1789680403174773000.html,None; read-only assessment
acm_fellows.csv,"Goodman, James",2010,https://dblp.org/pid/g/JamesRGoodman,Y,2026-09-17,supported,295774c0319b779c16333a08c0df255a4e56dbf275d272085efc3c5b73169e0d,../bigcows-crawler/.cache/dblp-refresh-2026-09-17-132635/safari/captures/00b2ec81391c232346b7b48a1b0d6643662ccdaea6dd1701c7376e7d860ee700-1789680365183996000.html,None; read-only assessment
acm_fellows.csv,"Hall, Wendy",2010,https://dblp.org/pid/h/WendyHall,Y,2026-09-17,supported,6e38238dffaf5b6f46cb5975e2867da7a941c4823482410a7d2a46f839a4a424,../bigcows-crawler/.cache/dblp-refresh-2026-09-17-132635/safari/captures/8d035d026eb18c8e0e33954e7392cf2290bfb0b2a56902044aa601607dda5de2-1789680632460240000.html,None; read-only assessment
acm_fellows.csv,"Hubaux, Jean-Pierre",2010,https://dblp.org/pid/h/JPHubaux,Y,2026-09-17,supported,9d1f028b54b785635dc68b44ac2c9b15156c46f610532540ca31288d7b46b00f,../bigcows-crawler/.cache/dblp-refresh-2026-09-17-132635/safari/captures/ed71959d5c86606b62bac6d15998f5253fc8c01a7f429733a769952c2e4a7d2a-1789680373945742000.html,None; read-only assessment
acm_fellows.csv,"Jordan, Michael I.",2010,https://dblp.org/pid/j/MichaelIJordan,Y,2026-09-17,supported,4dc4329d2742c6d786c37334f97127282486fa7904cdd424b3cbce888fd712b4,../bigcows-crawler/.cache/dblp-refresh-2026-09-17-132635/safari/captures/17b4a9db58f50c7ebef4d65db650044137013ae372035c5bb9519ae7db84343c-1789680518162263000.html,None; read-only assessment
acm_fellows.csv,"Kavraki, Lydia",2010,https://dblp.org/pid/k/LydiaEKavraki,Y,2026-09-17,supported,02d15e38a48fb2c635e5a6ca2a0b3b80fb1bac205742148dfb6fc14fd715b3ad,../bigcows-crawler/.cache/dblp-refresh-2026-09-17-132635/safari/captures/77f03d9c16afec9888ff621a3ebf4402313d6a7b6797357b3338558cbd1fc334-1789680424683820000.html,None; read-only assessment
acm_fellows.csv,"Kiesler, Sara",2010,https://dblp.org/pid/k/SaraBKiesler,Y,2026-09-17,supported,f61b846847e94fe747a33bf63ff3463d862c2a8f82f6c12fde0d4bea8ef27bc1,../bigcows-crawler/.cache/dblp-refresh-2026-09-17-132635/safari/captures/a6c341f7b51520cd85a1827a604e092a369a7063d3d697bb59a0573a81c35922-1789680586657712000.html,None; read-only assessment
acm_fellows.csv,"Klein, Philip N",2010,https://dblp.org/pid/k/PhilipNKlein,Y,2026-09-17,supported,05d1e7c3755d17f826eea3b73fd1cbc7b850b7efe3a5ec90fd25a603c5853511,../bigcows-crawler/.cache/dblp-refresh-2026-09-17-132635/safari/captures/f7c00b2163018fc2c343d3cd7516bfd634f69457f55ac9a09c1fb921e712d75e-1789680541456172000.html,None; read-only assessment
acm_fellows.csv,"Kossmann, Donald",2010,https://dblp.org/pid/k/DonaldKossmann,Y,2026-09-17,supported,ae10b6c7bf6f504f6ca923dae4b652971246aeb505256e0d184201ff99116b10,../bigcows-crawler/.cache/dblp-refresh-2026-09-17-132635/safari/captures/ac0e27c53a18b23a1601498c010d75a6ddc90f8ff3eed51e7b938c5b72f46536-1789680333590479000.html,None; read-only assessment
acm_fellows.csv,"Launchbury, John",2010,https://dblp.org/pid/l/JLaunchbury,Y,2026-09-17,supported,3189f300faba6932d37330cea83b3c50e1c20c736beee20cb8b833e4dd257e6e,../bigcows-crawler/.cache/dblp-refresh-2026-09-17-132635/safari/captures/2616bed6ab3ef98d90743c5bc6be6dfad6ec9ea1aace63d154945b74c79e8a66-1789680389948159000.html,None; read-only assessment
acm_fellows.csv,"Lyon, Richard F",2010,https://dblp.org/pid/48/3021,Y,2026-09-17,supported,caa28e1fadb7dd34bbd3842a6ddb6b4d708c27be0ef2e792823a777b9b94d8ef,../bigcows-crawler/.cache/dblp-refresh-2026-09-17-132635/safari/captures/10bb0ba4772bc8b2472aa5d66f68a862752d0b92c6c00fba7620170699e23846-1789680556206037000.html,None; read-only assessment
acm_fellows.csv,"Mooney, Raymond",2010,https://dblp.org/pid/m/RaymondJMooney,Y,2026-09-17,supported,2a4b528999e66cc237509576d36e3a5b4c45ee19108e4c7a5a5e085ee7d888c0,../bigcows-crawler/.cache/dblp-refresh-2026-09-17-132635/safari/captures/6b930ea09dfb813e728737f1cf09381492c8649c0f0fb4125c9cdd46113bbca3-1789680548907165000.html,None; read-only assessment
acm_fellows.csv,"Muthukrishnan, S.",2010,https://dblp.org/pid/m/SMuthukrishnan,Y,2026-09-17,supported,09f4ea8bbb8334c99d394f4a20ee13f3830d958c02354895c63d3387c93bc28d,../bigcows-crawler/.cache/dblp-refresh-2026-09-17-132635/safari/captures/ebbd5c6279b46731509685d15bd2b824683d8da4274f02ef5522b614c4a0ded6-1789680579611419000.html,None; read-only assessment
acm_fellows.csv,"Pereira, Fernando",2010,https://dblp.org/pid/p/FernandoCNPereira,Y,2026-09-19,supported,0f8fbecc2fa8423ef44b7471d7536d0ab0eea1111a5104aee235d82bdb285c8a,../bigcows-crawler/.cache/dblp-gap-fill-2026-09-19-145403/safari/captures/46a345f4c3f3e590f39e8013bea2d32d965c1e1388fc374c09333167d5e028be-1789844765246495000.html,None; read-only assessment
acm_fellows.csv,"Pevzner, Pavel",2010,https://dblp.org/pid/p/PAPevzner,Y,2026-09-17,supported,b8506bb6e3e8b44677b98a6621c859c74bba11c0fcc1a9b8ca5fec6cab1b1646,../bigcows-crawler/.cache/dblp-refresh-2026-09-17-132635/safari/captures/1a10b33daff8954973bcb257119ad070965a4223a9214a6687a08ef300d89d19-1789680525044102000.html,None; read-only assessment
acm_fellows.csv,"Rombach, Dieter",2010,https://dblp.org/pid/r/HDRombach,Y,2026-09-17,supported,8cc5ea8d812c101eb494875594d8a59be66203922acfd77a992849c49247b92e,../bigcows-crawler/.cache/dblp-refresh-2026-09-17-132635/safari/captures/5a556f9fdb521ee2ff6b7daf44bc926a97141f7f6110d37fc5a5a1ede38cd229-1789680326595395000.html,None; read-only assessment
acm_fellows.csv,"Rosenblum, David S.",2010,https://dblp.org/pid/r/DSRosenblum,Y,2026-09-17,supported,e41951aea8ed3030dd88632d8d0222c78b18cb8b5b0b3febed491fbcd38143b3,../bigcows-crawler/.cache/dblp-refresh-2026-09-17-132635/safari/captures/e691b6c7b4acfd2bd0b7a8fbc4dad2e0d6205c2ed4f3bde691536d3ddb2c52d3-1789680319924098000.html,None; read-only assessment
acm_fellows.csv,"Savage, Stefan",2010,https://dblp.org/pid/s/StefanSavage,Y,2026-09-17,supported,286f9b1bd21f95fa998b124b505c57588bc298ebaa55a32073ba4b8300d03bde,../bigcows-crawler/.cache/dblp-refresh-2026-09-17-132635/safari/captures/25feb54355051fb03bada5bf0ecedd79602474645b7d0dfeac7b617a929956bf-1789680608703633000.html,None; read-only assessment
acm_fellows.csv,"Schnabel, Robert B",2010,https://dblp.org/pid/01/2335,Y,2026-09-17,supported,dd3713b5361ff04944ec1dec233614250bbbf6423e1250d4de950007ee98d11e,../bigcows-crawler/.cache/dblp-refresh-2026-09-17-132635/safari/captures/7282d21e1a9acacb1c3176511588002bf56a2383389d9270f132bfb4c587a515-1789680563221672000.html,None; read-only assessment
acm_fellows.csv,"Spielman, Daniel A",2010,https://dblp.org/pid/s/DanielASpielman,Y,2026-09-17,supported,5148c1d32a5ce7bacb62f2b8deca11b6685ee3ea2972143327d563a45083413f,../bigcows-crawler/.cache/dblp-refresh-2026-09-17-132635/safari/captures/0cb671e67c45b2844503a1e021bc4a3d8a508c4bd381cb3c052bc8cc47edc80c-1789680296321898000.html,None; read-only assessment
acm_fellows.csv,"Suri, Subhash",2010,https://dblp.org/pid/s/SubhashSuri,Y,2026-09-17,supported,e5731ec872030ca1bb1ffc8544ec91773bc9710c9931cae36194dd63acd7a788,../bigcows-crawler/.cache/dblp-refresh-2026-09-17-132635/safari/captures/6c189dd605b315aa133a8ad6889763b25a9c5830631e28e0919769d662a091c2-1789680624092716000.html,None; read-only assessment
acm_fellows.csv,"Tompa, Frank Wm",2010,https://dblp.org/pid/t/FrankWmTompa,Y,2026-09-17,supported,1310379cb87f65657b5062bbd685da9220cc365dce998911cedcb9ccb7b7a24a,../bigcows-crawler/.cache/dblp-refresh-2026-09-17-132635/safari/captures/b77ac074cd378ab5b000cf82a6712998081b9884b42a695a04d796365dd776dc-1789680356879167000.html,None; read-only assessment
acm_fellows.csv,"Torrellas, Josep",2010,https://dblp.org/pid/t/JosepTorrellas,Y,2026-09-17,supported,0f470c7f4bed9f720bcc6b34e36b64b1ba87a8029784c271e7ebbcf43e606904,../bigcows-crawler/.cache/dblp-refresh-2026-09-17-132635/safari/captures/b36ab5c176f3cf11422ce6d118f4251c01f0d23883cf011ea3fa1ea3048e2811-1789680396716913000.html,None; read-only assessment
acm_fellows.csv,"Trimberger, Stephen",2010,https://dblp.org/pid/98/1488,Y,2026-09-17,supported,b90dce7e1d2e305e642cbdd0b2a817d95c88d99bdb1223ffd8bbd7d7332c2308,../bigcows-crawler/.cache/dblp-refresh-2026-09-17-132635/safari/captures/380aa2f795b47f2b696bdf0fb7c27479a8cbe2077a37757d13be2a9e07f5dcd3-1789680615390577000.html,None; read-only assessment
acm_fellows.csv,"Ungar, David M",2010,https://dblp.org/pid/84/5937,Y,2026-09-17,supported,8a63c505cb0fecd3d25e5f445e46ff889a092d76f654c94b87f6a7c0c235a2bc,../bigcows-crawler/.cache/dblp-refresh-2026-09-17-132635/safari/captures/d80afe257e5b95145ab25850712cbb712a3c430a274bf140d0f499fc2f446015-1789680313291613000.html,None; read-only assessment
acm_fellows.csv,"zeller, andreas",2010,https://dblp.org/pid/z/AndreasZeller,Y,2026-09-17,supported,9fdd2e593ed7845514fa6453a1f46320c12d9f3e72253c1081556a083ef8c76a,../bigcows-crawler/.cache/dblp-refresh-2026-09-17-132635/safari/captures/97b1b28b3f7136af8d0dfd3fcf266d42dde7a17f849dc4718af6d2a332ff78fa-1789680263835192000.html,None; read-only assessment
acm_fellows.csv,"Zhai, Shumin",2010,https://dblp.org/pid/z/ShuminZhai,Y,2026-09-17,supported,0bb3ebc95c3e20ffb0ff19653a6bd77c8908b771846ab98cf955066cd203e91c,../bigcows-crawler/.cache/dblp-refresh-2026-09-17-132635/safari/captures/d9b3bfab90d469661ea12a3245a20d875f645d934838c15a0a14b70aced5d7a4-1789680601956229000.html,None; read-only assessment
acm_fellows.csv,"Attiya, Hagit",2009,https://dblp.org/pid/a/HagitAttiya,Y,2026-09-17,supported,a9a07c0de59963b91c11857c65531ab2a6d6b06750bbaeb97c6ca309a596b16e,../bigcows-crawler/.cache/dblp-refresh-2026-09-17-132635/safari/captures/a3369c7cfa200a46f7bbac22b1beb671dcedf3ebf34774d0ab8df300147d92db-1789680827249150000.html,None; read-only assessment
acm_fellows.csv,"Bacon, David F",2009,https://dblp.org/pid/b/DavidFBacon,Y,2026-09-17,supported,9d6a196ad10b1819a6b663262cdb7069e2fd62848118260e13d3b5b86024e692,../bigcows-crawler/.cache/dblp-refresh-2026-09-17-132635/safari/captures/044e5591eec8eebf00d283aee6de9fd1d3d8cc696f99b635521907e5a76627ec-1789680700579771000.html,None; read-only assessment
acm_fellows.csv,"Baeza-Yates, Ricardo A",2009,https://dblp.org/pid/b/RABaezaYates,Y,2026-09-17,supported,6e9f6b91f7c7b331c374f353cc577a1d27fc1214b0c30a4469eaa5ba34e5aabd,../bigcows-crawler/.cache/dblp-refresh-2026-09-17-132635/safari/captures/94e814f186916f53a0513aeb21ac6d96ece3b65acbd49ebe1932701c74dd2f80-1789681048923727000.html,None; read-only assessment
acm_fellows.csv,"Bajaj, Chandrajit L.",2009,https://dblp.org/pid/b/ChandrajitLBajaj,Y,2026-09-17,supported,de468818436b3c741860ab00cfb86889c704d8abc9495cbece29a186f7185e0f,../bigcows-crawler/.cache/dblp-refresh-2026-09-17-132635/safari/captures/033c01f1ccc6de87a56b6c6cae75a58d5ca502793a9c8b7623f8068e54e69ec1-1789680684930582000.html,None; read-only assessment
acm_fellows.csv,"Bhatkar, Vijay P",2009,https://dblp.org/pid/18/4677,N,2026-09-17,existing_N,44378cb3d6e3b733bf5e12d251e0bde00eda1aa6ac5b52f0fc8c3913b19592b9,../bigcows-crawler/.cache/dblp-refresh-2026-09-17-132635/safari/captures/b5e76392b915159fb2f658ab48682e835f648ed5f7dcea0ea02a27a23c1b8b23-1789681123857161000.html,None; read-only assessment
acm_fellows.csv,"Blakeley, Jose A",2009,https://dblp.org/pid/79/2594,Y,2026-09-17,supported,61a1305ae1f11857212965ea5d19972495277039c5a5d6403439218e5b253750,../bigcows-crawler/.cache/dblp-refresh-2026-09-17-132635/safari/captures/9b214fab40427370f0a621c22ff6b717399ace3e563bce78741c391c0204f3bd-1789680876924768000.html,None; read-only assessment
acm_fellows.csv,"Borriello, Gaetano",2009,https://dblp.org/pid/b/GBorriello,Y,2026-09-17,supported,c92386894dd21155cf5e0f0e6834fe311b17e8ce021407a7fce2b90ea1a4a944,../bigcows-crawler/.cache/dblp-refresh-2026-09-17-132635/safari/captures/da67839fe42292ac3cde6557aaf52acb1faf4a7e30f5e494a9c20c5f19839894-1789680811263916000.html,None; read-only assessment
acm_fellows.csv,"Choudhary, Alok",2009,https://dblp.org/pid/c/AlokNChoudhary,Y,2026-09-19,supported,4eaf225a9bfea0a3d302f1266d10565f6ee13d15fa876ae1b472813bb47023d5,../bigcows-crawler/.cache/dblp-gap-fill-2026-09-19-145403/safari/captures/335a1aebef1174a9ff6389ebcf722036942d45a45d42d4f82e90e63afdd86a84-1789844488502685000.html,None; read-only assessment
acm_fellows.csv,"Dale, Nell Boylan",2009,https://dblp.org/pid/13/1761,Y,2026-09-17,supported,8fe67f1319363149b7ea570eaaa24ad758b4c756e6efee631b5069b6b80eb996,../bigcows-crawler/.cache/dblp-refresh-2026-09-17-132635/safari/captures/e15cb3b65bc18acd09fc519a8b3f71d19d6ba19e523bcf91228704a3a06968d4-1789680946661627000.html,None; read-only assessment
acm_fellows.csv,"Davie, Bruce",2009,https://dblp.org/pid/99/3875,Y,2026-09-17,supported,fd18feb429787e65b6e3252d33c9e68a79180bb449a924c9c35b804e39254720,../bigcows-crawler/.cache/dblp-refresh-2026-09-17-132635/safari/captures/4cc9f9d68faf8f0f115a1dd428013d1407ed95dff2e890b523a64cf257331995-1789680670598268000.html,None; read-only assessment
acm_fellows.csv,"Dean, Jeffrey A",2009,https://dblp.org/pid/d/JeffreyDean,N,2026-09-17,existing_N,ac4989ad1eeea898a9d87e709ca1562bce522aa3a64c717b0d4a07acf1c6154d,../bigcows-crawler/.cache/dblp-refresh-2026-09-17-132635/safari/captures/52120e08ac6efe543213da3579a25f6ac2e49183c5ba288a2dd94285022c8396-1789680852682581000.html,None; read-only assessment
acm_fellows.csv,"Dean, Thomas L",2009,https://dblp.org/pid/71/9415,Y,2026-09-17,supported,8e4d26308818e0c84dc8cab9aaa24036d4f185ff2c1db0882e84bb17f98c8799,../bigcows-crawler/.cache/dblp-refresh-2026-09-17-132635/safari/captures/81af863f035637156433adcf0db0613ff395635b233cfb965f015776fd629094-1789681101903524000.html,None; read-only assessment
acm_fellows.csv,"Donald, Bruce R.",2009,https://dblp.org/pid/d/BRDonald,Y,2026-09-18,supported,cd4e5b43b8e4531569f82d1e40317e5703ddd621c2f644c87346ad2484a71a10,../bigcows-crawler/.cache/dblp-missing-web-2026-09-17-203211/safari/captures/2857190cfa7b2f24c631c969fb1efee96d3ec61122a0dfba4db6a206b4168c93-1789691992738496000.html,None; read-only assessment
acm_fellows.csv,"Erickson, Thomas D",2009,https://dblp.org/pid/e/ThomasErickson,Y,2026-09-17,supported,5709c413257c70e493bd51ae009e2780cc82c6b9e775b68d2b7e4430d4581263,../bigcows-crawler/.cache/dblp-refresh-2026-09-17-132635/safari/captures/51097ec4fb1322462703982c967c6610e8a0cb73d26bc7813c571ab80e5b7fe5-1789681094421480000.html,None; read-only assessment
acm_fellows.csv,"Esteves-Verissimo, Paulo",2009,https://dblp.org/pid/v/PauloVerissimo,Y,2026-09-17,supported,adce6a02ef73172546ee92a5860979b8fa3ba2d426d681ffc5a127671d5e962b,../bigcows-crawler/.cache/dblp-refresh-2026-09-17-132635/safari/captures/474cd763fe576c419c5bd92127205243743c2340bcb22bdd2a3a2744cadcf71c-1789680961398227000.html,None; read-only assessment
acm_fellows.csv,"Fischer, Gerhard",2009,https://dblp.org/pid/f/GerhardFischer,Y,2026-09-17,supported,fa2356f5675903b7ade858c818df983e66bcec01731396edbd7e8faaf7ffb616,../bigcows-crawler/.cache/dblp-refresh-2026-09-17-132635/safari/captures/d90f940d2b3ec1757d6e4227f2b3b805cfeb2774202808302bf6a8d61fc56ace-1789680819587670000.html,None; read-only assessment
acm_fellows.csv,"Foster, Ian T",2009,https://dblp.org/pid/f/IanTFoster,Y,2026-09-17,supported,ef88469da566049e5dfa5c6fc9043dec5c7afea32eeb27daa1ea1ef11c835c0e,../bigcows-crawler/.cache/dblp-refresh-2026-09-17-132635/safari/captures/22c675e955bccf9fb014390176b6f1bd192e7b72c1ce7bda1e1738b5f7ce6323-1789680844983147000.html,None; read-only assessment
acm_fellows.csv,"Goldberg, Andrew V",2009,https://dblp.org/pid/g/AndrewVGoldberg,Y,2026-09-17,supported,e2cc4d098d20aa9920ca7d7284b7f8b0ad07ad79ab4aa5603da80c8eb3835313,../bigcows-crawler/.cache/dblp-refresh-2026-09-17-132635/safari/captures/d3e497cc36e96830343b9416ca01d897444926e6192760b2e4558a15a92a01d7-1789680648283676000.html,None; read-only assessment
acm_fellows.csv,"Goodrich, Michael T",2009,https://dblp.org/pid/g/MichaelTGoodrich,Y,2026-09-17,supported,e75f2b46f1c1063daa2ed4cbb00107a1b04cb86a892646bb0fc0915050810e43,../bigcows-crawler/.cache/dblp-refresh-2026-09-17-132635/safari/captures/a8c4b756abe179142f9c95afdd67bb4c88e04d4d698bf69da4d2acb651649f97-1789680938695202000.html,None; read-only assessment
acm_fellows.csv,"Govindaraju, Venu",2009,https://dblp.org/pid/g/VenuGovindaraju,Y,2026-09-17,supported,6bd9ecb5f097474f69f2d6e293f116f7448856a2d12cf50e65c692acb6a7352f,../bigcows-crawler/.cache/dblp-refresh-2026-09-17-132635/safari/captures/2e742b93da72f8c852e4b6eecd7b67f83cdb3d3646e2d1b1b78b079f1b6caff3-1789681117317380000.html,None; read-only assessment
acm_fellows.csv,"Gupta, Rajiv",2009,https://dblp.org/pid/g/RajivGupta,Y,2026-09-19,supported,cbca283c3a0efb301d4df8a7a19f7803e8ad670178e2e9dd61a2f084df162861,../bigcows-crawler/.cache/dblp-gap-fill-2026-09-19-145403/safari/captures/5ffda747e79909a0f5e60e09e50db266d19f8436f5c77d22be05a9cceba73764-1789844544124257000.html,None; read-only assessment
acm_fellows.csv,"Hellerstein, Joseph M",2009,https://dblp.org/pid/h/JosephMHellerstein,Y,2026-09-17,supported,dda1b1752820493cc2dae1dbdfd3c5f9aa5ec5553c50d2a79556ce220d00f805,../bigcows-crawler/.cache/dblp-refresh-2026-09-17-132635/safari/captures/89e7859c6573aaa84d40cbebb91cf5b3ba1bbd2ad156bb392196fab5b21cc885-1789680884644194000.html,None; read-only assessment
acm_fellows.csv,"Hendren, Laurie J",2009,https://dblp.org/pid/h/LaurieJHendren,Y,2026-09-17,supported,c3cea1c42a2988170e3a7bfe2e6d483a13c07a0741d034a42b5e89289300f347,../bigcows-crawler/.cache/dblp-refresh-2026-09-17-132635/safari/captures/998b35e5fc483ee6b9c1f7e22dc55faeae32247f32ac00852dc9be76dc31c313-1789680899336494000.html,None; read-only assessment
acm_fellows.csv,"Hoelzle, Urs",2009,https://dblp.org/pid/h/UrsHolzle,Y,2026-09-17,supported,436cf05a684077cf47ad1985ba7abcbd8ff9eda4e39fdffa970e735d0a04c41e,../bigcows-crawler/.cache/dblp-refresh-2026-09-17-132635/safari/captures/7f7582b37c09b1f2dd6705f41c36d53d83fa2719fdd57514adf416d6cc292130-1789681108649638000.html,None; read-only assessment
acm_fellows.csv,"Jahanian, Farnam",2009,https://dblp.org/pid/90/6277,Y,2026-09-17,supported,88238a54cbc884e04c5ffb88f11b22ccdab3c196af81c95dc814a3298a255baf,../bigcows-crawler/.cache/dblp-refresh-2026-09-17-132635/safari/captures/55eb8d32b6161689be3bc2453695a5662d448d9a2f141a8786c6873b2f6e7e79-1789680803255507000.html,None; read-only assessment
acm_fellows.csv,"Kaltofen, Erich L",2009,https://dblp.org/pid/k/ErichKaltofen,Y,2026-09-17,supported,1faee4755afbe693c0724896924d9f38ba4fae9d919423351c43fd31a411d3a8,../bigcows-crawler/.cache/dblp-refresh-2026-09-17-132635/safari/captures/18cb05ccc540de5f34bcf792eff349e093f664b30b683579e846520db8026f71-1789680795864325000.html,None; read-only assessment
acm_fellows.csv,"Karger, David",2009,https://dblp.org/pid/k/DavidRKarger,Y,2026-09-17,supported,f0fa2e5b4f3dad7c8ccda0c2fb794ebea18f33b21d929c71fdc12c80574266ad,../bigcows-crawler/.cache/dblp-refresh-2026-09-17-132635/safari/captures/529db914ea4325ee88f2f79ce3047f891370dd727c5e05c42412283d48877f21-1789680777585422000.html,None; read-only assessment
acm_fellows.csv,"Kaufman, Arie E",2009,https://dblp.org/pid/k/ArieEKaufman,Y,2026-09-17,supported,9d0fe8d33190e834a34b8509c311f845aa0446ec2517feeb9ea5e8612c46ccb9,../bigcows-crawler/.cache/dblp-refresh-2026-09-17-132635/safari/captures/24e804e267c86fa471fbc576c39527b32def5ae81a35365157379c0da08c33dc-1789680656655133000.html,None; read-only assessment
acm_fellows.csv,"Kriegel, Hans-Peter",2009,https://dblp.org/pid/k/HansPeterKriegel,Y,2026-09-17,supported,7484a244490b462121ce8086e2796bef26150f0885e1423b08a9b3a0c1e48637,../bigcows-crawler/.cache/dblp-refresh-2026-09-17-132635/safari/captures/cb1388eea93b7b2e6514dda15b4ae7d297a9142718c093b2abb74acd4c0716ba-1789680835590714000.html,None; read-only assessment
acm_fellows.csv,"Lenzerini, Maurizio",2009,https://dblp.org/pid/l/MLenzerini,Y,2026-09-17,supported,784c508509476368c6676196b128d02a772bfd830accdecde5a7b5503f9ae8c5,../bigcows-crawler/.cache/dblp-refresh-2026-09-17-132635/safari/captures/8a95047336133838b50f225a7b88f934f7511bb57f2a32875788c4726704e77d-1789680930762366000.html,None; read-only assessment
acm_fellows.csv,"Lui, John Chi-Shing",2009,https://dblp.org/pid/l/JohnCSLui,Y,2026-09-17,supported,32373f96a2cfcfd0ab0b16c58925efb690d04a531a95fc61e584b4140ed0e72c,../bigcows-crawler/.cache/dblp-refresh-2026-09-17-132635/safari/captures/d19253fd7494f6d9ca8a60d7961d694289be65c0bf50667b9ce842dd6a887356-1789680861570948000.html,None; read-only assessment
acm_fellows.csv,"Manocha, Dinesh",2009,https://dblp.org/pid/m/DineshManocha,Y,2026-09-17,supported,e14205018092f89cea74f474a66332d686c9acd9db8fc0ab3cf16b3df3f3a69a,../bigcows-crawler/.cache/dblp-refresh-2026-09-17-132635/safari/captures/96375425f83af02651ce45c15ea6a2307c347135b56bddc19983a94aa542ae7a-1789680787926920000.html,None; read-only assessment
acm_fellows.csv,"Martonosi, Margaret",2009,https://dblp.org/pid/m/MargaretMartonosi,Y,2026-09-17,supported,173047973eee8d6340e97e4f9699532ced0bb44dcc053eb57a4a5e3ae5dd2033,../bigcows-crawler/.cache/dblp-refresh-2026-09-17-132635/safari/captures/e50e285fcfb74cc70c929d6e59d43d8910421b4c24178a7d13adee035c8de95d-1789680907633890000.html,None; read-only assessment
acm_fellows.csv,"Matias, Yossi",2009,https://dblp.org/pid/m/YossiMatias,Y,2026-09-17,supported,c7f9ef7849fc81754625232a93bad6ccce9867244b476541da28e050da110cea,../bigcows-crawler/.cache/dblp-refresh-2026-09-17-132635/safari/captures/983e9cdd41bb083b3eb7eaacf51217e5abe7726b79a0654a2a6c58ba3626f3b9-1789681139217590000.html,None; read-only assessment
acm_fellows.csv,"Miller, Rj",2009,https://dblp.org/pid/m/RJMiller,Y,2026-09-17,supported,d7ff1821d8acce0bbe1dc95429b7910056ef3baace1af03809042ab6ef78334e,../bigcows-crawler/.cache/dblp-refresh-2026-09-17-132635/safari/captures/41f8069e2b291c9b1084aee1628bff4c6b3b018e13afc04abbdf8a7141bfdc84-1789681056716244000.html,None; read-only assessment
acm_fellows.csv,"Riedl, John T",2009,https://dblp.org/pid/r/JRiedl,Y,2026-09-17,supported,c8a56e4ae93eea3b822cd0b0905b96aa33cde5bf451cb567a93f94e242f0a544,../bigcows-crawler/.cache/dblp-refresh-2026-09-17-132635/safari/captures/10e919650169976999fd08c9491beb1f55fd2332fed0d84653e45d6b69d67013-1789680869830240000.html,None; read-only assessment
acm_fellows.csv,"Rinard, Martin",2009,https://dblp.org/pid/r/MartinCRinard,Y,2026-09-17,supported,f39f5d152f360053361fa97b39b5cb75e10e67d1b7184a08e58a0956a7965daa,../bigcows-crawler/.cache/dblp-refresh-2026-09-17-132635/safari/captures/033c325271592fad3c58433feced716ba6c035f4d47ba5a5fcac58b9be36c7ff-1789680916375380000.html,None; read-only assessment
acm_fellows.csv,"Selinger, Patricia G.",2009,https://dblp.org/pid/48/1954,Y,2026-09-17,supported,51930ec9929e026fc8df4530f4e6ad720243b0d9dc55686724ebc28fb3744d15,../bigcows-crawler/.cache/dblp-refresh-2026-09-17-132635/safari/captures/a92028ac203d12863d081242f779b335770347f9cfb57b276997ca54e9772ee2-1789680954080707000.html,None; read-only assessment
acm_fellows.csv,"Shyamasundar, Rudrapatna K",2009,https://dblp.org/pid/s/RKShyamasundar,Y,2026-09-17,supported,459305af73f435ee3386936b294d8bb29691066542b11a3935a5a223205e08e9,../bigcows-crawler/.cache/dblp-refresh-2026-09-17-132635/safari/captures/f04670b9065e321dfc41d3aea5afb577fb26fea6b876e78e49e1238cd8454060-1789681071794545000.html,None; read-only assessment
acm_fellows.csv,"Teng, Shang-Hua",2009,https://dblp.org/pid/t/ShangHuaTeng,Y,2026-09-17,supported,8e48ab4dd0ce26c6d2c9427049470f877be0a9f1aaeaaf4130f25ecf13939d8a,../bigcows-crawler/.cache/dblp-refresh-2026-09-17-132635/safari/captures/a70f246225dc47e2c18b9cfb5228c9a0130c0441c9031becb76a365abf5f03bf-1789681079193642000.html,None; read-only assessment
acm_fellows.csv,"Thekkath, Chandramohan A",2009,https://dblp.org/pid/13/3927,Y,2026-09-17,supported,632d1a42bab6ef53e9feaa479ba39404bcd0e433ede12d155f512b8834afa102,../bigcows-crawler/.cache/dblp-refresh-2026-09-17-132635/safari/captures/19e56bef48ff6a77704e314e7bfc0615fb274efc63bcdac09a39974c912a5738-1789680692631050000.html,None; read-only assessment
acm_fellows.csv,"Van Renesse, Robbert",2009,https://dblp.org/pid/r/RvRenesse,Y,2026-09-17,supported,23e0bb92b64fa8415966ca7429e950c6761313587864b6f4154a4ea6c5e9c67f,../bigcows-crawler/.cache/dblp-refresh-2026-09-17-132635/safari/captures/27c6ab7222481da18bfff27902ec4e73355b5430306379f1d90ce0b09ba1b56f-1789681064517568000.html,None; read-only assessment
acm_fellows.csv,"Vemuri, Baba C",2009,https://dblp.org/pid/93/1847,Y,2026-09-17,supported,7338a08a50aef01b69035bf131a6eb909be80fcde900c5b8246b0fc7b25de3fb,../bigcows-crawler/.cache/dblp-refresh-2026-09-17-132635/safari/captures/2939e417338117e377dd2768b65ee5e8d5e7fe8c809b1237d213861efa472bad-1789680663928691000.html,None; read-only assessment
acm_fellows.csv,"Vetterli, Martin",2009,https://dblp.org/pid/v/MVetterli,Y,2026-09-17,supported,4e104b2c8d25b3287962143727bb13b66ad10ae34fb766585c2750c2ff116a5e,../bigcows-crawler/.cache/dblp-refresh-2026-09-17-132635/safari/captures/650b789360bc830ee5299dbbc4fcca466d0902263892709a96bee48d13d4c7f6-1789680923175903000.html,None; read-only assessment
acm_fellows.csv,"Whang, Kyu-Young",2009,https://dblp.org/pid/w/KyuYoungWhang,Y,2026-09-17,supported,2a7ddab855e7c7a2323d697fac2df09bac2eb2783efa0b9c667765ac80bbf4c4,../bigcows-crawler/.cache/dblp-refresh-2026-09-17-132635/safari/captures/5c02934ed4bc755934f40335b6b2002a2ebe2d7e5040f84474b10ad1c25eb276-1789680891681424000.html,None; read-only assessment
acm_fellows.csv,"Wilks, Yorick",2009,https://dblp.org/pid/w/YorickWilks,Y,2026-09-17,supported,f0ba8ff74c2c795896ce21d48ea90fd48a5d4e281ec111b170ecc4adcffd3289,../bigcows-crawler/.cache/dblp-refresh-2026-09-17-132635/safari/captures/9d880e9c42af5dfecf925dc6435f9d6faf312afabc7048e5ad7a19871e915984-1789681131635538000.html,None; read-only assessment
acm_fellows.csv,"Winograd, Terry",2009,https://dblp.org/pid/w/TerryWinograd,Y,2026-09-17,supported,53c24d25cfc4962447cd98583296c465c0a36a81e06134b23c0a10e6eeb1f100,../bigcows-crawler/.cache/dblp-refresh-2026-09-17-132635/safari/captures/3f3824540c401eea85e426de27adcc3ae867d907df37560a2991195cc192e591-1789681086359246000.html,None; read-only assessment
acm_fellows.csv,"Abadi, Martin",2008,https://dblp.org/pid/a/MartinAbadi,Y,2026-09-17,supported,b2da50d64c7d439973d5586c93b69a27bd68e3ff24dd25145a10d8def335e4ce,../bigcows-crawler/.cache/dblp-refresh-2026-09-17-132635/safari/captures/d8e903b70d7862a600c71088efd161d0362eb32e7863a131cc6ad4855e70a4dc-1789681413191029000.html,None; read-only assessment
acm_fellows.csv,"Abowd, Gregory D.",2008,https://dblp.org/pid/a/GDAbowd,Y,2026-09-17,supported,3463db7f5fee9387ffaa1e88fa4b51827c0367e266141e232516a57ec659bff2,../bigcows-crawler/.cache/dblp-refresh-2026-09-17-132635/safari/captures/4e7f3424955cabedd754df79c39df9124828c425ad7325f5a0e164f4e54baa4b-1789681192050884000.html,None; read-only assessment
acm_fellows.csv,"Aiken, Alex",2008,https://dblp.org/pid/a/AAiken,Y,2026-09-17,supported,c251729117074ff4b7df8e016e014208fac4ab79ff787d3982e47d3d746bdb87,../bigcows-crawler/.cache/dblp-refresh-2026-09-17-132635/safari/captures/714bd8016cf0c1d229f168d3bca771b747ac2ada43a21af11ec500153414e3bd-1789681153368989000.html,None; read-only assessment
acm_fellows.csv,"Arora, Sanjeev",2008,https://dblp.org/pid/a/SArora,Y,2026-09-17,supported,7711e688bd84fb0ab627d4720677c01bacea27ef8a8d853a9acbc3ddbc26e40a,../bigcows-crawler/.cache/dblp-refresh-2026-09-17-132635/safari/captures/4cbe5e0147b369620ae4b65ca70ec6c838299a0cad5a5bace18411847674f7c9-1789681493543800000.html,None; read-only assessment
acm_fellows.csv,"Balakrishnan, Hari",2008,https://dblp.org/pid/b/HariBalakrishnan,Y,2026-09-17,supported,7a0851747279bbbb1db5ac3ffe9231099269fe697823c2fad3f6c972d0a6d157,../bigcows-crawler/.cache/dblp-refresh-2026-09-17-132635/safari/captures/85789c723ca417fca672db1a97bcd28e530fa399fe04ea14e392f3c3783c7bdb-1789681207742101000.html,None; read-only assessment
acm_fellows.csv,"Buxton, William A.S.",2008,https://dblp.org/pid/b/WilliamBuxton,Y,2026-09-17,supported,b22a3f4703c13836478331ae1c73089729d127254530d77ac382f6548af849a9,../bigcows-crawler/.cache/dblp-refresh-2026-09-17-132635/safari/captures/7ccc40da18dfb51de82ec60f90bf53476eb01050461b863aaf05b4110725bac7-1789681599687661000.html,None; read-only assessment
acm_fellows.csv,"Clarkson, Kenneth L",2008,https://dblp.org/pid/89/2783,Y,2026-09-18,supported,311b0a649e2cd2244aa53970ce6e6c7f0a57d4aa4dc630b203b457f4116ee482,../bigcows-crawler/.cache/dblp-missing-web-2026-09-17-203211/safari/captures/ef4d1973a340aeeedc35d6fc2a4a560d06dccf448f2950465183fdd692dd2a76-1789692062441797000.html,None; read-only assessment
acm_fellows.csv,"Cong, Jason",2008,https://dblp.org/pid/c/JasonCong,Y,2026-09-17,supported,eeb4db6fdd6e4c60ae35022208db5ce95bbdbf8a27315cc246fbb6b1a74f800b,../bigcows-crawler/.cache/dblp-refresh-2026-09-17-132635/safari/captures/2ee3f37d5344d7087f1fc06c8a6834b56a0d566ff68c093acde248a07b31df3f-1789681316656355000.html,None; read-only assessment
acm_fellows.csv,"Cook, Perry",2008,https://dblp.org/pid/33/6929,Y,2026-09-17,supported,ee4ed6a5ce0e9891a04f23f4e05c4451390a9c8d1a457d8638737403c10d291a,../bigcows-crawler/.cache/dblp-refresh-2026-09-17-132635/safari/captures/a4e354d0b4d149639200fa6299abe9085ea59244302830bbcd3feeff03584dec-1789681465015651000.html,None; read-only assessment
acm_fellows.csv,"Cook, Stephen A",2008,https://dblp.org/pid/c/StephenACook,Y,2026-09-17,supported,049ea471add82fb3a00a79967cecfdddee50ead5f60efe0c2c5356a90a3053e5,../bigcows-crawler/.cache/dblp-refresh-2026-09-17-132635/safari/captures/5d76548d14481479f39ac3f83baeef6a9f8ff40815fc51a96a58ef0b0da67b4f-1789681559313748000.html,None; read-only assessment
acm_fellows.csv,"Davidson, Jack",2008,https://dblp.org/pid/d/JWDavidson,Y,2026-09-17,supported,ef3d7d14480c93281b97021ae855ad2e1e80f130dd70dd924add5b81a8122137,../bigcows-crawler/.cache/dblp-refresh-2026-09-17-132635/safari/captures/115fe4904a00d93b2d4c48ff25a2d2f817bd7b69ade4fd869c2ac3e2792c08b5-1789681228929275000.html,None; read-only assessment
acm_fellows.csv,"Dayal, Umeshwar",2008,https://dblp.org/pid/76/2198,Y,2026-09-17,supported,9da676cfab2df3fc47ebae6d690da52148a41f3e8173d3ebff6c675dffbc7bd1,../bigcows-crawler/.cache/dblp-refresh-2026-09-17-132635/safari/captures/15d76f452007d75679289289f8188b70cdcee737ee60ca7e91d9bd21b3dc2f97-1789681575285085000.html,None; read-only assessment
acm_fellows.csv,"Deng, Xiaotie",2008,https://dblp.org/pid/d/XiaotieDeng,Y,2026-09-17,supported,70c0f1c07465a39cb4d53e990db3915ae4c594e001089407bd8a4b6f96e35818,../bigcows-crawler/.cache/dblp-refresh-2026-09-17-132635/safari/captures/1cf0a2d92226edf74c9c5c5f4e2f0f4241b4ede9e918e0e0eacc71d653cf5a58-1789681607800656000.html,None; read-only assessment
acm_fellows.csv,"Garcia-Luna-Aceves, J.J.",2008,https://dblp.org/pid/g/JJGarciaLunaAceves,Y,2026-09-17,supported,30b1daf0db5080350849f0a353f434c11f0ed4ad789a1439ace1cb78fbfe76fe,../bigcows-crawler/.cache/dblp-refresh-2026-09-17-132635/safari/captures/d0e5d9af979ea39d383e0913d4ae448463e4fd442c7dc1e6a0d1417b8d76110e-1789681222228718000.html,None; read-only assessment
acm_fellows.csv,"Goemans, Michel X",2008,https://dblp.org/pid/g/MichelXGoemans,Y,2026-09-17,supported,10252714ff0871223b6e23c06b83b7eb42b2a78802da5e05425cc0687bba08ca,../bigcows-crawler/.cache/dblp-refresh-2026-09-17-132635/safari/captures/da49ad5d20795014ca2789e2eeb27734322ec0102edc92fddd73510a547593b2-1789681435049887000.html,None; read-only assessment
acm_fellows.csv,"Hanrahan, Pat",2008,https://dblp.org/pid/h/PatHanrahan,Y,2026-09-17,supported,30efb89b54efed658481045642d5c04bcb48713f97b3f6e6dc30038227ff8675,../bigcows-crawler/.cache/dblp-refresh-2026-09-17-132635/safari/captures/193c2130533e3ca075738a88bdfc4326c297d75d7611b057826ab4ea04ced286-1789681441737322000.html,None; read-only assessment
acm_fellows.csv,"House, Charles H",2008,,N,,missing_known,,,None; read-only assessment
acm_fellows.csv,"Humphrey, Watts S",2008,https://dblp.org/pid/63/1672,Y,2026-09-17,supported,307e6fda7215eeb3631bd8fa3cefefa8851f4bae331d44d182d00557488c2758,../bigcows-crawler/.cache/dblp-refresh-2026-09-17-132635/safari/captures/589834ddf8db0e1eb7538495448d093e16720fea981ab47cbe41f14c3b373220-1789681591345980000.html,None; read-only assessment
acm_fellows.csv,"Kay, Alan",2008,https://dblp.org/pid/k/AlanCKay,Y,2026-09-17,supported,e7bbcc083b296438761f7e1a2739d7112f42eb98f3e53c25c2583b900d66cd68,../bigcows-crawler/.cache/dblp-refresh-2026-09-17-132635/safari/captures/952d508c7cff9d4b0febed70f35c4f267a32884decb1cd75e7a3f19d31c9e5cc-1789681145931049000.html,None; read-only assessment
acm_fellows.csv,"Konstan, Joseph A",2008,https://dblp.org/pid/09/3004,Y,2026-09-17,supported,a28c54ad5cc492534c9ba4d403c7f9c5b4cc126c55774cb6229a8725b03ed351,../bigcows-crawler/.cache/dblp-refresh-2026-09-17-132635/safari/captures/366e8dd35f379e81118df653d11cf7cc881611d7fbb3b0d570e2d8390c8bd127-1789681361488431000.html,None; read-only assessment
acm_fellows.csv,"Levin, Roy",2008,https://dblp.org/pid/83/749,N,2026-09-17,existing_N,c591cc7535b69ccac658ab4c5ce86e84c6bb71cc30a4cb9da44822cfdc28eb99,../bigcows-crawler/.cache/dblp-refresh-2026-09-17-132635/safari/captures/a253c76c9e8fc5b5d4072a87a2d4fcf845b292096d66a876133bb9f8ae90efae-1789681485622751000.html,None; read-only assessment
acm_fellows.csv,"Lowney, Paul G",2008,https://dblp.org/pid/07/3011,Y,2026-09-17,supported,0732480a0eddd875cd8ff21e375875bd2552bd424e47567a675bc9761a7bb2f8,../bigcows-crawler/.cache/dblp-refresh-2026-09-17-132635/safari/captures/c93d011ab9063b4c1feb5a7b964b95575dbfd63942fec3f07a25d7b0189aec11-1789681449511950000.html,None; read-only assessment
acm_fellows.csv,"Malik, Jitendra",2008,https://dblp.org/pid/58/2944,Y,2026-09-17,supported,c32fbcbef0d9d01d37b66a8ca2171e51d3c3ae17760dc805d33838411269897a,../bigcows-crawler/.cache/dblp-refresh-2026-09-17-132635/safari/captures/c9ecbb1c3e28d415a33f1c2002d771712abaccd6195a630bde3998e6e40b8a22-1789681332357695000.html,None; read-only assessment
acm_fellows.csv,"McKinley, Kathryn S",2008,https://dblp.org/pid/m/KSMcKinley,Y,2026-09-17,supported,bfcfcc3308ed6067b1e21346b858cbf0ce6e4eeeac446bb8ce7d56868b401573,../bigcows-crawler/.cache/dblp-refresh-2026-09-17-132635/safari/captures/71d7bd891d929055b46a327d3048d4ef6bc8d79d69caab5ad62dd0e57b93761a-1789681375176001000.html,None; read-only assessment
acm_fellows.csv,"Meyer, Bertrand",2008,https://dblp.org/pid/m/BertrandMeyer,Y,2026-09-17,supported,e1bfd901c2572e98e76f6f9d9672850a9044acf644cfa31ab2321f6246aedbeb,../bigcows-crawler/.cache/dblp-refresh-2026-09-17-132635/safari/captures/6e1f0d726a8eed7327b0d38ec7c2403c5a294486f82fc4c25d35db524d9dd514-1789681161889518000.html,None; read-only assessment
acm_fellows.csv,"Mitchell, John C.",2008,https://dblp.org/pid/m/JohnCMitchell,Y,2026-09-19,supported,2db1cdbe1c15f1ee818fb385b6d28d7b1fdaa485ee2f939d15a838c882e8a51c,../bigcows-crawler/.cache/dblp-gap-fill-2026-09-19-145403/safari/captures/c4c322225273f105dfc668947c05a257b6f27fe83262cef2fab8a5114f2315e6-1789844734971159000.html,None; read-only assessment
acm_fellows.csv,"Moses, Joel",2008,https://dblp.org/pid/62/5917,Y,2026-09-17,supported,e2fe9a1aa539654ea6344f778b465060c5ff96d54a855479a7f86bf113b18305,../bigcows-crawler/.cache/dblp-refresh-2026-09-17-132635/safari/captures/55ffb19c32d4e206b98b66989e049f8a6126f21305e67b68698211d86850a56f-1789681339309278000.html,None; read-only assessment
acm_fellows.csv,"Munro, Ian",2008,https://dblp.org/pid/m/JIanMunro,Y,2026-09-17,supported,a965239761a08769483097854ab32c06aa2fd41bfc75aadfd2c2e57d08f25e3d,../bigcows-crawler/.cache/dblp-refresh-2026-09-17-132635/safari/captures/a393f4f982ba8dbdaf5126699d6b770fdc49b280547387d45449d433c61f4202-1789681215262011000.html,None; read-only assessment
acm_fellows.csv,"Olson, Judith S",2008,https://dblp.org/pid/04/1690,Y,2026-09-17,supported,b0fb07dcd04def49ebeef9728185e15c97b0c65c2dcd148c50a0bf8df2433995,../bigcows-crawler/.cache/dblp-refresh-2026-09-17-132635/safari/captures/4698919fa57d655f88bcafcf814e3f3a7a2d56c04004f4941a06fa375d231666-1789681367976889000.html,None; read-only assessment
acm_fellows.csv,"Paulson, Lawrence Charles",2008,https://dblp.org/pid/p/LCPaulson,Y,2026-09-17,supported,c4e037f0e22c09667f3f1078ee70a9bd82e8462cd9997227306a5b770673ca8f,../bigcows-crawler/.cache/dblp-refresh-2026-09-17-132635/safari/captures/f8d8417fd1061e11264495dcb289e97b8851f4a5b4153c497f4cfc46d90a1061-1789681391661108000.html,None; read-only assessment
acm_fellows.csv,"Pirahesh, Hamid",2008,https://dblp.org/pid/p/HamidPirahesh,Y,2026-09-17,supported,49125f5524b204c8b4a14daf96f2c4f75d910cf570eac1c148a39dc60d0b55d4,../bigcows-crawler/.cache/dblp-refresh-2026-09-17-132635/safari/captures/7209e10fd3b30f07ab4771b72d43024fe10ab91f9ac39c14e21645e6ca6eb5de-1789681200309024000.html,None; read-only assessment
acm_fellows.csv,"Randell, Brian",2008,https://dblp.org/pid/r/BrianRandell,Y,2026-09-17,supported,9237677eb3e78684e6101d85b45e0d2e3fb7998217a10990b82f580fb1f0d3e9,../bigcows-crawler/.cache/dblp-refresh-2026-09-17-132635/safari/captures/6afe561f72795c75785d15330bc3dc91ecd29f6dcf02e9d917cc7d41c70b2f74-1789681169313461000.html,None; read-only assessment
acm_fellows.csv,"Reiter, Michael",2008,https://dblp.org/pid/r/MichaelKReiter,Y,2026-09-19,supported,d4b240a43972e2b706bc6389ff7b84254ce9fc7275ecd6f723e93fa9c0bc7fa5,../bigcows-crawler/.cache/dblp-gap-fill-2026-09-19-145403/safari/captures/4299f9c14e32429ae526e1dcc3122f272ab8fce85f0042d14066e60699f655c4-1789844824984014000.html,None; read-only assessment
acm_fellows.csv,"Rexford, Jennifer",2008,https://dblp.org/pid/r/JenniferRexford,Y,2026-09-17,supported,e4e93849e48537928f751561646190ab5e0c72b5b9c21dfac2f9bbe8b18f042b,../bigcows-crawler/.cache/dblp-refresh-2026-09-17-132635/safari/captures/254dc0b96c06c53dc40593e611e5818780ae98ce6bd003f536c1a6bd299f385a-1789681324727420000.html,None; read-only assessment
acm_fellows.csv,"Rose, Jonathan",2008,https://dblp.org/pid/r/JonathanRose,Y,2026-09-17,supported,0f3a6275f716b0bacb8862ff3baad8c496e1a6d01c68d7204ef611547606e6f4,../bigcows-crawler/.cache/dblp-refresh-2026-09-17-132635/safari/captures/64dd449e847be26806dd710f68a6014e05ff8ff9df33fb3c598513f2dbfe875a-1789681353284382000.html,None; read-only assessment
acm_fellows.csv,"Rosenblum, Mendel",2008,https://dblp.org/pid/r/MendelRosenblum,Y,2026-09-17,supported,98a9409e5c2ec90b91e525e575cc78eb4ea4bb0b26a9c0eb03f7f4739127bf9f,../bigcows-crawler/.cache/dblp-refresh-2026-09-17-132635/safari/captures/2e80d1131b5cf12dc1af13991c303874b38bba1545f26a84f94ecd81503ad3f5-1789681420576962000.html,None; read-only assessment
acm_fellows.csv,"Rutenbar, Rob A",2008,https://dblp.org/pid/r/RobARutenbar,Y,2026-09-17,supported,5fed12f10fc23dcb272e094e814972cd3ef40975bd81b007ed5720345ab7e896,../bigcows-crawler/.cache/dblp-refresh-2026-09-17-132635/safari/captures/7ad8df1c8f966de3e755cabe1b55883370a1dcf55eaa2decf1801892cde2ea2e-1789681478961054000.html,None; read-only assessment
acm_fellows.csv,"Sandholm, Tuomas",2008,https://dblp.org/pid/s/TuomasSandholm,Y,2026-09-17,supported,a70ccdff312d91b26253e7a77d23634f6318fde2aaa40479ec14ecc2b70b8257,../bigcows-crawler/.cache/dblp-refresh-2026-09-17-132635/safari/captures/4a211197dfabc3d95d4f6001623877891c2569d5c8fd813285946535ad6d8357-1789681568037354000.html,None; read-only assessment
acm_fellows.csv,"Sarkar, Vivek",2008,https://dblp.org/pid/s/VivekSarkar,Y,2026-09-17,supported,578458aae4aafc85b25127c322887c340b230da5405bf9d4791bbf5f8bcc6592,../bigcows-crawler/.cache/dblp-refresh-2026-09-17-132635/safari/captures/95c721c5e5e62687a64397ee2ad19bd2711769b2f525d39c619e7f637767e71d-1789681583640242000.html,None; read-only assessment
acm_fellows.csv,"Squillante, Mark S",2008,https://dblp.org/pid/67/3865,Y,2026-09-17,supported,e755d4908f71f1f6f8644282d532843652c82d5607ac115b1a67876e61f5fa9a,../bigcows-crawler/.cache/dblp-refresh-2026-09-17-132635/safari/captures/e341f1013a2d494e646ce6c68d22c339c41240d85f52e8ecd6e25fb72d3325d2-1789681405983437000.html,None; read-only assessment
acm_fellows.csv,"Stenstrom, Per O",2008,https://dblp.org/pid/48/2905,Y,2026-09-17,supported,8579cbf088542d99ee3393b20c9dadf250e3d853b6d267d7a900331e7c0c9cc7,../bigcows-crawler/.cache/dblp-refresh-2026-09-17-132635/safari/captures/2beb00eebab08808ce1c124d24578a58431f6a442da4dd4df8e5235a9fb2e9ae-1789681457510505000.html,None; read-only assessment
acm_fellows.csv,"Sudan, Madhu",2008,https://dblp.org/pid/s/MadhuSudan,Y,2026-09-17,supported,809a2d7bb02d14a9984e5de6017530dd2b58ec8086c4da9a9bb892ca597e29c9,../bigcows-crawler/.cache/dblp-refresh-2026-09-17-132635/safari/captures/8a8a5bff386d28db045f8d127867544d352c6ffedcd9125292e71fff337daab2-1789681398976348000.html,None; read-only assessment
acm_fellows.csv,"Szeliski, Richard",2008,https://dblp.org/pid/46/2186,Y,2026-09-17,supported,43613d3ac98f676a3eaa72fa51475fecb4e98401076bbb4e140c941f8a570576,../bigcows-crawler/.cache/dblp-refresh-2026-09-17-132635/safari/captures/4b73a2ad1f827cae00facfe94fcd012fe4d5e62c9aaf69ad9efb1fc29bd48f20-1789681471642119000.html,None; read-only assessment
acm_fellows.csv,"Terry, Douglas B",2008,https://dblp.org/pid/06/965,Y,2026-09-17,supported,532440145b400b48c9f700b8403ba42c00d663cd0f66a1ef84d3cff4c1dcf1c9,../bigcows-crawler/.cache/dblp-refresh-2026-09-17-132635/safari/captures/3ec7b67decd153c1c3bcaad995999d93ccf2b0ca87262d3a5faf7e9d34fe7f7a-1789681184100774000.html,None; read-only assessment
acm_fellows.csv,"Agarwal, Anant",2007,https://dblp.org/pid/a/AAgarwal,N,2026-09-17,existing_N,553875bd33ffaf6ab98ce9ef214ebb0d9b4063622cc4fb7c78fef4da92d5766f,../bigcows-crawler/.cache/dblp-refresh-2026-09-17-132635/safari/captures/b54c355f92c553d62f86d6ffadd7a4cb0cda9a10de76c8b68aafe57e7e18ca24-1789681623839313000.html,None; read-only assessment
acm_fellows.csv,"Alur, Rajeev",2007,https://dblp.org/pid/a/RAlur,Y,2026-09-17,supported,7564692a2e769e17949d4a61bb6d5b1578a0bc7d3dfaad2bd39e9836370db40c,../bigcows-crawler/.cache/dblp-refresh-2026-09-17-132635/safari/captures/b697b09f5146102ad72e8e189232fd4d505c3f25897968a5555e0f1d3d092c9e-1789682570378994000.html,None; read-only assessment
acm_fellows.csv,"Banerjee, Utpal",2007,https://dblp.org/pid/78/4723,Y,2026-09-17,supported,8f6d374cb40640996420580ec61fcdc8d6c7844afe1f19105f6fb9730bc7713b,../bigcows-crawler/.cache/dblp-refresh-2026-09-17-132635/safari/captures/00ca22adff88bbc8dba938922c8dcccdd593aafac387ecf48e0a603431e0378d-1789682615761006000.html,None; read-only assessment
acm_fellows.csv,"Beeri, Catriel",2007,https://dblp.org/pid/b/CBeeri,Y,2026-09-17,supported,cea728f84b99b487982a65427f8769e6b7cbd68978350c40ede6a24819d6a353,../bigcows-crawler/.cache/dblp-refresh-2026-09-17-132635/safari/captures/f264734d448e04acca2c574c3465d0495ca04df3b2304e050773a78a2aacc5e9-1789681662960005000.html,None; read-only assessment
acm_fellows.csv,"Blum, Avrim",2007,https://dblp.org/pid/b/AvrimBlum,Y,2026-09-17,supported,9aea24ac29eb692d1029c600ee406c9d21fc9be3f85321fa7232c3e8cfd3fdf6,../bigcows-crawler/.cache/dblp-refresh-2026-09-17-132635/safari/captures/035e8711a81a3daf240cd40e838dc257a9cbc344878b8d3e4e3b7dcba12a1002-1789681647376073000.html,None; read-only assessment
acm_fellows.csv,"Brewer, Eric A.",2007,https://dblp.org/pid/b/EricABrewer,Y,2026-09-17,supported,15a9db201e0f79871521753424f1ef6e7441dec3beecd0c0f4945f7b33cd5f4d,../bigcows-crawler/.cache/dblp-refresh-2026-09-17-132635/safari/captures/203c2c24eedfad5084f6ea0aa274e6cd6ccbb917f7c07e98cac022325b345d27-1789681730503815000.html,None; read-only assessment
acm_fellows.csv,"Broder, Andrei Z",2007,https://dblp.org/pid/09/4301,Y,2026-09-17,supported,aad721bab099bd9eb2418df72279bd4fff079acef6e01c6adb2702ec0bcc094f,../bigcows-crawler/.cache/dblp-refresh-2026-09-17-132635/safari/captures/4c1425ab994218401a1bd29e0351f2bba2fa17c3c8a94c22ec07493cb424c862-1789681631466151000.html,None; read-only assessment
acm_fellows.csv,"Cohen, Michael F.",2007,https://dblp.org/pid/07/1994,Y,2026-09-17,supported,d03d94ec7f529a52ca29bbca4b1c1f183384662821061930890e09668cb6cba4,../bigcows-crawler/.cache/dblp-refresh-2026-09-17-132635/safari/captures/8e3c4bc64bac93707cfbdc983ef5bc86f1f041f90d8de4327d59dae0e189fbb7-1789682535539072000.html,None; read-only assessment
acm_fellows.csv,"Constantine, Larry",2007,https://dblp.org/pid/81/6587,Y,2026-09-17,supported,1012a9ec8045c74bb61998219f80918f56e62795301d2390715b6af3daf99206,../bigcows-crawler/.cache/dblp-refresh-2026-09-17-132635/safari/captures/577c3d1ce8a81fc583356d4be090cca912c81cb0c0ed9a39e5248dff6df51893-1789682510879359000.html,None; read-only assessment
acm_fellows.csv,"Dolev, Danny",2007,https://dblp.org/pid/d/DannyDolev,Y,2026-09-17,supported,95aa0b33c29a6554045cb9372f154d78814461839eed20b52392975981c95765,../bigcows-crawler/.cache/dblp-refresh-2026-09-17-132635/safari/captures/af0a06efbe4d7db87a082ba365f9c347f6983222c4932ea67425bbbdff554cef-1789681677693556000.html,None; read-only assessment
acm_fellows.csv,"Downey, Rodney",2007,https://dblp.org/pid/d/RodneyGDowney,Y,2026-09-17,supported,620a0f9e43805dab6dd44a483095ddfa961dab6ee3a64256993b32fcf2f24429,../bigcows-crawler/.cache/dblp-refresh-2026-09-17-132635/safari/captures/2e436dc4c25a4b921bc024cf7919bfab4a9bb05a4bccacc0b83238c80e512d39-1789682601487225000.html,None; read-only assessment
acm_fellows.csv,"Feigenbaum, Edward A",2007,https://dblp.org/pid/f/EdwardAFeigenbaum,Y,2026-09-17,supported,62647da81daf08afe6c91e4db3bdf495103d53464730949a98097089f4a9d015,../bigcows-crawler/.cache/dblp-refresh-2026-09-17-132635/safari/captures/1243bb137d25738f6e5638443fc13b11fab48df854f545d1197a97303eff30ce-1789681707587196000.html,None; read-only assessment
acm_fellows.csv,"Felten, Edward",2007,https://dblp.org/pid/f/EdwardWFelten,Y,2026-09-17,supported,66cb0533bf2f09ad71b4ae1553a76c4b18398f71c0b1dc8230cff8ac7b6702f7,../bigcows-crawler/.cache/dblp-refresh-2026-09-17-132635/safari/captures/b6b0d52c9e9a504f2d4d32166477147186fd905234a9dc5b0bb0b8bac27ca66b-1789681715790141000.html,None; read-only assessment
acm_fellows.csv,"Fortnow, Lance",2007,https://dblp.org/pid/f/LanceFortnow,Y,2026-09-17,supported,7474994f4911990a01223978d5609382041ef37b77fb8c574d057a1a070f0378,../bigcows-crawler/.cache/dblp-refresh-2026-09-17-132635/safari/captures/ae03f28643ceb8e67d8f59ba57c4c29a1725787d32d4b40003a7944638c3b5c7-1789682503211543000.html,None; read-only assessment
acm_fellows.csv,"Gao, Guang",2007,https://dblp.org/pid/g/GuangRGao,Y,2026-09-19,supported,24664bdea11be357aa13f5a49e794e9ffd5b7a0aa51d82bc87aacd2c918a23bf,../bigcows-crawler/.cache/dblp-gap-fill-2026-09-19-145403/safari/captures/eb1ff87f188ec2863517acd0afaa0cfe19819c43d5bf8ff0e4a73f7f78cbb8eb-1789844528114143000.html,None; read-only assessment
acm_fellows.csv,"Gottlob, Georg",2007,https://dblp.org/pid/g/GeorgGottlob,Y,2026-09-17,supported,d637ed54ed9dc18bb010e4278f62b9122651d0b9f566fab712f9c8f8147d534b,../bigcows-crawler/.cache/dblp-refresh-2026-09-17-132635/safari/captures/39cd8e05d08b64bcc90601ec7b98871e383140e06956999ec1f8b64e8bf4bb85-1789682473068621000.html,None; read-only assessment
acm_fellows.csv,"Hull, Richard",2007,https://dblp.org/pid/h/RichardHull,Y,2026-09-17,supported,40b1ae14cdf376d0ba3869131b938ff150c330ac690679d4826095c44d245eed,../bigcows-crawler/.cache/dblp-refresh-2026-09-17-132635/safari/captures/426c52b6c2cf8bbc2a00e86fe4f5d9a912b6b25d08b9290a266064a57aa20b85-1789682593725628000.html,None; read-only assessment
acm_fellows.csv,"Huttenlocher, Daniel",2007,https://dblp.org/pid/h/DPHuttenlocher,Y,2026-09-17,supported,87918205e6fe0e2988e9363e27fd1454d0926726b321877646e70736b5b31dae,../bigcows-crawler/.cache/dblp-refresh-2026-09-17-132635/safari/captures/1fe6d93a0305394c99724f0d82c03c136488aa2df7f017c093c3a6ed5c8acf87-1789681669899292000.html,None; read-only assessment
acm_fellows.csv,"Jiang, Tao",2007,https://dblp.org/pid/j/TaoJiang-1,Y,2026-09-17,supported,9b79bded6bdab136322a551571f67ca7b728a1c46a567b8b9b5015299b081e55,../bigcows-crawler/.cache/dblp-refresh-2026-09-17-132635/safari/captures/13227aea38aaf0b3c31f8c28c88eca8ca8588423902ab98fe0afd4306fb135da-1789682608074827000.html,None; read-only assessment
acm_fellows.csv,"Klensin, John C",2007,https://dblp.org/pid/20/1355,Y,2026-09-17,supported,efc15e70504b458783edb7435fb5d18a9617b94d6929a5cdbc5a116c91013677,../bigcows-crawler/.cache/dblp-refresh-2026-09-17-132635/safari/captures/0acb8827ca72e52f96a9e2e834d13b2709adf6190d9a91d15bbd56bdbb5effbc-1789682495789474000.html,None; read-only assessment
acm_fellows.csv,"Lam, Monica",2007,https://dblp.org/pid/l/MonicaSLam,Y,2026-09-17,supported,198a098214ece2bcc789c222716880bc3690e44c26a99827c31ff312629d6543,../bigcows-crawler/.cache/dblp-refresh-2026-09-17-132635/safari/captures/440b3db27c5a236ee95da09ebb046c4eee507c2359f7f608aa92f0c6b986458c-1789682550564790000.html,None; read-only assessment
acm_fellows.csv,"Levoy, Marc",2007,https://dblp.org/pid/l/MarcLevoy,Y,2026-09-17,supported,4dbd909eebba86235475c32d8032117ba14c20fc51345ece7dd518ffaa3feaa2,../bigcows-crawler/.cache/dblp-refresh-2026-09-17-132635/safari/captures/6d75a03bc30ebd3906ed770eaeeb97f81274522773e567abb4abbe2e6d789d61-1789682519739643000.html,None; read-only assessment
acm_fellows.csv,"Mishra, Bud",2007,https://dblp.org/pid/m/BhubaneswarMishra,Y,2026-09-17,supported,d3f1d068c16a9154d123121b8ce7722274e1962189ab1495c2927b420ab99ddf,../bigcows-crawler/.cache/dblp-refresh-2026-09-17-132635/safari/captures/060539444142cadc325128d15228bfedafb3827720b34439436a63369fd44ced-1789681654766335000.html,None; read-only assessment
acm_fellows.csv,"Moss, Eliot",2007,https://dblp.org/pid/m/JEliotBMoss,Y,2026-09-17,supported,1e45f838fa8b7356ccd35656e3854c80356ca27454094b8c238de2cd3a2db880,../bigcows-crawler/.cache/dblp-refresh-2026-09-17-132635/safari/captures/bf0fbd747dbaa1a1607ed7a6bb4f3807f77463949136ad848ffe3386f126a230-1789681722830413000.html,None; read-only assessment
acm_fellows.csv,"Motwani, Rajeev",2007,https://dblp.org/pid/m/RajeevMotwani,Y,2026-09-17,supported,abfe5ee9e623592b2345fec27f590edb13f5710b536c9f69bf03e55312ba40bf,../bigcows-crawler/.cache/dblp-refresh-2026-09-17-132635/safari/captures/9de3a77e39bcd2f29ff6854c9b4391921d1e8c9d9351f3e737db64a0978f7176-1789682579262300000.html,None; read-only assessment
acm_fellows.csv,"Odersky, Martin",2007,https://dblp.org/pid/o/MartinOdersky,Y,2026-09-17,supported,f7a5df92fa9222ed884264afb3e56b74350b2432e13244f06f739ba96882f06b,../bigcows-crawler/.cache/dblp-refresh-2026-09-17-132635/safari/captures/5fc6a22a5cf45097085bd0a95ee898665a797cba8c49838b23404efad78c887f-1789682527855798000.html,None; read-only assessment
acm_fellows.csv,"Olson, Gary M",2007,https://dblp.org/pid/o/GaryMOlson,Y,2026-09-17,supported,1c5cf5afb7d653773ffe32309714f5dcea2c44685bd298b6a0c9e92044f336b9,../bigcows-crawler/.cache/dblp-refresh-2026-09-17-132635/safari/captures/07dc9d113a968cc101df9f32ee93d59b16692581f08febc54721a58b2ed16359-1789682407839086000.html,None; read-only assessment
acm_fellows.csv,"Padua, David",2007,https://dblp.org/pid/p/DavidAPadua,Y,2026-09-17,supported,6d872fc115c897e1bd6ad3a71ed2bae1e853b546bbc8cb9f430109710e53bac7,../bigcows-crawler/.cache/dblp-refresh-2026-09-17-132635/safari/captures/3e7cefeff866a1b01d99f37a2c550ff744f8edcebbec4545ebb3b3c35534437d-1789681685263837000.html,None; read-only assessment
acm_fellows.csv,"Pausch, Randy",2007,https://dblp.org/pid/p/RandyFPausch,Y,2026-09-17,supported,7b1ee46f9a8701eed1f1b18a0ac045bbd81137f868167fbcbd410dab3755ef4d,../bigcows-crawler/.cache/dblp-refresh-2026-09-17-132635/safari/captures/463ddc5884638a70f0285ef69b3e2a241e18b7664bcabf4c05eb788ef0bd0a4d-1789682586551911000.html,None; read-only assessment
acm_fellows.csv,"Pnueli, Amir",2007,https://dblp.org/pid/p/AmirPnueli,Y,2026-09-17,supported,8bcbe9e2c1f5dc6c5646ce69eea3148c9c9c577e72b303ef8e696be614f91d43,../bigcows-crawler/.cache/dblp-refresh-2026-09-17-132635/safari/captures/5ff4f4cab975918088a41a669fe69b2882cd45162a2ef5564237220479a371e1-1789681615349110000.html,None; read-only assessment
acm_fellows.csv,"Prasanna, Viktor",2007,https://dblp.org/pid/p/ViktorKPrasanna,Y,2026-09-17,supported,1bc4f6fcb6c04a80001e9cd741517ba96041e7f75252d04a25ffa155c8c62b8d,../bigcows-crawler/.cache/dblp-refresh-2026-09-17-132635/safari/captures/fdc4450f8d5fcd3cd39379928a5a0775b74f12d53ea65368da2e91171349299f-1789682624048460000.html,None; read-only assessment
acm_fellows.csv,"Requicha, Aristides",2007,https://dblp.org/pid/42/417,Y,2026-09-17,supported,6a29df0f773b0290b521dd4d56e150233d85332ad18ef866e792fe9118a9114c,../bigcows-crawler/.cache/dblp-refresh-2026-09-17-132635/safari/captures/15c7020d208fe1060e4161941ad38878c9f43462a55f4874354d493397f5138d-1789681639622657000.html,None; read-only assessment
acm_fellows.csv,"Roberts, Eric S",2007,https://dblp.org/pid/13/336,Y,2026-09-17,supported,cfe797ed02ff8fc39b4c750b9b69fe949ea2e5d9ecdecbf5508962836e2bc4b9,../bigcows-crawler/.cache/dblp-refresh-2026-09-17-132635/safari/captures/7d85100a1103153932874d2197cc5a3c565f788742eca0ca4ace8007fc3c94ba-1789681737297724000.html,None; read-only assessment
acm_fellows.csv,"Terzopoulos, Demetri",2007,https://dblp.org/pid/85/4738,Y,2026-09-17,supported,95543e819c0153150655f12a301a571d72c796486ee574f2703502138d640868,../bigcows-crawler/.cache/dblp-refresh-2026-09-17-132635/safari/captures/259c41d9af2c50a73d361beb2856d32caaa741e0b6ac64a7708b32393868ff24-1789681692226600000.html,None; read-only assessment
acm_fellows.csv,"Thomas, Donald E",2007,https://dblp.org/pid/t/DonaldEThomas,Y,2026-09-17,supported,076eb5a68505b38787e9800e5651bd8b839d2a552d5c5fae8bbf9dd31dd391b7,../bigcows-crawler/.cache/dblp-refresh-2026-09-17-132635/safari/captures/7ef6b4acda2987794a89277de33c4561e3374817eefb545729f431444a925d18-1789681699761204000.html,None; read-only assessment
acm_fellows.csv,"Wadler, Philip",2007,https://dblp.org/pid/w/PhilipWadler,Y,2026-09-17,supported,c31039fe051592c113e9a1711c57e3211d2411cef76de36e3a65de592385c052,../bigcows-crawler/.cache/dblp-refresh-2026-09-17-132635/safari/captures/67155ec3c492a4127ae6849bc623980600ee87c1d31171fe433b85aba7c8f628-1789682558472830000.html,None; read-only assessment
acm_fellows.csv,"Wand, Mitchell",2007,https://dblp.org/pid/w/MitchellWand,Y,2026-09-17,supported,0cb2e55711224830160f357b444c35edfa43d1449f749f37ca1d1554736390db,../bigcows-crawler/.cache/dblp-refresh-2026-09-17-132635/safari/captures/2a74095175c52f01b91d5be2555375b18a00032ef0fd24cbcb0e0b4dc31ef9dd-1789682542557313000.html,None; read-only assessment
acm_fellows.csv,"Zhang, HongJiang",2007,https://dblp.org/pid/z/HongJiangZhang,Y,2026-09-17,supported,eb753a2f20681eb7b5360eaf6a071d828017793295638b798a0f621b39870e2e,../bigcows-crawler/.cache/dblp-refresh-2026-09-17-132635/safari/captures/63d804ff38867137897033b642c1cf570174a9824641ecd07a4a2600f5d152c8-1789682488977521000.html,None; read-only assessment
acm_fellows.csv,"allender, eric",2006,https://dblp.org/pid/a/EAllender,Y,2026-09-17,supported,d19671cfd46cd2b660f3ed095c9d45ab0caba5d4a36c7ae83ef6b5a9188b8a37,../bigcows-crawler/.cache/dblp-refresh-2026-09-17-132635/safari/captures/5091a0034a276614d1cbe89c743fcfc04bf85f75f8d4477264340b1dbe5d5033-1789682789185597000.html,None; read-only assessment
acm_fellows.csv,Arvind,2006,https://dblp.org/pid/a/Arvind,Y,2026-09-19,supported,1338501ba5844edbf947a6c4de8e6e213a1f139bced728b57a5cfc88add9574c,../bigcows-crawler/.cache/dblp-gap-fill-2026-09-19-145403/safari/captures/d94542d84121cb8ac9c0265fa3fa8ae96db22085b7bf50525ed0bb06aeed3992-1789844464890703000.html,None; read-only assessment
acm_fellows.csv,"Atallah, Mikhail",2006,https://dblp.org/pid/a/MikhailJAtallah,Y,2026-09-18,supported,f314be56db3568a02db659a43597fc8638a76cc12e7c0cc3e6019bd9f186d955,../bigcows-crawler/.cache/dblp-missing-web-2026-09-17-203211/safari/captures/b2e4e6cc5acffcada2fe171ab30b39caed0f5744e00969d338d031e77bc03c84-1789692078734550000.html,None; read-only assessment
acm_fellows.csv,"Chen, Ming-Syan",2006,https://dblp.org/pid/c/MingSyanChen,Y,2026-09-17,supported,52ceb1db43a2fdd0b544bf26f0311ad769c4f8580d5f8d01abd96a2446557869,../bigcows-crawler/.cache/dblp-refresh-2026-09-17-132635/safari/captures/85ef6c0386d0a590dcc98e772c2391606dfa0b837082ca44cd6d2aeb86a6f2d4-1789682907897145000.html,None; read-only assessment
acm_fellows.csv,"Dumais, Susan T",2006,https://dblp.org/pid/d/SusanTDumais,Y,2026-09-17,supported,0bf3114a8488e057b776e60484a7a69e63c7b557be7676d975fc314611bdc5cf,../bigcows-crawler/.cache/dblp-refresh-2026-09-17-132635/safari/captures/ea0caf66643d67f14ea96b7a599ad588da60ce7d3211662a4af7afadf505d766-1789683028283874000.html,None; read-only assessment
acm_fellows.csv,"Fayyad, Usama M",2006,https://dblp.org/pid/f/UsamaMFayyad,Y,2026-09-17,supported,e1375b3e669b21b1062f025ef22c33c7e7b59b2766721748f25c3be8f1440740,../bigcows-crawler/.cache/dblp-refresh-2026-09-17-132635/safari/captures/83523e930645c4df0135f7b117a0927d60168ac0186a8fa7dbb79440913c6383-1789683044811422000.html,None; read-only assessment
acm_fellows.csv,"Felleisen, Matthias",2006,https://dblp.org/pid/f/MFelleisen,Y,2026-09-17,supported,64f29f30a5dc231fd5943ecda05a2abc72305feea7541c70447039c3f46736bd,../bigcows-crawler/.cache/dblp-refresh-2026-09-17-132635/safari/captures/252501e833bfb4783785f6dc4d0b325d42620caecf42e724749ae7fc92b84683-1789682879418550000.html,None; read-only assessment
acm_fellows.csv,"Forbus, Kenneth",2006,https://dblp.org/pid/f/KDForbus,Y,2026-09-17,supported,16b731742cbab493d7e2ce1bfa90ca3415cb0b9366042723ba124b182ed1093c,../bigcows-crawler/.cache/dblp-refresh-2026-09-17-132635/safari/captures/94c74257643961bcc6b53fad96234e05ae394f6ce8e60f6b1bf5dd990cf9d892-1789682832157559000.html,None; read-only assessment
acm_fellows.csv,"Gibbons, Phillip B",2006,https://dblp.org/pid/g/PhillipBGibbons,Y,2026-09-17,supported,71633983f396db1d0b74958e4c64600887bde5d5c2302479d9c760351a9966e7,../bigcows-crawler/.cache/dblp-refresh-2026-09-17-132635/safari/captures/5013f6c0f894a5ecf295853672f246fc74b624669db6f9ac89caece050bc77e8-1789683006836467000.html,None; read-only assessment
acm_fellows.csv,"Giles, Lee",2006,https://dblp.org/pid/g/CLeeGiles,Y,2026-09-17,supported,859fe5e5ea8097c666983a4c728d693f4bc61af2e37f494747fb40b966dd8ad0,../bigcows-crawler/.cache/dblp-refresh-2026-09-17-132635/safari/captures/beb60282e24762ea510a9b13d88cfcdf2b1156ad18e3400541f0d8e27b8c5859-1789682848442015000.html,None; read-only assessment
acm_fellows.csv,"Greenberg, Albert G",2006,https://dblp.org/pid/g/AlbertGGreenberg,Y,2026-09-17,supported,3fa445860e0229391e966cf49d3057e9685731bc925277a82b0c6f336d5a593e,../bigcows-crawler/.cache/dblp-refresh-2026-09-17-132635/safari/captures/32ca960959458917483419c191773533fb3efc2d7ceba0c498ded34becfddf06-1789682638307595000.html,None; read-only assessment
acm_fellows.csv,"Gropp, William D",2006,https://dblp.org/pid/g/WilliamGropp,Y,2026-09-17,supported,944497bbe633acf6ec1430c84645ff35088f67c445a35a6c48e44c03d5f15ec7,../bigcows-crawler/.cache/dblp-refresh-2026-09-17-132635/safari/captures/4d806f0fb8ced7b6399bb46274620bdeccd3d03152353be7e45ffe09eeadb035-1789683068544446000.html,None; read-only assessment
acm_fellows.csv,"Guerin, Roch",2006,https://dblp.org/pid/15/745,Y,2026-09-17,supported,26cc65e9a3065b9576be55233f2609790547013f796c9cf0bf7b8e255d9554b2,../bigcows-crawler/.cache/dblp-refresh-2026-09-17-132635/safari/captures/91dc9b76eb818be7fe73d2774036bf6d5099162693e4d6262d12c00e05210ec4-1789683014015585000.html,None; read-only assessment
acm_fellows.csv,"Guttag, John",2006,https://dblp.org/pid/g/JohnVGuttag,Y,2026-09-18,supported,94d87f14c2e08ce94f1c3dcfd2d40264b85d22c073b2b54320f34f2974a3b04f,../bigcows-crawler/.cache/dblp-missing-web-2026-09-17-203211/safari/captures/5e02978b60cd425d346bdf5f429c21168d0b7e7cbcfb30da7885f40918eda4e3-1789692069421564000.html,None; read-only assessment
acm_fellows.csv,"Haas, Laura M",2006,https://dblp.org/pid/h/LauraMHaas,Y,2026-09-17,supported,104f7cc057fd1c0a3b7e966a04440e1777cde0dccd6bb16342007f142fb0bb5e,../bigcows-crawler/.cache/dblp-refresh-2026-09-17-132635/safari/captures/4953bd2fec6f9b143d2ffd8c3d46fe26c8824714d40c590952bd92f3a3cc351c-1789682839885733000.html,None; read-only assessment
acm_fellows.csv,"Halevy, Alon Yitzchak",2006,https://dblp.org/pid/h/AlonYHalevy,Y,2026-09-17,supported,e57c0eaaa6b0863069caeec95e0fc478d0bd73df3a4e40e01a7803c74969b20f,../bigcows-crawler/.cache/dblp-refresh-2026-09-17-132635/safari/captures/e5c8ca6f374576680c1e35e5a007df5d1e264f270e48ddc28535440e78fbacac-1789682659671354000.html,None; read-only assessment
acm_fellows.csv,"Hearn, Anthony C",2006,https://dblp.org/pid/87/1081,Y,2026-09-17,supported,2d6f37c504e390fe0020c3fc2c53a72b14db6734c61ff59d69e6ae6b991f89f7,../bigcows-crawler/.cache/dblp-refresh-2026-09-17-132635/safari/captures/f6a07a431a6b6fc069909d443f3664ce97002d5f653314500f598c37663af146-1789682744004073000.html,None; read-only assessment
acm_fellows.csv,"Henzinger, Thomas A",2006,https://dblp.org/pid/h/ThomasAHenzinger,Y,2026-09-17,supported,2badd604a51e52b8705dab5acbda5cb39d43766c105b17b5389bdc3495bef2e7,../bigcows-crawler/.cache/dblp-refresh-2026-09-17-132635/safari/captures/f87b09e686b4ebb28af053d0f3f9e2f0c11c4afe1d55b31c89b92802facb3738-1789683037605768000.html,None; read-only assessment
acm_fellows.csv,"Jouppi, Norman",2006,https://dblp.org/pid/j/NormanPJouppi,Y,2026-09-17,supported,2b9b61df2394c60809af4b26f0ba5aa3555eae106fe04d8c7348030169243710,../bigcows-crawler/.cache/dblp-refresh-2026-09-17-132635/safari/captures/c57b2a75ee1277e41f66a8466f4476c4631fa1d45a6d8aaaca2c989a7e1cec61-1789682923760504000.html,None; read-only assessment
acm_fellows.csv,"Laird, John E.",2006,https://dblp.org/pid/l/JohnELaird,Y,2026-09-17,supported,95fd34b287fd02cb6c4e322c0a270b881e67833e915dc98bed00572e83088e19,../bigcows-crawler/.cache/dblp-refresh-2026-09-17-132635/safari/captures/1befab42c6e6c8ab74be8d41a3eb96b4a6dc53fcf519447cfb7ad47c1c85d9e6-1789682817161221000.html,None; read-only assessment
acm_fellows.csv,"Larus, James",2006,https://dblp.org/pid/l/JamesRLarus,Y,2026-09-17,supported,4b16ee2d377b92d8f446e3931636267c6d68309bc0335a6c04fded1b4e7e7936,../bigcows-crawler/.cache/dblp-refresh-2026-09-17-132635/safari/captures/095814e5c21c0b51ed5763f2771f6877f51462c85b98297a96b790b20df3155a-1789682809973814000.html,None; read-only assessment
acm_fellows.csv,"Leiserson, Charles E",2006,https://dblp.org/pid/l/CELeiserson,Y,2026-09-17,supported,4bae75c97f90658fcdff5f60e50870476266403246f2adacc8f3ae76ba7d0cc5,../bigcows-crawler/.cache/dblp-refresh-2026-09-17-132635/safari/captures/8eb27d3f88f2e4dcd5de984698b45593fac45b611466a527866fb90c802afc43-1789682767409087000.html,None; read-only assessment
acm_fellows.csv,"Li, Ming",2006,https://dblp.org/pid/l/MingLi1,Y,2026-09-17,supported,f2a508afae1884e79c074d04a02a51bf41dadec80de7e09fb3f415a5a2bdc17e,../bigcows-crawler/.cache/dblp-refresh-2026-09-17-132635/safari/captures/b625f2f31efefb8882690bc45a655e7c58f9a8b539b2b65583637e48e721a65f-1789682900363829000.html,None; read-only assessment
acm_fellows.csv,"McKeown, Nick",2006,https://dblp.org/pid/m/NickMcKeown,Y,2026-09-17,supported,540743706ae0fed78e9f8e6012f24dcb21a583d2be72c9d163db4246fc846217,../bigcows-crawler/.cache/dblp-refresh-2026-09-17-132635/safari/captures/498bf31071803c7810ed1a396aed466db125248d8a9058bc787789c1ac6ba574-1789682916399668000.html,None; read-only assessment
acm_fellows.csv,"Moore, J Strother",2006,https://dblp.org/pid/m/JStrotherMoore,Y,2026-09-17,supported,f9f11db8b27bfecd1a1d3d9ad04aa5b2f7b067f73613b6f99bfae672808bc6c3,../bigcows-crawler/.cache/dblp-refresh-2026-09-17-132635/safari/captures/99d5911ffc87a347bf69dfaf42f1c6432d5f87e927aa42439242183b332c2697-1789682802847446000.html,None; read-only assessment
acm_fellows.csv,"Newell, Alan",2006,https://dblp.org/pid/94/5975,Y,2026-09-19,supported,c9863458197dd2d6461dbdc80ac070a8a96f7087701d6a01f0d262cc44f5911e,../bigcows-crawler/.cache/dblp-gap-fill-2026-09-19-145403/safari/captures/390143c53aacee4ea45714008e4e1882d92116ef5d7b0aee2b776fe0ecfb1e5c-1789844450065972000.html,None; read-only assessment
acm_fellows.csv,"Norvig, Peter",2006,https://dblp.org/pid/n/PeterNorvig,Y,2026-09-17,supported,1c2104ad66554f535b722dcb910bb24e76a782484908a9dd2857596e8882cf8a,../bigcows-crawler/.cache/dblp-refresh-2026-09-17-132635/safari/captures/f35530d97fa7ad9526fe55b34f7bd4dec517d9566ca5e3ec11f236037e4c7539-1789682999391094000.html,None; read-only assessment
acm_fellows.csv,"O'Leary, Dianne Prost",2006,https://dblp.org/pid/o/DiannePOLeary,Y,2026-09-17,supported,c5ebe74a830547301b2d16aa2a06cb80ed4a7d2102f85fb806852a22429ae873,../bigcows-crawler/.cache/dblp-refresh-2026-09-17-132635/safari/captures/7816ab910b84f531f5bcc9f3163ce13b77181c2239f49e99f619e34fd55ea8ca-1789682782517991000.html,None; read-only assessment
acm_fellows.csv,"Olsen, Dan R",2006,https://dblp.org/pid/o/DanROlsen,Y,2026-09-17,supported,37b120adfdad01225f09447d49c3610dddfc8e5907d426a6970d372a08f99580,../bigcows-crawler/.cache/dblp-refresh-2026-09-17-132635/safari/captures/1aafda8bd48092f84c31e1e3c7b3d3eef0cceebf9af37c9486892c3f02979618-1789682775180521000.html,None; read-only assessment
acm_fellows.csv,"Olukotun, Oyekunle",2006,https://dblp.org/pid/o/KunleOlukotun,Y,2026-09-17,supported,6ae03e8547c3e4ec82f999f885625456a78b4c4806d4af144af02671f70eed16,../bigcows-crawler/.cache/dblp-refresh-2026-09-17-132635/safari/captures/876de379ebfc05f6217654b856e2c31c34d4dfdde37c1526f1141b85770b7837-1789682991961912000.html,None; read-only assessment
acm_fellows.csv,"Ozsu, M. Tamer",2006,https://dblp.org/pid/o/MTamerOzsu,Y,2026-09-17,supported,0788211f15f0d1df7f0a9142285b6ff5ef902ebbb18cd2cf548638db0572e90e,../bigcows-crawler/.cache/dblp-refresh-2026-09-17-132635/safari/captures/e1c5f752a2d7b056044d30ad4014825591a5cb897e0977238c8b4cd887432afd-1789682864108299000.html,None; read-only assessment
acm_fellows.csv,"Paxson, Vern",2006,https://dblp.org/pid/p/VernPaxson,Y,2026-09-17,supported,d77e66ce811ed8a210577cc0c3a5f5f94cfd0dbea111e5f6092f9343559326fe,../bigcows-crawler/.cache/dblp-refresh-2026-09-17-132635/safari/captures/8b4ad909fee6bae8862d8bcfe0af91a4dd9abff420a18072c4764c27cd97f31f-1789683051690862000.html,None; read-only assessment
acm_fellows.csv,"Scott, Michael",2006,https://dblp.org/pid/s/MichaelLScott,Y,2026-09-19,supported,0e1dcf36e9d22ee0438e92d6b2b536b7c33c9013dbb8e336aec7e17f2fc160ee,../bigcows-crawler/.cache/dblp-gap-fill-2026-09-19-145403/safari/captures/4c1ecf37e2b17773a8110a14adac6c258e5c471ff29c3bf2fb27d54335ea1fb3-1789844863396676000.html,None; read-only assessment
acm_fellows.csv,"Shum, Heung-Yeung",2006,https://dblp.org/pid/s/HarryShum,Y,2026-09-17,supported,8965b8d56f048972d6609ce4d1e20e6e3d56d9fd9357060720cf271297c95568,../bigcows-crawler/.cache/dblp-refresh-2026-09-17-132635/safari/captures/07721efcddf2d09e3dd7971f03d5d2d59f34aea223d8900f7492ad795230f3f0-1789682796108511000.html,None; read-only assessment
acm_fellows.csv,"Spector, Alfred Z",2006,https://dblp.org/pid/s/AlfredZSpector,Y,2026-09-17,supported,5a093d266b5bf98a2b3953b52d62e3341a3bb93744a673fea537fa7ff4960815,../bigcows-crawler/.cache/dblp-refresh-2026-09-17-132635/safari/captures/796aa1f748c77581518add17b2acf9b7c5ae766c0d5c08eec5c67df919da7f5c-1789682653041662000.html,None; read-only assessment
acm_fellows.csv,"Vianu, Victor",2006,https://dblp.org/pid/v/VictorVianu,Y,2026-09-17,supported,7ae716b952e24b4bc94369d6263d1b23577f352407c0ac9df7bac8d4577a3e31,../bigcows-crawler/.cache/dblp-refresh-2026-09-17-132635/safari/captures/936d2e3ce0f1b6c7bf9792e71cbf761e53a4bdf5b67b7285a61ef4a8089fe5bb-1789683059348470000.html,None; read-only assessment
acm_fellows.csv,"Winslett, Marianne",2006,https://dblp.org/pid/w/MarianneWinslett,Y,2026-09-17,supported,22f4439ffcf52dee5389b79b4a412709c4fd030bed57e5384a341e7aaf3b060c,../bigcows-crawler/.cache/dblp-refresh-2026-09-17-132635/safari/captures/242eebab0852f2af4f77a4e288058e9d57e181681b3cdb19b07d225bdd1cddc4-1789682871138911000.html,None; read-only assessment
acm_fellows.csv,"Wolf, Alexander L",2006,https://dblp.org/pid/w/AlexanderLWolf,Y,2026-09-17,supported,5a3759a93483ddf62fc9fcd2bbf1ddd1d2ccc0d580fb7bf31a1e79a69f2392e6,../bigcows-crawler/.cache/dblp-refresh-2026-09-17-132635/safari/captures/cb89acef508b8b69ce29915c6913c8127cf7c6e418be56e0fe8bba346bc0d491-1789682646398745000.html,None; read-only assessment
acm_fellows.csv,"York, Bryant W",2006,,N,,missing_known,,,None; read-only assessment
acm_fellows.csv,"Zdonik, Stanley",2006,https://dblp.org/pid/z/SBZdonik,Y,2026-09-17,supported,c55e937fc5b5eb054d113a48022f13507b7c4416e41e8a731ce0b7c2676194df,../bigcows-crawler/.cache/dblp-refresh-2026-09-17-132635/safari/captures/d7f170807e95bcbc5e39099338ebeaf9081b32de4401ba18423378a179331309-1789683021490891000.html,None; read-only assessment
acm_fellows.csv,"Zhang, Lixia",2006,https://dblp.org/pid/z/LixiaZhang1,Y,2026-09-19,supported,d060a4c5dfa234ca18f0df3ed00ad30e82af68844e50b1f3442ff41164f5ac0f,../bigcows-crawler/.cache/dblp-gap-fill-2026-09-19-145403/safari/captures/b554c95b03ee28ecd0461b67f072f9b5bd1eb603a7f2a01ba4f3ca44269c15d8-1789844993138044000.html,None; read-only assessment
acm_fellows.csv,"Anderson, Thomas",2005,https://dblp.org/pid/a/ThomasEAnderson,Y,2026-09-17,supported,2d270c3c71c13971c9950b9a7e8c9cb186228d92ad05ab5c928ccb74a05eb809,../bigcows-crawler/.cache/dblp-refresh-2026-09-17-132635/safari/captures/230075d2cd8b9d8a84432c1eb7c4d32013b61c4ae4c18376940e990df5d9e1bf-1789683349979715000.html,None; read-only assessment
acm_fellows.csv,"Bjorner, Dines",2005,https://dblp.org/pid/b/DinesBjorner,Y,2026-09-17,supported,71d1c33df1393857635f3e16dfc1d1eb13b48ed61c748017588f147d8d72ed0a,../bigcows-crawler/.cache/dblp-refresh-2026-09-17-132635/safari/captures/d61802a5c2420c2365221089c1b4c228b966522444f615f750a7f85809e60c8b-1789683123202348000.html,None; read-only assessment
acm_fellows.csv,"Bourne, Stephen",2005,,N,,missing_known,,,None; read-only assessment
acm_fellows.csv,"Brooks, Rodney A",2005,https://dblp.org/pid/b/RodneyABrooks,Y,2026-09-17,supported,67b6e713a4940aea91049ffe5e4f4c15e069fad1c16ef0c63d1ca010ce16d4c2,../bigcows-crawler/.cache/dblp-refresh-2026-09-17-132635/safari/captures/43418880b0e5f83b877ce1eed53e8c54b71c8c681f6535ac295eb9a579ca9ebb-1789683309251584000.html,None; read-only assessment
acm_fellows.csv,"Chaudhuri, Surajit",2005,https://dblp.org/pid/c/SurajitChaudhuri,Y,2026-09-17,supported,0238dbfac473215e3c82e72dc980507345405227131f1f25bde06c6fa3b76f89,../bigcows-crawler/.cache/dblp-refresh-2026-09-17-132635/safari/captures/fcf8a99632a86379116dd0540c0d707899f3a656e4c117731c5393ab0075309d-1789683333549529000.html,None; read-only assessment
acm_fellows.csv,"Cooper, Keith",2005,https://dblp.org/pid/c/KeithDCooper,Y,2026-09-17,supported,367a1deabf74648403241c67bdbec25ea761bdcbd42d297b2456d0d918accc0e,../bigcows-crawler/.cache/dblp-refresh-2026-09-17-132635/safari/captures/b7d9023c35892a5778c5a7355b48cfc90a16c59ac5918966841ea9aed6aceead-1789683162227226000.html,None; read-only assessment
acm_fellows.csv,"Dill, David",2005,https://dblp.org/pid/d/DavidLDill,Y,2026-09-19,supported,e2c60054ed9e575ab27f6591c3b59f939fa67bfdb7b23f53770c1b8e411fdfe3,../bigcows-crawler/.cache/dblp-gap-fill-2026-09-19-145403/safari/captures/6790effcd4f2a85e6d00461ca7eca7b3f3fd4235a1419c6f5a766d5f98b1440a-1789844512578293000.html,None; read-only assessment
acm_fellows.csv,"Diot, Christophe",2005,https://dblp.org/pid/98/739,Y,2026-09-17,supported,b85d079d429202701dfcc1f758a3e9b03330e52c6ffac30c4096d7a98368d32a,../bigcows-crawler/.cache/dblp-refresh-2026-09-17-132635/safari/captures/4e129c5e1a9966f522c41940a3cdc3edb06b90b2b981ebc333a54a447058e8a7-1789683083018020000.html,None; read-only assessment
acm_fellows.csv,"Dubois, Michel",2005,https://dblp.org/pid/80/1836-1,Y,2026-09-19,supported,ca87349febffcb5f748d2f919da4b1cd6db7996650b896676e87e7312174d274,../bigcows-crawler/.cache/dblp-gap-fill-2026-09-19-145403/safari/captures/97c74033be6e7e117c46fc58fd6a5898624ded56a466a0307408a80c3488d834-1789844411140244000.html,None; read-only assessment
acm_fellows.csv,"Franklin, Michael J",2005,https://dblp.org/pid/f/MJFranklin,Y,2026-09-17,supported,a431e4f4e2a4cccc9b9d5dc5a292ed890f5ce402f46013bd43ea4e8502438003,../bigcows-crawler/.cache/dblp-refresh-2026-09-17-132635/safari/captures/e2f03f6cf9c317e804c925601f7754fdec49034d34ad2654d755996b175609c3-1789683255029784000.html,None; read-only assessment
acm_fellows.csv,"Frieder, Ophir",2005,https://dblp.org/pid/f/OphirFrieder,Y,2026-09-17,supported,ad210a1ab2d26a9324b3773a5c5042420b388995c8e45ba7f2fb1721a1bf785f,../bigcows-crawler/.cache/dblp-refresh-2026-09-17-132635/safari/captures/4800556f9e100a5f0cb5980554dce51ab4a58bd7792d103741e321a06e659f93-1789683287140448000.html,None; read-only assessment
acm_fellows.csv,"Harper, Robert",2005,https://dblp.org/pid/h/RobertHarper,Y,2026-09-17,supported,28d411f15e7f1ca09c1907d1460eef3c27554cedb39249112d647be8177571e6,../bigcows-crawler/.cache/dblp-refresh-2026-09-17-132635/safari/captures/d84c1e4a30ce2317888a4391c0cee01b0513f9a9dd3f7ca3a837480d38c5c360-1789683302309859000.html,None; read-only assessment
acm_fellows.csv,"Herlihy, Maurice",2005,https://dblp.org/pid/h/MauriceHerlihy,Y,2026-09-17,supported,3437cdd4810577c48fa6d129a49fdcdb9a659fdc05bc14ce396474a64f28ff7b,../bigcows-crawler/.cache/dblp-refresh-2026-09-17-132635/safari/captures/0e1c18aa1154aa1e4c9202f219bec9acf8117a8c97f481290eeafda8fb862fff-1789683245884641000.html,None; read-only assessment
acm_fellows.csv,"Kolaitis, Phokion",2005,https://dblp.org/pid/k/PGKolaitis,Y,2026-09-17,supported,b76be58c767f881d2fb46fe303d4eeb4494a73239dd727d7184b4ade341eb2eb,../bigcows-crawler/.cache/dblp-refresh-2026-09-17-132635/safari/captures/722f636cc3321958a9f447dd79038a4e60112318239d4f316e60dd0abc1493a9-1789683295249369000.html,None; read-only assessment
acm_fellows.csv,"kumar, vipin",2005,https://dblp.org/pid/k/VipinKumar-1,Y,2026-09-17,supported,8fc71a6dd530f5709a206d0543db7ed49d89a7baf83828420c0a60fef87664ee,../bigcows-crawler/.cache/dblp-refresh-2026-09-17-132635/safari/captures/546d658d4b14f20ae2841d54ce300650d5159119aa211132adb8c50a6c38c8d2-1789683386495866000.html,None; read-only assessment
acm_fellows.csv,"Lakshman, T V",2005,https://dblp.org/pid/43/2247,Y,2026-09-17,supported,58e8956f75a3aed3f679ae8bcc44ebca1949448ecfb88139ee12b136aceb22ea,../bigcows-crawler/.cache/dblp-refresh-2026-09-17-132635/safari/captures/66b941b7eddaa3e1913486a9fd88a3bf5998cca05cfa39027ed8cd0fd651a437-1789683341325312000.html,None; read-only assessment
acm_fellows.csv,"Myers, Brad A",2005,https://dblp.org/pid/54/1970,Y,2026-09-17,supported,f12ac7c9aeaffc80eef7ff5f356aef13654a39c993485dd9109c090c8b21131c,../bigcows-crawler/.cache/dblp-refresh-2026-09-17-132635/safari/captures/d502273538b7e5930bc89c6832120a862cf3ec08453e19f1d39fdc382a29d239-1789683076099978000.html,None; read-only assessment
acm_fellows.csv,"Nicol, David M",2005,https://dblp.org/pid/n/DavidMNicol,Y,2026-09-17,supported,bf27530891f8ce0e55dece8054adae77830d8141589bcb03b93f5aaa50a405fc,../bigcows-crawler/.cache/dblp-refresh-2026-09-17-132635/safari/captures/198c206d0c7edb75f14496e8efd89adefa62e89c2c1c91ed497263885312cee2-1789683115474458000.html,None; read-only assessment
acm_fellows.csv,"Palem, Krishna",2005,https://dblp.org/pid/41/4448,Y,2026-09-18,supported,be51b6da91b66e891cd45605d3947758c49dac441a6c66774c670bcc11dd8b24,../bigcows-crawler/.cache/dblp-missing-web-2026-09-17-203211/safari/captures/33076b2cf40150fc6c7e6787d498fdaf74ef723ef248034d2737a461479247f4-1789692094839737000.html,None; read-only assessment
acm_fellows.csv,"Reps, Thomas",2005,https://dblp.org/pid/r/TWReps,Y,2026-09-17,supported,944ce93c0c02d6bb3afa5bbd8f14b61744cc05179c4443dfa68cc399240a9d0d,../bigcows-crawler/.cache/dblp-refresh-2026-09-17-132635/safari/captures/fd169d612fae3588446e55759456d0f490da1d9ca363685b5a06bb30ab6915ba-1789683357211603000.html,None; read-only assessment
acm_fellows.csv,"Sha, Lui",2005,https://dblp.org/pid/67/5282,Y,2026-09-17,supported,04d4f16d8da86d4ee77bd2e4549663ba5c0f65e95d8b3d17bd949c064643ed36,../bigcows-crawler/.cache/dblp-refresh-2026-09-17-132635/safari/captures/559075e9749c6779a7acd940dbc9c75f608c00220d7b6925afcbf5cea68849c3-1789683177649366000.html,None; read-only assessment
acm_fellows.csv,"Thorup, Mikkel",2005,https://dblp.org/pid/t/MikkelThorup,Y,2026-09-17,supported,73fbe725ea7824f018c0e5094f624e320e92e667b7bea38bf5b7d612f44bb863,../bigcows-crawler/.cache/dblp-refresh-2026-09-17-132635/safari/captures/72e7379c644d660844c8339ef48798ad134c1d8fd5bb9b4eb176a78406613f09-1789683277953011000.html,None; read-only assessment
acm_fellows.csv,"Upfal, Eli",2005,https://dblp.org/pid/u/EliUpfal,Y,2026-09-17,supported,5df6ef8b87786e5a905f58f42f5c0d134a74e61929875f40ce4771e7ebab1df1,../bigcows-crawler/.cache/dblp-refresh-2026-09-17-132635/safari/captures/a93b3a0f41f30dfa3c43b2accaeb44af4709ca071fa78929714dfcf0e4829ecd-1789683130980897000.html,None; read-only assessment
acm_fellows.csv,"Vazirani, Umesh",2005,https://dblp.org/pid/v/UVVazirani,Y,2026-09-17,supported,931b71504f4bed92115066066960eaef68a5c7c3ce1f2a47366545ee4c71c423,../bigcows-crawler/.cache/dblp-refresh-2026-09-17-132635/safari/captures/a4b0253ed2c6ff3d7c104c11b5a115d57ef82bbc9b806f3de4bf6cd96515ba63-1789683364855619000.html,None; read-only assessment
acm_fellows.csv,"Vazirani, Vijay V",2005,https://dblp.org/pid/84/5806,Y,2026-09-17,supported,c465aa750b3711d92b8ecb814b79b8569f6caf3640c3e52e71496b093149faa6,../bigcows-crawler/.cache/dblp-refresh-2026-09-17-132635/safari/captures/37aa36849788d3dd709ac7a644e040efd670f82c0590f11d6194d72b76e92527-1789683379053947000.html,None; read-only assessment
acm_fellows.csv,"Want, Roy",2005,https://dblp.org/pid/05/1220,Y,2026-09-17,supported,ddc616b1f6c8418884633414f0225fadc4517a60b82370260bc139e3a584ba1f,../bigcows-crawler/.cache/dblp-refresh-2026-09-17-132635/safari/captures/4c7e4444bdfbb6f111ef36af507e3bb57585b045fb5a4a0a169a96a1d782cd89-1789683317400459000.html,None; read-only assessment
acm_fellows.csv,"Weikum, Gerhard",2005,https://dblp.org/pid/w/GerhardWeikum,Y,2026-09-17,supported,51dee95e5a6367d2e062968d8fe30aa8239e7018cd74a72614cf8e3b04cf535e,../bigcows-crawler/.cache/dblp-refresh-2026-09-17-132635/safari/captures/24f99b0d69bb40b9037fb106951c8c6bd97b728815462395302662a4ed2bd20f-1789683139796310000.html,None; read-only assessment
acm_fellows.csv,"Weiser, Uri",2005,https://dblp.org/pid/35/1243,Y,2026-09-17,supported,61ab61092e6e74333c8da300c79ffed9e120b6f3dfb9c0f828ce04a515545bfd,../bigcows-crawler/.cache/dblp-refresh-2026-09-17-132635/safari/captures/20da51db4ad70fcafe333a00473f838c77345820fbd6a696135f74fef57fb9af-1789683372342415000.html,None; read-only assessment
acm_fellows.csv,"Weld, Daniel",2005,https://dblp.org/pid/w/DanielSWeld,Y,2026-09-17,supported,3df8122fa69ac1775818f448bc5a223b82e39d7756e493725e0ef90061d2ab1d,../bigcows-crawler/.cache/dblp-refresh-2026-09-17-132635/safari/captures/a28bb26b3078cf65261e08fe4804f13b23a5958f057cdd329d1ad368b5ee34d6-1789683091483487000.html,None; read-only assessment
acm_fellows.csv,"Wellman, Michael",2005,https://dblp.org/pid/w/MichaelPWellman,Y,2026-09-17,supported,a46cc5e7412b191c0913159e937289ed408f7e11077b6cc707ccc0d49b799ac3,../bigcows-crawler/.cache/dblp-refresh-2026-09-17-132635/safari/captures/0a097171389e8371e9d0694714fe73dd6a888692c4f09aa0e0b2c8cd6c6a4238-1789683263536348000.html,None; read-only assessment
acm_fellows.csv,"Widom, Jennifer",2005,https://dblp.org/pid/w/JenniferWidom,Y,2026-09-17,supported,62cbef0e2613ff47524e6aae4e20022046746ebe01cd15884add7be3b9474d69,../bigcows-crawler/.cache/dblp-refresh-2026-09-17-132635/safari/captures/3e0a9880a52ed47287d61c89e2523e546ede563057789d7ce29a9454c13e4e35-1789683154259120000.html,None; read-only assessment
acm_fellows.csv,"Willinger, Walter",2005,https://dblp.org/pid/w/WalterWillinger,Y,2026-09-17,supported,54273d1baa3485516f0483682494386415e6064603fd7e2348150b6db8b03171,../bigcows-crawler/.cache/dblp-refresh-2026-09-17-132635/safari/captures/ffcbf9862e628fd2511655519729a891e80ba6f5f5db68a5b0329ddd651a9e59-1789683395384551000.html,None; read-only assessment
acm_fellows.csv,"Wood, David A",2005,https://dblp.org/pid/w/DavidAWood,Y,2026-09-17,supported,1710abf752ad79e640aa7d370f57c4372909afbf96e19aad5cc8801edcd0979d,../bigcows-crawler/.cache/dblp-refresh-2026-09-17-132635/safari/captures/ef101d53b081380eb1a4a7ff79d39c0f02b6630c0d904116e041903c3b4a5559-1789683100256157000.html,None; read-only assessment
acm_fellows.csv,"Zhang, Hui",2005,https://dblp.org/pid/z/HuiZhang1,Y,2026-09-18,supported,50005715f902afe98a49c637e910d291c6a29212bee51a3c4622cf9cabe54a81,../bigcows-crawler/.cache/dblp-missing-web-2026-09-17-203211/safari/captures/d24f5902c4d0718067046527f11dae73ac3b8ab428fe88f410bdbbb43ed4bb7d-1789692086664160000.html,None; read-only assessment
acm_fellows.csv,"Bose, Bella",2004,https://dblp.org/pid/b/BellaBose,Y,2026-09-17,supported,03b8cd47ae4de18ba1e0c129de6bcf9080df05e8481800eb50d7a200da40993b,../bigcows-crawler/.cache/dblp-refresh-2026-09-17-132635/safari/captures/c219211cdd2512c6a424c24c8b3fbc8d4b24f7de0c910072d58292c004333d08-1789683418704189000.html,None; read-only assessment
acm_fellows.csv,"Bubenko, Janis A",2004,https://dblp.org/pid/b/JABubenko,Y,2026-09-17,supported,d9fe759db547aeda390e82338a6036575b6dee60f3ecde60c107f66fd5b5e52a,../bigcows-crawler/.cache/dblp-refresh-2026-09-17-132635/safari/captures/066d733e627537f8b50b6145f846a85e83cdd97b97da545cc9b0c064c23adaad-1789683512838653000.html,None; read-only assessment
acm_fellows.csv,"Cardelli, Luca",2004,https://dblp.org/pid/c/LucaCardelli,Y,2026-09-17,supported,4d661e994dc0590bbd61161692c2abf8b7400af14832093b7a702a6db833738a,../bigcows-crawler/.cache/dblp-refresh-2026-09-17-132635/safari/captures/ae5886ef9a61282e0c6c44475595eca92365cc21aeb4fe33188efdf25446f7e9-1789683527405049000.html,None; read-only assessment
acm_fellows.csv,"Chien, Andrew A",2004,https://dblp.org/pid/c/AAChien,Y,2026-09-19,supported,5f3042205005e80c401d2ef8193ff379af7de3ca6fb8f6ce5fa0caeca78e3c1b,../bigcows-crawler/.cache/dblp-gap-fill-2026-09-19-145403/safari/captures/b81aabb4f05b33644977496ceba978b4ce73b27204b35645cbb8578d8963c94b-1789844480235204000.html,None; read-only assessment
acm_fellows.csv,"Collins, George E",2004,https://dblp.org/pid/15/3541,Y,2026-09-17,supported,0a170f7d09a73f46c6d1423fdf2de97de474dd371b7acba1ccf493db4ef29bff,../bigcows-crawler/.cache/dblp-refresh-2026-09-17-132635/safari/captures/628b02a249115e087a74db4721e2cf79fe2ec763569ffc06b599438ab3095649-1789683505239200000.html,None; read-only assessment
acm_fellows.csv,"Emer, Joel",2004,https://dblp.org/pid/73/2231,Y,2026-09-17,supported,8789a189e81a5d34ddc263577e7a452dacd165825bea5d8062ea34978c1cf733,../bigcows-crawler/.cache/dblp-refresh-2026-09-17-132635/safari/captures/603dabcbb8a64af52bf906569b2280e420c16fe539d598edb5f0c071590d0fbd-1789683520691871000.html,None; read-only assessment
acm_fellows.csv,"Gottlieb, Allan",2004,https://dblp.org/pid/46/6176,Y,2026-09-17,supported,d5fba49eaaf72e8b80e862fc3da2d6e42fcc4ec5063a24482338daa007f539b2,../bigcows-crawler/.cache/dblp-refresh-2026-09-17-132635/safari/captures/139291eea2f2d03342743047846be440b162047210c09a0a51d6e44a9b7a8d20-1789683403743597000.html,None; read-only assessment
acm_fellows.csv,"Hanson, Vicki",2004,https://dblp.org/pid/38/3540,Y,2026-09-17,supported,9a998deb3c1c3fd4f3821809165f52d8063b76016bdbc8f0c69720993cfc5b22,../bigcows-crawler/.cache/dblp-refresh-2026-09-17-132635/safari/captures/ea537e1cca58b9dfec43dc5d4f6ef2a447238917ebf0f178447a0eed93946214-1789683590107513000.html,None; read-only assessment
acm_fellows.csv,"Hill, Mark D.",2004,https://dblp.org/pid/h/MarkDHill,Y,2026-09-17,supported,bb51f99c4f7f514a676b580b1824bd67c035a322799155646f338cc0bcbeed0a,../bigcows-crawler/.cache/dblp-refresh-2026-09-17-132635/safari/captures/318dc6ee1a12831070b0d346bed7d1a663c919b2f2629b6e0989213984b7d73f-1789683534207045000.html,None; read-only assessment
acm_fellows.csv,"Ioannidis, Yannis",2004,https://dblp.org/pid/i/YEIoannidis,Y,2026-09-17,supported,a77e3579cccfc0eb197e683320f3921e0b73635188cab3464ae0cf19369eba78,../bigcows-crawler/.cache/dblp-refresh-2026-09-17-132635/safari/captures/5da0ab7f38565b7ddb91d5b3a3937c20e209b340d8921e0acdc5d2bb889c3d3c-1789683597138601000.html,None; read-only assessment
acm_fellows.csv,"Kaashoek, Frans",2004,https://dblp.org/pid/k/MFransKaashoek,Y,2026-09-17,supported,30fabe7159b91f642e49fe9e4977709183999cac182dcbaf3091770063700b87,../bigcows-crawler/.cache/dblp-refresh-2026-09-17-132635/safari/captures/b086c1893271cd6d87fc1486950edc5723422af0e2341ca339c3626b7d76a033-1789683498172612000.html,None; read-only assessment
acm_fellows.csv,"larson, per-ake",2004,https://dblp.org/pid/l/PALarson,Y,2026-09-17,supported,e95994b990bc66b9a41a85ab14846c25f5da1a6cc2655c2bb18fb97c87ebaf17,../bigcows-crawler/.cache/dblp-refresh-2026-09-17-132635/safari/captures/ce59e51ff312252a7f83b1d5d047ba5394068b762dcc285100654ec7e97c2031-1789683554602864000.html,None; read-only assessment
acm_fellows.csv,"Lee, Peter",2004,https://dblp.org/pid/l/PeterLee1,Y,2026-09-19,supported,8602827e048922c8056980544c7e9967ef6a51a74eb3ad75bfd8ec16aeaa0d97,../bigcows-crawler/.cache/dblp-gap-fill-2026-09-19-145403/safari/captures/5d81a824b0f0340fea6a4f236dd15c94bfcbe768fa119d4d20864312a365e0db-1789844718395655000.html,None; read-only assessment
acm_fellows.csv,"Mockapetris, Paul",2004,https://dblp.org/pid/m/PaulVMockapetris,Y,2026-09-17,supported,0bfd66804f3f4d8c060b5a4cde49705a9b5a9b8d0cbc0c2761d05fd813b18dcb,../bigcows-crawler/.cache/dblp-refresh-2026-09-17-132635/safari/captures/fec4b4d5e3b2a2cc7c34d1fefc3a79cb8f4d742176b0d3e00c1acda53fab95c9-1789683547680635000.html,None; read-only assessment
acm_fellows.csv,"Peyton-Jones, Simon L",2004,https://dblp.org/pid/j/SimonLPeytonJones,Y,2026-09-17,supported,c01bfc5976215cd9efecafa89e4aa4b22b4a6b8da94f523c0b9f249bb5591bfa,../bigcows-crawler/.cache/dblp-refresh-2026-09-17-132635/safari/captures/8149080ddcd2ce49549c6eee7f91d5a84c33632edb1bad2bbcd8f8661feed430-1789683576522514000.html,None; read-only assessment
acm_fellows.csv,"Schantz, Richard",2004,https://dblp.org/pid/49/617,Y,2026-09-17,supported,32d5e266b463ffe6edaf303b90c76a97ae73b4a1625fc390a3e0bcbe1ca0338d,../bigcows-crawler/.cache/dblp-refresh-2026-09-17-132635/safari/captures/a1dbbad4db826fbf2191a39954d66eac38da01cd634be2d7c9718bb6c109b572-1789683569968385000.html,None; read-only assessment
acm_fellows.csv,"Schroeder, Michael D",2004,https://dblp.org/pid/s/MichaelDSchroeder,Y,2026-09-17,supported,cee43c82fc12e2857373d5a777daf29da21107d91fcbf2b9712d251f648b25af,../bigcows-crawler/.cache/dblp-refresh-2026-09-17-132635/safari/captures/565e2031ce63f8270aa3f83cc6e55f4de0483aaff30362df4c2ee732b331e2b9-1789683541295948000.html,None; read-only assessment
acm_fellows.csv,"Vassiliadis, Stamatis",2004,https://dblp.org/pid/v/SVassiliadis,Y,2026-09-17,supported,079c9373399ea09e75bedade50e6ebe7371648512ca997eee7f0776f30b0eb49,../bigcows-crawler/.cache/dblp-refresh-2026-09-17-132635/safari/captures/9c0ac3aedd1f67551300dc9a89523f1bbbbd402eedc7060bc11acf604b2f3564-1789683583297645000.html,None; read-only assessment
acm_fellows.csv,"Wah, Benjamin W.",2004,https://dblp.org/pid/w/BenjaminWWah,Y,2026-09-17,supported,79b7dd49033c179d3c3479c985e1530a132a06169ebca0522c7d9f4a5923a048,../bigcows-crawler/.cache/dblp-refresh-2026-09-17-132635/safari/captures/394c2220703d7ab87dd97fdcf5f1d11d0d1339626ab40ff7dc827427c4941a5a-1789683426685132000.html,None; read-only assessment
acm_fellows.csv,"Wise, David S",2004,https://dblp.org/pid/56/4545,Y,2026-09-17,supported,e87557513501a91b5bd9b10bdd32f53e664b054fe52371bb1851466e57225206,../bigcows-crawler/.cache/dblp-refresh-2026-09-17-132635/safari/captures/c87784723d019c9910f3838c66929f7e6a8c04e271eeb02ca7c37e2c0fd2a8cf-1789683433259539000.html,None; read-only assessment
acm_fellows.csv,"Agrawal, Rakesh",2003,https://dblp.org/pid/a/RAgrawal,Y,2026-09-17,supported,2ae9b308c05b106b4b97e0f30d0b0be167a788f2a8b377add6a37624da05baf3,../bigcows-crawler/.cache/dblp-refresh-2026-09-17-132635/safari/captures/d505adb418e05dcdf97660e808b96cf4ee7762e0ec1eb00116ebcb50eeb76a14-1789683832193206000.html,None; read-only assessment
acm_fellows.csv,"Ammar, Mostafa",2003,https://dblp.org/pid/a/MHAmmar,Y,2026-09-17,supported,773d500d843be5e7504f305307ceac91bc5c2b9b11dc6ea7c57709433e0a2b62,../bigcows-crawler/.cache/dblp-refresh-2026-09-17-132635/safari/captures/c906293bbfcace9c21197d57d54d4c918d6a195f3fbe825658702b5cf14e04b0-1789683801498616000.html,None; read-only assessment
acm_fellows.csv,"Bahl, Victor",2003,https://dblp.org/pid/b/ParamvirBahl,Y,2026-09-17,supported,3a6e349f49799f14f1821b3e02d1c7a5ea88df50ea869a6f8a6b468cc15cc076,../bigcows-crawler/.cache/dblp-refresh-2026-09-17-132635/safari/captures/7f9434291a0ca3e53d770451f0818da36ef80f07fb611249031f05d3faafbbf5-1789683881834078000.html,None; read-only assessment
acm_fellows.csv,"Berger, Bonnie",2003,https://dblp.org/pid/b/BonnieBerger,Y,2026-09-17,supported,5c8540ba124bcbdb55cd191dbd6f0a165677080d02aac47cc391042bbb813fa3,../bigcows-crawler/.cache/dblp-refresh-2026-09-17-132635/safari/captures/939804af2adf16de3b99c5ad58c0ccde01fca9ce7e62b5f256fb6be21770f1eb-1789683621302691000.html,None; read-only assessment
acm_fellows.csv,"Bertino, Elisa",2003,https://dblp.org/pid/b/ElisaBertino,Y,2026-09-17,supported,e10b86f523910594c71141f06388decae9e62e2541c658f1ecea2cc839bbe503,../bigcows-crawler/.cache/dblp-refresh-2026-09-17-132635/safari/captures/0053225522b281ef7a3262ba94b3f6c58a3cf48fdb4e820bce50058b80aa97dd-1789683670584410000.html,None; read-only assessment
acm_fellows.csv,"Carroll, John Millar",2003,https://dblp.org/pid/c/JohnMCarroll,Y,2026-09-19,supported,5286230c1febab8e01615f457ffffaabc438b70617f9ad6a5726fc4ab0360086,../bigcows-crawler/.cache/dblp-gap-fill-2026-09-19-145403/safari/captures/66e1265e34517a35257eecc37ddb635a0c183eddcfc6a6a1bcace277532c3ea1-1789844504418689000.html,None; read-only assessment
acm_fellows.csv,"DeMillo, Richard",2003,https://dblp.org/pid/10/3823,Y,2026-09-17,supported,18bc572b523e3a4913e0790c556e3ef899925a5f33ec52ad3fbdaf7867f9d331,../bigcows-crawler/.cache/dblp-refresh-2026-09-17-132635/safari/captures/85c097fb24ec29b43059639c2649e25c114bfac3589023075db667925f4db295-1789683849367663000.html,None; read-only assessment
acm_fellows.csv,"Grosz, Barbara J",2003,https://dblp.org/pid/g/BarbaraJGrosz,Y,2026-09-17,supported,71f8529bc4978ca7d736daa7ddc2412fc5afe212e16c6a3ff95398cbbe60d1bb,../bigcows-crawler/.cache/dblp-refresh-2026-09-17-132635/safari/captures/19b9ea1499b3ae895b374c4192a78861eb3c80528a8b02a48e2413f8eb924f61-1789683613017717000.html,None; read-only assessment
acm_fellows.csv,"Hailpern, Brent T",2003,https://dblp.org/pid/h/BrentHailpern,Y,2026-09-17,supported,9d5096823bc3c3e0801ebe63cb267163429c4b018b3e87b7c6fd4f32fabfbfe4,../bigcows-crawler/.cache/dblp-refresh-2026-09-17-132635/safari/captures/b10d330fe67dff48071a6f9f218c1c03657418c7f869f27cd1367b4e83fb658e-1789683629416916000.html,None; read-only assessment
acm_fellows.csv,"Han, Jiawei",2003,https://dblp.org/pid/h/JiaweiHan,Y,2026-09-18,supported,ffa66510257834523c3e125a08c027245c6c2dcde6b48687776d0935da06bcd4,../bigcows-crawler/.cache/dblp-missing-web-2026-09-17-203211/safari/captures/ebd68c95b0f935dd02f5ade89a7f1f6d5c162185d36e4aa106501ba9fc0ebe9e-1789692103977903000.html,None; read-only assessment
acm_fellows.csv,"Harrold, Mary",2003,https://dblp.org/pid/h/MaryJeanHarrold,Y,2026-09-17,supported,bc6468cbcdab04a262450330c39c168f8bdcdb45665be5d871335e4241546b5c,../bigcows-crawler/.cache/dblp-refresh-2026-09-17-132635/safari/captures/27782fdebbb48e6a25126c0ef4e2fcb04438b0a0600337f204632b44ed8f912e-1789683793298113000.html,None; read-only assessment
acm_fellows.csv,"Hart, Peter E",2003,https://dblp.org/pid/16/3809,Y,2026-09-19,supported,19a7ea4e0d43c77855ae888838f5f3a9547f57f783a5652e1db5df64bbe186eb,../bigcows-crawler/.cache/dblp-gap-fill-2026-09-19-145403/safari/captures/b233c2374e5448fde5eb5970669e797b4379479c0c8177b5421f22fd7e477a7a-1789844156650107000.html,None; read-only assessment
acm_fellows.csv,"Horowitz, Mark A",2003,https://dblp.org/pid/h/MarkHorowitz,Y,2026-09-17,supported,e4fbbb4d1c4e9fe06f6103a0c744f1db53c30d2d27a5cdcb39bf0cf560046943,../bigcows-crawler/.cache/dblp-refresh-2026-09-17-132635/safari/captures/06949b5511548eee0179598061a24093e66e101cef3c1f6eac863733398985f7-1789683786583485000.html,None; read-only assessment
acm_fellows.csv,"Hudak, Paul",2003,https://dblp.org/pid/h/PaulHudak,Y,2026-09-17,supported,25ef16dc8439329f826495e33c70b79504a008f4b99a239fff7be7aa51799477,../bigcows-crawler/.cache/dblp-refresh-2026-09-17-132635/safari/captures/2af3eebbdd644750badffda86aca8bfda7160cdeb9961cf84527fe6838fc8946-1789683816143956000.html,None; read-only assessment
acm_fellows.csv,"Jagadish, H V",2003,https://dblp.org/pid/j/HVJagadish,Y,2026-09-17,supported,c2788442dbc4ab31689d40f1a2f12d8756db1e8968617e9704ca9644bb8dc06f,../bigcows-crawler/.cache/dblp-refresh-2026-09-17-132635/safari/captures/0f0f5622be07d6dd927919beec7228b4e46d197d7f9c86adc9c76ac3eabc1a7d-1789683756459612000.html,None; read-only assessment
acm_fellows.csv,"Jain, Anil K",2003,https://dblp.org/pid/j/AnilKJain,Y,2026-09-17,supported,6b7435f6bcb834d35709377653f4cd362cfa0827101d8f6ac62109690cdca886,../bigcows-crawler/.cache/dblp-refresh-2026-09-17-132635/safari/captures/82a5c56959f9e3cabb3686fddb5adaaae5675c2a3a53656a1b95a6fea78e90f1-1789683605376339000.html,None; read-only assessment
acm_fellows.csv,"Jain, Ramesh C",2003,https://dblp.org/pid/j/RameshJain,Y,2026-09-17,supported,5a2f070c243a2d286f357b99d82c848dc78736ac338be40d6434aac4e87c9507,../bigcows-crawler/.cache/dblp-refresh-2026-09-17-132635/safari/captures/6570c2eb77af32c036ed9136ebd6c50888f8b3216abaad912f0723203fe52734-1789683841486439000.html,None; read-only assessment
acm_fellows.csv,"Jha, Niraj K.",2003,https://dblp.org/pid/j/NirajKJha,Y,2026-09-17,supported,eb12e1cbfa912a3662641e1fb88f8efa4ac114bcd92f06a5c2e39be78b572d30,../bigcows-crawler/.cache/dblp-refresh-2026-09-17-132635/safari/captures/c4026b875c1efc84c2326bf79234c8bb21dfb2b5ef3f57fcb24b4b5dcddd5379-1789683809600485000.html,None; read-only assessment
acm_fellows.csv,"Kozen, Dexter",2003,https://dblp.org/pid/k/DexterKozen,Y,2026-09-17,supported,76e5baa1a3d91eed9f07dc2e5003e6334a1d60df109f63e7a37296984c4ef275,../bigcows-crawler/.cache/dblp-refresh-2026-09-17-132635/safari/captures/17937ac5c632997ff14cc50ad1fbcd90728f72940c2dacc40e771258263c1270-1789683661254266000.html,None; read-only assessment
acm_fellows.csv,"Lin, Yi-Bing",2003,https://dblp.org/pid/l/YiBingLin,Y,2026-09-17,supported,dd2b8daaf303063436eb51f34e61e92474761f0be62aa5bf74d1794fffe4420a,../bigcows-crawler/.cache/dblp-refresh-2026-09-17-132635/safari/captures/aa441423c9bbd4c65c88ffdcab0184feb7f17ede508ece74f3aba57a338fbb00-1789683898522725000.html,None; read-only assessment
acm_fellows.csv,"McKeown, Kathleen",2003,https://dblp.org/pid/m/KathleenMcKeown,Y,2026-09-17,supported,d957095ad0ea98724e2aafe69714c6bc6be0f0070005fbacfb76bc934b2a1ab8,../bigcows-crawler/.cache/dblp-refresh-2026-09-17-132635/safari/captures/67b451496c1d2b17c2277f0b363779f0fc698f81ca2b73493fbb22cef0f0dbb5-1789683778712149000.html,None; read-only assessment
acm_fellows.csv,"Moran, Thomas",2003,https://dblp.org/pid/30/3377,Y,2026-09-19,supported,0c8989ca9ad4613e8be8470f941d0d56d286f87ce919f8e30b8824d3a43042d0,../bigcows-crawler/.cache/dblp-gap-fill-2026-09-19-145403/safari/captures/74145374a9feed148384ff6b64808f1aed69af8ccd85a06b7fd0443d6f91286a-1789844203567157000.html,None; read-only assessment
acm_fellows.csv,"Myers, Eugene",2003,https://dblp.org/pid/m/EugeneWMyers,Y,2026-09-17,supported,a214ea3c2b7eea55ec244141e1aada779bbd2fa21e3f6fe6b8d67aad960b8202,../bigcows-crawler/.cache/dblp-refresh-2026-09-17-132635/safari/captures/5253ea6b6f07994ad55e4a13842a2010574615957b1ea1ac1a83460d7978fc3f-1789683677330801000.html,None; read-only assessment
acm_fellows.csv,"Partridge, Craig",2003,https://dblp.org/pid/45/6587,Y,2026-09-17,supported,1b71759144d521b6232af77c83957e0b8bce1b33324d0b9c3d0242f6f8f6f0c1,../bigcows-crawler/.cache/dblp-refresh-2026-09-17-132635/safari/captures/4e2e8a382f3060740381588a52f0e745b6fd5f3b4d75ded6d97eae055670e288-1789683645453472000.html,None; read-only assessment
acm_fellows.csv,"Reed, Daniel A",2003,https://dblp.org/pid/87/2101,Y,2026-09-17,supported,0acebc4e6923ec048fc7ec34e29038349d84d59efc9ea0c07aa74b1f4a541448,../bigcows-crawler/.cache/dblp-refresh-2026-09-17-132635/safari/captures/e5b0a50196542df00233e18e7ca046b94f7cd99ab291150ee38266a014cd80e6-1789683653579295000.html,None; read-only assessment
acm_fellows.csv,"Russell, Stuart",2003,https://dblp.org/pid/r/SJRussell,Y,2026-09-17,supported,24b354e090cf01613d7860b99713e5f07efb4a21418a095a2a42e53dab45a1a5,../bigcows-crawler/.cache/dblp-refresh-2026-09-17-132635/safari/captures/11d1d66add16d74f7b879922c0b396d30a36bd3b3a216f6f447c06945cdda768-1789683866703491000.html,None; read-only assessment
acm_fellows.csv,"Sanders, William",2003,https://dblp.org/pid/s/WilliamHSanders,Y,2026-09-19,supported,346de158d6ead38f3b1e2dfd7336f3c59bccf62f823312b0b41bb435ce4f46b4,../bigcows-crawler/.cache/dblp-gap-fill-2026-09-19-145403/safari/captures/12d1c56b20805d4a9a60271c0baa8893cacc09a8c99e5d4772bf9bff66c5749d-1789844940874036000.html,None; read-only assessment
acm_fellows.csv,"Shenker, Scott J",2003,https://dblp.org/pid/34/5593,Y,2026-09-17,supported,f7636d1fb09c44a94b81b3a73ea04c92baa904e672e1a11aace3227249315a62,../bigcows-crawler/.cache/dblp-refresh-2026-09-17-132635/safari/captures/67eaa34de95853bd0d803375a736e39d22b1bbf668a415bb1086b6d49c29d3de-1789683858010986000.html,None; read-only assessment
acm_fellows.csv,"Sohi, Gurindar S",2003,https://dblp.org/pid/s/GurindarSSohi,Y,2026-09-17,supported,63411038d157d335c3f38b092234cb709ab2ee321da35613d80da4c1bff09b97,../bigcows-crawler/.cache/dblp-refresh-2026-09-17-132635/safari/captures/75b5d145dc85d31a4750346f7df8cc68f9b64ec6b62fa31085f1b7164648a353-1789683747755203000.html,None; read-only assessment
acm_fellows.csv,"Van Rijsbergen, C J",2003,https://dblp.org/pid/r/CJvanRijsbergen,Y,2026-09-17,supported,41e36ded632e04fa42a52de96166f8496a913fd7c3004064ff1a09a1d4b7109b,../bigcows-crawler/.cache/dblp-refresh-2026-09-17-132635/safari/captures/88d4044c03a5d48124cff11788a42ba45b6932f41755f315f97913bebfd43a04-1789683637712570000.html,None; read-only assessment
acm_fellows.csv,"Agarwal, Pankaj",2002,https://dblp.org/pid/a/PankajKAgarwal,Y,2026-09-17,supported,8e139fddcfe1286a1587b6935eaa5115b53e98d5f8808885eb8397cbb09e0a25,../bigcows-crawler/.cache/dblp-refresh-2026-09-17-132635/safari/captures/a96a650166156f12ccf53e72a9793e7f327d2d0239b69002b052b73da0d65470-1789684115331659000.html,None; read-only assessment
acm_fellows.csv,"Agrawal, Vishwani D",2002,https://dblp.org/pid/59/2845,Y,2026-09-17,supported,bbfbc7aa74a6c4cdfdbacbe60fc8ec1825a0a963b71698e4c3534a60f58b3287,../bigcows-crawler/.cache/dblp-refresh-2026-09-17-132635/safari/captures/61d0045370ea4052b620184fc0fbe381437205dc1f1b6985f051df13ef9afed5-1789684144023135000.html,None; read-only assessment
acm_fellows.csv,"Babaoglu, Ozalp",2002,https://dblp.org/pid/b/OBabaoglu,Y,2026-09-17,supported,14175c65cc076394fb126c227bad2d37e642f71afa58e19bfa16f24cf7336d6d,../bigcows-crawler/.cache/dblp-refresh-2026-09-17-132635/safari/captures/6aee0e5ed1bf51ef2d99b54967a7bd00e7059013ba9d4cfe864727e9b60a4a1e-1789684106378661000.html,None; read-only assessment
acm_fellows.csv,"Crowcroft, Jon",2002,https://dblp.org/pid/c/JonCrowcroft,Y,2026-09-17,supported,9c75c55a50f4c629d341ef0e10c699aa3f49d0f27ab8197dc53e58e19ef8b6c5,../bigcows-crawler/.cache/dblp-refresh-2026-09-17-132635/safari/captures/8ddb0b190d831ea7466eb24ebb1fb19e564897e7ccc484c18161e32876bf0d9a-1789684066641445000.html,None; read-only assessment
acm_fellows.csv,"Culler, David",2002,https://dblp.org/pid/c/DavidECuller,Y,2026-09-17,supported,f20f6858adf80162cb8077f671b11b07d0615ef446d1323d0fc164eabee182ac,../bigcows-crawler/.cache/dblp-refresh-2026-09-17-132635/safari/captures/b8ede5b443a0ae7a33aaf9f0e0fb379c807d591b2ad8be52462d9cb6b7bacb4e-1789684016669330000.html,None; read-only assessment
acm_fellows.csv,"Dally, William",2002,https://dblp.org/pid/d/WJDally,Y,2026-09-17,supported,a2374fbca3fb87c625f8095537c1173b80d827652e56b8dd3d3987ecdd3fe47c,../bigcows-crawler/.cache/dblp-refresh-2026-09-17-132635/safari/captures/a234dd26e38acde9f072c50471b890004f89d0c7899b9107cf74c9c70732bb06-1789684168838643000.html,None; read-only assessment
acm_fellows.csv,"Dietterich, Thomas G",2002,https://dblp.org/pid/d/TGDietterich,Y,2026-09-17,supported,68556cbe04d8b32fb57d3d92101b5aa979dac6f80fcad2a4d48288924d486057,../bigcows-crawler/.cache/dblp-refresh-2026-09-17-132635/safari/captures/87d1ce4eb35b49ba1db563736e32efc81f225b83a625d8ab7b71fb34726f1d1f-1789684137125299000.html,None; read-only assessment
acm_fellows.csv,"Eggers, Susan",2002,https://dblp.org/pid/e/SJEggers,Y,2026-09-17,supported,5c805a2fef9f60bc1fb92ec663292bf9cacdcdda7ee21ca1293e6bb307b77db1,../bigcows-crawler/.cache/dblp-refresh-2026-09-17-132635/safari/captures/b8ed4f4a7f3b77e980cb03039148d28ce011640177d89b4a8dcbacaea20ccf74-1789684129759892000.html,None; read-only assessment
acm_fellows.csv,"Gabow, Harold N",2002,https://dblp.org/pid/g/HaroldNGabow,Y,2026-09-17,supported,51a7a9d42539c2032e0e9394ce5bf12dffbccaa89709af55f89eb22ed17bb3ed,../bigcows-crawler/.cache/dblp-refresh-2026-09-17-132635/safari/captures/da333a6f5c4656793259e089e3595374ee629128c5de94bae8eb13ed7ca5f7c0-1789684045137721000.html,None; read-only assessment
acm_fellows.csv,"Goyal, Ambuj",2002,https://dblp.org/pid/12/2219,Y,2026-09-17,supported,f49475bbfc5d5f16a0990c793a792873ac2e3b2a0c0c53e7cfe4bad9952ea9aa,../bigcows-crawler/.cache/dblp-refresh-2026-09-17-132635/safari/captures/28a80447cb8e6cffde2156822540725af2288e7a3e4a1b2336afbc63814f043e-1789683913558887000.html,None; read-only assessment
acm_fellows.csv,"Guzman, Adolfo",2002,https://dblp.org/pid/g/AdolfoGuzmanArenas,Y,2026-09-17,supported,2d624915875a2761017d9a44c0def8f398e5caba49fb474331f6c2f6151b2c67,../bigcows-crawler/.cache/dblp-refresh-2026-09-17-132635/safari/captures/75a277462e924d0ac0a0308acfe8cb342bddfd703501c48248c5833a78fc71ba-1789683906138580000.html,None; read-only assessment
acm_fellows.csv,"Halpern, Joseph",2002,https://dblp.org/pid/h/JosephYHalpern,Y,2026-09-17,supported,84e49b5280c728aa6863c1ac5bebe52bd5de56ee57eded8ff302a33234b5d4a7,../bigcows-crawler/.cache/dblp-refresh-2026-09-17-132635/safari/captures/aa22b51f21fee0bbcbbfc40e670681e25f495d966c67fb8c6d36ad1620e9e3b0-1789684074952006000.html,None; read-only assessment
acm_fellows.csv,"Hwu, Wen-Mei",2002,https://dblp.org/pid/03/4630,Y,2026-09-17,supported,5473f13cb39ffdfe332e2d93964c5e827e1c0bce609016788f8d2aabedca22af,../bigcows-crawler/.cache/dblp-refresh-2026-09-17-132635/safari/captures/db0b8e169cf2dd02ee3205b3de8a0d59b1634e9eaab868ba80773003d50096f0-1789684152524830000.html,None; read-only assessment
acm_fellows.csv,"Immerman, Neil",2002,https://dblp.org/pid/i/NeilImmerman,Y,2026-09-17,supported,7b9538b2e6c1b1bd69cb65547a9f068117dc4fdc49529a338f70bebe0555c75d,../bigcows-crawler/.cache/dblp-refresh-2026-09-17-132635/safari/captures/0fbeda1bc5db808fdd2ddb226d4f5825bffdb0fc85c5d064145d014bb97ad1f3-1789684098483596000.html,None; read-only assessment
acm_fellows.csv,"Karin, Sidney",2002,,N,,missing_known,,,None; read-only assessment
acm_fellows.csv,"Kellogg, Wendy A",2002,https://dblp.org/pid/k/WendyAKellogg,Y,2026-09-17,supported,eb28084386fc0ff4e7ac323f78af932b37fb976ab9926fef9571182f85cd7a42,../bigcows-crawler/.cache/dblp-refresh-2026-09-17-132635/safari/captures/864cceaee7ce645d1f8c487237dc12c3a7267cbd38b91686cc3cb788188949be-1789684160255576000.html,None; read-only assessment
acm_fellows.csv,"Lomet, David B",2002,https://dblp.org/pid/l/DavidBLomet,Y,2026-09-17,supported,80ad6bbcda5e860b8b4c127ec144325019ee6d1350a9c28e8724eaf4ed96c4b0,../bigcows-crawler/.cache/dblp-refresh-2026-09-17-132635/safari/captures/d7fed6e6b38d38ce2bccb467db6661ccf15489ef5dc7a850597a5c7f7a643b49-1789683935860944000.html,None; read-only assessment
acm_fellows.csv,"Miller, Gary L",2002,https://dblp.org/pid/m/GaryLMiller,Y,2026-09-17,supported,70158abbf60659a1088876296dd9b20b8802f098ecd5c6aa8d6890a55ef4a025,../bigcows-crawler/.cache/dblp-refresh-2026-09-17-132635/safari/captures/63428c604f130d5810221133355018bc9cca99f3fc754da3b40ca5bc8c256ea3-1789684030456772000.html,None; read-only assessment
acm_fellows.csv,"Mohan, C.",2002,https://dblp.org/pid/m/CMohan,Y,2026-09-19,supported,6bb16984e140bf2528ab8391739961f5a5dcd60d0173103c56a7b014eb1ce765,../bigcows-crawler/.cache/dblp-gap-fill-2026-09-19-145403/safari/captures/0c66185efc0b2b80088376710a0a451343eb9ec4a7fc17d328f7297bde1d90af-1789844726574263000.html,None; read-only assessment
acm_fellows.csv,"Naughton, Jeffrey F",2002,https://dblp.org/pid/n/JeffreyFNaughton,Y,2026-09-17,supported,51b395395ee449ec3421d0a0adf2f22658ce32dd91f11b180ba05bfb650b7b86,../bigcows-crawler/.cache/dblp-refresh-2026-09-17-132635/safari/captures/0865931400ae7a9b756117e16c25833032df9deec6b04ea53ee375da8a7ff1b4-1789684052408602000.html,None; read-only assessment
acm_fellows.csv,"Rau, Bantwal R",2002,https://dblp.org/pid/83/5996,Y,2026-09-17,supported,7871deecd19770abb4bf7936ab55b94c2d2bfeb272c1646c2e460c1bc18a4b8e,../bigcows-crawler/.cache/dblp-refresh-2026-09-17-132635/safari/captures/8e4c30fc2a15f422193763cb9faf4a8bf05208872867f7c708e5ef9ab4244902-1789683920136894000.html,None; read-only assessment
acm_fellows.csv,"Salesin, David H",2002,https://dblp.org/pid/s/DavidSalesin,Y,2026-09-17,supported,8e5d4808fb946ac33d578f6db087482441c9e6deb3dfe01c582b3593c3407824,../bigcows-crawler/.cache/dblp-refresh-2026-09-17-132635/safari/captures/b42dc245f673fc042f4651e99b80e841fab1d6ff1780dc7e0547aa1c5bc4131e-1789684023680467000.html,None; read-only assessment
acm_fellows.csv,"Satyanarayanan, Mahadev",2002,https://dblp.org/pid/s/MahadevSatyanarayanan,Y,2026-09-17,supported,a68abcfde39031de8ef37a5fa1ed07b9a6c6d9f741a9890592e1461aa07f4643,../bigcows-crawler/.cache/dblp-refresh-2026-09-17-132635/safari/captures/61e147dd2ff87e847d43b7f09a185d011cf420ae7bc1a5d0d72c498082e0cca9-1789684083448423000.html,None; read-only assessment
acm_fellows.csv,"Valero, Mateo",2002,https://dblp.org/pid/v/MateoValero,Y,2026-09-17,supported,8ebd395da60e73ad7c0bd0c13902fbea38304467577f4873e69dfa5f2d8e0843,../bigcows-crawler/.cache/dblp-refresh-2026-09-17-132635/safari/captures/3c45a678345182afe39c93737fb8320295c0344997feeda8e98c033153787939-1789684091966985000.html,None; read-only assessment
acm_fellows.csv,"Varghese, George",2002,https://dblp.org/pid/v/GeorgeVarghese,Y,2026-09-17,supported,47b0385838071a11457317b30cdca5b9013f779882b90f387462219e4664a4d8,../bigcows-crawler/.cache/dblp-refresh-2026-09-17-132635/safari/captures/7b225835666f7b427888dbd5b10fddc5f9eaf026f28706016531f054f734acfe-1789684037511643000.html,None; read-only assessment
acm_fellows.csv,"Wilkes, John",2002,https://dblp.org/pid/w/JohnWilkes,Y,2026-09-17,supported,005afe7051703b01b162f65ad1cfc469aee976ed1d9888098576c9c1bc0600ab,../bigcows-crawler/.cache/dblp-refresh-2026-09-17-132635/safari/captures/f7ee4dd15c413069f8c353a468768a584950f0ee7b8de7a0767329946dc3336c-1789684059456741000.html,None; read-only assessment
acm_fellows.csv,"Abraham, Jacob",2001,https://dblp.org/pid/a/JacobAAbraham,Y,2026-09-19,supported,0f01011f9afc7eea17619801930cb5ad1e874d31b09b840b64a95c65a066582d,../bigcows-crawler/.cache/dblp-gap-fill-2026-09-19-145403/safari/captures/f22e8cdad9d9408ae3d07f6dc43b5dd8e24d7b54fec4538e5144add8c2944702-1789844472002531000.html,None; read-only assessment
acm_fellows.csv,"Aiken, Robert",2001,https://dblp.org/pid/78/1872,Y,2026-09-19,supported,129ec340d45a0331a5278abf49b035431ad6583e9b7c01aad36acb5a8844efcb,../bigcows-crawler/.cache/dblp-gap-fill-2026-09-19-145403/safari/captures/fd7121d8ea7b6dca30c5d83d864f99dfb3965c4dd6cb0166906c947de9698665-1789844314987306000.html,None; read-only assessment
acm_fellows.csv,"Asano, Tetsuo",2001,https://dblp.org/pid/27/132,Y,2026-09-17,supported,f4ec57bd64589f73af9d055422aee5207a4214891e9aeb15e6b1346d9d49dd06,../bigcows-crawler/.cache/dblp-refresh-2026-09-17-132635/safari/captures/af996b5d614499a281c6123d9bf6227fdf2ea98a47095c1f2e36df5de9baa669-1789685101802257000.html,None; read-only assessment
acm_fellows.csv,"Bernstein, Philip A",2001,https://dblp.org/pid/b/PhilipABernstein,Y,2026-09-17,supported,27d8396657646e893743ab386f3e8a2d938e4bfad292c8bd5561d138021e1cab,../bigcows-crawler/.cache/dblp-refresh-2026-09-17-132635/safari/captures/161c71c43b025b8d9961cd1b48fd1b207168cb3535b016d9c3d17e75c684ca5e-1789684891686639000.html,None; read-only assessment
acm_fellows.csv,"Birnbaum, Joel S",2001,,N,,missing_known,,,None; read-only assessment
acm_fellows.csv,"Borning, Alan H",2001,https://dblp.org/pid/b/AlanBorning,Y,2026-09-17,supported,bd998182b6ace81c8a4ac6a103b27aa0be9eba95c993825b1b0b8b66d471e0e1,../bigcows-crawler/.cache/dblp-refresh-2026-09-17-132635/safari/captures/ec36306e6cab8a06090e827538da18d59421877c4dfdfaf2dbe8ca170f06383d-1789684176159069000.html,None; read-only assessment
acm_fellows.csv,"Breitbart, Yuri",2001,https://dblp.org/pid/b/YuriBreitbart,Y,2026-09-17,supported,1b1f652d7478959b2c90417c5bba259a719c84005468f2899414fc0d7e3e91f7,../bigcows-crawler/.cache/dblp-refresh-2026-09-17-132635/safari/captures/bc8710ea30866050144fa8cd47a728b33ea7d3657a9ecb0825701cdb4ac3ed5d-1789685123872839000.html,None; read-only assessment
acm_fellows.csv,"Cai, Jin-Yi",2001,https://dblp.org/pid/c/JinyiCai,Y,2026-09-17,supported,43b5cec1142f15645a777dd8047cda791dd58823ce04cd1e4be8a7dcfbf680d9,../bigcows-crawler/.cache/dblp-refresh-2026-09-17-132635/safari/captures/ac6d0d413cc4eff5dd9437896dac5824c9e2858fbe14843121e80bf44770c5e1-1789684420502790000.html,None; read-only assessment
acm_fellows.csv,"Clark, David D",2001,https://dblp.org/pid/c/DavidDClark,Y,2026-09-17,supported,dba4414d47ed471ad107dabb56d065bd268d1024942343a178922c8948a1267b,../bigcows-crawler/.cache/dblp-refresh-2026-09-17-132635/safari/captures/a9545f00ff120c941e04d0d357032a4e2647d8057ebf53499900b62398747ec7-1789684296573881000.html,None; read-only assessment
acm_fellows.csv,"Davidson, Susan B",2001,https://dblp.org/pid/d/SBDavidson,Y,2026-09-17,supported,e7906860f73368cd18d2ab61bedd75dd9087ded8abde5557143c41d273cb3a5f,../bigcows-crawler/.cache/dblp-refresh-2026-09-17-132635/safari/captures/4f89156ac2ee3be9aeb63e325eea7dcd0ad99e6c819a23bb34df1188db40d222-1789685021852993000.html,None; read-only assessment
acm_fellows.csv,"de Kleer, Johan",2001,https://dblp.org/pid/d/JohandeKleer,Y,2026-09-19,supported,e11c9fb97e3330ba73bc9395704ac3a1d8444def5e9781c660f99aa05e9d6331,../bigcows-crawler/.cache/dblp-gap-fill-2026-09-19-145403/safari/captures/3443743ef4f00850d91c99b1ce6ec42309a8b989ebaf8c7bdc4cddd944c16e86-1789844519674809000.html,None; read-only assessment
acm_fellows.csv,"De Micheli, Giovanni",2001,https://dblp.org/pid/d/GDeMicheli,Y,2026-09-17,supported,dfaad1ecd9a1f295907d781207ac5c1f7345d3c82cb4dad513a58d84dbb12784,../bigcows-crawler/.cache/dblp-refresh-2026-09-17-132635/safari/captures/77e0eaa8af7a3c0b792bf597e705a2925339808aeb0cc94cd1eb95dfcf53e2db-1789684348968524000.html,None; read-only assessment
acm_fellows.csv,"Dongarra, Jack",2001,https://dblp.org/pid/d/JackDongarra,Y,2026-09-17,supported,f5315980487b02126bf3913e9f2cd7075bfa7721cb5db4fbac9f70697da22e52,../bigcows-crawler/.cache/dblp-refresh-2026-09-17-132635/safari/captures/364f0a25bd0d28cfd5b103f39cb827b4d5ba2fa535cfa175aebdf12bb20d9a72-1789684374027058000.html,None; read-only assessment
acm_fellows.csv,"Farber, David J.",2001,https://dblp.org/pid/f/DavidJFarber,Y,2026-09-17,supported,8cc8cbbbcbc242030ed6bbcfb16ae2fd29ad331d0fbf7c6166eab72ba16d3082,../bigcows-crawler/.cache/dblp-refresh-2026-09-17-132635/safari/captures/a77bab55ccb933285177d897473aa4400d25703016f35975e303e1ab681195bb-1789684302985100000.html,None; read-only assessment
acm_fellows.csv,"Feigenbaum, Joan",2001,https://dblp.org/pid/f/JoanFeigenbaum,Y,2026-09-17,supported,86a350d2d2580c4efde5d2e4b182a93bdc4cb34f332719d2f51f2146166416a2,../bigcows-crawler/.cache/dblp-refresh-2026-09-17-132635/safari/captures/4e3ed5dc85c6201ee6d182b49a214726606a6df0fed813ae287f04c036287278-1789684427494544000.html,None; read-only assessment
acm_fellows.csv,"Ferrari, Domenico",2001,https://dblp.org/pid/98/2580,Y,2026-09-17,supported,564e707c634cdd2784fe8a5a4bb1d03f900c82c7e80ba7398de0f64015b12b31,../bigcows-crawler/.cache/dblp-refresh-2026-09-17-132635/safari/captures/642a00c8d218b2d5c5a4f12fc895c0667b92cb6a603f4282cc8f2454c801b03f-1789684311097848000.html,None; read-only assessment
acm_fellows.csv,"Floyd, Sally J",2001,https://dblp.org/pid/25/1323,Y,2026-09-17,supported,b62505112da2caa76175e8cc2a861d1d20129080d5d0ff347d7fe45febdef8ef,../bigcows-crawler/.cache/dblp-refresh-2026-09-17-132635/safari/captures/b9f1cb60e546bf0f6f2456bed6c3a40419fa5c56b59e7df5aa918b05c8545eef-1789684997946744000.html,None; read-only assessment
acm_fellows.csv,"Gelenbe, Erol",2001,https://dblp.org/pid/g/ErolGelenbe,Y,2026-09-17,supported,eb3d56434ba4f142042ded37e3e4e7a911400eefc82286136b896468462ca390,../bigcows-crawler/.cache/dblp-refresh-2026-09-17-132635/safari/captures/f348ca850346a5f285ef9730bd0806d6d2f377df2511527cba5fe1d60e693982-1789684333627782000.html,None; read-only assessment
acm_fellows.csv,"Hayes, John P",2001,https://dblp.org/pid/92/2628,Y,2026-09-17,supported,156371be9ded501b2258d80352f11c760304ae1061c427fc41015d2c0fe81bb4,../bigcows-crawler/.cache/dblp-refresh-2026-09-17-132635/safari/captures/9a87f7144fb92be0c9457c87cb8a79357f3f2f10245dc48aa96437fe2136102d-1789684465320549000.html,None; read-only assessment
acm_fellows.csv,"Iyengar, Sitharama",2001,https://dblp.org/pid/i/SSitharamaIyengar,Y,2026-09-17,supported,e47286087a0bd6e7e96ec7ca58960c876fc16706d04537e2218215bc39b52874,../bigcows-crawler/.cache/dblp-refresh-2026-09-17-132635/safari/captures/d771ad455ff951aeeaef1638802b2b420b7083bd38547e99ba9d1f60db0c48c6-1789685006546577000.html,None; read-only assessment
acm_fellows.csv,"Iyer, Ravishankar",2001,https://dblp.org/pid/i/RavishankarKIyer,Y,2026-09-17,supported,a30b5de5ac1c1309017fff40b7437d026a582a9228046245845beb39f00ab070,../bigcows-crawler/.cache/dblp-refresh-2026-09-17-132635/safari/captures/bf4fa7ad876fdd2893606d80ba0ca4fd6b5c3969e478e96fe098c7fce3eb3cf7-1789684932644246000.html,None; read-only assessment
acm_fellows.csv,"Jaja, Joseph F",2001,https://dblp.org/pid/j/JosephJaJa,Y,2026-09-17,supported,c8669dd8ff7cf78feeee344ccd521fbebb3f57d41473a71d39521aa237a10268,../bigcows-crawler/.cache/dblp-refresh-2026-09-17-132635/safari/captures/f24c1393fb1d7ee0ee50ab43aff0c2fa33e2777c8c1f700a77cb421853cd5e5e-1789684563071381000.html,None; read-only assessment
acm_fellows.csv,"Kahn, Robert E",2001,https://dblp.org/pid/85/2295,Y,2026-09-17,supported,bf871b1fd48b43dfa5ff124b52d82fbf7735729bfd52a6dd5d14a82deb0d8ee1,../bigcows-crawler/.cache/dblp-refresh-2026-09-17-132635/safari/captures/b1a5e9cb917d0b882f871fc8e3ea099edef4365df3613a42b204c64a52a4d402-1789684982114155000.html,None; read-only assessment
acm_fellows.csv,"Kang , Sung Mo",2001,https://dblp.org/pid/57/2381-1.html,Y,2026-09-19,supported,fa4dad2de6afa5cbd197e420d17ca6d889fc21fdc92a8558164b7bb5ef8047d3,../bigcows-crawler/.cache/dblp-gap-fill-2026-09-19-145403/safari/captures/2b212f305cb24f62e12235cd2a7ddd29aa786847c8086c7b3812e413df8027a6-1789844269650614000.html,None; read-only assessment
acm_fellows.csv,"Kieburtz, Richard B",2001,https://dblp.org/pid/k/RBKieburtz,Y,2026-09-17,supported,e6c8d3719e94623c58d7dc72df8fcc4442a42d0adf23a59d665510d2326bdb33,../bigcows-crawler/.cache/dblp-refresh-2026-09-17-132635/safari/captures/76b056bca702b1aed71ae02ccc5a5d00934172e298c505cebab6db05cd9db4b6-1789684952635876000.html,None; read-only assessment
acm_fellows.csv,"Kowalski, Robert A",2001,https://dblp.org/pid/k/RobertAKowalski,Y,2026-09-17,supported,e02586afa06b464f35f787658c3f11af1f6dbb554a49633a16444ca0d4c0c750,../bigcows-crawler/.cache/dblp-refresh-2026-09-17-132635/safari/captures/362ef76b9b9e01fe272c90f5ce5c1e5853627c1892ac8fa339791b2eaabb78a5-1789684966273008000.html,None; read-only assessment
acm_fellows.csv,"Kramer, Jeffrey",2001,https://dblp.org/pid/k/JeffKramer,Y,2026-09-17,supported,96b032dc90fc4564f9ff20128d92dc99c845543e09ee134a074d9ada3065e4f2,../bigcows-crawler/.cache/dblp-refresh-2026-09-17-132635/safari/captures/a3c7975b149bf6c6553d3e0c0ff6be21f2e3548a3d21b5b1ccdf62e5a1eecd03-1789684412782691000.html,None; read-only assessment
acm_fellows.csv,"Kurose, James",2001,https://dblp.org/pid/k/JamesFKurose,Y,2026-09-17,supported,eb091a7a3f319c4287a187a183edbb222d88192c0108102d3c1950f593bed6b5,../bigcows-crawler/.cache/dblp-refresh-2026-09-17-132635/safari/captures/1e6281b0bb517cceb44149d7f6ab70c3fa8084b181a6bc690c5f7bbe08154951-1789684389757811000.html,None; read-only assessment
acm_fellows.csv,"Lee, Ruby B",2001,https://dblp.org/pid/87/4706,Y,2026-09-17,supported,1f2ceb78a6850cc0f1e80e0f7834dff8b0b1d7f63312c7b98874bda302cbc320,../bigcows-crawler/.cache/dblp-refresh-2026-09-17-132635/safari/captures/814dc03b8436791fe30540c37647bf65fa59a990c778d3db45323fb2522d722d-1789684990272995000.html,None; read-only assessment
acm_fellows.csv,"Litwin, Witold",2001,https://dblp.org/pid/12/2734,Y,2026-09-17,supported,7a4581bec5dd28a2bca4d3bc490d03321d58c70c4830d106a284c18bc19fc3e6,../bigcows-crawler/.cache/dblp-refresh-2026-09-17-132635/safari/captures/14fd0a5a10ff4309b0fb8761e21761bff7c02f4eaa179ead618257530c3386fe-1789685109872245000.html,None; read-only assessment
acm_fellows.csv,"Miller, Barton P",2001,https://dblp.org/pid/m/BartonPMiller,Y,2026-09-17,supported,9595040a855fc71da7122f39d148dea95db39b67a8c5908237ed6c37c5dccbea,../bigcows-crawler/.cache/dblp-refresh-2026-09-17-132635/safari/captures/49019cc719086e8060bf1b0a14370cbbc7ef0f328c4dc4d785f97dc40648196a-1789684191198402000.html,None; read-only assessment
acm_fellows.csv,"Mogul, Jeffrey C",2001,https://dblp.org/pid/m/JeffreyCMogul,Y,2026-09-17,supported,76f89c92f5e929aa6cd87ff230b8a83ea783a314224aa16f47077a22b841115f,../bigcows-crawler/.cache/dblp-refresh-2026-09-17-132635/safari/captures/e273c507da9da8ebd3e330fea27c1f53ebd4c01a314ee257dd312631ef78c9f2-1789684405597018000.html,None; read-only assessment
acm_fellows.csv,"Norman, Don",2001,https://dblp.org/pid/50/784,Y,2026-09-17,supported,53bac781ab85d8dbe1059e6bb3520b3d14587d2f6f21fca21eed490d5bea719c,../bigcows-crawler/.cache/dblp-refresh-2026-09-17-132635/safari/captures/634a59442b7284649f4fa305b182d08482f821b2d5ae303278d0761a658b7058-1789684317818948000.html,None; read-only assessment
acm_fellows.csv,"Pancake, Cherri M",2001,https://dblp.org/pid/25/2235,Y,2026-09-17,supported,5a031eb422121ba560db24bc3892513fb20be7928fb150ac65f4d8dd9c1471c3,../bigcows-crawler/.cache/dblp-refresh-2026-09-17-132635/safari/captures/9514d884826cd24b283e19950c8cecd547d1f2ca4df67d7d8f95c4a46f187025-1789684198943019000.html,None; read-only assessment
acm_fellows.csv,"Papadimitriou, Christos",2001,https://dblp.org/pid/p/CHPapadimitriou,Y,2026-09-17,supported,f33557ec7c31356e9cb14e54b0db9c02869665434092cbd62f638809e35aa796,../bigcows-crawler/.cache/dblp-refresh-2026-09-17-132635/safari/captures/c78d3b6fd166214cfa4bbd0cecabceb52c3a72eb8a077cdc82b630688583f26d-1789684281171197000.html,None; read-only assessment
acm_fellows.csv,"Parker, Donn B",2001,https://dblp.org/pid/80/4293,Y,2026-09-17,supported,ed9aaf9e4db8bbdee9b08fc85625a2ef18548cf51096e31789d89f0cf940007e,../bigcows-crawler/.cache/dblp-refresh-2026-09-17-132635/safari/captures/9134107687be9a1197429781067e4587510b5f8c9b23317e5738103f0317f107-1789684325226072000.html,None; read-only assessment
acm_fellows.csv,"Patel, Janak H",2001,https://dblp.org/pid/21/127,Y,2026-09-17,supported,8d56f4e3a6327c7b07c8367ce4dedb5b1969928ba9cebe4c5919069d25af30f7,../bigcows-crawler/.cache/dblp-refresh-2026-09-17-132635/safari/captures/8f98c5649407629ceb0b4dcb5b13646e3820b821abd40a8975312cfbd6c776f1-1789684397021527000.html,None; read-only assessment
acm_fellows.csv,"Patt, Yale",2001,https://dblp.org/pid/p/YaleNPatt,Y,2026-09-17,supported,01b72c2e95c94eb5cb607c0121f3065160dbeb34f87e6e2f93389502cb7fdbfc,../bigcows-crawler/.cache/dblp-refresh-2026-09-17-132635/safari/captures/6955cd1d1b19a7e7f6af91ff81ea69f3c24fad7d3adeb476140294b6926f933b-1789685117120508000.html,None; read-only assessment
acm_fellows.csv,"Pohl, Ira",2001,https://dblp.org/pid/37/476,Y,2026-09-17,supported,16699eddd9749405f3f46d12a75038de71e3a18217fd73f5ce601b6c11301561,../bigcows-crawler/.cache/dblp-refresh-2026-09-17-132635/safari/captures/227dbad4afe4a234b34e916f3222ac4a576788f24938f6a58d9793db97cfd3e8-1789684364398306000.html,None; read-only assessment
acm_fellows.csv,"Pullen, John Mark",2001,https://dblp.org/pid/07/1554,Y,2026-09-17,supported,7d3118ed78e3ccdfef2607db1e44027db2a4cf86301cca7e9f3b09a5e79f8955,../bigcows-crawler/.cache/dblp-refresh-2026-09-17-132635/safari/captures/a41869b884879428d5034feef33375807a72f7c89f9eec73cf2a779cf2522078-1789684457780878000.html,None; read-only assessment
acm_fellows.csv,"Raghavan, Prabhakar",2001,https://dblp.org/pid/r/PRaghavan,Y,2026-09-17,supported,033517855477e34f0557ce1049145f6224e82aa0c4cb91b46f673c54dacf2551,../bigcows-crawler/.cache/dblp-refresh-2026-09-17-132635/safari/captures/e8a94db4c0aa9bff6aa088bb916b44468691fa8094a11b90bb828458c70ffeec-1789684899567346000.html,None; read-only assessment
acm_fellows.csv,"Ramakrishnan, Raghu",2001,https://dblp.org/pid/r/RaghuRamakrishnan,Y,2026-09-17,supported,9a749c828523a1f840530a7f66f8abbc6ebbea839a7284b75c66c4e3a031f89d,../bigcows-crawler/.cache/dblp-refresh-2026-09-17-132635/safari/captures/de555def06afbe14b5f28e5e1999669aa877a472d4616079bea041c33af6525b-1789684907005393000.html,None; read-only assessment
acm_fellows.csv,"ramamritham, krithivasan",2001,https://dblp.org/pid/r/KrithiRamamritham,Y,2026-09-19,supported,5ab915cd4b94d7840a4d46a96c2e0b3eedf96d0718f92a6650dae9bdd4466e54,../bigcows-crawler/.cache/dblp-gap-fill-2026-09-19-145403/safari/captures/9332be2674b254dae6e737eb0f5da46a445701422f838a29d5e02d33c6e85adc-1789844816992092000.html,None; read-only assessment
acm_fellows.csv,"Reynolds, John C",2001,https://dblp.org/pid/r/JohnCReynolds,Y,2026-09-19,supported,d9d86aeffe64c6a951301eba8e1fbd78dc970cc8e38949e6f0931641e0dcd435,../bigcows-crawler/.cache/dblp-gap-fill-2026-09-19-145403/safari/captures/50c79e9b1ffa86aa5cc609de5f871f7a9897f07cca8f2ffb3ce56d63edb01ffb-1789844801597332000.html,None; read-only assessment
acm_fellows.csv,"Robertson, George",2001,https://dblp.org/pid/r/GGRobertson,Y,2026-09-19,supported,e18e50cd449647d54a6ef1fdf15f07aca1d92b3bdda0023c2c731e57d721e522,../bigcows-crawler/.cache/dblp-gap-fill-2026-09-19-145403/safari/captures/c817d7995470ddefcadc2df2a19389878498c9f9cfa1fc12c4dc5eb4b7a8596d-1789844794927544000.html,None; read-only assessment
acm_fellows.csv,"Roussopoulos, Nick",2001,https://dblp.org/pid/r/NickRoussopoulos,Y,2026-09-17,supported,ed6a0f7cadc2a06a642d812c3c4667e6fea44618192fa793e5bba5165c61f303,../bigcows-crawler/.cache/dblp-refresh-2026-09-17-132635/safari/captures/02e2321733df4ce7316b5b3edb9f82034e51cc8815022474684a99cad4ec7383-1789684870620128000.html,None; read-only assessment
acm_fellows.csv,"Sabnani, Krishan K.",2001,https://dblp.org/pid/79/718,Y,2026-09-17,supported,217d5bc39fd7642e1e62e9b3acd75abbfdf846f98de1ecf5afe3e86d1894b40b,../bigcows-crawler/.cache/dblp-refresh-2026-09-17-132635/safari/captures/36467b2423775d11ab56f9d3302af0a8f03f96731735fa4058ea8766fcceceba-1789684579387390000.html,None; read-only assessment
acm_fellows.csv,"Sandhu, Ravinderpal S",2001,https://dblp.org/pid/s/RaviSSandhu,Y,2026-09-17,supported,a4babe31c901fe523849c9823cbbafa153555f8b6e02a6f3e4516a96029c24cc,../bigcows-crawler/.cache/dblp-refresh-2026-09-17-132635/safari/captures/5f4af4549efd25a24aa1030da84291dec5314301a8500c98a2da347f386c343b-1789684923624823000.html,None; read-only assessment
acm_fellows.csv,"Schek, Hans-Joerg",2001,https://dblp.org/pid/s/HansJorgSchek,Y,2026-09-17,supported,1f6e8de508057cc2580f84007f191fc7eda12bc10a153a17e4776edce63029a0,../bigcows-crawler/.cache/dblp-refresh-2026-09-17-132635/safari/captures/eca5041ccac7ca080238bf9dc2b1e7cbda0b29ebced3c2725dc2091df692f478-1789684356051314000.html,None; read-only assessment
acm_fellows.csv,"Schlichting, Richard D",2001,https://dblp.org/pid/s/RichardDSchlichting,Y,2026-09-17,supported,95bc9c8fb3e02e9ef1c6908d9862959f68ea65dee60a864d95f94cf806faa79e,../bigcows-crawler/.cache/dblp-refresh-2026-09-17-132635/safari/captures/2b57f4ae60b9b267f40e1744cc9beae0aa3980a8e350c7c7601b7c7d3dfa544a-1789684959363500000.html,None; read-only assessment
acm_fellows.csv,"Shin, Kang",2001,https://dblp.org/pid/s/KangGShin,Y,2026-09-17,supported,900ff4ae774046c91bcd2ac00629b2bcac88bb3c1324f5c7eccd158b649d36ef,../bigcows-crawler/.cache/dblp-refresh-2026-09-17-132635/safari/captures/76594431103c84cb965c061682d0eed7eee30e19359efd8057ed7e35fb6f32f1-1789684572257563000.html,None; read-only assessment
acm_fellows.csv,"Shmoys, David Bernard",2001,https://dblp.org/pid/s/DavidBShmoys,Y,2026-09-17,supported,b7a034a301f648af0919d2643d8015b50e37f9f5ed727bee906fd78354787235,../bigcows-crawler/.cache/dblp-refresh-2026-09-17-132635/safari/captures/57e9b63346357401bd0f5e1bd9835a411601111b4b9eb4293e795c3ef8bed955-1789684289028890000.html,None; read-only assessment
acm_fellows.csv,"Smith, Alan J",2001,https://dblp.org/pid/s/AlanJaySmith,Y,2026-09-17,supported,c0fb5f697691740990559b7a040e7e890acfa12f0bda6ddc52647d3d17abd686,../bigcows-crawler/.cache/dblp-refresh-2026-09-17-132635/safari/captures/b3bc8015c5b43989493d2b204a26ab062172f03315300682efce65e5a731ad15-1789684182960419000.html,None; read-only assessment
acm_fellows.csv,"Steinmetz, Ralf",2001,https://dblp.org/pid/s/RalfSteinmetz,Y,2026-09-17,supported,c569e0f6eee5f4a3371f97c1e89737fb260219f16591ea2b248061ffa423e053,../bigcows-crawler/.cache/dblp-refresh-2026-09-17-132635/safari/captures/053124222e75191522bfe81e30e3aae3c2f23e8368f89fb2d39da42763125e49-1789684914775967000.html,None; read-only assessment
acm_fellows.csv,"Turner, Jonathan",2001,https://dblp.org/pid/t/JonathanSTurner,Y,2026-09-19,supported,da9eb1fc72178407c21fafacead11c795702b16624bafecb91ff086ec0c101b2,../bigcows-crawler/.cache/dblp-gap-fill-2026-09-19-145403/safari/captures/fe30030ad7c6e9791730e8ebd4dc263ede5150bf01560673e33bbe85b058c40f-1789844948149116000.html,None; read-only assessment
acm_fellows.csv,"Wolf, Marilyn",2001,https://dblp.org/pid/376/6566,Y,2026-09-17,supported,74223eb65375c8d80969ca01ec9fdd683872566368b23d06be2c381529a55bd2,../bigcows-crawler/.cache/dblp-refresh-2026-09-17-132635/safari/captures/4eae963f7115dde571f93365e6d7d60fb3b2478b16fb1fdd3d96fabf40c70faa-1789684595056937000.html,None; read-only assessment
acm_fellows.csv,"Wolfson, Ouri",2001,https://dblp.org/pid/w/OuriWolfson,Y,2026-09-17,supported,712998959107c327c549772fd19d8fce9d17905c436bf6abf250ed71458f1c98,../bigcows-crawler/.cache/dblp-refresh-2026-09-17-132635/safari/captures/e30ef781378b9c92e4317d1ec9dc0305f7ce6689cf1acc0b5fc8fecf70249a5b-1789684877887760000.html,None; read-only assessment
acm_fellows.csv,"Zave, Pamela",2001,https://dblp.org/pid/z/PamelaZave,Y,2026-09-17,supported,b57911de8ae1bf039cf9c56d801f070bf1da8f48f7f341277818ed689f8c354a,../bigcows-crawler/.cache/dblp-refresh-2026-09-17-132635/safari/captures/ef4e31cea6745285ae73f91c69a2643f9a3c7d94be88c4b1f5ff0d46f6ac95d0-1789684884837086000.html,None; read-only assessment
acm_fellows.csv,"Banerjee, Prithviraj",2000,https://dblp.org/pid/b/PrithvirajBanerjee,Y,2026-09-17,supported,a1994e195cde1ca3e181f64596a8f152965e109dd4adca62273c5ef7b29f8a8f,../bigcows-crawler/.cache/dblp-refresh-2026-09-17-132635/safari/captures/51b88f91f782770192ff07e76a4b2ebad31b8bd01dbc4c0849b0205b85c51fd0-1789685282635622000.html,None; read-only assessment
acm_fellows.csv,"Berman, Francine",2000,https://dblp.org/pid/b/FBerman,Y,2026-09-17,supported,618f5605b718dd497e35b416375bfbe4bcc74860e7f4df02ff3ac8ac002d62f2,../bigcows-crawler/.cache/dblp-refresh-2026-09-17-132635/safari/captures/efcaea6c9b83737e98c24a8012b235a2660667203604ff52a448b4928e476f4c-1789685189048609000.html,None; read-only assessment
acm_fellows.csv,"Bhuyan, Laxmi Narayan",2000,https://dblp.org/pid/b/LaxmiNBhuyan,Y,2026-09-17,supported,5ae614e9f7ff5bc695413c6088fb2da09488bdb7d13c3e1423f13c31a8ca9278,../bigcows-crawler/.cache/dblp-refresh-2026-09-17-132635/safari/captures/3982fbcbc2e7b275308320e20bcb93ee06e25a0589a0fccfc7be06597dfcbe72-1789685227831906000.html,None; read-only assessment
acm_fellows.csv,"Biermann, Alan W",2000,https://dblp.org/pid/b/AWBiermann,Y,2026-09-17,supported,15fc1fa4f0e44f731e5cbdc8bc676ffe93d026300034e4d256248d26cac60544,../bigcows-crawler/.cache/dblp-refresh-2026-09-17-132635/safari/captures/a9d665b8e2a3093984a291ec97751ff4d95fc3f3db2b24061e6d4e74b8102d91-1789685131426886000.html,None; read-only assessment
acm_fellows.csv,"Bokhari, Shahid H",2000,https://dblp.org/pid/b/ShahidHBokhari,Y,2026-09-17,supported,d422870c434235deee3fd6e6cb2225692860d4566deeaad6c0d7ab7d091c6aac,../bigcows-crawler/.cache/dblp-refresh-2026-09-17-132635/safari/captures/3ef039d44abb2026809b02606a985acee1515c1a14812f80bfa951e0f99191fc-1789685395862862000.html,None; read-only assessment
acm_fellows.csv,"Bryant, Randal E",2000,https://dblp.org/pid/b/REBryant,Y,2026-09-17,supported,26d31bcad9df9528cab4c3a6605ae381006921c567bce9dc8df82497039e64a6,../bigcows-crawler/.cache/dblp-refresh-2026-09-17-132635/safari/captures/27760d049308710fa88ccb30708936b87c173bf8e01710b51e3f06cef4b6a435-1789685360904009000.html,None; read-only assessment
acm_fellows.csv,"Buneman, Peter",2000,https://dblp.org/pid/b/PeterBuneman,Y,2026-09-17,supported,c91164d3106db787415b9e2d7a3ca36003ec4fd6c7999ede39e6653899d129f3,../bigcows-crawler/.cache/dblp-refresh-2026-09-17-132635/safari/captures/ee06eb89a05f4cf1920fa711c455d36975ea40d2366c5a80521d7f5f005d5ca4-1789685274665435000.html,None; read-only assessment
acm_fellows.csv,"Card, Stuart K.",2000,https://dblp.org/pid/c/StuartKCard,Y,2026-09-17,supported,0b30bd746273725fa4d7d744a2de42fd77733b21cc96e9f048074dcb142d6056,../bigcows-crawler/.cache/dblp-refresh-2026-09-17-132635/safari/captures/df57d84869f55e56878d50f19180b78518eed934b6dec215c25fa2db5b2dc197-1789685403031516000.html,None; read-only assessment
acm_fellows.csv,"Carey, Michael J.",2000,https://dblp.org/pid/31/3455,Y,2026-09-17,supported,d281a979e4760772c6d449af14761cf497b1950a0d34de80042c2a513e173111,../bigcows-crawler/.cache/dblp-refresh-2026-09-17-132635/safari/captures/436bd25ebe2e11b6afc67dd6280c8bde6cfab64268496221e61a9ef250d2b96e-1789685250332446000.html,None; read-only assessment
acm_fellows.csv,"Comer, Douglas E",2000,https://dblp.org/pid/c/DouglasComer,Y,2026-09-17,supported,95c4aedaf715a3be7b044b36345cd759c2c03623cae1a5a8b72d3ae1d4d5f911,../bigcows-crawler/.cache/dblp-refresh-2026-09-17-132635/safari/captures/b8ca1b57e325d9d6ba6aedb90d93f91390fef9bd5fe26097f02f35525226d4d5-1789685181936912000.html,None; read-only assessment
acm_fellows.csv,"Duncan, Karen",2000,,N,,missing_known,,,None; read-only assessment
acm_fellows.csv,"Estrin, Deborah",2000,https://dblp.org/pid/e/DeborahEstrin,Y,2026-09-17,supported,3c2f4d58d98cb4543f1dacabee6da79eaa33b779cbe39850fac282f623488287,../bigcows-crawler/.cache/dblp-refresh-2026-09-17-132635/safari/captures/cd12cac67aae5ab69ef4ea0dec8079a59ac529c437929c818ae70daaaaec5c39-1789685160307660000.html,None; read-only assessment
acm_fellows.csv,"Fagin, Ronald",2000,https://dblp.org/pid/f/RonaldFagin,Y,2026-09-17,supported,373d93dabd8d616cc4a9c4cd6c634b12787ace22ab883c8899d2d6944ee9c505,../bigcows-crawler/.cache/dblp-refresh-2026-09-17-132635/safari/captures/f1775ba9f548b5219ea5509f36c70f8982cfcd222c8450cb572b81bf84e53b64-1789685388994184000.html,None; read-only assessment
acm_fellows.csv,"Freeman, Peter A",2000,https://dblp.org/pid/f/PeterFreeman,Y,2026-09-17,supported,ae0b55a65124c510b3f973850de57cc894b9cd8e4d2aa2557afebc0f6990c9a9,../bigcows-crawler/.cache/dblp-refresh-2026-09-17-132635/safari/captures/091d85cc55b793a0c96d687f70ed59bdee417fcfdca860ca375852410b6f8941-1789685266495115000.html,None; read-only assessment
acm_fellows.csv,"Fuchs, Wesley Kent",2000,https://dblp.org/pid/f/WKentFuchs,Y,2026-09-17,supported,f7e4639497bf7f7bc08213c790a71ae9d76d500c488a202e1cb019e682fb74d8,../bigcows-crawler/.cache/dblp-refresh-2026-09-17-132635/safari/captures/9e18e530151bac9d5f30ec9933923e440dd5dd639954df3d6609f03713f1f5f0-1789685411389743000.html,None; read-only assessment
acm_fellows.csv,"Haderle, Donald J",2000,https://dblp.org/pid/11/633,Y,2026-09-17,supported,ad232dd21c741e5fb2161c35b91a701f134bdef6cf2d2727a88677bc9af91985,../bigcows-crawler/.cache/dblp-refresh-2026-09-17-132635/safari/captures/d344b54a856591de5ebb9e271f90c78591969f29776d4d380065454901976838-1789685167847495000.html,None; read-only assessment
acm_fellows.csv,"Heath, Michael",2000,https://dblp.org/pid/35/370,Y,2026-09-19,supported,b0e6d09a5897683c6f2e75db9afd7bb9a6263397102ffa2d24f21dcf64ae4aad,../bigcows-crawler/.cache/dblp-gap-fill-2026-09-19-145403/safari/captures/b4b069e6ee02b131322b2bd5a603dc66471965357367280d2a65bfbf1dc2ae42-1789844225429085000.html,None; read-only assessment
acm_fellows.csv,"Kleinrock, Leonard",2000,https://dblp.org/pid/k/LKleinrock,Y,2026-09-17,supported,cbda8c345644f47e3468f00ca5712d4668346212d7b67dd98a5977045674df3c,../bigcows-crawler/.cache/dblp-refresh-2026-09-17-132635/safari/captures/562a6e624421fbefad74497dba8ad064bb6f9a4914b29b18612e5246c45235bc-1789685234472678000.html,None; read-only assessment
acm_fellows.csv,"Korth, Henry F",2000,https://dblp.org/pid/k/HenryFKorth,Y,2026-09-17,supported,69108093745558d0a5503632fea41984fe9f10e319aa15093828bdba1bf3ac58,../bigcows-crawler/.cache/dblp-refresh-2026-09-17-132635/safari/captures/1ff1dcdb6bbbc6a1d4dfbe325dc55e70be480c52faecf7d870f19f1b23e7100a-1789685197406934000.html,None; read-only assessment
acm_fellows.csv,"Lamsweerde, Axel Van",2000,https://dblp.org/pid/71/4758,Y,2026-09-17,supported,2342f5bec0a9f0a8458f6e43d67e04972f83d9544d7efa9cd0e25f6c59ed8d7e,../bigcows-crawler/.cache/dblp-refresh-2026-09-17-132635/safari/captures/2e5bdd2ac615d883644f446803be1c3f4577575b6bc4f20f04a166fa95811cea-1789685146920628000.html,None; read-only assessment
acm_fellows.csv,"Lorie, Raymond A",2000,https://dblp.org/pid/67/3397,Y,2026-09-17,supported,baaf387df163163a9bed807748b26e390a257a79f6945a07a845aec41593f856,../bigcows-crawler/.cache/dblp-refresh-2026-09-17-132635/safari/captures/63e693a291f6c22700abc9e7c9c1772f65c548815629b1a0050f2700d03911c0-1789685367545759000.html,None; read-only assessment
acm_fellows.csv,"Loveland, Donald W",2000,https://dblp.org/pid/23/1767,Y,2026-09-17,supported,19e6ee7dc79c4162c26eb7c51d2886f0d776cc45d29beddabd83e558035f6342,../bigcows-crawler/.cache/dblp-refresh-2026-09-17-132635/safari/captures/c251ff98f366770d36cee6b5895863108f432a6bc6c3a19f0ed74549d6f27af1-1789685174835927000.html,None; read-only assessment
acm_fellows.csv,"Meyer, Albert R",2000,https://dblp.org/pid/m/ARMeyer,Y,2026-09-17,supported,a8665e0872a585fb014108dd1fea72f421a8e954ee78ae11b8b87e0860142377,../bigcows-crawler/.cache/dblp-refresh-2026-09-17-132635/safari/captures/a312a4f32401ea4aaaf1b45f37a0b3d0936414f0d5c0efc9b706d35ace42353e-1789685140297025000.html,None; read-only assessment
acm_fellows.csv,"Morris, James H",2000,https://dblp.org/pid/94/280,Y,2026-09-17,supported,8514b375809f999e165ebdfb0c48b2e77841a2daa5c8fb048da7c35e08f0ed4e,../bigcows-crawler/.cache/dblp-refresh-2026-09-17-132635/safari/captures/ce88fb86e948ad8d8b61b49d1d3c26ed07d0381e52d5297bb311c68ad0b4ddd9-1789685204242682000.html,None; read-only assessment
acm_fellows.csv,"Peterson, Larry L",2000,https://dblp.org/pid/p/LLPeterson,Y,2026-09-19,supported,d93485a82c420a158ac48992297ba6ac294f8a872f76aae0330bcbb2888c6a39,../bigcows-crawler/.cache/dblp-gap-fill-2026-09-19-145403/safari/captures/b1b009e638f2c1599f7d2e3f447f7f7812f0275661f6ab73107d0a8549404eb1-1789844771923973000.html,None; read-only assessment
acm_fellows.csv,"Vardi, Moshe Yaakov",2000,https://dblp.org/pid/v/MosheYVardi,Y,2026-09-17,supported,42cdaf881985fdda27a9b3ae3e56236a7eeb81251f65740745f4cb12a49d14bc,../bigcows-crawler/.cache/dblp-refresh-2026-09-17-132635/safari/captures/1a138d1c3bc219265885da92657a92519f2bb045c8e20d9f4eea91ea35df309d-1789685258787078000.html,None; read-only assessment
acm_fellows.csv,"Warren, David S",2000,https://dblp.org/pid/w/DavidScottWarren,Y,2026-09-18,supported,2dca0b2babe1df4d1c01ec094032e66e3a77ea0aeeea538bd48e154a96467624,../bigcows-crawler/.cache/dblp-missing-web-2026-09-17-203211/safari/captures/9ecb7745f98b38c687fcfa19d7b8051979c199465d249e57d7945b65371c9d37-1789692111569077000.html,None; read-only assessment
acm_fellows.csv,"Wilhelm, Reinhard",2000,https://dblp.org/pid/w/ReinhardWilhelm,Y,2026-09-17,supported,7e4c2ae249aa662d355e8948250a33ec54614e9bdf24c64085a2acc119d64e16,../bigcows-crawler/.cache/dblp-refresh-2026-09-17-132635/safari/captures/4b19bbcb85d709aa3c3c77a9e21e23303771e9a421faed6084e818b982652679-1789685374083299000.html,None; read-only assessment
acm_fellows.csv,"Williams, Robin",2000,,N,,missing_known,,,None; read-only assessment
acm_fellows.csv,"Zwaenepoel, Willy E",2000,https://dblp.org/pid/z/WZwaenepoel,Y,2026-09-17,supported,76c298ea405f327b4b558ee313ef935bcfe665c85afa48988369ec1581c6c150,../bigcows-crawler/.cache/dblp-refresh-2026-09-17-132635/safari/captures/1633e6686bcfbec53db802e885bfd1ade4009f6d899f7c64aa8348feb7f0fe16-1789685419486045000.html,None; read-only assessment
acm_fellows.csv,"Auslander, Marc",1999,https://dblp.org/pid/46/4364,Y,2026-09-17,supported,b7c35ff2ba2bb3c12e808c88f714491d1dd401e3c004b1f64519bc5c63837599,../bigcows-crawler/.cache/dblp-refresh-2026-09-17-132635/safari/captures/28de763b3db4f395541fb0089d734ccfd24fe5fff276ee549a51cdb573cbe359-1789685629465748000.html,None; read-only assessment
acm_fellows.csv,"Birman, Ken",1999,https://dblp.org/pid/b/KPBirman,Y,2026-09-17,supported,a82324c594ee6dd01e2ae3ddb180e87aa4757c63e36de13db1b2ec0b9cc6ada7,../bigcows-crawler/.cache/dblp-refresh-2026-09-17-132635/safari/captures/614a589ecf73fe721624591b13ccaa3b7c95a1ac4dabacc60de2e69e346881b6-1789685530752839000.html,None; read-only assessment
acm_fellows.csv,"Brachman, Ronald J.",1999,https://dblp.org/pid/b/RJBrachman,Y,2026-09-17,supported,b3d313fbea4bbf0035840b5639feb7a996af806a734a49ab8869db5198702733,../bigcows-crawler/.cache/dblp-refresh-2026-09-17-132635/safari/captures/5b8fe74f3b49bcd50e9c86726a7dcb009a13256113e7608a76a239ed7c5e7e40-1789685704543379000.html,None; read-only assessment
acm_fellows.csv,"Braden, Robert T",1999,https://dblp.org/pid/79/911,Y,2026-09-17,supported,597378925aaa1b1c9e009e1d277ad96a37a59d678d467933376e31a403d9bca1,../bigcows-crawler/.cache/dblp-refresh-2026-09-17-132635/safari/captures/9d091d934b77fc0fe535c20c7c896c2bb3af43dc9664bb59c541689113fa5c5d-1789685697447030000.html,None; read-only assessment
acm_fellows.csv,"Cook, Rob",1999,https://dblp.org/pid/c/RobertLCook,Y,2026-09-19,resolved_user_approved_replacement,3ffc5183f6903c031064376c44c220da9c1e7ca9cabd186edd86df6a22279a10,../bigcows-crawler/.cache/dblp-replacement-gap-fill-2026-09-19-163416/safari/captures/896e6e01a51f5a7160a9c9e91aec48673b331e261428deab68a71b9e7d26f7e2-1789850131481219000.html,User approved replacement https://dblp.org/pid/c/RobertLCook with quality Y on 2026-09-19 16:27 EDT; old capture date cleared; no accepted capture for new URL. Original findings retained as historical evidence.
acm_fellows.csv,"DeBlasi, Joseph S",1999,,N,,missing_known,,,None; read-only assessment
acm_fellows.csv,"Demmel, James",1999,https://dblp.org/pid/d/JDemmel,Y,2026-09-17,supported,b56ae55c908b16ba2bb09aa1de21b7b9bec5bd5a8de819a6447d5110404e2263,../bigcows-crawler/.cache/dblp-refresh-2026-09-17-132635/safari/captures/0639398973740372bb84055a403d4e57c3c9bd0145df3b5a5fb0a9ae3f4516bc-1789685508042187000.html,None; read-only assessment
acm_fellows.csv,"Fateman, Richard J",1999,https://dblp.org/pid/f/RJFateman,Y,2026-09-17,supported,57468dcc5588c4311ab876fda2640085d3f7db7c6a3912eefcff8c8753254248,../bigcows-crawler/.cache/dblp-refresh-2026-09-17-132635/safari/captures/cb156269530863f12951f8f858fc28b8c07e430f795e2b545dc27be4a7fed8f7-1789685667036416000.html,None; read-only assessment
acm_fellows.csv,"Foley, James D",1999,https://dblp.org/pid/f/JamesDFoley,Y,2026-09-17,supported,4704d517e6f0b545855c223f697116bf34d4ce5a090f1c4e7b523021e9581ce8,../bigcows-crawler/.cache/dblp-refresh-2026-09-17-132635/safari/captures/4c7b4ebf119e274bf3776e77ee4859c30a6f071c445bf60161b30ea95bc72851-1789685500851035000.html,None; read-only assessment
acm_fellows.csv,"Geschke, Charles M",1999,,N,,missing_known,,,None; read-only assessment
acm_fellows.csv,"Ghezzi, Carlo",1999,https://dblp.org/pid/g/CarloGhezzi,Y,2026-09-17,supported,78647c93653a3ebf3b7b90a959db2f14a61f64ce9b67eb76b5801060044e6d28,../bigcows-crawler/.cache/dblp-refresh-2026-09-17-132635/safari/captures/2eeb54e02a1f272e4c7aab8e5c94f9bd5da3924eea1cec52f3a22b92ebccb796-1789685451365722000.html,None; read-only assessment
acm_fellows.csv,"Glass, Robert L",1999,https://dblp.org/pid/23/4277,Y,2026-09-17,supported,5416f60cd13d7143fa6a28332e0e51cc5c4851c2b89021f964e6837f8ebdb3c9,../bigcows-crawler/.cache/dblp-refresh-2026-09-17-132635/safari/captures/57beb36a13c0e3376ce0aea675bb36c1f0c2329b42a564a844cfe240f0be3701-1789685689846908000.html,None; read-only assessment
acm_fellows.csv,"Graham, Ronald L.",1999,https://dblp.org/pid/g/RLGraham,Y,2026-09-17,supported,03a286301d1d53751dec45f799aa7ffb8f7d6c81d29b0afe3eebd166cf2e9b42,../bigcows-crawler/.cache/dblp-refresh-2026-09-17-132635/safari/captures/a4f9c9d945ef30ac14d0932d14facbfbef35e40eb14fbbcd031ee1ea61bb9447-1789685712953853000.html,None; read-only assessment
acm_fellows.csv,"Guibas, Leonidas",1999,https://dblp.org/pid/g/LeonidasJGuibas,Y,2026-09-17,supported,d473a8b1b64b10e08c1477b90d6a72b17e02dac40fa810aa44d44b6cdb077368,../bigcows-crawler/.cache/dblp-refresh-2026-09-17-132635/safari/captures/8c6498369eae0486a5c0a0aef056da24f9feef6f3e254050e13793d0ab9db1b5-1789685621116937000.html,None; read-only assessment
acm_fellows.csv,"Ibaraki, Toshihide",1999,https://dblp.org/pid/72/3560,Y,2026-09-17,supported,4771762d4353be0ea802e2832d2ced317111bc487e89daf93fb5bb7169e87a44,../bigcows-crawler/.cache/dblp-refresh-2026-09-17-132635/safari/captures/c8e522fbb6871ee9c7141dc94dd4591e31b7a4c05c1b98800c73665e154811e8-1789685729750987000.html,None; read-only assessment
acm_fellows.csv,John D Gannon,1999,https://dblp.org/pid/g/JohnDGannon,Y,2026-09-17,supported,f50322d00371736d3b3fa71972bb633f566c0150f7c027094e12414918df0826,../bigcows-crawler/.cache/dblp-refresh-2026-09-17-132635/safari/captures/2d3eafa0079ca10495ec06495e4f1dd0521238c61a58b44005dd6a314af4f587-1789685515839874000.html,None; read-only assessment
acm_fellows.csv,"Kanade, Takeo",1999,https://dblp.org/pid/k/TakeoKanade,Y,2026-09-17,supported,0e152624a5a85b7b8edfce7b9f9f6099aa11c63f8851c47895829c763dfc0d10,../bigcows-crawler/.cache/dblp-refresh-2026-09-17-132635/safari/captures/5bd63d07a8936cff4d86b8162fbf622a9dbbc674b8c847be68520650368bd0e5-1789685722057535000.html,None; read-only assessment
acm_fellows.csv,"Lewis, Philip M",1999,https://dblp.org/pid/l/PhilipMLewis,Y,2026-09-17,supported,36996cc83de378406d3ddd8b9822f1486bf95183ca948b5655b6a63822db3c56,../bigcows-crawler/.cache/dblp-refresh-2026-09-17-132635/safari/captures/d62dccfb56b8487c6ad5053bf6907899ada33f52f79bab5a313b9f4215203d52-1789685660047691000.html,None; read-only assessment
acm_fellows.csv,"MacQueen, David",1999,https://dblp.org/pid/84/3383,N,2026-09-19,resolved_user_approved_replacement,b04ff8e393c15bacd1e50d1522fdf4df9a08448a05092b4fad39f2dfed93d794,../bigcows-crawler/.cache/dblp-replacement-gap-fill-2026-09-19-163416/safari/captures/8cf576eee2d13bb906705a7a1d08087455e574305f954d27ee80e566b63aac54-1789850101028156000.html,"User explicitly approved replacement https://dblp.org/pid/84/3383 on 2026-09-19 16:28 EDT, retaining quality N for incomplete coverage; old capture date cleared pending accepted capture. Supersedes the prior hold; original profile findings retained as historical evidence."
acm_fellows.csv,"Martin, C. Dianne",1999,https://dblp.org/pid/m/CDMartin,Y,2026-09-17,supported,3d2c7648a827b3e2c598edf3e3fffd0c5080a5b02b93994f59e6c26dc815bca6,../bigcows-crawler/.cache/dblp-refresh-2026-09-17-132635/safari/captures/c4eafccec8f399f76772e9fad6702c3ce8ca6f2d544efa6cc87251e60d0a01f7-1789685443275613000.html,None; read-only assessment
acm_fellows.csv,"Masinter, Larry M",1999,https://dblp.org/pid/78/3899,Y,2026-09-17,supported,b138811d1167a459a5253f497042cc928aca7f95c98d98ed5755d15db98336e7,../bigcows-crawler/.cache/dblp-refresh-2026-09-17-132635/safari/captures/d1120981de10ea329b7bae3437f8d84da5ee6d7ba05a07e398ae19a3fea022c0-1789685611545963000.html,None; read-only assessment
acm_fellows.csv,"Mehlhorn, Kurt",1999,https://dblp.org/pid/m/KurtMehlhorn,Y,2026-09-17,supported,87e5cdc43c737ac973d50786244369cae57aa8ec20aca3f134c7c89179658008,../bigcows-crawler/.cache/dblp-refresh-2026-09-17-132635/safari/captures/13d0a963fd0bbcf9e5a2db664e2c908dd908f4df094a920342989b84b891a932-1789685603639970000.html,None; read-only assessment
acm_fellows.csv,"Mills, David L",1999,https://dblp.org/pid/10/4492,Y,2026-09-17,supported,2ad1028a012ecc199b77f69b1e0fdc79c79085a7d2dd6455d286ce8d07cbe81d,../bigcows-crawler/.cache/dblp-refresh-2026-09-17-132635/safari/captures/70c2500d589c03f2f03efa69e583790a884962e899c9ecafde852336ec849c61-1789685472256948000.html,None; read-only assessment
acm_fellows.csv,"Pradhan, Dhiraj",1999,https://dblp.org/pid/p/DhirajKPradhan,Y,2026-09-19,resolved_user_approved_replacement,1d65648705e59ff99b7d7ecdf56b61e3f9844d0bd8f72caf130e0385208dc378,../bigcows-crawler/.cache/dblp-replacement-gap-fill-2026-09-19-163416/safari/captures/d8a4bd0c4b1d3312de7c9ad3052f4d59cbe6fa2c8312358d39708e5d7b32d0fe-1789850188416747000.html,User approved replacement https://dblp.org/pid/p/DhirajKPradhan with quality Y on 2026-09-19 16:04 EDT; old capture date cleared; no accepted capture for new URL. Original findings retained as historical evidence.
acm_fellows.csv,"Sameh, Ahmed",1999,https://dblp.org/pid/46/2473,Y,2026-09-19,resolved_user_approved_replacement,68d081e532775c31289f3561475d8c254b6616b7eb02814cbd6e83482e164ec4,../bigcows-crawler/.cache/dblp-replacement-gap-fill-2026-09-19-163416/safari/captures/44ab7549d18f3a1959cb18d038d1e057cb1cd0397146c9782f3dac6f707e06ec-1789850094660657000.html,User approved replacement https://dblp.org/pid/46/2473 with quality Y on 2026-09-19 16:04 EDT; old capture date cleared; no accepted capture for new URL. Original findings retained as historical evidence.
acm_fellows.csv,"Samuelson, Pamela",1999,https://dblp.org/pid/s/PamelaSamuelson,Y,2026-09-17,supported,551e570c825f97f6904c371162e2f899a2914e6c46f9c6311cc15e199606386b,../bigcows-crawler/.cache/dblp-refresh-2026-09-17-132635/safari/captures/555d1a19bfa6a965d4356ea5e0e9d70687dde8c3e1be0efe587e6089be84629e-1789685652326510000.html,None; read-only assessment
acm_fellows.csv,"Snir, Marc",1999,https://dblp.org/pid/40/3047,Y,2026-09-17,supported,aa3baae3f0528c9b5ec1a0529889f9b264b6e5ce8a044ffb49bd48da609d0814,../bigcows-crawler/.cache/dblp-refresh-2026-09-17-132635/safari/captures/0cdcc47f870ab1497e8bf23275d0facfbc47a081911a5713290685a869f32916-1789685637147794000.html,None; read-only assessment
acm_fellows.csv,"Snodgrass, Richard",1999,https://dblp.org/pid/s/RichardTSnodgrass,Y,2026-09-17,supported,a1c61859cbc206caa6f1ba7784e93a6a69f9a335deea447cc5410f401f76d5fe,../bigcows-crawler/.cache/dblp-refresh-2026-09-17-132635/safari/captures/cf1c68957e5138892421807a96cefd52314f441b5b49051309b706eaac1a3f7c-1789685674977127000.html,None; read-only assessment
acm_fellows.csv,"Soffa, Mary Lou",1999,https://dblp.org/pid/s/MaryLouSoffa,Y,2026-09-17,supported,69d8c233875d46037112c45f38b7eb9807bbb934e9ea67c7d271ada402042ec0,../bigcows-crawler/.cache/dblp-refresh-2026-09-17-132635/safari/captures/2801fd3cbc9e45d4efed5c3d3c8a7fa249547dbae4bfa847cfe222395d6e8f50-1789685645337959000.html,None; read-only assessment
acm_fellows.csv,"Tan, Chung Jen",1999,https://dblp.org/pid/54/1393,N,2026-09-17,resolved_user_N,f6641ea29afcc575a0f0073821e4582e54f38e9e47608a7edb4aa758e01f18e9,../bigcows-crawler/.cache/dblp-refresh-2026-09-17-132635/safari/captures/a45060e1d0422299467bb5404699175fea9034ef2e9564ca610d1cd091838149-1789685464774182000.html,Applied explicit user decision 2026-09-19T15:40:09.250177-04:00: dblp_profile_quality Y to N; URL and capture date preserved.
acm_fellows.csv,"Torii, Koji",1999,https://dblp.org/pid/56/2801,Y,2026-09-17,supported,a902f85bd4ad4bcfc2fd1e87039f4ab98320a79a202f1e19b7254662739729f1,../bigcows-crawler/.cache/dblp-refresh-2026-09-17-132635/safari/captures/52b5f40cbe3d94b49133403b9a441362d1cb337d252f15039a2de5cdb3dd538f-1789685538227841000.html,None; read-only assessment
acm_fellows.csv,"Waltz, David L",1999,https://dblp.org/pid/w/DavidLWaltz,Y,2026-09-17,supported,888f9acd08dbada6833870c1583895b14fc0663aeddaf1328ee6b54500fb120f,../bigcows-crawler/.cache/dblp-refresh-2026-09-17-132635/safari/captures/66e8ae0d8d1da66622c174913715e3f6719ec217c5dae65b05d80fca1846c121-1789685480342041000.html,None; read-only assessment
acm_fellows.csv,"Warnock, John",1999,https://dblp.org/pid/w/JohnEWarnock,Y,2026-09-17,supported,5d0ccacd15b89aa558fb466dc141118b5b7204d63f951ba04b0e593a9812427a,../bigcows-crawler/.cache/dblp-refresh-2026-09-17-132635/safari/captures/490b6d809798127ca00ac4a9e9c9dff1d1b240e75c55c2421da225938c50e0db-1789685524120578000.html,None; read-only assessment
acm_fellows.csv,"Yonezawa, Akinori",1999,https://dblp.org/pid/y/AkinoriYonezawa,Y,2026-09-17,supported,ae7bf814d02b98d9ab467842034df45217f03c311a6363d3226d049704fe5437,../bigcows-crawler/.cache/dblp-refresh-2026-09-17-132635/safari/captures/ba082fc7fb5049b94613da79d664ef353e53ade9b3d35efa31f5beccf7f7fc05-1789685435662781000.html,None; read-only assessment
acm_fellows.csv,"Agrawal, Dharma P",1998,https://dblp.org/pid/a/DharmaPAgrawal,Y,2026-09-17,supported,e811cbca6df07b52948411a31e30c6caeb50c18a42ab358a8fd4def4aa9e289a,../bigcows-crawler/.cache/dblp-refresh-2026-09-17-132635/safari/captures/4466c97e74d84ec6f93e7f738dda3ebadb050a6e89cbe19e15a3b80a62c58027-1789685871676749000.html,None; read-only assessment
acm_fellows.csv,"Andrews, Gregory R",1998,https://dblp.org/pid/a/GregoryRAndrews,Y,2026-09-17,supported,ddb2b52e304320f465d6fd65dd1cadfead8b26f63278b30556a0acf6d24a619c,../bigcows-crawler/.cache/dblp-refresh-2026-09-17-132635/safari/captures/b202dc338f6c0a737a744b41925be4f77e866c47c2469103550febb9e1d8d85a-1789685918107623000.html,None; read-only assessment
acm_fellows.csv,"Appel, Andrew W",1998,https://dblp.org/pid/a/AWAppel,Y,2026-09-17,supported,2dbb9f478e6ed04675270451d9cbf1e0541d70ba8879ed765b1885c3236dfd44,../bigcows-crawler/.cache/dblp-refresh-2026-09-17-132635/safari/captures/ef3d90ecfa3df18d8907a3e8ee154aecaf496c21dffc5570c6a94212b395e73a-1789685757065353000.html,None; read-only assessment
acm_fellows.csv,"Berghel, Hal",1998,https://dblp.org/pid/b/HalBerghel,Y,2026-09-17,supported,cab3098bfdbee3ee5d191ccd6a9f8612d479707d3e2b3b83910b0bff491286ee,../bigcows-crawler/.cache/dblp-refresh-2026-09-17-132635/safari/captures/145388c0099cb11b27b7e6041e6cdce78c02559dd2ee6516967f3ce6d5b34162-1789685925399307000.html,None; read-only assessment
acm_fellows.csv,"Browne, James C",1998,https://dblp.org/pid/13/1022,Y,2026-09-17,supported,ef07942a7b87d28efa22b80ed07ee562a89db3de7a607b467e926b4102a5570e,../bigcows-crawler/.cache/dblp-refresh-2026-09-17-132635/safari/captures/128ef24e2965ceb0c8a9b16a8f077f78534fcaccfdadd38d41a93f5476f5fa45-1789685940061589000.html,None; read-only assessment
acm_fellows.csv,"Cartwright, Robert Staley",1998,https://dblp.org/pid/c/RCartwright,Y,2026-09-17,supported,4a8fd33b0b8f80a5736c2032984a630e41c5877b9968956eebe115c832a7e0a9,../bigcows-crawler/.cache/dblp-refresh-2026-09-17-132635/safari/captures/61d858ce7aa9e8d438090d43233114b90d6363ac0a63ba3696f907a239905024-1789686122470046000.html,None; read-only assessment
acm_fellows.csv,"Chen, Peter P",1998,https://dblp.org/pid/c/PPChen,Y,2026-09-17,supported,80e1281f372dbdf99408f620e4a22ad682237f1a2e5a594279e49ac787df2e83,../bigcows-crawler/.cache/dblp-refresh-2026-09-17-132635/safari/captures/8a80f719dd5b6f9b4daa4fec719d771d1db0332f46feaf0bfad7729401a08260-1789686014064682000.html,None; read-only assessment
acm_fellows.csv,"Clarke, Edmund",1998,https://dblp.org/pid/c/EdmundMClarke,Y,2026-09-17,supported,87bbbc90c19e85c1567b3dab8dd5c18fcd654b1f01276f653bf24fefd8ebf3cf,../bigcows-crawler/.cache/dblp-refresh-2026-09-17-132635/safari/captures/240b1983ddbe996fd1c3885f398ac6e4dec75c12841addc9db521cedfbb9c5d9-1789685878939925000.html,None; read-only assessment
acm_fellows.csv,"Clarke, Lori",1998,https://dblp.org/pid/c/LoriAClarke,Y,2026-09-17,supported,be9f99bcd612ee1bd33695a5c667429ed08c0de86de8092ad875f071923462e1,../bigcows-crawler/.cache/dblp-refresh-2026-09-17-132635/safari/captures/42dd6685d203b83c0151e70ffab9ed6990bfd733f4c706eda06c873fb2775a12-1789685992365087000.html,None; read-only assessment
acm_fellows.csv,"Cole, Richard J",1998,https://dblp.org/pid/96/5516,Y,2026-09-17,supported,6f96d70fa7b6515a1dc21baef3cd295ec13eb77dc42eaa1a0b5546a47f042f8c,../bigcows-crawler/.cache/dblp-refresh-2026-09-17-132635/safari/captures/d2d548ec5e903690d8e107089557658ff59f46db7f1b3401b30cc66721ee966c-1789686029028156000.html,None; read-only assessment
acm_fellows.csv,"Ellis, Clarence A",1998,https://dblp.org/pid/e/ClarenceAEllis,Y,2026-09-17,supported,dfecedfee65a97b0c2999471edf6ecb16a78b975aa151787721017f7193fea7a,../bigcows-crawler/.cache/dblp-refresh-2026-09-17-132635/safari/captures/524ab9b533506aa1ed9a9fb81dc10b6db01c7ee7a8678eee5e7001296aa36b18-1789685787329000000.html,None; read-only assessment
acm_fellows.csv,"Gabriel, Richard P.",1998,https://dblp.org/pid/g/RichardPGabriel,Y,2026-09-19,resolved_user_approved_replacement,9fc589259f442ee7864993c33439ff39ae68d851408290e289e1fe4473fcd283,../bigcows-crawler/.cache/dblp-replacement-gap-fill-2026-09-19-163416/safari/captures/dd06089dbfc15376a4ae8c357871e6450591b14342529dd2325687302eaee93e-1789850138716195000.html,User approved replacement https://dblp.org/pid/g/RichardPGabriel with quality Y on 2026-09-19 15:50 EDT; old capture date cleared; no accepted capture for new URL. Stored-profile findings retained as historical evidence.
acm_fellows.csv,"Gupta, Gopal Krishna",1998,https://dblp.org/pid/g/GopalGupta,N,2026-09-17,on_hold_by_user,dd61cf809d03b2cffee896ca4bd5174378b4a1408e35a15617493949115d00b1,../bigcows-crawler/.cache/dblp-refresh-2026-09-17-132635/safari/captures/c96e9f1197bce9460d59c3e2936d51f3acbb9caf3f20a2e8a793b793bbcd17a0-1789685909941792000.html,"User approved hold on 2026-09-19 16:27 EDT; preserve existing URL, N and capture date pending better identity or coverage evidence; third recommendation batch records candidate assessment."
acm_fellows.csv,"Horning, James Jay",1998,https://dblp.org/pid/h/JamesJHorning,Y,2026-09-17,supported,fddbb59c885c46346a4b6b8ecb9667ee03aaa9a255c76ecbdb555be62348114c,../bigcows-crawler/.cache/dblp-refresh-2026-09-17-132635/safari/captures/65c4ce4fe775c49b621dbfaf2e23f353db840c41969d64ecc809a689899cc72f-1789685948300649000.html,None; read-only assessment
acm_fellows.csv,"Jones, Neil",1998,https://dblp.org/pid/j/NeilDJones,Y,2026-09-17,supported,6e1381dbeaed0e594901fd2e2a7b2057eb2d8ddf14d63ea9c502b3bc51ec027f,../bigcows-crawler/.cache/dblp-refresh-2026-09-17-132635/safari/captures/a8d476c85c2bd39a994008544e60ea15ccd4b18c7c5f1557bd31c8bb1b7b511b-1789686007222969000.html,None; read-only assessment
acm_fellows.csv,"Joshi, Aravind K",1998,https://dblp.org/pid/j/AravindKJoshi,Y,2026-09-17,supported,25ac295fa16733e8d4c585ce8848559234766ee3cf57857898abfff48f606acb,../bigcows-crawler/.cache/dblp-refresh-2026-09-17-132635/safari/captures/82f9fe70685e336b3774386767ffe3b0c2c964db6467e529aeb7810687560584-1789685763662654000.html,None; read-only assessment
acm_fellows.csv,"Kandel, Abraham",1998,https://dblp.org/pid/63/612,Y,2026-09-17,supported,fe933f02735afdbdc914ecc2a416733b66bd293966a36fd626c33a0468a0a683,../bigcows-crawler/.cache/dblp-refresh-2026-09-17-132635/safari/captures/1074638c0b886e02087ebc7618414e16e24edfbfd5e5118434d2e00e9f10a251-1789685737062785000.html,None; read-only assessment
acm_fellows.csv,"Kent, Stephen T",1998,https://dblp.org/pid/26/6838,Y,2026-09-17,supported,9e67530e6892f21f3b3c7d91291f1df09b3cad5757c21c5e35af375a1cb907a1,../bigcows-crawler/.cache/dblp-refresh-2026-09-17-132635/safari/captures/12fac3fa8012c06c819a18814b1a03e7d1f38b20da34e6c61de46de72174b411-1789686137276756000.html,None; read-only assessment
acm_fellows.csv,"LAM, SIMON S",1998,https://dblp.org/pid/l/SimonSLam,Y,2026-09-17,supported,1bf63e3d9129d34e3ba63bbaa5123568a46c90022acff6a07df77ed703493596,../bigcows-crawler/.cache/dblp-refresh-2026-09-17-132635/safari/captures/0e3534688a6c235e2033a1f6974920b1221abb87b1ee13bd6a3d3c6826348300-1789686129278468000.html,None; read-only assessment
acm_fellows.csv,"Li, Kai",1998,https://dblp.org/pid/l/KaiLi1,Y,2026-09-19,resolved_user_approved_replacement,d85119eae156510e3bc480d8d752c0b1260a01f2e12beb2a7855297d4b9f929c,../bigcows-crawler/.cache/dblp-replacement-gap-fill-2026-09-19-163416/safari/captures/91654171f773ef0889b7e9c8df0713ce6ad6517b7b251097a6486be5f5375957-1789850168398377000.html,User approved replacement https://dblp.org/pid/l/KaiLi1 with quality Y on 2026-09-19 15:50 EDT; old capture date cleared; no accepted capture for new URL. Stored-profile findings retained as historical evidence.
acm_fellows.csv,"Maier, David",1998,https://dblp.org/pid/m/DavidMaier,Y,2026-09-17,supported,d0ed6fbc4071696342f9c33a8949d799f0ffd7d3d08d0e1aa28ee98f15f854f7,../bigcows-crawler/.cache/dblp-refresh-2026-09-17-132635/safari/captures/15cc5fc2c3466a5db0ab2344f3385cdc0e015b2fc9be873770e4f44d310cdfb0-1789685854713129000.html,None; read-only assessment
acm_fellows.csv,"Notkin, David S",1998,https://dblp.org/pid/n/DavidNotkin,Y,2026-09-17,supported,70983eb9eecdf80fbeea9d2402db906aa32dfb4ed17f0d9784e8a144a8d24495,../bigcows-crawler/.cache/dblp-refresh-2026-09-17-132635/safari/captures/a1d27826a0d69823132e95c40996bcbc31318948464ae0b1f7bdcdf486632ccd-1789685863129490000.html,None; read-only assessment
acm_fellows.csv,"Nycum, Susan H",1998,https://dblp.org/pid/56/3975,Y,2026-09-17,supported,104bdf5dcc4b86e8b0ca0f972dbe1d71bdbdf94987e4fbd4e85979c3f0e4013f,../bigcows-crawler/.cache/dblp-refresh-2026-09-17-132635/safari/captures/7fea7a47658974de6e73b2fa7fc482083dbfdb7e16fb2b1561c113d0fc3eb3b0-1789686153275067000.html,None; read-only assessment
acm_fellows.csv,"Osterweil, Leon J",1998,https://dblp.org/pid/o/LJOsterweil,Y,2026-09-17,supported,53c7050cfc6353aac111bf05223f6fb82a3e0d3daf9a68fbab7d9773a9d3783b,../bigcows-crawler/.cache/dblp-refresh-2026-09-17-132635/safari/captures/2c0a3996ac03dec50270666043d7d4049460b1a86bc7d8d59174ef737dbbc55d-1789685985211128000.html,None; read-only assessment
acm_fellows.csv,"Rangan, Venkat P",1998,https://dblp.org/pid/r/PVRangan,Y,2026-09-17,supported,b9cdabc85673fa913baf9640f299575cd632178759107f2abfe18c86aaae712d,../bigcows-crawler/.cache/dblp-refresh-2026-09-17-132635/safari/captures/c8281238263708551c22dc8cd88ac3643aed301939f0362fb7ffbbee4c76ead6-1789686161189818000.html,None; read-only assessment
acm_fellows.csv,"Richards, John T",1998,https://dblp.org/pid/25/2931,Y,2026-09-17,supported,305f6741caf037215149b93ba25e918ec955fe858c973073347dc4a06c7553d1,../bigcows-crawler/.cache/dblp-refresh-2026-09-17-132635/safari/captures/2400026d073b5afd1a06899f96c9fa10413a89a466efa0c03db61574f1fb3627-1789685962996582000.html,None; read-only assessment
acm_fellows.csv,"Rowe, Lawrence A",1998,https://dblp.org/pid/r/LawrenceARowe,Y,2026-09-17,supported,e357fee9a332f5fb6dd9543fd34d2805e5306abec88a180eba4ae3379e201173,../bigcows-crawler/.cache/dblp-refresh-2026-09-17-132635/safari/captures/09c8aed3c773c71b860df1656fcaef69448c83a3f9c543d6472a6e75ff3b4604-1789685978155146000.html,None; read-only assessment
acm_fellows.csv,"Ryder, Barbara Gershon",1998,https://dblp.org/pid/r/BarbaraGRyder,Y,2026-09-17,supported,fb55393b909ab87cbb54bcf5c9d20ef652bf70e4565136c93273cba2eee620f0,../bigcows-crawler/.cache/dblp-refresh-2026-09-17-132635/safari/captures/d3143c0095a69630ca8de5943f3d6d84252ac464b4467d28cc1328e991ace933-1789685771659640000.html,None; read-only assessment
acm_fellows.csv,"Selman, Alan",1998,https://dblp.org/pid/s/AlanLSelman,Y,2026-09-17,supported,a14af98559266d3b43eac41263c6b37287e7c8b0027e419f3d75eab54efe33d1,../bigcows-crawler/.cache/dblp-refresh-2026-09-17-132635/safari/captures/8c61dc30ceeeff40d5da0845797a94ea8771ca60c58d59af968526a688d8430c-1789685743699407000.html,None; read-only assessment
acm_fellows.csv,"Sequin, Carlo H",1998,https://dblp.org/pid/s/CarloHSequin,Y,2026-09-17,supported,2c21c1e24a9f33176875ca6899bbd916e85e13d75b5de30590d01fae95fae528,../bigcows-crawler/.cache/dblp-refresh-2026-09-17-132635/safari/captures/698bae7a29b305fe02c11e8787f252c7616d06f90ae97d8689ec7134b4261de7-1789685779982546000.html,None; read-only assessment
acm_fellows.csv,"Siegel, H. J.",1998,https://dblp.org/pid/s/HowardJaySiegel,Y,2026-09-17,supported,abf3c2269ff00600bfc9a2ae1f3255f95ca7a2320d62b84edcce84c1c4da0458,../bigcows-crawler/.cache/dblp-refresh-2026-09-17-132635/safari/captures/09d5f1f282e2181581d8e4805bec515d8ad858bdda09ac8cbfcb92bd9fe4bcff-1789685932059090000.html,None; read-only assessment
acm_fellows.csv,"Spafford, Eugene H.",1998,https://dblp.org/pid/s/EugeneHSpafford,Y,2026-09-17,supported,d65996f772d89793cd419dbdf81c1696f795098fbba35ec9119576b3e5404630,../bigcows-crawler/.cache/dblp-refresh-2026-09-17-132635/safari/captures/addd3afb4ad75aa0d2a18fc4a589e975633a24c1575cf401d9c1cf8531286406-1789685892997524000.html,None; read-only assessment
acm_fellows.csv,"Tardos, Eva",1998,https://dblp.org/pid/t/EvaTardos,Y,2026-09-17,supported,bec7b50e978d21538c24cf33691c7fa893b2bc74a468a4f67e98bef310a44d59,../bigcows-crawler/.cache/dblp-refresh-2026-09-17-132635/safari/captures/20e2c22042e15b2360a754209d179af6a5309c6ad6261bd0473d7b8457bfda63-1789685901367749000.html,None; read-only assessment
acm_fellows.csv,"Taylor, Richard N",1998,https://dblp.org/pid/t/RichardNTaylor,Y,2026-09-17,supported,be2a9d5011abd798c90888c412794f2be82bf9551e5ed3f0e8b653c4b7ac9f7b,../bigcows-crawler/.cache/dblp-refresh-2026-09-17-132635/safari/captures/98d229be580ca3be14e1b3300a97a4e7dbdb8f388bc3a7df0cd6426b78e2577a-1789686037186939000.html,None; read-only assessment
acm_fellows.csv,"Turner, Albert J",1998,https://dblp.org/pid/t/AJoeTurner,Y,2026-09-17,supported,082cacc19f8f1ab400b1b577b0444d64cb0508bb79373d0c013db4963cdd68ba,../bigcows-crawler/.cache/dblp-refresh-2026-09-17-132635/safari/captures/01b223d7880dd2d5dc0efa369dd7f42823faa8fa75737b550f022481b17c8bdb-1789685750107722000.html,None; read-only assessment
acm_fellows.csv,"Welzl, Emmerich",1998,https://dblp.org/pid/w/EmoWelzl,Y,2026-09-17,supported,c7c0b797e7addac7463198756302d275bf54f490ee68859fce5948acde74e1e5,../bigcows-crawler/.cache/dblp-refresh-2026-09-17-132635/safari/captures/7a0d1ee88eb7af34c64a9c4103139bf9dae640f3da9be8a2def51cd9802dea85-1789685885621760000.html,None; read-only assessment
acm_fellows.csv,"Wing, Jeannette M.",1998,https://dblp.org/pid/w/JeannetteMWing,Y,2026-09-17,supported,1029fc4f6d14e6bbfd755e57b142b66fa850a08d61c608617e2e873e8572d097,../bigcows-crawler/.cache/dblp-refresh-2026-09-17-132635/safari/captures/f8f09abb8d3183f60569c1a9c3afc47992c0595aa57dcf481f436d3b87c80b00-1789685955710590000.html,None; read-only assessment
acm_fellows.csv,"Yannakakis, Mihalis",1998,https://dblp.org/pid/y/MihalisYannakakis,Y,2026-09-17,supported,04d7d0d2ebeed69ea18fa4ad937bf610490039d7bb4db79adc613780742d8876,../bigcows-crawler/.cache/dblp-refresh-2026-09-17-132635/safari/captures/a87a85fd46cb931807a04e49db8fc72dfbd7b47f66b42c975b3b2d7077a3fff7-1789686000359377000.html,None; read-only assessment
acm_fellows.csv,"Zweben, Stuart",1998,https://dblp.org/pid/z/SHZweben,Y,2026-09-17,supported,32cba95152b4f085345f9cd84d56947150f1fdd0f60fc5725cdb606ae5ef2e1b,../bigcows-crawler/.cache/dblp-refresh-2026-09-17-132635/safari/captures/4a88b3d992e5be35799d5305c400e7230c7f0ee299de4fce40b2c63e2dd8f957-1789686145260328000.html,None; read-only assessment
acm_fellows.csv,"akyildiz, ian f",1997,https://dblp.org/pid/a/IAAkyildiz,Y,2026-09-17,supported,f5a3d7f297e91e3e550a4b2c5c56b87c62ae37367de706829e0d347bcc05689d,../bigcows-crawler/.cache/dblp-refresh-2026-09-17-132635/safari/captures/e78ffa7e27212d52f5f63410b62448aab4efe1e4d5dee472b34fe8061b3572c5-1789686276125665000.html,None; read-only assessment
acm_fellows.csv,"Baer, Jean-Loup",1997,https://dblp.org/pid/b/JLBaer,Y,2026-09-17,supported,e385d89174b5ee0d428e3e48d1222a4d022352b025e792185e71ebde746a6a72,../bigcows-crawler/.cache/dblp-refresh-2026-09-17-132635/safari/captures/64cfcce89c83626d947dedeb0255b386e05e4fcde56bef96f817e6b5fe5a4667-1789686307287879000.html,None; read-only assessment
acm_fellows.csv,"Basili, Victor",1997,https://dblp.org/pid/b/VRBasili,Y,2026-09-17,supported,8ab91ef788db9633e82850c8d32035eca23a49a9a824de1e4b95b8d07c4aa331,../bigcows-crawler/.cache/dblp-refresh-2026-09-17-132635/safari/captures/9fd2ea66336412442c32c7b5f285bfd739794b03138c5b617bdcda59c9b40007-1789686532091935000.html,None; read-only assessment
acm_fellows.csv,"Bate, Roger R",1997,,N,,missing_known,,,None; read-only assessment
acm_fellows.csv,"Boehm, Barry",1997,https://dblp.org/pid/b/BarryWBoehm,Y,2026-09-17,supported,51d8f00418f6fb6c4a1ba0df198718f7047dd0d212b7fe9b3953fcc72de05696,../bigcows-crawler/.cache/dblp-refresh-2026-09-17-132635/safari/captures/0e0d37a2acd4a64e69ea3106f2fc9757bc40aea1863a97887ab8284e1dd481e0-1789686185025739000.html,None; read-only assessment
acm_fellows.csv,"Chlamtac, Imrich",1997,https://dblp.org/pid/c/ImrichChlamtac,Y,2026-09-17,supported,9acbe108a7a1af2e8e3af3f6e4f5a4f92003d0371b4f7f612e170c752ca63cab,../bigcows-crawler/.cache/dblp-refresh-2026-09-17-132635/safari/captures/228036471b5c702d3afad356bcc3be4d61652f7dc5dc63c5adc6f3179d4039a3-1789686284562320000.html,None; read-only assessment
acm_fellows.csv,"Croft, Bruce",1997,https://dblp.org/pid/c/WBruceCroft,Y,2026-09-17,supported,5fa480561483088f02b06cd518cc00a5a6ba5134de73af809286756c05bb3b6b,../bigcows-crawler/.cache/dblp-refresh-2026-09-17-132635/safari/captures/37a553749a685d4893ab70a8963a1bb7dc13e4fb0a9248246f79fe84436af6ca-1789686200459087000.html,None; read-only assessment
acm_fellows.csv,"Davis, Gordon B",1997,https://dblp.org/pid/45/3456,Y,2026-09-17,supported,c3e053e97581cddaebcdae89d86eaf83a158fb0908bbd93ef0fc12544e9dbaf1,../bigcows-crawler/.cache/dblp-refresh-2026-09-17-132635/safari/captures/4a4bb1aceaf5b8cd9805ff457a34b14bbb94469a06100c96eff66bcc0efbce49-1789686246257267000.html,None; read-only assessment
acm_fellows.csv,"Dobkin, David P",1997,https://dblp.org/pid/d/DavidPDobkin,Y,2026-09-17,supported,44db26ee11b279f78a39b9f0d5ab7c182c8b79ae68419f30701189e204b9778d,../bigcows-crawler/.cache/dblp-refresh-2026-09-17-132635/safari/captures/1b8a10309340ee77d21de7347f9a2620299b9398312d048393089c0f5ff0404d-1789686216185281000.html,None; read-only assessment
acm_fellows.csv,"Freeman, Herbert",1997,https://dblp.org/pid/60/4126,Y,2026-09-17,supported,ff9b9b55c9e10f0b09d9564fbbe7d9417fec26c548ef904fb0e515a227bb75e7,../bigcows-crawler/.cache/dblp-refresh-2026-09-17-132635/safari/captures/e20ad68ea2032539e4913a7de211a526c6033b05c888582f1c8f99e9dcf88f36-1789686267756685000.html,None; read-only assessment
acm_fellows.csv,"Garcia-Molina, Hector",1997,https://dblp.org/pid/g/HGarciaMolina,Y,2026-09-17,supported,bff88629e3ce9017bcd1a238ee876e76b58e25aa017710ffaf4aac23a6ca4d91,../bigcows-crawler/.cache/dblp-refresh-2026-09-17-132635/safari/captures/63d02a9da6b91c390e17d1957d598ccfdcc7472bb11ced9bd3b1fc4d19366598-1789686260913623000.html,None; read-only assessment
acm_fellows.csv,"Greif, Irene",1997,https://dblp.org/pid/41/3993,Y,2026-09-17,supported,543ffe839420ed4579c1444dff07b7bb22c390157ef42ee7e861a372db279dfd,../bigcows-crawler/.cache/dblp-refresh-2026-09-17-132635/safari/captures/5b3613166c86d1eed681b2fa0bc822e3d8a00a8cc3c730e45b8bc308e8f7d0f0-1789686291276906000.html,None; read-only assessment
acm_fellows.csv,"Gurevich, Yuri",1997,https://dblp.org/pid/g/YuriGurevich,Y,2026-09-17,supported,08f7fca6405767a0bc5007218bbffede37de70fe7f65407a0a7ccd0ec1f4bf33,../bigcows-crawler/.cache/dblp-refresh-2026-09-17-132635/safari/captures/fc38568cb54aea946cab415c809f202465d8fb2bb4693478b32e71a48913b50f-1789686539395545000.html,None; read-only assessment
acm_fellows.csv,"Hennessy, John L",1997,https://dblp.org/pid/h/JohnLHennessy,Y,2026-09-17,supported,76db6e58e7149d0ec4b98ed6ae43b31ddccea7fa83415923e5061df305878ef4,../bigcows-crawler/.cache/dblp-refresh-2026-09-17-132635/safari/captures/c53b5bde354cc3afdc72fcda206ecf61cbfaddf07cff29c7c6c8b53f8dc8987f-1789686383994650000.html,None; read-only assessment
acm_fellows.csv,J D Couger,1997,https://dblp.org/pid/65/6674,Y,2026-09-17,supported,a2405fe8ec9f25d8d02dac2fdb4f16f60859ff32749e0aeb03e5359220ba5a4a,../bigcows-crawler/.cache/dblp-refresh-2026-09-17-132635/safari/captures/81ca53ac2f109f56c1beff1b23bb04509a22cdaac8266849d836bc1f73b8f3e2-1789686299454542000.html,None; read-only assessment
acm_fellows.csv,"Kedem, Zvi Meir",1997,https://dblp.org/pid/k/ZviMKedem,Y,2026-09-17,supported,dfd2e41f59f56f1db07addaf1fef7fb8393036931a20ce589733416dd0a55fdb,../bigcows-crawler/.cache/dblp-refresh-2026-09-17-132635/safari/captures/b9cdeb507d618f429a461432315942a35e4861642b84c0f2e80e951e7c5926d0-1789686546965482000.html,None; read-only assessment
acm_fellows.csv,"Kemmerer, Richard A.",1997,https://dblp.org/pid/k/RAKemmerer,Y,2026-09-17,supported,0fe9ee170a73611a0893cd87b3229156c4caaa658410611486cf1a651e4521a7,../bigcows-crawler/.cache/dblp-refresh-2026-09-17-132635/safari/captures/b002a68a719917fa12d0d05955a24b984994226bc6cfd97c16afccc47ab5ad33-1789686481072425000.html,None; read-only assessment
acm_fellows.csv,"Lawson, H W",1997,https://dblp.org/pid/07/2756,Y,2026-09-17,supported,3b7c30cbde4ca5d83e14445ead2f74cd6bab56510d2b7527cd3f402220bf8c78,../bigcows-crawler/.cache/dblp-refresh-2026-09-17-132635/safari/captures/c58fb1887ac7c33987ea47055568037c851f23f4a5ccbd4bc3207bbeb466d713-1789686253827971000.html,None; read-only assessment
acm_fellows.csv,"Lee, Der-Tsai",1997,https://dblp.org/pid/l/DTLee,Y,2026-09-17,supported,775db3b5ea64f7d89d4538e3d87318aabdb1c42e5ff47f702e15f2711110166b,../bigcows-crawler/.cache/dblp-refresh-2026-09-17-132635/safari/captures/9462002a354fb819264b907f4fdce04a1924f62e1911055b46771ca32f834b61-1789686223281871000.html,None; read-only assessment
acm_fellows.csv,"Lipton, Richard",1997,https://dblp.org/pid/l/RichardJLipton,Y,2026-09-17,supported,0bdd7b5e4216c7ae73ef12b805cdcc6ca51fd8b48f002db63181a76a15621c52,../bigcows-crawler/.cache/dblp-refresh-2026-09-17-132635/safari/captures/72d349307c8a6f685514ee519a04d04531c63c860f33437acace48c7c70d93ce-1789686488529761000.html,None; read-only assessment
acm_fellows.csv,"Lynch, Nancy",1997,https://dblp.org/pid/l/NancyALynch,Y,2026-09-17,supported,3f75db5bcd8182071b1d21ad80006679d46fb34204536c4119bfb502120d7df0,../bigcows-crawler/.cache/dblp-refresh-2026-09-17-132635/safari/captures/f44787a9b232d684c722e48098672c2c37f38df0de1e97062ff01097171bc541-1789686415587892000.html,None; read-only assessment
acm_fellows.csv,"Menasce, Daniel A.",1997,https://dblp.org/pid/m/DAMenasce,Y,2026-09-17,supported,35387296c67c78582d9ec339898316bf252c9f96be19b11a33730cc445c28713,../bigcows-crawler/.cache/dblp-refresh-2026-09-17-132635/safari/captures/1d0d24ac078c713dcbe6b88ad63503c80ddf168ccaacaccb9388700455b03179-1789686208007601000.html,None; read-only assessment
acm_fellows.csv,"Miller, Raymond",1997,https://dblp.org/pid/m/RaymondEMiller,Y,2026-09-19,resolved_user_approved_replacement,628aa05da6dbdafdd3c4686b6b1a85bfe4ed27ff45068f7c2d0c02e34a28562a,../bigcows-crawler/.cache/dblp-replacement-gap-fill-2026-09-19-163416/safari/captures/61ddefb6aa0c522d93222de718fa8d9b79e3dc28de57b08917e1de4497b228b2-1789850174965930000.html,User approved replacement https://dblp.org/pid/m/RaymondEMiller with quality Y on 2026-09-19 16:27 EDT; old capture date cleared; no accepted capture for new URL. Original findings retained as historical evidence.
acm_fellows.csv,"Perrott, Ron",1997,https://dblp.org/pid/p/RHPerrott,Y,2026-09-17,supported,8abe2daabb2ef8c49e40ae11813cf934319f04d1fa25a669e115d4a3b97127bc,../bigcows-crawler/.cache/dblp-refresh-2026-09-17-132635/safari/captures/671ffe41f70bc0b71cd311d6161aa6beb62d6b4cbabc8efb54d630b56a9371ff-1789686517927940000.html,None; read-only assessment
acm_fellows.csv,"Pippenger, Nicholas",1997,https://dblp.org/pid/p/NicholasPippenger,Y,2026-09-17,supported,a321949c73a8be6e703d6db3c9d0fa3ad80c01cbfe7cfbdee4f79733680b0ca8,../bigcows-crawler/.cache/dblp-refresh-2026-09-17-132635/safari/captures/20e035747e7f90dbc7f24b33a2825493c98b7ed169827c11931aec6168ae99e4-1789686422306164000.html,None; read-only assessment
acm_fellows.csv,"Pratt, Vaughan Ronald",1997,https://dblp.org/pid/p/VRPratt,Y,2026-09-17,supported,d1dd09f95bb23052469ce866b05699ce70c661898383db1bb99bdc0e9b4b84eb,../bigcows-crawler/.cache/dblp-refresh-2026-09-17-132635/safari/captures/d7501b8ed0dbb63fb015746bdc91a87b547e182cbdf487bbfc084922605ae1e1-1789686524747944000.html,None; read-only assessment
acm_fellows.csv,Raymond Reiter,1997,https://dblp.org/pid/r/RaymondReiter,Y,2026-09-17,supported,9b040b940d2c907c1e91bf97ab077c3d852cbfa1b3a76fbf1c9fa81de3ae9287,../bigcows-crawler/.cache/dblp-refresh-2026-09-17-132635/safari/captures/17aac64472cf172ee6eab48c0c99cfac9c5d55a64b66eae37998b26ea32212e0-1789686472975105000.html,None; read-only assessment
acm_fellows.csv,"Reif, John H",1997,https://dblp.org/pid/r/JohnHReif,Y,2026-09-17,supported,72342f0ce23136bdce54f1eb9874d70c3bf8260b593bf358783e8d37e2ff1376,../bigcows-crawler/.cache/dblp-refresh-2026-09-17-132635/safari/captures/86f005ffa784ea618c58117810808d11600c0ad73a39e3783e53186e0fec8776-1789686314655140000.html,None; read-only assessment
acm_fellows.csv,"Schneck, Paul",1997,https://dblp.org/pid/04/4314,Y,2026-09-17,supported,d1dfdef77ce977d9ba6afca4a4ea617af0758e5970bac06ded1c68103ec3d43e,../bigcows-crawler/.cache/dblp-refresh-2026-09-17-132635/safari/captures/ce5640f2b4d907636d581bb74269170a64dcc0c91ead482bc7af36d5112243ef-1789686435856297000.html,None; read-only assessment
acm_fellows.csv,"Sedgewick, Robert",1997,https://dblp.org/pid/s/RobertSedgewick,Y,2026-09-17,supported,9d5bc7beeae75b663c3a06d87e2d9721928ffac67fcebb22cf8b54b67eb1952c,../bigcows-crawler/.cache/dblp-refresh-2026-09-17-132635/safari/captures/f1dc974410d7e4ed7899fc5f617a7c74ddf4dcf225438701ee67fe84620771b2-1789686495405110000.html,None; read-only assessment
acm_fellows.csv,"Sevcik, Kenneth C",1997,https://dblp.org/pid/s/KennethCSevcik,Y,2026-09-17,supported,3f58631711f03b7929d1121d897ef149fd97ff699fbd1775ac7fa134d43394ff,../bigcows-crawler/.cache/dblp-refresh-2026-09-17-132635/safari/captures/6b6accc706e438b5e33e030496b640d25392594412ccb07f973e8179da4a6649-1789686391694346000.html,None; read-only assessment
acm_fellows.csv,"Sharir, Micha",1997,https://dblp.org/pid/s/MichaSharir,Y,2026-09-17,supported,88ccabe3ba570bdc8350d3a17a7cfe188d2d14d0de03dde609e2c9b140a921d1,../bigcows-crawler/.cache/dblp-refresh-2026-09-17-132635/safari/captures/54a0801d21fae012428b036010597af527da70fa8473d0fad24071428f58614a-1789686408455910000.html,None; read-only assessment
acm_fellows.csv,"Shaw, Alan C",1997,https://dblp.org/pid/s/AlanCShaw,Y,2026-09-17,supported,d87e31e6b45905d7b0fc288cc2cf3f61982a591b02bb02b22e50fe34951c899e,../bigcows-crawler/.cache/dblp-refresh-2026-09-17-132635/safari/captures/0ccc01fd48eb3bd81c0cc5b6baefe9dd4c545bc7993502b5aa94c1352226d904-1789686168366951000.html,None; read-only assessment
acm_fellows.csv,"Shneiderman, Ben",1997,https://dblp.org/pid/s/BShneiderman,Y,2026-09-17,supported,84b9c7ccc10cbe9c95865a6abc7c9e96b61287fe99dc44dc65e3d4ff0887c506,../bigcows-crawler/.cache/dblp-refresh-2026-09-17-132635/safari/captures/38acbda6858af2d7aed1c13ad11cd95c55bb8cd48f28875e5fc966023a3297e8-1789686192550594000.html,None; read-only assessment
acm_fellows.csv,"Steiglitz, Kenneth",1997,https://dblp.org/pid/s/KennethSteiglitz,Y,2026-09-17,supported,13eeea0774807ccd1b4d7dcfebacb9bb66c58efb078e8e7fb515c2321a9b2774,../bigcows-crawler/.cache/dblp-refresh-2026-09-17-132635/safari/captures/5492b3821ba332a1941b3825e1546a56f73df3be751c6975f290abf017fa84a5-1789686400119252000.html,None; read-only assessment
acm_fellows.csv,"Towsley, Donald F",1997,https://dblp.org/pid/t/DonaldFTowsley,Y,2026-09-17,supported,bf23d7cf60778541d907d338d0a051aa0ee1f3b020ab6f05c52636a6e2ec9837,../bigcows-crawler/.cache/dblp-refresh-2026-09-17-132635/safari/captures/f609a76f58ca29a44429d72a4e150b5cf3794999b55c8fa0c7e966297f393ceb-1789686231283772000.html,None; read-only assessment
acm_fellows.csv,"Weyuker, Elaine",1997,https://dblp.org/pid/55/1672,Y,2026-09-17,supported,f6e2be4abfbafc5e1d505908f921e351e0434121312375ad4d875cfe94edae6d,../bigcows-crawler/.cache/dblp-refresh-2026-09-17-132635/safari/captures/7ce52fa51f5177c8e3d65809068a4739249b1d9526d4f85939f3f8d632635a31-1789686239211344000.html,None; read-only assessment
acm_fellows.csv,"Widmayer, Peter",1997,https://dblp.org/pid/w/PeterWidmayer,Y,2026-09-17,supported,acbb62f8dd9434f27c1a0cc44a3304d960ed81548547519090224208216d378d,../bigcows-crawler/.cache/dblp-refresh-2026-09-17-132635/safari/captures/aa7c3e2019c8d07f2ec448f27c68639221b9dd5aa43f0ea18572e57a5fefb838-1789686444414894000.html,None; read-only assessment
acm_fellows.csv,"Wilensky, Robert",1997,https://dblp.org/pid/w/RobertWilensky,Y,2026-09-17,supported,83be1ba41be02365a554146635bfa250a328c1ba5d04bcc154c1be42b349408a,../bigcows-crawler/.cache/dblp-refresh-2026-09-17-132635/safari/captures/4a6f1161817ca7b37e3c77037d35c5dbec42be862f3fa554ba3b26828176a507-1789686503008139000.html,None; read-only assessment
acm_fellows.csv,"Yu, Philip S",1997,https://dblp.org/pid/y/PhilipSYu,Y,2026-09-17,supported,79f5b7fd2a17c2abbe0cd348a582f03bfc5e92e9cf2129aad49896744503abb6,../bigcows-crawler/.cache/dblp-refresh-2026-09-17-132635/safari/captures/7d8f50ae4d02946a5e13550060b3260d2d526327387572a1a921764a8253791e-1789686456990869000.html,None; read-only assessment
acm_fellows.csv,"Zanella, Paolo",1997,https://dblp.org/pid/52/1184,N,2026-09-17,existing_N,8ff9c2f093f2af6efa499e7aff067a168a9932a46e8e8ae57eb5f0d9e3a663c0,../bigcows-crawler/.cache/dblp-refresh-2026-09-17-132635/safari/captures/19f9a5dda7e50c5bbfd5d036cb5e6cbd517556e248309b91399651509f94aa05-1789686428708929000.html,None; read-only assessment
acm_fellows.csv,"Adrion, William Richards",1996,https://dblp.org/pid/a/WRichardsAdrion,Y,2026-09-17,supported,ae23add9849c014cc625bdcd65a3cc2d3283a5f61186a30d61be6c9d15964704,../bigcows-crawler/.cache/dblp-refresh-2026-09-17-132635/safari/captures/77077c81d61a856dfd6743a346ab61589877ee992338a9d5b70c1b62564b5cd9-1789687078989847000.html,None; read-only assessment
acm_fellows.csv,"Aho, Alfred V",1996,https://dblp.org/pid/a/AVAho,Y,2026-09-17,supported,2172c5da7b5c426c5dd6f621ab187c8e2ef3f383717dc8f311e6cc6b2d26a47d,../bigcows-crawler/.cache/dblp-refresh-2026-09-17-132635/safari/captures/be5f3274bbf68d45bc88d964ffc4fa4bd00d432b0de60906f52c4fe4990dbb7e-1789686560636611000.html,None; read-only assessment
acm_fellows.csv,"Ahuja, Narendra",1996,https://dblp.org/pid/30/3572,Y,2026-09-17,supported,31e637041af5c2f773985266589928fad7ac5f83426ad2ffed016a6e9ca7ce5b,../bigcows-crawler/.cache/dblp-refresh-2026-09-17-132635/safari/captures/4cf0888b5de38de35f1a7f65daa98204d23bb6096ce5bf8cc57ad67886034a56-1789686972198124000.html,None; read-only assessment
acm_fellows.csv,"Akeley, Kurt B",1996,https://dblp.org/pid/a/KurtAkeley,Y,2026-09-17,supported,500d84bfa41a58f60ecd5c30c3032e5bc65c9d9ade9f310a32783379eb386a50,../bigcows-crawler/.cache/dblp-refresh-2026-09-17-132635/safari/captures/2ef15285549b6971d47f00a4988ec2f73b9a062fe74a10d4df7c4faa8d7560e9-1789686803316456000.html,None; read-only assessment
acm_fellows.csv,"Bajcsy, Ruzena",1996,https://dblp.org/pid/b/RuzenaBajcsy,Y,2026-09-17,supported,03e8702e6eaca7e3fad2184988e49ff8f74c95490f9540e1717bdb7955b9e84f,../bigcows-crawler/.cache/dblp-refresh-2026-09-17-132635/safari/captures/d8cbba2a6113e09ebc9bfd18e3714071649bed6c58d42cd7df1c0329f69ceaba-1789687040350318000.html,None; read-only assessment
acm_fellows.csv,"Bochmann, Gregor V",1996,https://dblp.org/pid/b/GvBochmann,Y,2026-09-17,supported,b1d3e34c2cca47685f3d5448ca38a28aed9864e3c705189d931049853bdd8707,../bigcows-crawler/.cache/dblp-refresh-2026-09-17-132635/safari/captures/be7b2eec85f14b4a1f527afa5e96ed377d7a1b0961153178a1e181d0e08d158b-1789686723671568000.html,None; read-only assessment
acm_fellows.csv,"Borg, Anita",1996,https://dblp.org/pid/b/AnitaBorg,Y,2026-09-17,supported,048eaaebf5e7b8d0f9a7631b14ad2922335587bd5db546add41f89897743d348,../bigcows-crawler/.cache/dblp-refresh-2026-09-17-132635/safari/captures/f46160541262e92d44a25583eabf7179a7aded24d61337054ed3138f32b63fbf-1789686635334936000.html,None; read-only assessment
acm_fellows.csv,"Chandrasekaran, B.",1996,https://dblp.org/pid/c/BChandrasekaran,Y,2026-09-17,supported,3561bd6bfd3da4135438dad91a0b6b4c1fa55ff8f4a65bc76416015ab7157d39,../bigcows-crawler/.cache/dblp-refresh-2026-09-17-132635/safari/captures/b8765155c63817b40262fbf5ac393abcd9e2e27d452e4099cbf034644defe037-1789686664263102000.html,None; read-only assessment
acm_fellows.csv,"Chazelle, Bernard",1996,https://dblp.org/pid/c/BernardChazelle,Y,2026-09-17,supported,7637a28208426a632eb51a9cc886619c554e259232900f2247b478e26a12709b,../bigcows-crawler/.cache/dblp-refresh-2026-09-17-132635/safari/captures/4a9b81ea580b36f0724d09a0534f2437414e8222177a2075b96b99879882dac4-1789686679812491000.html,None; read-only assessment
acm_fellows.csv,"Deo, Narsingh",1996,https://dblp.org/pid/93/4704,Y,2026-09-17,supported,f74bd52c0e1e70bacbfa5c05e8a784eebd2402651c4b60348fd7987c39d11073,../bigcows-crawler/.cache/dblp-refresh-2026-09-17-132635/safari/captures/fd7c097f1c1e3127fbe39adb1a48e3f5c525366f4439af48cbb69c1744caaf79-1789686979081388000.html,None; read-only assessment
acm_fellows.csv,"Dodd, George",1996,https://dblp.org/pid/31/4584,Y,2026-09-17,supported,e38385281bd309ca605fd98a113b43841b190069aca6ef15d00b953d4f41bccf,../bigcows-crawler/.cache/dblp-refresh-2026-09-17-132635/safari/captures/1f02ea319e775d809cdd73803b7ebf81ca185fb3919148594429cf1c328826b8-1789686715792890000.html,None; read-only assessment
acm_fellows.csv,"Encarnacao, Jose L.",1996,https://dblp.org/pid/e/JLEncarnacao,Y,2026-09-17,supported,fc35b7fbc7e3bc6dae888948a88bddc47b4fb362038be510bea1798c17878646,../bigcows-crawler/.cache/dblp-refresh-2026-09-17-132635/safari/captures/d5dcd548cfb37533c6c65dc093bbe9d65963e5df47b245a664d5b33ec53a247a-1789686796550545000.html,None; read-only assessment
acm_fellows.csv,"Ferrante, Jeanne",1996,https://dblp.org/pid/f/JeanneFerrante,Y,2026-09-17,supported,413ca27836f84ece7d3cfd8ef4d68fe936a2883156d1ce583a7043954de58539,../bigcows-crawler/.cache/dblp-refresh-2026-09-17-132635/safari/captures/728ee581f08d4f79fec180e93d28d38b8b17cbedbcf589fd574bad083b344efd-1789686753322554000.html,None; read-only assessment
acm_fellows.csv,"Fischer, Michael J",1996,https://dblp.org/pid/f/MichaelJFischer,Y,2026-09-17,supported,b41c707e38ee230bfcf21c45d8cd94b3d8a9681cf514cf54169583f3a6f3aa8c,../bigcows-crawler/.cache/dblp-refresh-2026-09-17-132635/safari/captures/d6134effac3336abbf416595b5051c0b096ac4fc3d4431cdeab8220907bfa020-1789686963505658000.html,None; read-only assessment
acm_fellows.csv,"Frailey, Dennis",1996,https://dblp.org/pid/71/18,Y,2026-09-17,supported,19433095d2a6683de0d5a9d436cb24277bba1c921a8510c5e6399f1bb6377727,../bigcows-crawler/.cache/dblp-refresh-2026-09-17-132635/safari/captures/46a2ecc1facff1ad807d8b7d3668a99bd95cc50017ebd8a5050cbfcabcdc8332-1789686694774500000.html,None; read-only assessment
acm_fellows.csv,"Graham, Robert M",1996,https://dblp.org/pid/g/RobertMGraham,Y,2026-09-17,supported,5a3cfb810f108f16abbb07b51e42ec9eb64af11fb12a047e6c4ae4517b3e40e7,../bigcows-crawler/.cache/dblp-refresh-2026-09-17-132635/safari/captures/f32607e831d896fafc0e0c647663b0881cc94f791170f61d49d1c621a76e460b-1789687033643511000.html,None; read-only assessment
acm_fellows.csv,"Harrison, Michael A",1996,https://dblp.org/pid/h/MichaelAHarrison,Y,2026-09-17,supported,a70f6283ec7bb156fb4a21106e173cb3c01c5bcf7f6f1323bb33dbb5cd3e1d1a,../bigcows-crawler/.cache/dblp-refresh-2026-09-17-132635/safari/captures/235007f5add90e837041cf0942f96cb1f16aac227eb3c659a5b938e2f2b5d013-1789686948316057000.html,None; read-only assessment
acm_fellows.csv,"Heidelberger, Philip",1996,https://dblp.org/pid/h/PhilipHeidelberger,Y,2026-09-17,supported,07eccb91b7196f6f85ce98bccaef04d33c6c2758fdf1961503e1d60cb7b3d2df,../bigcows-crawler/.cache/dblp-refresh-2026-09-17-132635/safari/captures/3a110dddd0ae32a0a2968e2c3e594a33433b2bab88528953bcb022fe42fd7045-1789686986131570000.html,None; read-only assessment
acm_fellows.csv,"Irwin, Mary Jane",1996,https://dblp.org/pid/i/MaryJaneIrwin,Y,2026-09-17,supported,7100e19183e501339454891abd18dffbf8cff0021f8278bfe04ed4576693e616,../bigcows-crawler/.cache/dblp-refresh-2026-09-17-132635/safari/captures/92f5cec68f0095fa507d8b0c45463478abc3928c00aae233a8085b3f4f73e097-1789686924435737000.html,None; read-only assessment
acm_fellows.csv,"Jaffe, Jeffrey",1996,https://dblp.org/pid/00/5350,Y,2026-09-17,supported,3b7941224806b5d76cb7079abe172f959f73cfaf5ab94868e81be6de85a2cf84,../bigcows-crawler/.cache/dblp-refresh-2026-09-17-132635/safari/captures/022b8a20d5e943d4d66176a85ba9d53e2f5d1a99330d6637db75a49f9ffc9693-1789686761025323000.html,None; read-only assessment
acm_fellows.csv,"Jain, Raj",1996,https://dblp.org/pid/j/RajJain,Y,2026-09-17,supported,ef42c67d25120faea6e8cdd98dddcd8b36acde72a1f3519dce9ce04b94ffb7d4,../bigcows-crawler/.cache/dblp-refresh-2026-09-17-132635/safari/captures/31620e585d0383177acbefb55e6b51edb69263080b106e52f70afa6619a0c8dd-1789686993883466000.html,None; read-only assessment
acm_fellows.csv,"Jones, Anita K",1996,https://dblp.org/pid/01/5537,Y,2026-09-17,supported,19910f564d67b1fef691b4788392da20ffcbcb92d94db1de123d6fde79cbf5d7,../bigcows-crawler/.cache/dblp-refresh-2026-09-17-132635/safari/captures/5ac662a320fc09331e2e5f15ae907e7134b605e486ee57cf3d1b4f83bd34f5bd-1789686642787459000.html,None; read-only assessment
acm_fellows.csv,"Katz, Randy H.",1996,https://dblp.org/pid/k/RandyHKatz,Y,2026-09-17,supported,9414453231092eca60068e9c00e2d3bdf1bf236db85bf50e9fb135061ad544ca,../bigcows-crawler/.cache/dblp-refresh-2026-09-17-132635/safari/captures/cd59e09d31dd5d6291075895d29f043dcef5f2605db3e836f95dc5793806bbc6-1789687001970147000.html,None; read-only assessment
acm_fellows.csv,"Klawe, Maria",1996,https://dblp.org/pid/00/5675,Y,2026-09-17,supported,2d0fb210617994f3e61d0c8549f32aa082bc4bfba9408c6808c055f22e8cbdf6,../bigcows-crawler/.cache/dblp-refresh-2026-09-17-132635/safari/captures/c0b7ea6e09c4f2c63c38a91de7893aed78dd1cea0fc96ee458900e282e26e933-1789686902197239000.html,None; read-only assessment
acm_fellows.csv,"Landweber, Lawrence H",1996,https://dblp.org/pid/98/645,Y,2026-09-17,supported,09dce379f2fd1bb0f930efc67068b4f062713fcff5ecfe66b4f68cb3ef010546,../bigcows-crawler/.cache/dblp-refresh-2026-09-17-132635/safari/captures/88f4f3a219f4809171dcf7f22fdf811d5c9e21398e269c42f8cdbe679af7ce61-1789686893837968000.html,None; read-only assessment
acm_fellows.csv,Larry Stockmeyer,1996,https://dblp.org/pid/40/805,Y,2026-09-17,supported,cb557bd9c3832747c5679b1ab5a8ec1bf1422cce2203f80e8e16862a9bec3654,../bigcows-crawler/.cache/dblp-refresh-2026-09-17-132635/safari/captures/5762857bd13a0ac37109e3fedf7a088b094382d110cc577c946a69b131af3c64-1789686811328569000.html,None; read-only assessment
acm_fellows.csv,"Lesk, Michael E",1996,https://dblp.org/pid/l/MichaelELesk,Y,2026-09-17,supported,de1e529246b3349482d3f7a35b0fcb79ab50799ad2da914ed806c606f2a1c7f9,../bigcows-crawler/.cache/dblp-refresh-2026-09-17-132635/safari/captures/8a7af6c734ab9b663c3079fd82e5bbc9966d71a798dd58a8856581362cf3d39f-1789686955401626000.html,None; read-only assessment
acm_fellows.csv,"Levy, Henry M",1996,https://dblp.org/pid/l/HenryMLevy,Y,2026-09-17,supported,04afa6f517c3c8f43acb57dc08a8521eb4c81f58f5ae8431565c8f83f9fa0e35,../bigcows-crawler/.cache/dblp-refresh-2026-09-17-132635/safari/captures/1c1ebd04650969270458992dc969665b3bc79bd3ece990a743a75b90193f6edc-1789686738315399000.html,None; read-only assessment
acm_fellows.csv,"Liskov, Barbara",1996,https://dblp.org/pid/l/BarbaraLiskov,Y,2026-09-17,supported,42e51951031091c5ce6b5e269947cef748565ea5a14749d75e71b901a631e3a3,../bigcows-crawler/.cache/dblp-refresh-2026-09-17-132635/safari/captures/5e6f553fe554777587312531ab5600c1bcadf6068b90bbf4dcc3ec32fcdfef16-1789686671599445000.html,None; read-only assessment
acm_fellows.csv,"Muntz, Richard R",1996,https://dblp.org/pid/m/RichardRMuntz,Y,2026-09-17,supported,c2d30f698ed80f0889f9e0a9f00543d7a416a2576e5d1e8c9cd33469d8ccface,../bigcows-crawler/.cache/dblp-refresh-2026-09-17-132635/safari/captures/0f90d6dcfbcba8d5c3714052128f045611ccd38abd6588db75b6d9dc7f55a318-1789687025465856000.html,None; read-only assessment
acm_fellows.csv,"Nance, Richard E",1996,https://dblp.org/pid/92/2054,Y,2026-09-17,supported,914a17cf140c1aaa5a206a6dc322e91e00150f6d4f16da3a625017059bee0026,../bigcows-crawler/.cache/dblp-refresh-2026-09-17-132635/safari/captures/80e0859733c738f83c5228c761f21b88bf465c389717ad80bbc0dc70ca2c3472-1789687017635748000.html,None; read-only assessment
acm_fellows.csv,"Nishizeki, Takao",1996,https://dblp.org/pid/n/TakaoNishizeki,Y,2026-09-17,supported,d49a3a588b34ec258f84fc2ae1ac975049d9bd917ff874b0a7d51f294ec46fdf,../bigcows-crawler/.cache/dblp-refresh-2026-09-17-132635/safari/captures/ead907d5061014fd31c5a3fa39c3dbd8f75c829f5915b4aae639aaa645cc6ad3-1789687056986981000.html,None; read-only assessment
acm_fellows.csv,"Preas, Bryan",1996,https://dblp.org/pid/90/5052,Y,2026-09-17,supported,e754de1e66802d481f02ecc959fddb2e93c7acc0334b238d7fff525f65e7c022,../bigcows-crawler/.cache/dblp-refresh-2026-09-17-132635/safari/captures/6f0082be025b557d3d7be28b970845b080f5ef908d0657b95ebf97ddfd8457a6-1789686687518159000.html,None; read-only assessment
acm_fellows.csv,"Rao, TRN",1996,https://dblp.org/pid/r/TRNRao,Y,2026-09-17,supported,5be9004dfc752b5e4a6a9ca411c4aff2688ef9cb64d055e37fa12970440de616,../bigcows-crawler/.cache/dblp-refresh-2026-09-17-132635/safari/captures/ed2dbab6a85897bc67c6d330be7b9f57eaf5a2519ec24154c6300684e6c4231d-1789687065256986000.html,None; read-only assessment
acm_fellows.csv,"Reingold, Edward M",1996,https://dblp.org/pid/r/EMReingold,Y,2026-09-17,supported,0a7d0fa516dc8d6cb5047974cbf27761f78ddf8352f58a1a6fa37fbbc8e06b3b,../bigcows-crawler/.cache/dblp-refresh-2026-09-17-132635/safari/captures/86bec95f1abb0c29d3688ee48face42afcdcd6c6479e1435e43f30e47999a0ba-1789686702192370000.html,None; read-only assessment
acm_fellows.csv,"Rice, John",1996,https://dblp.org/pid/r/JohnRRice,Y,2026-09-19,resolved_user_approved_replacement,01e143dc8e35644b8659b6f0b8f565176978a3174d638f07db8f868f475c30cd,../bigcows-crawler/.cache/dblp-replacement-gap-fill-2026-09-19-163416/safari/captures/1b0244a7252d99619a75c3176e46717cdd141ab1f62b961dd624dc078a74eac6-1789850196832279000.html,User approved replacement https://dblp.org/pid/r/JohnRRice with quality Y on 2026-09-19 16:04 EDT; old capture date cleared; no accepted capture for new URL. Original findings retained as historical evidence.
acm_fellows.csv,"Rosenberg, Arnold",1996,https://dblp.org/pid/r/ArnoldLRosenberg,Y,2026-09-17,supported,9ac6bc0f1d2e297ae92b4c505b78401ba6423c6ac100f5e8c4890b09f2dbaeb5,../bigcows-crawler/.cache/dblp-refresh-2026-09-17-132635/safari/captures/397e2c4fcc9902707dee7a6b1f5b2776262c94e849ca5f6541c0de25580d528b-1789686656978639000.html,None; read-only assessment
acm_fellows.csv,"Sahni, Sartaj K",1996,https://dblp.org/pid/s/SartajSahni,Y,2026-09-17,supported,22cadd2e88a360a92eb36a9da9f8b63c2d976a276884f7dff3dc4c35ee9474b4,../bigcows-crawler/.cache/dblp-refresh-2026-09-17-132635/safari/captures/3e6d3642fa185bef08b74e9bc783943ecc6514cdcf535593893c613f9a400c1a-1789687048819807000.html,None; read-only assessment
acm_fellows.csv,"Samet, Hanan",1996,https://dblp.org/pid/s/HananSamet,Y,2026-09-17,supported,2387caa83e2c13b0ceca6ddef8eae12211aced058e1daf875a981b883fb72afe,../bigcows-crawler/.cache/dblp-refresh-2026-09-17-132635/safari/captures/2055578e1d346afaf983d54a2eced44762eb477009a17f06a5c41ee2d37dbb01-1789686731244809000.html,None; read-only assessment
acm_fellows.csv,"Savage, John E",1996,https://dblp.org/pid/s/JohnESavage,Y,2026-09-17,supported,afade53531090917d83b8e171210c5f44f4ecedf6f57b31973fb384127ab9c43,../bigcows-crawler/.cache/dblp-refresh-2026-09-17-132635/safari/captures/533381f416ffc90c172935c1ebefdd52e5648a43d1ff2f906466c9399202c8cd-1789686782942666000.html,None; read-only assessment
acm_fellows.csv,"Sethi, Ravi",1996,https://dblp.org/pid/34/3026,Y,2026-09-17,supported,bd0b1be476dbc3dd8caed849ab3c934f8cbf3ece8a5c1d6a5cb3d7113444faef,../bigcows-crawler/.cache/dblp-refresh-2026-09-17-132635/safari/captures/b982dce1d25ec6f88bc216417e6454dbffbb71667a6252593ba50293156fc414-1789687009584803000.html,None; read-only assessment
acm_fellows.csv,"Shaw, Mary M",1996,https://dblp.org/pid/93/5634,Y,2026-09-17,supported,8a36a7d7dcb045db485b3dad7a258fbd56ec966fe2fb4e6228343a9bfc2fd039,../bigcows-crawler/.cache/dblp-refresh-2026-09-17-132635/safari/captures/c8e6d0dd42cb66a49c99441b559fdb7e2de22404db0d4e7a106bd4232c28a616-1789686939873154000.html,None; read-only assessment
acm_fellows.csv,"Silberschatz, Abraham",1996,https://dblp.org/pid/s/AbrahamSilberschatz,Y,2026-09-17,supported,218618780e4b631f6879dd1a7a0d27725e7e58f15f473ba667f02b59daedd9eb,../bigcows-crawler/.cache/dblp-refresh-2026-09-17-132635/safari/captures/6f23ed5624ddaa93b2b6f0feff6ce54f5533b714d06caddafbf90195bfa00fad-1789686553863429000.html,None; read-only assessment
acm_fellows.csv,"Stankovic, John A",1996,https://dblp.org/pid/s/JohnAStankovic,Y,2026-09-17,supported,b2c0d57a0821d7234d3412277efe3ba3b1860ccde9da454ed9d87b1da0d0391a,../bigcows-crawler/.cache/dblp-refresh-2026-09-17-132635/safari/captures/77ddc7a61ebe4600c92baefc5cdf105e49ce20407d450e644eaea1c4113f585c-1789686776122152000.html,None; read-only assessment
acm_fellows.csv,"Tanenbaum, Andrew S",1996,https://dblp.org/pid/t/AndrewSTanenbaum,Y,2026-09-17,supported,410fa56b4a16d846eaa90d61da5d663509d730734946b955210b3795da32ddfb,../bigcows-crawler/.cache/dblp-refresh-2026-09-17-132635/safari/captures/9bc6b083cdc3819825eaae0db8b1542ae9531242f9cbe10423ae3d2de2bf7246-1789686568149634000.html,None; read-only assessment
acm_fellows.csv,"Vernon, Mary K",1996,https://dblp.org/pid/v/MaryKVernon,Y,2026-09-17,supported,889902f05e7700ad1a857c52a00705911528f21a3743a3e87c20ca4441cf8138,../bigcows-crawler/.cache/dblp-refresh-2026-09-17-132635/safari/captures/feb2cfa8d7741c8b3bec539d694379641898a8f37d339e569bde081fe65911b3-1789686932354714000.html,None; read-only assessment
acm_fellows.csv,"Vishkin, Uzi",1996,https://dblp.org/pid/v/UziVishkin,Y,2026-09-17,supported,e1d22dd61c586423655e029e0d0bae5c8ef2f4f9fb14a2091dab5e0ef20c42af,../bigcows-crawler/.cache/dblp-refresh-2026-09-17-132635/safari/captures/0eeff55c2a17b1d2c4d99d2082400a6f3b329fe3aa938c9aeeb94c39318d9df9-1789687072209192000.html,None; read-only assessment
acm_fellows.csv,"Vitter, Jeffrey S.",1996,https://dblp.org/pid/v/JeffreyScottVitter,Y,2026-09-17,supported,8b2510a7f987ec24101b143216173af53e91568f009391350f6dce7598b26519,../bigcows-crawler/.cache/dblp-refresh-2026-09-17-132635/safari/captures/b5ba14e542adf1d75a54c48863b9d0cd96580b316d2751e9867538f27d3d3cdb-1789686767862880000.html,None; read-only assessment
acm_fellows.csv,"Wasserman, Anthony I",1996,https://dblp.org/pid/91/2540,Y,2026-09-17,supported,5b779ab5a14cabc07b485a979e8529b6e1e9c6790576ebe177e2e84abf16da54,../bigcows-crawler/.cache/dblp-refresh-2026-09-17-132635/safari/captures/fd1140b6140943a0f9574a43ef88544ac55ac338f70dc1163ea17e517d5f61e7-1789686650020716000.html,None; read-only assessment
acm_fellows.csv,"Wegman, Mark",1996,https://dblp.org/pid/99/95,Y,2026-09-17,supported,eec73c9aa3f1880cfc47b01988addd91a1c229e3ef2c1396658b97e4c62e9fcb,../bigcows-crawler/.cache/dblp-refresh-2026-09-17-132635/safari/captures/828519583f930deac86346a59fe6f25ca236b49d369c15e55f483c8ba7f60f7c-1789686909445998000.html,None; read-only assessment
acm_fellows.csv,"Weingarten, Fred W",1996,https://dblp.org/pid/29/4099,Y,2026-09-17,supported,be4b48919571a9d82611ed52623961c235e3320d6c1790c06d65d413f8f7087f,../bigcows-crawler/.cache/dblp-refresh-2026-09-17-132635/safari/captures/8293fecef97ec65e0c77abb9f18bc1fcce79a80b1032505dae059cbe3f7da7e8-1789686708710792000.html,None; read-only assessment
acm_fellows.csv,"Witten, Ian",1996,https://dblp.org/pid/w/IanHWitten,Y,2026-09-17,supported,b937b72b4b87e90f769277bc42ce76c5333eee13ef760b81a3b2414b518c476a,../bigcows-crawler/.cache/dblp-refresh-2026-09-17-132635/safari/captures/7dffd88398bbd95eff816a1134f68c22745c3f09291099229b9cbf44f7e3b896-1789686745495874000.html,None; read-only assessment
acm_fellows.csv,"Yovits, Marshall C",1996,https://dblp.org/pid/35/4097,Y,2026-09-17,supported,b12ce8057b43a6be15b0dfddc1795aac49a6b98881027d93122d80d230386809,../bigcows-crawler/.cache/dblp-refresh-2026-09-17-132635/safari/captures/63598fae9fa6a6ff6e089e76f9dfffecfbab0d453b44462a900f1c15d61bf895-1789686917007666000.html,None; read-only assessment
acm_fellows.csv,"Abrahams, Paul W",1995,https://dblp.org/pid/22/4940,Y,2026-09-17,supported,0916e8a2bd964a33fee85081a6d32cde3c0992239fae29af8c8b6eb7954dc9b1,../bigcows-crawler/.cache/dblp-refresh-2026-09-17-132635/safari/captures/100b6eebd627ee32dbb9a0097e855e83852679aab6b50b7188633a6b8f2c402e-1789687525258654000.html,None; read-only assessment
acm_fellows.csv,"Ashenhurst, R L",1995,https://dblp.org/pid/10/3512,Y,2026-09-17,supported,aaca1cc4e796fa8d2f7ac7bd2731aa3a8cee1ebdba728dc2835d7ee0176c396a,../bigcows-crawler/.cache/dblp-refresh-2026-09-17-132635/safari/captures/330cf4a703f0009adfcde75437f03320d324c3c6050bd91031da275f875470a1-1789687548903501000.html,None; read-only assessment
acm_fellows.csv,"Barr, Alan H",1995,https://dblp.org/pid/51/687,Y,2026-09-17,supported,2a82dc69a99bd316cf7115d6100f268377908372e473b5915e071958145e4663,../bigcows-crawler/.cache/dblp-refresh-2026-09-17-132635/safari/captures/0b780f8083005d0078b9ceae86bc86a9992f1dd2c49c3d50b626723c9912602b-1789687168790243000.html,None; read-only assessment
acm_fellows.csv,"Bernstein, Lawrence",1995,https://dblp.org/pid/12/2489,Y,2026-09-17,supported,61393d8ad9db28d96baf37be36a9b66b49695ddbeaa08c4000d6bbf96f960223,../bigcows-crawler/.cache/dblp-refresh-2026-09-17-132635/safari/captures/6f1ddd23c5df4adc07b318c860f5c553f455c3393009ab4c21783c9b905bccc8-1789687473785240000.html,None; read-only assessment
acm_fellows.csv,"Booch, Grady Ernest",1995,https://dblp.org/pid/b/GradyBooch,Y,2026-09-17,supported,18b61c36644ad61d315a0843917d5ec59b192cb6d96ea0f7e774f2693455d255,../bigcows-crawler/.cache/dblp-refresh-2026-09-17-132635/safari/captures/5208b9952cf7811b2dbf6a22fc60e69012f4ebca9141e21153ddba0f3db05c66-1789687317806635000.html,None; read-only assessment
acm_fellows.csv,"Brandin, David H",1995,https://dblp.org/pid/82/2573,Y,2026-09-17,supported,5528404052a5a8fdece69f64415dda000e2b1d9a7164acf3d11cbde6896a92a4,../bigcows-crawler/.cache/dblp-refresh-2026-09-17-132635/safari/captures/96bb71abbbd3b6212a916528876e2b013c654c1964714a97dcc2f15daa38db32-1789687236293761000.html,None; read-only assessment
acm_fellows.csv,"Brent, Richard P",1995,https://dblp.org/pid/b/RichardPBrent,Y,2026-09-17,supported,3d047fc979dd36b8d59b6ce4c5e724e911c2a9ccd758243678cef13d2b4690dd,../bigcows-crawler/.cache/dblp-refresh-2026-09-17-132635/safari/captures/1878b1aa6d2b5d7ae154ad78f2798cab519561636c95e8bac16b1c5de9f94310-1789687564542442000.html,None; read-only assessment
acm_fellows.csv,"Carpenter, Loren C",1995,https://dblp.org/pid/c/LorenCCarpenter,Y,2026-09-17,supported,9ae1416acd664b180a8da8a29ad0d5d84171618f930d0cf67e48d2744c082080,../bigcows-crawler/.cache/dblp-refresh-2026-09-17-132635/safari/captures/bf37a46760551b4b372d33ee165ac62ec545bbca4048a7ff701c0957b0f07885-1789687480164326000.html,None; read-only assessment
acm_fellows.csv,"Catmull, Edwin",1995,https://dblp.org/pid/c/EdwinECatmull,N,2026-09-17,existing_N,faccb801f5a1443c52e3b65e9bcf17bbd8406adc689a5b41bb136b52600e68c6,../bigcows-crawler/.cache/dblp-refresh-2026-09-17-132635/safari/captures/be4967889d15c3d395e8978517b5f1c8873ab44d9ee0afff81f3f1603ebd20a9-1789687273351632000.html,None; read-only assessment
acm_fellows.csv,Chris S Wallace,1995,https://dblp.org/pid/86/2899,Y,2026-09-17,supported,ec2433f192fef7a3995c568d3f9875ffbe36ebe6209d0fc6d149d5091828d563,../bigcows-crawler/.cache/dblp-refresh-2026-09-17-132635/safari/captures/346342a966669b90e74d9a5ff7437724b0487c8b0e536f8abad5e6326c651ffb-1789687206502477000.html,None; read-only assessment
acm_fellows.csv,"Constable, Robert",1995,https://dblp.org/pid/c/RobertLConstable,Y,2026-09-19,resolved_user_approved_replacement,eba826d938d1706f7e2424ba9e730450e03a7bcc4b752d96e85bb4555eeca207,../bigcows-crawler/.cache/dblp-replacement-gap-fill-2026-09-19-163416/safari/captures/a7d0f055139cc766505ff6ff9ff20cf2be12ae5a078df92c259f3a198b59dfcd-1789850124468771000.html,User approved replacement https://dblp.org/pid/c/RobertLConstable with quality Y on 2026-09-19 15:50 EDT; old capture date cleared; no accepted capture for new URL. Stored-profile findings retained as historical evidence.
acm_fellows.csv,"Denning, Dorothy E",1995,https://dblp.org/pid/d/DorothyEDenning,Y,2026-09-17,supported,0a9465f84d68a710d962f9fa8616abaa2882e55b0b6dba3a40d6319cc6f71a13,../bigcows-crawler/.cache/dblp-refresh-2026-09-17-132635/safari/captures/d4698830d3f67a3a31aa3a0724a85428fcd6900cd20066d1cfd887298d10c7c0-1789687258019704000.html,None; read-only assessment
acm_fellows.csv,"DeWitt, David",1995,https://dblp.org/pid/d/DJDeWitt,Y,2026-09-17,supported,e5f17065d93da7ba38ba26f7fd30cf4526468fcc16aa43c6600f689bf5d6f815,../bigcows-crawler/.cache/dblp-refresh-2026-09-17-132635/safari/captures/623e200c889469f47c4788c769897cabece3dca1946138d78f6c64257da646a7-1789687229716518000.html,None; read-only assessment
acm_fellows.csv,"Druffel, Larry",1995,https://dblp.org/pid/03/2428,Y,2026-09-17,supported,5ad2058288447a54300a1f6599494b1f5862d93cbb24f7ccc86f7ca0a797df43,../bigcows-crawler/.cache/dblp-refresh-2026-09-17-132635/safari/captures/1923785b16d660d13e7ab1b131c4e646ca476b8ecc4e0e097de2c4422fc8ac69-1789687459848393000.html,None; read-only assessment
acm_fellows.csv,"Engeler, Erwin",1995,https://dblp.org/pid/12/3064,Y,2026-09-17,supported,22d67d081c6a2eecc97da8af60b4481efe6fb6451e0d2a83403b942a27834a97,../bigcows-crawler/.cache/dblp-refresh-2026-09-17-132635/safari/captures/9a3d247da91024c7818e90131cb4244d364c58c0381d5d820c712f11ecf8534d-1789687280145424000.html,None; read-only assessment
acm_fellows.csv,"Feldman, Stuart",1995,https://dblp.org/pid/f/StuartIFeldman,Y,2026-09-17,supported,f2bd858cbd7b42e7faa37b9a3f08c1e05ad5f7817c3e2a2da149fd57cb66ab32,../bigcows-crawler/.cache/dblp-refresh-2026-09-17-132635/safari/captures/3b2ac69815a85440e508b699f1fd7a2dd899db5c9d65c57db5ef7a10a6d99dc4-1789687661835637000.html,None; read-only assessment
acm_fellows.csv,"Fuchs, Henry",1995,https://dblp.org/pid/f/HenryFuchs,Y,2026-09-17,supported,9e5c38744d519275a7313d0a8b8ddb60c1759741abd22726728c3a7869ce6be1,../bigcows-crawler/.cache/dblp-refresh-2026-09-17-132635/safari/captures/8a8ebe549f865d3b01f36dabc0115b067621f2aa711e7bb1820441b6c27cf3b7-1789687332117062000.html,None; read-only assessment
acm_fellows.csv,"Galil, Zvi",1995,https://dblp.org/pid/g/ZviGalil,Y,2026-09-17,supported,320a5b22e508783c3e30f956776855825d5d3bfb1957206c5b0a63401d356c78,../bigcows-crawler/.cache/dblp-refresh-2026-09-17-132635/safari/captures/03f51f6bb4c107ece3e9fff94478e186c257505d99bd3ec9226709a9bc17575b-1789687677169079000.html,None; read-only assessment
acm_fellows.csv,"Garey, Michael R",1995,https://dblp.org/pid/g/MRGarey,Y,2026-09-17,supported,03d5dc2c3c1e4b1e64f5a3b61b288baaa98e2fd739614d20c98d9c4619aa1335,../bigcows-crawler/.cache/dblp-refresh-2026-09-17-132635/safari/captures/7754d4176f237e1b99ae4f185eaf0e18210174b4e7f086d0add1dbc53e68026b-1789687488250926000.html,None; read-only assessment
acm_fellows.csv,"Ginsberg, Myron",1995,https://dblp.org/pid/18/133,Y,2026-09-17,supported,ad404ba381e38d25021ab47a4829b63612b53c174f52a11213f725857fb1cbc8,../bigcows-crawler/.cache/dblp-refresh-2026-09-17-132635/safari/captures/866a5106458076d4119d239cd304d863ecc7ea30230b5a82105d181fb5a51caf-1789687496326985000.html,None; read-only assessment
acm_fellows.csv,"Goodenough, John B",1995,https://dblp.org/pid/181/2396-2,Y,2026-09-19,resolved_user_approved_replacement,58d86bfcf1af1d014adef92088ac7225568fbd9949fd45a57b32c21d4df21d4e,../bigcows-crawler/.cache/dblp-replacement-gap-fill-2026-09-19-163416/safari/captures/7ef83491aeb192b5d6bf9730ed458400ef72fda21feae58f52480a654b94f56c-1789850079541942000.html,User approved replacement https://dblp.org/pid/181/2396-2 with quality Y on 2026-09-19 16:27 EDT; old capture date cleared; no accepted capture for new URL. Original findings retained as historical evidence.
acm_fellows.csv,"Greenberg, Donald",1995,https://dblp.org/pid/g/DonaldPGreenberg,Y,2026-09-17,supported,da768ec57fd59be2bd246290c3cc64cf1fd94b94da0766c4865691cc20a38a73,../bigcows-crawler/.cache/dblp-refresh-2026-09-17-132635/safari/captures/28845312590c89d1f73b78861e396e81dfce93fd5b85faf536f8db85e5f6e775-1789687250312612000.html,None; read-only assessment
acm_fellows.csv,"Grosch, Herbert R J",1995,https://dblp.org/pid/62/2002,N,2026-09-17,resolved_user_N,59d2c84cb60ad8b4043e8fec6764ac632ddffb8124ec5f755ca3823b87b1f404,../bigcows-crawler/.cache/dblp-refresh-2026-09-17-132635/safari/captures/1893e8e7684a87ab584874513dd1881ba56d1c62e85b7e4ab1f436d2a66bc47b-1789687339247956000.html,Applied explicit user decision 2026-09-19T15:40:09.250177-04:00: dblp_profile_quality Y to N; URL and capture date preserved.
acm_fellows.csv,Harold J Highland,1995,https://dblp.org/pid/87/5822,Y,2026-09-17,supported,0d0a2dd54d98c4e19665cbbabaf18cf5dc0af3cb29350ac4696b1901c9d22171,../bigcows-crawler/.cache/dblp-refresh-2026-09-17-132635/safari/captures/e30ba83960fefc4579f05fbf03655ac2781e5ec4c85c5eb68bbcc398091b2878-1789687325214876000.html,None; read-only assessment
acm_fellows.csv,"Herzog, Bertram",1995,https://dblp.org/pid/72/6693,Y,2026-09-17,supported,0c2f21f228f23f12d047d92d65ea4320522d55795c04c273d6636965525213d8,../bigcows-crawler/.cache/dblp-refresh-2026-09-17-132635/safari/captures/8b5accf37a5ecef56c236617fd45506cd0c5b87356ffa388b37ef1176c0d306d-1789687191926120000.html,None; read-only assessment
acm_fellows.csv,"Hoffman, Lance J",1995,https://dblp.org/pid/89/1666,Y,2026-09-17,supported,b24fad7966fc433b06f886f972f40cfc6cafb8568f0e016c2043566ce854b081,../bigcows-crawler/.cache/dblp-refresh-2026-09-17-132635/safari/captures/f1b155b2379ecccae0fdf2eceb02f2301d642900c993e015c647a93a6f125721-1789687452621209000.html,None; read-only assessment
acm_fellows.csv,"Ibarra, Oscar",1995,https://dblp.org/pid/i/OscarHIbarra,Y,2026-09-17,supported,9a0bdf946afee799f054e35b410fe9e045a14139f85e4c2d17ad440e6027c9a2,../bigcows-crawler/.cache/dblp-refresh-2026-09-17-132635/safari/captures/f8dbce0df647beb7660e463b94dee5197fc26f7153fddf862ce47c5c21ecd858-1789687518482259000.html,None; read-only assessment
acm_fellows.csv,"Johnson, David S",1995,https://dblp.org/pid/j/DavidSJohnson,Y,2026-09-19,resolved_user_approved_replacement,6891e0714c1dd4686d47090d8e8e3149b529e1110bfaf58f0c3e74e97e867fa4,../bigcows-crawler/.cache/dblp-replacement-gap-fill-2026-09-19-163416/safari/captures/f144b79074f6b58189130dc0ad54f6ce563d0b467cfa2232d69f6c368579e6ec-1789850146368480000.html,User approved replacement https://dblp.org/pid/j/DavidSJohnson with quality Y on 2026-09-19 15:50 EDT; old capture date cleared; no accepted capture for new URL. Stored-profile findings retained as historical evidence.
acm_fellows.csv,"Jones, Cliff B",1995,https://dblp.org/pid/j/CliffBJones,Y,2026-09-17,supported,ce5250af69ca74d338c6b4e787cb5b9738ab28e9e37a9658ae41387d258a286f,../bigcows-crawler/.cache/dblp-refresh-2026-09-17-132635/safari/captures/b4e81276589f021ec3f39f22be474ff48110fc9ce996a2d85bb9254201d0eec7-1789687214846419000.html,None; read-only assessment
acm_fellows.csv,"Kennedy, Kenneth W",1995,https://dblp.org/pid/05/9528,N,2026-09-17,existing_N,ede930d08dfb158fe1ce07294c0198a0d5488f6e1f81ac0659c1676f397e0e29,../bigcows-crawler/.cache/dblp-refresh-2026-09-17-132635/safari/captures/8d5651305ea36659cfbc755b7961d1c31e26bc5e772bff9e6f5b80f9a7834ca0-1789687445866559000.html,None; read-only assessment
acm_fellows.csv,"Kim, Won",1995,https://dblp.org/pid/86/2627-1,Y,2026-09-19,resolved_user_approved_replacement,4f500034208b424848e0bd0a69c78a4409079c25be4507da5b69f8bb619eae4d,../bigcows-crawler/.cache/dblp-replacement-gap-fill-2026-09-19-163416/safari/captures/51bc49f66bd79ae1c2e57d083bd073a87076a202132de0cc486363b1e70dcec3-1789850108004768000.html,User approved replacement https://dblp.org/pid/86/2627-1 with quality Y on 2026-09-19 16:27 EDT; old capture date cleared; no accepted capture for new URL. Original findings retained as historical evidence.
acm_fellows.csv,"Kosaraju, Sambasiva",1995,https://dblp.org/pid/k/SRaoKosaraju,Y,2026-09-17,supported,762df84f713e7f406a2dea2fdfdb70d2ffce9e7213de143dfc243894cee207d9,../bigcows-crawler/.cache/dblp-refresh-2026-09-17-132635/safari/captures/b09fec8ff86376a488862feb1c804a38aaf10d0c23a5819ca3f5eb4d53747a5b-1789687654295631000.html,None; read-only assessment
acm_fellows.csv,"Ladner, Richard E.",1995,https://dblp.org/pid/l/RELadner,Y,2026-09-17,supported,25bead6af37a679ab3f0ea3ab9f76c7ef6f3b1da1be5051e268534d6581f0b00,../bigcows-crawler/.cache/dblp-refresh-2026-09-17-132635/safari/captures/a1c2196b68a45db184fcb87720a8b6ab23dc0f65a69f5f7ab98e8d2dedef7a0e-1789687556401292000.html,None; read-only assessment
acm_fellows.csv,"Lakshmivarahan, S",1995,https://dblp.org/pid/l/SLakshmivarahan,Y,2026-09-17,supported,372b3f7f07b999e2ca608a329f1f1fa52ad4471f9444b576470faa64e7c75250,../bigcows-crawler/.cache/dblp-refresh-2026-09-17-132635/safari/captures/6a1120f100ca487f03b2be311b1de5ab98822fcd14772096ef884b1ed9c2e0ce-1789687587915926000.html,None; read-only assessment
acm_fellows.csv,"Lazowska, Edward",1995,https://dblp.org/pid/l/EDLazowska,Y,2026-09-17,supported,665973ee353b8d8eb9a72d93957059f95d92bb1646fe318a749de1d080c0939c,../bigcows-crawler/.cache/dblp-refresh-2026-09-17-132635/safari/captures/65004cfd851144c1f536dfd23442d1e6b70d98d606012c513bd4253c0d0b97c9-1789687266570926000.html,None; read-only assessment
acm_fellows.csv,"Leveson, Nancy",1995,https://dblp.org/pid/l/NGLeveson,Y,2026-09-17,supported,e8afccad9aff32310b42097c4c8cfb82c88f61f616a80c6eacb818ce05de381e,../bigcows-crawler/.cache/dblp-refresh-2026-09-17-132635/safari/captures/841abab22f64a35131135ff3b47a1c9c928bfc2712fa21146f6192b0b22cc837-1789687503724463000.html,None; read-only assessment
acm_fellows.csv,"Misra, Jayadev",1995,https://dblp.org/pid/m/JayadevMisra,Y,2026-09-17,supported,05d43f4dff3eca15a7c23fe7d06987ac80a356cb9bd2a05ff30a50b18fff51b5,../bigcows-crawler/.cache/dblp-refresh-2026-09-17-132635/safari/captures/7305d0dad6db1de16c79e4c66559f94c0cc8d30cb8efee3c51c8b3841dcddfcc-1789687415511358000.html,None; read-only assessment
acm_fellows.csv,"Nievergelt, J",1995,https://dblp.org/pid/n/JurgNievergelt,Y,2026-09-19,resolved_user_approved_replacement,00abe48816021dc2592f3c21bf911301727870bff0d14069809b20cbfc461ec9,../bigcows-crawler/.cache/dblp-replacement-gap-fill-2026-09-19-163416/safari/captures/eed9157c2fd44ee66bcde3d9e84ca9300320f16051529f6896ae3670c715d2ce-1789850181420284000.html,User approved replacement https://dblp.org/pid/n/JurgNievergelt with quality Y on 2026-09-19 16:04 EDT; old capture date cleared; no accepted capture for new URL. Original findings retained as historical evidence.
acm_fellows.csv,"Oettinger, Anthony",1995,https://dblp.org/pid/64/2805,Y,2026-09-17,supported,57fff8775e8a3889fbbc10c2b7355ba48d319f034f22fa173f9e423b56270673,../bigcows-crawler/.cache/dblp-refresh-2026-09-17-132635/safari/captures/1c0bc60520ec2f3e44b086937f3e15bd69cb3803df6465df6dc046ac93d1a2d2-1789687183710693000.html,None; read-only assessment
acm_fellows.csv,"Preparata, Franco P",1995,https://dblp.org/pid/p/FPPreparata,Y,2026-09-17,supported,3ec748878b206b57a3b454141522b3bbdb90c3da95f207ece7b78bb2ea191d8f,../bigcows-crawler/.cache/dblp-refresh-2026-09-17-132635/safari/captures/06c1128b3a06bb85aa5b4d18b1ab76f71fa6bfb14e587f9e105bbfbbba56cd3d-1789687287564264000.html,None; read-only assessment
acm_fellows.csv,"Rada, Roy F",1995,https://dblp.org/pid/r/RoyRada,Y,2026-09-17,supported,b8c2e89d421e13bb621aeb2c00fff56183e603aa5c61eb2159e851442e382b12,../bigcows-crawler/.cache/dblp-refresh-2026-09-17-132635/safari/captures/0b0ff58957a59063f224701defe2756fe9d4be981d2c333c23b2a2d573d1733a-1789687580615853000.html,None; read-only assessment
acm_fellows.csv,"Rosenkrantz, Daniel J",1995,https://dblp.org/pid/80/6105,Y,2026-09-17,supported,aabfaea979700b40436207f3fdea336607ce91875051cef72803e616f0c9d7a8,../bigcows-crawler/.cache/dblp-refresh-2026-09-17-132635/safari/captures/f29814c994a6326157878529234f2487bb1f455730b1e4925a6d7c92cf9ffcb7-1789687223014662000.html,None; read-only assessment
acm_fellows.csv,"Salton, Gerard",1995,https://dblp.org/pid/s/GerardSalton,Y,2026-09-17,supported,e37f5612be05e3e7a73280baf8ca15c2488ff928efcb4046a80f4da74638dd0e,../bigcows-crawler/.cache/dblp-refresh-2026-09-17-132635/safari/captures/be9d738caf0a10af6624adf8236932354268a25b450d9a060d4e98f885759a12-1789687302063001000.html,None; read-only assessment
acm_fellows.csv,"Schneider, Fred B",1995,https://dblp.org/pid/s/FredBSchneider,Y,2026-09-17,supported,8dee7137cdd09bd2463a943417dfe95a9632776382777275c3725e737835eb5d,../bigcows-crawler/.cache/dblp-refresh-2026-09-17-132635/safari/captures/e35814f3844387023a7ea19afb001bce761accedccfe0d6796d3c7b9d11e753e-1789687294691195000.html,None; read-only assessment
acm_fellows.csv,"Snyder, Larry",1995,https://dblp.org/pid/369/8358-1,Y,2026-09-17,supported,915d6b8db771b679a01c63b2e090a0450eb9984238b4fd83cf7e832e2a5fbf28,../bigcows-crawler/.cache/dblp-refresh-2026-09-17-132635/safari/captures/87e4a909f5d5812e1b21eddb8b6e5f2150c0711975c1c4601ec1cde57c8a2414-1789687466342297000.html,None; read-only assessment
acm_fellows.csv,"Suzuki, Norihisa",1995,https://dblp.org/pid/88/2836,Y,2026-09-17,supported,daa4261f7317cb6102597e8132013318fd727a14bbc2017236ccdc4f42de6a28,../bigcows-crawler/.cache/dblp-refresh-2026-09-17-132635/safari/captures/e17b4d850371d567707196bb8b6aa6ba6ba86ece718e60ad18b707c6ad70f72f-1789687511086987000.html,None; read-only assessment
acm_fellows.csv,"Ullman, Jeffrey D",1995,https://dblp.org/pid/u/JeffreyDUllman,Y,2026-09-17,supported,31a2f1edb844eb306bcf7caf2afc0cbbcca2183013d083a447df2ac43d7b7fac,../bigcows-crawler/.cache/dblp-refresh-2026-09-17-132635/safari/captures/3cd701aef943dcb308e95c49bbbc9de6c2feecd8b84c8f00e30c455e8ebf1823-1789687423426706000.html,None; read-only assessment
acm_fellows.csv,"Wegner, Peter",1995,https://dblp.org/pid/w/PeterWegner,Y,2026-09-17,supported,af4423dfc8a9bff25c9a936cf78f2519672046233eb7660a905458d9084be05c,../bigcows-crawler/.cache/dblp-refresh-2026-09-17-132635/safari/captures/dcb7c38aeb25eb9df0a77eec6f2496464a2cfc3087407d0a3985a441899e2dfa-1789687540657263000.html,None; read-only assessment
acm_fellows.csv,"White, John R.",1995,https://dblp.org/pid/45/3037,Y,2026-09-17,supported,085e15074bb13428b4a13625bce99c035e7416d63b1437988188be0744645ada,../bigcows-crawler/.cache/dblp-refresh-2026-09-17-132635/safari/captures/858df1638fe280696cd3fb8a1acc3c46ce28d9dabed1bf4da522933c5b9b2374-1789687438884567000.html,None; read-only assessment
acm_fellows.csv,"Whitted, J Turner",1995,https://dblp.org/pid/85/3969,Y,2026-09-17,supported,b4267f9e2dedf17873deb71ca0feec39025b8a9f7cb2d36e44608552009bc2f9,../bigcows-crawler/.cache/dblp-refresh-2026-09-17-132635/safari/captures/aa8d59e02c96a30327976d8a03be1e5d5c65c01aff6958f4ffe1cff0f16485d6-1789687408961655000.html,None; read-only assessment
acm_fellows.csv,"Wiederhold, Gio",1995,https://dblp.org/pid/w/GioWiederhold,Y,2026-09-17,supported,649b49d15a72b9436898a4549b6834564c947e9d9c9a143dae5e91857a3053ee,../bigcows-crawler/.cache/dblp-refresh-2026-09-17-132635/safari/captures/6fca40fe39b75894721210a3eeb5f1ba62ff7120851521dc98e20f97029ae912-1789687310186495000.html,None; read-only assessment
acm_fellows.csv,"Wong, Chak-Kuen",1995,https://dblp.org/pid/w/CKWong,Y,2026-09-17,supported,d6c968ba2c8d77b98b8aa96c906d710c5ea98c59849a6b6667a9dfaa242ec750,../bigcows-crawler/.cache/dblp-refresh-2026-09-17-132635/safari/captures/a5e0754d58a5574cf3bfe6797e181838173514e714bda5c0535eb68c203bd744-1789687198501665000.html,None; read-only assessment
acm_fellows.csv,"Yao, Andrew C",1995,https://dblp.org/pid/y/AndrewChiChihYao,Y,2026-09-17,supported,173faff111f1922ef9437f8eeccedc9475a71f46bd62bf47bbb4deddbaa68977,../bigcows-crawler/.cache/dblp-refresh-2026-09-17-132635/safari/captures/d71305f48a5b58232a2925c4732bc1a32ce330924016bf348e52145e23053d50-1789687175633813000.html,None; read-only assessment
acm_fellows.csv,"Young, Paul",1995,,N,,missing_known,,,None; read-only assessment
acm_fellows.csv,"Adams, James M",1994,https://dblp.org/pid/144/4286,N,2026-09-17,on_hold_by_user,d270ad16db24756aa6b922e2f4379a14bb1f51f19a4502ab20d67e1b1434963c,../bigcows-crawler/.cache/dblp-refresh-2026-09-17-132635/safari/captures/cac4e3068c56c7a66fe214ea3ca8cbe5e8097bfcb8462e294f8533c12efe05f9-1789688282932962000.html,"User approved hold on 2026-09-19 16:27 EDT; preserve existing URL, N and capture date pending better identity or coverage evidence; third recommendation batch records candidate assessment."
acm_fellows.csv,"Allen, Frances",1994,https://dblp.org/pid/a/FEAllen,Y,2026-09-17,supported,182e249afdcc3f95745de0d65f76ab3fd6805a3521cfabc0f761428f5fa60f07,../bigcows-crawler/.cache/dblp-refresh-2026-09-17-132635/safari/captures/3531cabdb267dce45ca26e2187ae0040b92be1babe1f34b043f83eab8eca31ae-1789688144420800000.html,None; read-only assessment
acm_fellows.csv,"Alt, Franz L",1994,https://dblp.org/pid/a/FranzLAlt,Y,2026-09-17,supported,0b72f3b3c213bed88bab85630ef7d890407ffbc2328883367d90865b7712bb52,../bigcows-crawler/.cache/dblp-refresh-2026-09-17-132635/safari/captures/b5c2350f384cef4bed108f726de4192db3f4bfddb3e9f9ba443242b467c50701-1789688159446224000.html,None; read-only assessment
acm_fellows.csv,"Atchison, William F.",1994,https://dblp.org/pid/41/3298,Y,2026-09-17,supported,8afcf918fd49f1f81a81b9febc844065257d151596c186af46b391b7309d8bd6,../bigcows-crawler/.cache/dblp-refresh-2026-09-17-132635/safari/captures/0a83f75d79e696c763d60be35e3ecf3fc9fee6285a938e6c862b47fcf721e4be-1789688952160661000.html,None; read-only assessment
acm_fellows.csv,"Austing, Richard H",1994,https://dblp.org/pid/79/1661,Y,2026-09-17,supported,33ab959a7a0086092a28ad4e2ca44c7460804bbfbeb7699cebe6634d60881c9c,../bigcows-crawler/.cache/dblp-refresh-2026-09-17-132635/safari/captures/58ccf68b0d1de5d935ef3a475c7e67a137c78816f1255483b95c57a1ba98a41b-1789688678314304000.html,None; read-only assessment
acm_fellows.csv,"Batcher, Kenneth E",1994,https://dblp.org/pid/b/KEBatcher,Y,2026-09-17,supported,331188bcbc40275e1f06f8ab2f7be81bfd9e1a7b4f41b7701da3a2775640f469,../bigcows-crawler/.cache/dblp-refresh-2026-09-17-132635/safari/captures/ecc3e8d9de137064554d90129e4b156032f7590f8a74099ac64aec4d6d8bc6ba-1789688443841568000.html,None; read-only assessment
acm_fellows.csv,"Bell, C Gordon",1994,https://dblp.org/pid/b/GBell,Y,2026-09-17,supported,6be7dced994d26dab106b5c6ea4aa5fea77cc7cc3dffe6690bcf5f3055833d57,../bigcows-crawler/.cache/dblp-refresh-2026-09-17-132635/safari/captures/fb607bf46029efd83b1a60c47db8a3c7b802a5557f60ef2d7147c056803b4140-1789687796591006000.html,None; read-only assessment
acm_fellows.csv,"Blasgen, Michael W",1994,https://dblp.org/pid/172/8567,N,2026-09-17,existing_N,ac5bdf5f1e7b4084f3597020cd1115eff659e3e5c4e041315e6a48479dd07cb1,../bigcows-crawler/.cache/dblp-refresh-2026-09-17-132635/safari/captures/3f8f2b5b492444a7d4d08158fe4678c0b2f617f36ad29de78eb0d85d73b27fbe-1789688520826061000.html,None; read-only assessment
acm_fellows.csv,Bob O Evans,1994,https://dblp.org/pid/174/0100,N,2026-09-17,existing_N,c478bb08af11f462c6dffb23f5c6cae49f61fe911c98c6331afa64541c81f514,../bigcows-crawler/.cache/dblp-refresh-2026-09-17-132635/safari/captures/009aae254a4d1674428928023796471a70e1e97f2d518b1c8f5a6677737e92fa-1789687768317110000.html,None; read-only assessment
acm_fellows.csv,"Bobrow, Daniel",1994,https://dblp.org/pid/b/DGBobrow,Y,2026-09-17,supported,dd2e43b88ead73f40e9188c7f3df07d2e49686aacb91f9157b6e26c145d63227,../bigcows-crawler/.cache/dblp-refresh-2026-09-17-132635/safari/captures/1f4685be9611623a8fb510c8b8fd509c967a06db17e5e2871a69077a1649093b-1789687927550076000.html,None; read-only assessment
acm_fellows.csv,"Boggs, David R.",1994,https://dblp.org/pid/98/5887,Y,2026-09-17,supported,27dfebae6e17d7110df8ea4d52ded45ca4b2addaf0da64e017034315245100d0,../bigcows-crawler/.cache/dblp-refresh-2026-09-17-132635/safari/captures/62e6447b6823da29907850df9821f794553e55dc0590614b14aec2a2da81e28d-1789688000794721000.html,None; read-only assessment
acm_fellows.csv,"Borman, Lorraine",1994,https://dblp.org/pid/06/6758,Y,2026-09-17,supported,1b05edfa1f9b52312f5c07f195e8977460bd495f78d0974c2a4b24cc352b3856,../bigcows-crawler/.cache/dblp-refresh-2026-09-17-132635/safari/captures/e88725f198527030733b530c6c0a3546be57b511a40d75410b5bb09694f37cf8-1789688468155599000.html,None; read-only assessment
acm_fellows.csv,"Bradshaw, Charles L",1994,https://dblp.org/pid/199/7422,N,2026-09-17,existing_N,ca1ef18994934f804e68dc059e21ef4afe0bfcc1b4d1a77dd6f4040993daa850,../bigcows-crawler/.cache/dblp-refresh-2026-09-17-132635/safari/captures/bc7f480ff2c6da5df57e803820fba8e31c816d6992cc99e26057ae1884d50da8-1789687828949489000.html,None; read-only assessment
acm_fellows.csv,"Bricklin, Daniel S",1994,https://dblp.org/pid/91/4250,N,2026-09-17,existing_N,f58a07e9cd567255b7dbd1e0734ad4c4abed1826701fcf0d65f3b291e7790ac7,../bigcows-crawler/.cache/dblp-refresh-2026-09-17-132635/safari/captures/8cb8d178aca536eeabcd261a02f7712471483cb8cd00d5958b920f3c092d3b69-1789687941428166000.html,None; read-only assessment
acm_fellows.csv,"Brooks, Frederick",1994,https://dblp.org/pid/b/FrederickPBrooksJr,Y,2026-09-17,supported,93d8fcdb0814fbe47d9fc539e404794d30e42d46b77298b907a05c6793e32126,../bigcows-crawler/.cache/dblp-refresh-2026-09-17-132635/safari/captures/7cb865c548499da6b35939068db01083198cc773a139b7730bd9ce1976ad62c4-1789688174443637000.html,None; read-only assessment
acm_fellows.csv,"Brotz, Douglas K",1994,https://dblp.org/pid/58/3707,N,2026-09-17,existing_N,1cdc867b9ac50a7dac3320b52380403163f07ae70e762ecd0f102d3394fc3212,../bigcows-crawler/.cache/dblp-refresh-2026-09-17-132635/safari/captures/ce014033c0ccbe1abefdc4ccc30b286b8a2f8fc4741d61a90ee00e20fcb98db3-1789688028206223000.html,None; read-only assessment
acm_fellows.csv,"Burton, Richard R.",1994,https://dblp.org/pid/41/6150,Y,2026-09-17,supported,f7c4ef96b21cd17c1958e10e2d943e6eca8e21d804fdee33bc8aa436b99be892,../bigcows-crawler/.cache/dblp-refresh-2026-09-17-132635/safari/captures/6e0969acf73b3992d37e3f78ffa382ac1b0d2cc02bf66bddef463cd79c42488c-1789688694495104000.html,None; read-only assessment
acm_fellows.csv,"Canning, Richard G",1994,https://dblp.org/pid/75/3239,Y,2026-09-17,supported,b29d0b1db153add46193dad2cf0cb791f4ee8a0da32e5e7d1bf2ea4b2b5398b4,../bigcows-crawler/.cache/dblp-refresh-2026-09-17-132635/safari/captures/affe6192b342821d61e0e94ce513daf2f2f4401707e97e7a35ad694e8c0e6d87-1789688670587089000.html,None; read-only assessment
acm_fellows.csv,"Carlson, Walter",1994,https://dblp.org/pid/75/5922,Y,2026-09-17,supported,2ed1dbf40aefea43123bb863dcca257822925e7319a974ab228975b8d142fa3d,../bigcows-crawler/.cache/dblp-refresh-2026-09-17-132635/safari/captures/d58b28debd464e86ecedde39b906da5ef7b4b082d6164da20433b25c6d0285d2-1789688923797549000.html,None; read-only assessment
acm_fellows.csv,"Cerf, Vinton",1994,https://dblp.org/pid/c/VintonGCerf,Y,2026-09-17,supported,460d3c3e352480ced277efce0f4a5bb14c5228f239304fe3cd7a7587a735251c,../bigcows-crawler/.cache/dblp-refresh-2026-09-17-132635/safari/captures/a88e19217aaeda6b61a1b3d597d49e437d86acb39ae944f187036f9185a6ac3d-1789688915602713000.html,None; read-only assessment
acm_fellows.csv,"Chamberlin, Donald",1994,https://dblp.org/pid/c/DDChamberlin,Y,2026-09-17,supported,9d8aeed46cc41d887469a085e071a36a69dc11f37de7a16ee461f0e9c31d6f89,../bigcows-crawler/.cache/dblp-refresh-2026-09-17-132635/safari/captures/4069e085f8f1490748f3c6ac7068b8fa9fbc2c37b82bcbdb0eb1a1f7fbd1be11-1789688007647139000.html,None; read-only assessment
acm_fellows.csv,"Codd, Edgar F",1994,https://dblp.org/pid/c/EFCodd,Y,2026-09-17,supported,4e5e966e65def4af655c97df3497a80cba54b3f74d2196bb1ba684d73371124b,../bigcows-crawler/.cache/dblp-refresh-2026-09-17-132635/safari/captures/f90d59f507938ad890a786c345fe19c497d7b01e4be211ce4963723e16e0b71b-1789688043184508000.html,None; read-only assessment
acm_fellows.csv,"Coffman, Ed",1994,https://dblp.org/pid/c/EdwardGCoffmanJr,Y,2026-09-17,supported,ff6e16a81dc3c6b5cf1ec332c9b5656d8eccc218dd919631c3806f809005b4d3,../bigcows-crawler/.cache/dblp-refresh-2026-09-17-132635/safari/captures/73113e24cab4c420634f816d704c16131a2fbd6317e567bd4ae78ebacb589d0c-1789688036139381000.html,None; read-only assessment
acm_fellows.csv,"Corbato, Fernando J",1994,https://dblp.org/pid/c/FernandoJCorbato,Y,2026-09-17,supported,dcf28a7c3f0d2607c6e84a7cc1009d2e68b8fd0c5e00008e1c9191fb1db25404,../bigcows-crawler/.cache/dblp-refresh-2026-09-17-132635/safari/captures/5eb008569a877abf7571c9624959d50698b7cbd404eededc0dfb1085f27ff861-1789688080172331000.html,None; read-only assessment
acm_fellows.csv,"Cragon, Harvey G",1994,https://dblp.org/pid/80/7019,Y,2026-09-17,supported,832648af800fcab95cac787001bae09b20d9b1b07ecd0a8587f80083ebd4287c,../bigcows-crawler/.cache/dblp-refresh-2026-09-17-132635/safari/captures/a4ab0bedf4d2676b09f9af498a411aac68c2287dca0d191e7eb6ff3dae1df4db-1789688218642548000.html,None; read-only assessment
acm_fellows.csv,"D'Auria, Thomas A",1994,https://dblp.org/pid/49/1062,N,2026-09-17,existing_N,748ac338df6e6c48b1d691604d574fe67dcbb976fbe9be9a399f76023004a16c,../bigcows-crawler/.cache/dblp-refresh-2026-09-17-132635/safari/captures/935ea84ab39f3c331f1895c439c0add4b5b2a7ab3e62708672eaae40b4f795f7-1789688814486222000.html,None; read-only assessment
acm_fellows.csv,David John Wheeler,1994,https://dblp.org/pid/w/DavidJWheeler,Y,2026-09-17,supported,05b91f49b4da862af577230239e8a4de6ba4e36201b6eef118b67df924f0256d,../bigcows-crawler/.cache/dblp-refresh-2026-09-17-132635/safari/captures/395e570a33387c46e77cec82d8861d222c3b7f14e2f965ae81557b956acb9a66-1789687972872957000.html,None; read-only assessment
acm_fellows.csv,"DeFanti, Thomas",1994,https://dblp.org/pid/d/ThomasADeFanti,Y,2026-09-17,supported,cbde8d0ed877c95cc8411d038bcd3dd668c239cd172c6b8d65bd3b77b9c78356,../bigcows-crawler/.cache/dblp-refresh-2026-09-17-132635/safari/captures/90c4468939df50f05bd4e4db648ae768e5679b348352559d781e145262a73d2c-1789688827978217000.html,None; read-only assessment
acm_fellows.csv,"Denning, Peter J",1994,https://dblp.org/pid/d/PJDenning,Y,2026-09-17,supported,a3faabf76337f331904b07047c3efb7856e4be19fed650cc4f5617bb098bab33,../bigcows-crawler/.cache/dblp-refresh-2026-09-17-132635/safari/captures/e274be927287829a525c91866a32b9f891f2079b40e9468e3e315a43b0d92a5a-1789688575138655000.html,None; read-only assessment
acm_fellows.csv,"Dennis, Jack",1994,https://dblp.org/pid/58/1580,Y,2026-09-18,supported,bba58932ab7ff343460e03802ce2ca9d3119aaad510e16adb410fa96b9978f54,../bigcows-crawler/.cache/dblp-missing-web-2026-09-17-203211/safari/captures/df219bb3608d36e27639ee484989071cfeae69e1764c7ff9129fed5a1055cbb6-1789692133006776000.html,None; read-only assessment
acm_fellows.csv,"Deutsch, L Peter",1994,https://dblp.org/pid/d/LPeterDeutsch,Y,2026-09-17,supported,f3d2eeff4300bc1f2f9101e865fd6d8debab68e75c9e8d991d467a5da3500e5d,../bigcows-crawler/.cache/dblp-refresh-2026-09-17-132635/safari/captures/703d1b8b5ecd7c2d74a3d249d1c8ec42b25005b5efbe8c0c2c3cf9ed1e37e002-1789688460283631000.html,None; read-only assessment
acm_fellows.csv,"Dijkstra, Edsger W",1994,https://dblp.org/pid/d/WEDijkstra,Y,2026-09-17,supported,448c7dff7fb2bebece9dc95ad2559f067e971c4153d30a873e14cd14bb48d3bc,../bigcows-crawler/.cache/dblp-refresh-2026-09-17-132635/safari/captures/b1047222c4e0c0cdbd7836f443b0529a10e98b4934d9a99f0382899296ab57f2-1789688051297737000.html,None; read-only assessment
acm_fellows.csv,"Dunwell, Stephen",1994,https://dblp.org/pid/87/6954,N,2026-09-17,existing_N,e276cc026000aa26c39551d34d94b8bafeb0fd7d752fb09c47bba2a676e88318,../bigcows-crawler/.cache/dblp-refresh-2026-09-17-132635/safari/captures/129907a87d07ac7f0232207286109391e533c4bc69e56d60c861c6e2ce90cc88-1789688777812834000.html,None; read-only assessment
acm_fellows.csv,"Engel, Gerald L",1994,https://dblp.org/pid/41/5383,Y,2026-09-17,supported,eab6fcacba8770104cbdf63f04da0e0d8e8bc17cacdec43bcfc5ff6c3b982882,../bigcows-crawler/.cache/dblp-refresh-2026-09-17-132635/safari/captures/774edab301552e14c270396f8b2b0f90c8eee243f78844b9d294e7cd632ec9c9-1789688182494237000.html,None; read-only assessment
acm_fellows.csv,"Esbin, John H",1994,https://dblp.org/pid/83/5016,Y,2026-09-17,supported,a2df1d2b50d2f0db0fc659b3ad2f68e2fc100e0d914f529b29578879099433a8,../bigcows-crawler/.cache/dblp-refresh-2026-09-17-132635/safari/captures/6c31414d5efb2b30a7b4ce21274e9f3eb49cb84b7598570f2eaef57f78aaa9e0-1789688391972762000.html,None; read-only assessment
acm_fellows.csv,"Feng, Tse-Yun",1994,https://dblp.org/pid/25/2127,Y,2026-09-17,supported,2c7a0d304867e230a5cfc21f87818cfbab8d7f31c71e640cf0d0cfab8045e721,../bigcows-crawler/.cache/dblp-refresh-2026-09-17-132635/safari/captures/9746f4c4dd02c4bd26af767ed83450db80a8ecdf634b658739edb7f3fe9034d1-1789688907304101000.html,None; read-only assessment
acm_fellows.csv,"Finerman, Aaron",1994,https://dblp.org/pid/11/4555,N,2026-09-17,resolved_user_N,b3810ca47e8ff2f5a4fb913599ebcbd4d744e3bad2755c459f93b9d0ef65fdb1,../bigcows-crawler/.cache/dblp-refresh-2026-09-17-132635/safari/captures/78c3ce82451926443a8c02ad7a35e2647b27fd4bd583bec45b063e7e0b83e9e2-1789687692633876000.html,Applied explicit user decision 2026-09-19T15:40:09.250177-04:00: dblp_profile_quality Y to N; URL and capture date preserved.
acm_fellows.csv,"Floyd, Robert W.",1994,https://dblp.org/pid/f/RobertFFloyd,Y,2026-09-17,supported,1fe3ac0cdc2fce86e44889199e398fd3f78cebe3fc0c628301c3c8d18ede7f36,../bigcows-crawler/.cache/dblp-refresh-2026-09-17-132635/safari/captures/7599e82fc8bbfd32f8919e1018246df1056b80e4a4f571f05d991daf3988f05e-1789688731004256000.html,None; read-only assessment
acm_fellows.csv,"Flynn, Michael J",1994,https://dblp.org/pid/f/MichaelJFlynn,Y,2026-09-17,supported,ab264f86ee0361ef495be34f009a9f7bc0958c84afc90768e834c456fd26bb1b,../bigcows-crawler/.cache/dblp-refresh-2026-09-17-132635/safari/captures/bcdcdf56b7282ff5c5a0621605d02a376ae7be721870a33512fb9c4e53070854-1789688504957654000.html,None; read-only assessment
acm_fellows.csv,"Frankston, Robert M",1994,https://dblp.org/pid/189/2181,Y,2026-09-17,supported,7ce9dceea0b4e0b05963f40b33ed8a75810c8d3f37196f46066d7371d2644305,../bigcows-crawler/.cache/dblp-refresh-2026-09-17-132635/safari/captures/075edef841c7f2c187591b7e05cba2118f661f2a0dcfe3c122a778c3130f2355-1789688717788927000.html,None; read-only assessment
acm_fellows.csv,"Friedman, Frank L",1994,https://dblp.org/pid/287/8232,N,2026-09-17,on_hold_by_user,fac2d75eb90d140691ddc45f39def187920995d3b598130265a2ac45874c8649,../bigcows-crawler/.cache/dblp-refresh-2026-09-17-132635/safari/captures/4a646e20e28916559c8365dfe05c2742a4f1f0e1aeef11b6cbb2efced8a9d884-1789688151430088000.html,"User approved hold on 2026-09-19 16:27 EDT; preserve existing URL, N and capture date pending better identity or coverage evidence; third recommendation batch records candidate assessment."
acm_fellows.csv,"Galler, Bernard A",1994,https://dblp.org/pid/g/BernardAGaller,Y,2026-09-17,supported,5843efba6379f977e16b3fed2d279087b21b07c631ab5b4321060fbc628840f2,../bigcows-crawler/.cache/dblp-refresh-2026-09-17-132635/safari/captures/5a4f340fafa77d5643ee1ef5cc5cad5a2488d4d16856b2fad0b848d752f79dc7-1789687752898041000.html,None; read-only assessment
acm_fellows.csv,"Gear, Charles W",1994,https://dblp.org/pid/g/CWilliamGear,Y,2026-09-17,supported,eac7d55eaf9a7a380be93268a6d7236575441cc9c94306f022771f1179f909b3,../bigcows-crawler/.cache/dblp-refresh-2026-09-17-132635/safari/captures/c0602884f0909c26f52d81cb0e248c08489fd3988533e17f6f15e44486b4272d-1789687903828256000.html,None; read-only assessment
acm_fellows.csv,"Goldberg, Adele",1994,https://dblp.org/pid/g/AdeleGoldberg,Y,2026-09-17,supported,308467e99396a6e8a21126b3e7e23464cd56571ad36c7c79042613334084ff38,../bigcows-crawler/.cache/dblp-refresh-2026-09-17-132635/safari/captures/9e29493bc1e2fe168e74cc75f251fa93b76a4ed53d029dc8e1677ac47a620613-1789687699756839000.html,None; read-only assessment
acm_fellows.csv,"Gotlieb, Calvin C.",1994,https://dblp.org/pid/g/CCGotlieb,Y,2026-09-17,supported,1ad1b548ac5094e91302766b7ea784282b4bb228c853acf4c22490739eb602c1,../bigcows-crawler/.cache/dblp-refresh-2026-09-17-132635/safari/captures/0578f6298421a4648f9e4fca6c1ed141a362bf67a5ec5776b52e51096f5277e1-1789687812573607000.html,None; read-only assessment
acm_fellows.csv,"Graham, Susan L",1994,https://dblp.org/pid/31/6647,Y,2026-09-17,supported,a74902518576e83d95bd59911b4c28924b62d942a4f7c96fec3ec5c1acf0033a,../bigcows-crawler/.cache/dblp-refresh-2026-09-17-132635/safari/captures/068e7da5d62bd749b0cf182325965584597d023caa90ee922be863f65a90fa32-1789688800904854000.html,None; read-only assessment
acm_fellows.csv,"Gray, Jim",1994,https://dblp.org/pid/g/JimGray.html,Y,2026-09-19,supported,92389656bc602f44ff2fc7c50ea69bf37b4f8a4fe8ea040cf680cb1e68248600,../bigcows-crawler/.cache/dblp-gap-fill-2026-09-19-145403/safari/captures/c597db1ffeb73a4d889d4bd19d9eeec8432f9e5817f280739cd38205274346ff-1789844535267682000.html,None; read-only assessment
acm_fellows.csv,"Green, Cordell",1994,https://dblp.org/pid/69/2492,Y,2026-09-17,supported,dd767a0b7b369124a39b80efb9566b4826837f559c7bd091426a7af71c0a7399,../bigcows-crawler/.cache/dblp-refresh-2026-09-17-132635/safari/captures/0dfc377424315a74d6bf0fcd71919ec0f8074637209f20eaf7e4e4f533da3bb6-1789687911497160000.html,None; read-only assessment
acm_fellows.csv,"Gries, David Joseph",1994,https://dblp.org/pid/g/DavidGries,Y,2026-09-17,supported,7ba0a545e143e065979cd1aa2bf76e15e34a7a031a0f584974dbee839f40d8bf,../bigcows-crawler/.cache/dblp-refresh-2026-09-17-132635/safari/captures/e7ed9832050303029ce5e6808d199d7e564c5849c4205076e251f028c5e259ea-1789687979340773000.html,None; read-only assessment
acm_fellows.csv,"Hammer, Carl",1994,https://dblp.org/pid/83/3210,Y,2026-09-17,supported,b30793f4e32ad9553d1b2d30d0230780ed003c9c535664a5c8e0789f307a7788,../bigcows-crawler/.cache/dblp-refresh-2026-09-17-132635/safari/captures/f26a3aa9d4691d4ec88ca69d2af1ec2cbcc64269880f7b375a80599d36d586d2-1789687820853496000.html,None; read-only assessment
acm_fellows.csv,"Hamming, Richard W",1994,https://dblp.org/pid/h/RWHamming,N,2026-09-17,existing_N,8ded0c9743446941ad18ce1bbe4bec42761dfdd0e3039ce9d13384b31bb2ef07,../bigcows-crawler/.cache/dblp-refresh-2026-09-17-132635/safari/captures/95e746b277170275b6d1bf732494fa80698e57efd3336f4decbec54b0cc8fb2c-1789688701951380000.html,None; read-only assessment
acm_fellows.csv,"Harel, David",1994,https://dblp.org/pid/h/DavidHarel,Y,2026-09-17,supported,997832a5ef222a4f069363dc21946c4f514ccd62044a8d17230be1af93b66c40,../bigcows-crawler/.cache/dblp-refresh-2026-09-17-132635/safari/captures/3080709b412a857f8ca6ebef1be3c941def52f22d596e5d05c61bd87dd5f8d38-1789687957061826000.html,None; read-only assessment
acm_fellows.csv,"Harris, Fred H",1994,https://dblp.org/pid/06/421-1,N,2026-09-17,on_hold_by_user,cf6238cb0ff4c77d2cc7def5bcef9386d3eedcced4ae9c77277eb1af02b3b985,../bigcows-crawler/.cache/dblp-refresh-2026-09-17-132635/safari/captures/bdc2b15669081347bc6f1917a3d0fc4717bda929c59e7d26952ada3895c96cea-1789688166997612000.html,"User approved hold on 2026-09-19 16:27 EDT; preserve existing URL, N and capture date pending better identity or coverage evidence; third recommendation batch records candidate assessment."
acm_fellows.csv,"Hartmanis, Juris",1994,https://dblp.org/pid/84/5656,Y,2026-09-17,supported,ea1249d0f446130f7b2374f7faafa8513f87343a3d346cd3fbd03d23062dff77,../bigcows-crawler/.cache/dblp-refresh-2026-09-17-132635/safari/captures/b5f2f18d845272cfc3ef86a35f208a63464f7c1f2fe77544118a0f6f0cb3ff1e-1789688437176403000.html,None; read-only assessment
acm_fellows.csv,"Hillis, William Daniel",1994,https://dblp.org/pid/19/28,Y,2026-09-19,resolved_user_approved_replacement,a932296dc3b110de27804e7ddf80439934d9f512e5802c865753090b0ad0f3e6,../bigcows-crawler/.cache/dblp-replacement-gap-fill-2026-09-19-163416/safari/captures/06c3c1d01687bb5f493c9ec1d217c3173214da0eb914b401436926221a00df18-1789850087550419000.html,User approved replacement https://dblp.org/pid/19/28 with quality Y on 2026-09-19 16:27 EDT; old capture date cleared; no accepted capture for new URL. Original findings retained as historical evidence.
acm_fellows.csv,"Hopcroft, John E",1994,https://dblp.org/pid/h/JohnEHopcroft,Y,2026-09-17,supported,315c5f15462492c40314c1c9d96902e54573bb7e078c9e5fccdbc9f85250c19c,../bigcows-crawler/.cache/dblp-refresh-2026-09-17-132635/safari/captures/974e3733e21b2fd50f42f3a46bbd1c4df9679165e9df7aa6dbcd64e594964a7e-1789688317387704000.html,None; read-only assessment
acm_fellows.csv,"Hull, Tom",1994,https://dblp.org/pid/77/815,Y,2026-09-17,supported,1bff6899e24fa2d5b349ccc701d53466b13f45f44aa0635c51f8563ad35fe1e6,../bigcows-crawler/.cache/dblp-refresh-2026-09-17-132635/safari/captures/e380ac9cbb2759d62f34be330ad9a73f5ed15edb03c7ff93224673383698b914-1789688900509983000.html,None; read-only assessment
acm_fellows.csv,"Hume, J N",1994,https://dblp.org/pid/15/1916,Y,2026-09-17,supported,e4588eda29d08bbad7fd262b5eceb9d03a9f1338a640f3d101d41eca7ff7e4a2,../bigcows-crawler/.cache/dblp-refresh-2026-09-17-132635/safari/captures/6ae54cc1c23d8329a64f3ff2ee182ca021ce3ce16dadcf3201ab23feb5863ffc-1789688262502876000.html,None; read-only assessment
acm_fellows.csv,"Huskey, Harry D",1994,https://dblp.org/pid/08/5096,Y,2026-09-17,supported,0cb07404605edeef18a5495a41170a9ce550e78c2e47ee8d6b5b668664fc178b,../bigcows-crawler/.cache/dblp-refresh-2026-09-17-132635/safari/captures/6cffb370ef3c86e73e20890a535ee565abf2c92c9ddd4e6b364c0843a6f6e514-1789688212074017000.html,None; read-only assessment
acm_fellows.csv,J Presper Eckert,1994,https://dblp.org/pid/e/JPresperEckert,Y,2026-09-17,supported,cec77e74439712bdc93a66843d0a9b6a7a363290c35650bd7c020f5e5da22bde,../bigcows-crawler/.cache/dblp-refresh-2026-09-17-132635/safari/captures/40c389bf5801063e9242ab763ca7b006e3b825402d710b353e39bac68e0d1db2-1789688255499405000.html,None; read-only assessment
acm_fellows.csv,"Kahan, William",1994,https://dblp.org/pid/k/WilliamKahan,Y,2026-09-17,supported,c27a1de4869c1e5f1aff5831bfabd2122004c30290325c3ba13de917daeff9d0,../bigcows-crawler/.cache/dblp-refresh-2026-09-17-132635/safari/captures/809252ef255765c0b1d1353367d2842e8626f4074a2650d227be6cfeaa97859f-1789688959700208000.html,None; read-only assessment
acm_fellows.csv,"Kaplan, Ronald M",1994,https://dblp.org/pid/61/5768,Y,2026-09-17,supported,d1cf9232a0f6487d52cbefea2af4020b6b28555ff63b63fb51878905a4611cbe,../bigcows-crawler/.cache/dblp-refresh-2026-09-17-132635/safari/captures/2060e3c1944fdc2d98199ede457d50bfa2391d6c040ec2fc14426d791a5bbccf-1789688754863683000.html,None; read-only assessment
acm_fellows.csv,"Karp, Richard",1994,https://dblp.org/pid/k/RichardMKarp,Y,2026-09-19,supported,5ba42a9aa0ee17025c8445f6becdfafb966c2b66b6c98b647076698de2a7b62a,../bigcows-crawler/.cache/dblp-gap-fill-2026-09-19-145403/safari/captures/89bf23ccbe3cacc215e87ab8f333b32e35fad49c345f248ff63da3197495c9dd-1789844604569556000.html,None; read-only assessment
acm_fellows.csv,"Knuth, Donald E",1994,https://dblp.org/pid/k/DonaldEKnuth,Y,2026-09-17,supported,97050e10da64ec28e97ed6a6f8d77daf699d14928349d9707e144984b7643c7b,../bigcows-crawler/.cache/dblp-refresh-2026-09-17-132635/safari/captures/cacb8195a05820b2e421023c0eb17ac0c8b77f55ecf012039724ede91cf30e33-1789688014287151000.html,None; read-only assessment
acm_fellows.csv,"Kuck, David J",1994,https://dblp.org/pid/59/1867,Y,2026-09-17,supported,337e334f1535a92750ef7116ca3d88657933e655f92345521e2fe487d9861715,../bigcows-crawler/.cache/dblp-refresh-2026-09-17-132635/safari/captures/3525be9b1d250ce31fc8ae57fe28615ba8ad230b202f969b2be1ca3903f7e220-1789687964930853000.html,None; read-only assessment
acm_fellows.csv,"Kurtz, Thomas E",1994,https://dblp.org/pid/62/7755,Y,2026-09-17,supported,2b894a92037e0bf4a655facf2af5a8ad8a89f03f7b089126b970b7c462b0772c,../bigcows-crawler/.cache/dblp-refresh-2026-09-17-132635/safari/captures/c10a0f8118a63b8fdf758409068e52dcdf7f0eafcc5be9046256ed157c775a2f-1789688835775968000.html,None; read-only assessment
acm_fellows.csv,"Kurzweil, Ray",1994,https://dblp.org/pid/67/6969,Y,2026-09-17,supported,4aced4138816bb67ccdb7379bf59303febe055a062eed75f3160853d4d25401a,../bigcows-crawler/.cache/dblp-refresh-2026-09-17-132635/safari/captures/bc096b6c63b679ce5c9c8446f9e724fa5d6a92076d688267739bcdcd19d138e5-1789688655086083000.html,None; read-only assessment
acm_fellows.csv,"Lampson, Butler W",1994,https://dblp.org/pid/l/ButlerWLampson,Y,2026-09-17,supported,94069b30d4afa837319ac06ca87b571be1ac01eabf3116b6d2a5da714e085856,../bigcows-crawler/.cache/dblp-refresh-2026-09-17-132635/safari/captures/a1ca0fc152717658a1e3b754a086316d3369781027da83de924bd25a0eb8d866-1789687789239534000.html,None; read-only assessment
acm_fellows.csv,"Lavenberg, Stephen S",1994,https://dblp.org/pid/65/3371,Y,2026-09-17,supported,ed0fc2bce3a012152b662e3ecd2da7382668bfb55a2a6da32383dc4dc458aeb6,../bigcows-crawler/.cache/dblp-refresh-2026-09-17-132635/safari/captures/9785eb1ab8d417ce598818ae3acf051a0efe75a3dcc27716a9c518e337539413-1789688786113845000.html,None; read-only assessment
acm_fellows.csv,"Lederberg, Joshua",1994,https://dblp.org/pid/72/7007,Y,2026-09-17,supported,f348d2a1bcca0f373fadbeb53df535538aa42a2a65b883bebba8fcb5578c70ab,../bigcows-crawler/.cache/dblp-refresh-2026-09-17-132635/safari/captures/c4283aca2e81e0f4635eb204785456b2694cd18b42869ab0b519ca927a69239a-1789688422038790000.html,None; read-only assessment
acm_fellows.csv,"Lee, John A",1994,https://dblp.org/pid/l/JohnANLee,Y,2026-09-17,supported,4ec606dd9f549d97409fe8fd163163e1b714ccbf657f49cad78040dcf5765250,../bigcows-crawler/.cache/dblp-refresh-2026-09-17-132635/safari/captures/5a1513aeb9ee9668f56e4ca678354b9e87a97891adae94b93b7a8d92dd36bb34-1789688310616893000.html,None; read-only assessment
acm_fellows.csv,"Lehman, Meir",1994,https://dblp.org/pid/l/MeirMLehman,Y,2026-09-17,supported,ed2b2b97c3cb38ebd1ba58e5586e2893ecc14d22a57817501b0af0f2077248d8,../bigcows-crawler/.cache/dblp-refresh-2026-09-17-132635/safari/captures/bb8f3a25d7ddaa0461038eceeb38880d228d14a3c41a36460e59832f384768bf-1789688497809550000.html,None; read-only assessment
acm_fellows.csv,"Lindsay, Bruce",1994,https://dblp.org/pid/l/BruceGLindsay1.html,Y,2026-09-19,resolved_user_approved_replacement,833f41d8dacd9df94c51c34a6848f354d8ffcab2076b3bb911726b5d549b519e,../bigcows-crawler/.cache/dblp-replacement-gap-fill-2026-09-19-163416/safari/captures/517cda598d3b6b92a9301163b888ac969d2e0357253b4c161c6b319e4b9e148a-1789850154019693000.html,User approved replacement https://dblp.org/pid/l/BruceGLindsay1.html with quality Y on 2026-09-19 16:27 EDT; old capture date cleared; no accepted capture for new URL. Original findings retained as historical evidence.
acm_fellows.csv,"Little, Joyce Currie",1994,https://dblp.org/pid/28/551,Y,2026-09-17,supported,3d9068461c6e76a90251a9706dbef1bb69dc7035290ca751eccc8a0311f15eca,../bigcows-crawler/.cache/dblp-refresh-2026-09-17-132635/safari/captures/8661da8d57f8579f9181e19501ac1108f02e78f32a15abd0443d149fe985182e-1789688430398489000.html,None; read-only assessment
acm_fellows.csv,"Liu, C.L.",1994,https://dblp.org/pid/l/CLLiu,Y,2026-09-19,resolved_user_approved_replacement,4d969ffd0fd3c69cb261c30be85e7cc01c7e9352cebe2c35743b3d5d96e0f022,../bigcows-crawler/.cache/dblp-replacement-gap-fill-2026-09-19-163416/safari/captures/c50ef1118e70fe756597dcbb044700f73ec08a5dc087693eb2083e4babfa3a04-1789850160930590000.html,User approved replacement https://dblp.org/pid/l/CLLiu with quality Y on 2026-09-19 16:27 EDT; old capture date cleared; no accepted capture for new URL. Original findings retained as historical evidence.
acm_fellows.csv,"Lynn, M Stuart",1994,https://dblp.org/pid/60/3529,Y,2026-09-17,supported,e1c34ed0ba91a39fde73c8841536cd38a0d6bd60f2c3b80cf73b09e40cdd0def,../bigcows-crawler/.cache/dblp-refresh-2026-09-17-132635/safari/captures/9bb2a33a909400dfec2837373b9a0e27a494c4f7eb8f9e7a75df75efcc37ecfb-1789688474654393000.html,None; read-only assessment
acm_fellows.csv,"Maisel, Herbert",1994,https://dblp.org/pid/27/474,N,2026-09-17,existing_N,e64dd967ae940d86f27d7fb5e838b39692a18edea70eaadaac53958c0d265067,../bigcows-crawler/.cache/dblp-refresh-2026-09-17-132635/safari/captures/102dd13f310584e0d607d2aced7bdabd1b3a30734cad36fb4a38f2783ab52bc8-1789688233236417000.html,None; read-only assessment
acm_fellows.csv,"Manna, Zohar",1994,https://dblp.org/pid/m/ZoharManna,Y,2026-09-17,supported,e51ab1a32c06b0fce72e34445b0b381734cf3a6a49ce06320c8b4f00ac179a3b,../bigcows-crawler/.cache/dblp-refresh-2026-09-17-132635/safari/captures/bff653a3ea35799f3c518b0d745eca81e9b3aa4a3712be402bf77ea6ecad9b8a-1789688983768868000.html,None; read-only assessment
acm_fellows.csv,"McCarthy, John",1994,https://dblp.org/pid/m/JohnMcCarthy,Y,2026-09-18,supported,048fa3e416818dbe934079d973e8e72efda754243937a974e87e34473d08f141,../bigcows-crawler/.cache/dblp-missing-web-2026-09-17-203211/safari/captures/61638dd27e74f1c6543c4e16a8d2a89179ec1d80ebf54a317d54bd795f61ff01-1789691846673711000.html,None; read-only assessment
acm_fellows.csv,"McCluskey, Edward",1994,https://dblp.org/pid/m/EdwardJMcCluskey.html,Y,2026-09-17,supported,f6eadd5793ef4e5e5f7b0ea7b28b2bfbfb93afaf157dc2a12c027c328957c30b,../bigcows-crawler/.cache/dblp-refresh-2026-09-17-132635/safari/captures/adcfb6ae0fdd18935f2aecbd7604eda5831b3963b68291c4346283df9922c8a6-1789688064602009000.html,None; read-only assessment
acm_fellows.csv,"McCracken, Daniel D",1994,https://dblp.org/pid/199/9066,N,2026-09-17,existing_N,2184c27e13ae564d7f5167fe5e57d0c67038d01029df33870750bcb44e3dca84,../bigcows-crawler/.cache/dblp-refresh-2026-09-17-132635/safari/captures/b19f6a4dad91c1f77c4d0af36f431a575bf40b010a14bf2b28fa0b897661755e-1789687933936209000.html,None; read-only assessment
acm_fellows.csv,"McJones, Paul R",1994,https://dblp.org/pid/m/PaulRMcJones,Y,2026-09-17,supported,43bb9bebb2d27862fc581a4c4b6e4fb466feca8aafd5a512b2e72c8308763eb5,../bigcows-crawler/.cache/dblp-refresh-2026-09-17-132635/safari/captures/e5193a7e434cf046ad35d7c68bf936fa680606beed1b18a9fbffbcbcccf0f6b6-1789688551221078000.html,None; read-only assessment
acm_fellows.csv,"Milner, A J",1994,https://dblp.org/pid/m/RobinMilner,Y,2026-09-17,supported,d13844928fb70fb42aa72f5ee97f8db29130cc435e4bff7b0a3e750f4d7d36a1,../bigcows-crawler/.cache/dblp-refresh-2026-09-17-132635/safari/captures/078b2700f30a7a4b112781ba20c4ebbcdcc65be83a6c6b25a28ad07ad5f76c7b-1789687684534507000.html,None; read-only assessment
acm_fellows.csv,"Minker, Jack",1994,https://dblp.org/pid/m/JackMinker,Y,2026-09-17,supported,916ffc8172a645b2ccfeaa9f1c111a5ba3841b1a1e0366ac323e6aa0e9760631,../bigcows-crawler/.cache/dblp-refresh-2026-09-17-132635/safari/captures/8cd8aeb23a8ab0be294926c09e0ceec96cb94f18a3aea1d6625fc8d8ed652c66-1789688275976190000.html,None; read-only assessment
acm_fellows.csv,"Neumann, Peter G",1994,https://dblp.org/pid/n/PeterGNeumann,Y,2026-09-17,supported,b9babfe7aba972b87e7f559f79045fb0ca88ae6a23b05987493d78af1495d50e,../bigcows-crawler/.cache/dblp-refresh-2026-09-17-132635/safari/captures/b7a1c65491dd18fc10a0bb121274ef319f06780f0f84e9686ac243df6a9cd8e8-1789688566231502000.html,None; read-only assessment
acm_fellows.csv,"Newborn, Monroe",1994,https://dblp.org/pid/n/MontyNewborn,Y,2026-09-17,supported,f9c86ee353773e8949e725da2dc5c090828b7b06ba02f989239482d69bbb0085,../bigcows-crawler/.cache/dblp-refresh-2026-09-17-132635/safari/captures/bdc488dc44dc65e6829935e0ddd7553bcb3ccf3c9c20befc955c7ea4263e7239-1789688529122113000.html,None; read-only assessment
acm_fellows.csv,"Ousterhout, John",1994,https://dblp.org/pid/o/JohnKOusterhout,Y,2026-09-17,supported,9160ae7620199cf476b8833d2600796a9ad9433137bffdaab76cf3b34a852338,../bigcows-crawler/.cache/dblp-refresh-2026-09-17-132635/safari/captures/d8968255297cce76e4387635c8f0de4ee88b25558737c364d6a0928bf6223a49-1789688406493104000.html,None; read-only assessment
acm_fellows.csv,"Owicki, Susan S",1994,https://dblp.org/pid/06/3161,Y,2026-09-17,supported,374b92ea89457441399431bab4340ec653f7f66f8cf86e739ed98e07be0d2831,../bigcows-crawler/.cache/dblp-refresh-2026-09-17-132635/safari/captures/65bc2aa3e824a8b7af5a1793d05ccd406607020ddf6cb4f489b74eb5dced43bf-1789688807391635000.html,None; read-only assessment
acm_fellows.csv,"Parnas, David Lorge",1994,https://dblp.org/pid/p/DLParnas,Y,2026-09-17,supported,3ff0386ce6b16616c1c1a735be6ec98ae6e5ca9389cf54037978b346646c43b3,../bigcows-crawler/.cache/dblp-refresh-2026-09-17-132635/safari/captures/78099e822285ec6559bf8df232b69407c678cc299f8664f94155463cbef63cd0-1789687987090625000.html,None; read-only assessment
acm_fellows.csv,"Patterson, David",1994,https://dblp.org/pid/p/DAPatterson.html,Y,2026-09-19,supported,6c542e5effbf185c8cad1f2ffc4756349f135fff0f9b1b02ca91f6d03315779e,../bigcows-crawler/.cache/dblp-gap-fill-2026-09-19-145403/safari/captures/c57f602712a7b334ac90f4bc27cf9faf4ad12157f0e5b7242040df2bc1df841a-1789844749956312000.html,None; read-only assessment
acm_fellows.csv,Peter Elias,1994,https://dblp.org/pid/e/PeterElias,Y,2026-09-17,supported,c49e34674be616053a02db40c79f223da217638281e3932cb15ed19976c6c736,../bigcows-crawler/.cache/dblp-refresh-2026-09-17-132635/safari/captures/df46765edda2aebc6a5c366ec2782152dba28b6b24b71b66fd584be6be9780af-1789688558307293000.html,None; read-only assessment
acm_fellows.csv,"Poucher, William B",1994,https://dblp.org/pid/20/10566,N,2026-09-17,existing_N,0817bf7d6574aad90b5dac6b6862e734a5108f83fee2f011cec9ed58cf5b2cf3,../bigcows-crawler/.cache/dblp-refresh-2026-09-17-132635/safari/captures/e5020219fa43272fe657561d1f94718647a9445b590f53f1d258fe498ee27a88-1789688937909105000.html,None; read-only assessment
acm_fellows.csv,"Ralston, Anthony",1994,https://dblp.org/pid/12/4330,Y,2026-09-17,supported,93ea020b411d9db45d99924193a095c508ea47fad41e06e3b5a52a3b0e83fa57,../bigcows-crawler/.cache/dblp-refresh-2026-09-17-132635/safari/captures/a239810c57e968d59990950efbf80ebc4e3d1d7aa6af19e6bc8979582639a26c-1789687722448996000.html,None; read-only assessment
acm_fellows.csv,"Rivest, Ronald L",1994,https://dblp.org/pid/r/RonaldLRivest,Y,2026-09-17,supported,76da141dbabad89562741e1b4987e38c92bc4d0b1a21d29ac69e05be37140544,../bigcows-crawler/.cache/dblp-refresh-2026-09-17-132635/safari/captures/dde2d2aa85104a403b089863ce9bb27380640f4ed9ab5a38d8bf554bbc97a539-1789688746795453000.html,None; read-only assessment
acm_fellows.csv,Roger M Needham,1994,https://dblp.org/pid/n/RogerNeedham,Y,2026-09-17,supported,928781e304417873601af71075107cbe45f739032a13882b6966ca6dffdc2add,../bigcows-crawler/.cache/dblp-refresh-2026-09-17-132635/safari/captures/e9569453c1d51000fc16024d00d644bf592022dd53109a5600f0484417855356-1789688738203039000.html,None; read-only assessment
acm_fellows.csv,"Rosenfeld, Azriel",1994,https://dblp.org/pid/r/AzrielRosenfeld,Y,2026-09-17,supported,7fe668b976ba2154cbeb320892d110f9f5120b0786f736385d16ac1db6b10ae9,../bigcows-crawler/.cache/dblp-refresh-2026-09-17-132635/safari/captures/5778568574f031a4b4b45d0ba2fc7c05590af345ad2533ffe0f0d3293f54061b-1789687730945832000.html,None; read-only assessment
acm_fellows.csv,"Rulifson, Jeff",1994,https://dblp.org/pid/12/4903,Y,2026-09-17,supported,dda812fe6e876ea3695088d11c736a96484364ef19feebd59ee2d3787944e789,../bigcows-crawler/.cache/dblp-refresh-2026-09-17-132635/safari/captures/5e91280d8fa46f86d19ba5ac6c384ed62e0e0665675db28d0310f376f67e5042-1789688296915883000.html,None; read-only assessment
acm_fellows.csv,"Sammet, Jean E",1994,https://dblp.org/pid/14/5331,Y,2026-09-17,supported,feadf70bdfa42defdf34ceaf8945fd1d4489853c35999c22ed44b40a93e08eaa,../bigcows-crawler/.cache/dblp-refresh-2026-09-17-132635/safari/captures/002b2092104435e6361bab9f33fc983b2508ce5cfd5b416f4897759e4dfed1d9-1789688290395588000.html,None; read-only assessment
acm_fellows.csv,"Scott, Dana S",1994,https://dblp.org/pid/s/DanaSScott,Y,2026-09-17,supported,6c6c30408d54e970e2372c22710c3ff9b20ae334a694f593ce1c3dd1342c4a68,../bigcows-crawler/.cache/dblp-refresh-2026-09-17-132635/safari/captures/de48944148562fd40691d9f77a7151839d87d57e3e48562857da731873693416-1789687919312570000.html,None; read-only assessment
acm_fellows.csv,"Siewiorek, Daniel",1994,https://dblp.org/pid/50/842,Y,2026-09-17,supported,f404a18b6908d772f7358575a64c1f3ee5f734610eaa752827b0bb65e00de25d,../bigcows-crawler/.cache/dblp-refresh-2026-09-17-132635/safari/captures/bf46d6c6ba742e25952d22d63a20ef37ad9a145dca42a1a5fc97958d3dde9ab2-1789687949245504000.html,None; read-only assessment
acm_fellows.csv,"Simon, Herbert A",1994,https://dblp.org/pid/16/6065,Y,2026-09-17,supported,7863570c902e4f8781d0b054a960c5d455ec6c08ec1ddf516d25c45ce5c021ed,../bigcows-crawler/.cache/dblp-refresh-2026-09-17-132635/safari/captures/410f39579afc25c671281e8428dd8ea3019cc959d510da8f2deb9c9f0bdc9c96-1789688226600422000.html,None; read-only assessment
acm_fellows.csv,"Simons, Barbara B",1994,https://dblp.org/pid/s/BarbaraBSimons,Y,2026-09-17,supported,4655772166f2ebc842912a39b2d3057eb47e848b9b5ca2952caebc3690829113,../bigcows-crawler/.cache/dblp-refresh-2026-09-17-132635/safari/captures/aeb94e14a71c3904547368a1689798c4abbbf7173dde5d0fc4643e1b6b4262e3-1789687738496347000.html,None; read-only assessment
acm_fellows.csv,"Sloan, Martha",1994,https://dblp.org/pid/21/640,Y,2026-09-17,supported,cab7994721c4924468d01f8985487817042489715417ca9fd30c2764718d2cb5,../bigcows-crawler/.cache/dblp-refresh-2026-09-17-132635/safari/captures/0000e2784c04cbe3d63c9761ac56aee55bf514b28f28567bbef192445fdc5500-1789688483125715000.html,None; read-only assessment
acm_fellows.csv,"Slutz, Donald R",1994,https://dblp.org/pid/33/6589,Y,2026-09-17,supported,760ab70ee5329b10303f374f8f2f6da6cfc359efb0717877e7bbc77c23f90f8c,../bigcows-crawler/.cache/dblp-refresh-2026-09-17-132635/safari/captures/c304f17d86767c4541692b4f89b8c1d97e824759a69fb8dedc5b5fcaf48dbadd-1789688021039252000.html,None; read-only assessment
acm_fellows.csv,"Smith, Burton",1994,https://dblp.org/pid/64/4805,N,2026-09-17,resolved_user_N,908b0cfedc4c2c3cc7cd5f700fb698371512795092dfcc002721f131db4a8863,../bigcows-crawler/.cache/dblp-refresh-2026-09-17-132635/safari/captures/d34e8fc8845757f6c4ba639b0cec91552e140a3b32011e3fb7b3f9ec3190a4e4-1789687782720079000.html,Applied explicit user decision 2026-09-19T15:40:09.250177-04:00: dblp_profile_quality Y to N; URL and capture date preserved.
acm_fellows.csv,"Stearns, Richard E",1994,https://dblp.org/pid/s/RichardEdwinStearns,Y,2026-09-17,supported,1fa7c9aa4a10db1d927db415864d17d362f557d61dcd98d83aad4a7805fee788,../bigcows-crawler/.cache/dblp-refresh-2026-09-17-132635/safari/captures/3f0aa1a48f0416055ebb52d78bfad475db2c6514bb6ee923d08d506880245203-1789688662839865000.html,None; read-only assessment
acm_fellows.csv,"Steel, Thomas B",1994,https://dblp.org/pid/83/2995,Y,2026-09-17,supported,b0c6e8cd170cc228a0936bd37fe2ea8ece2f3b6b656c5c92ef13cca0396ce63a,../bigcows-crawler/.cache/dblp-refresh-2026-09-17-132635/safari/captures/69192e354be451007b005cbd0fff6bdca204c1d5016a1aab93d7d5b466c99ac5-1789688821554081000.html,None; read-only assessment
acm_fellows.csv,"Steele, Guy L",1994,https://dblp.org/pid/s/GuyLSteeleJr,Y,2026-09-17,supported,799417da81b2c4488f2f517638ea2949f8bdeec16c07eaecdc6ca426e9ab7299,../bigcows-crawler/.cache/dblp-refresh-2026-09-17-132635/safari/captures/aa93b8eefb869318b9920e8435b27d61354c4d4cdacbc21185505f232092e33a-1789688197420818000.html,None; read-only assessment
acm_fellows.csv,"Stone, Harold",1994,https://dblp.org/pid/00/4597,Y,2026-09-17,supported,ffed63e508340820bef3d78c7f8d5c05f813bec162ebb3536fddf0a0a6f13bde,../bigcows-crawler/.cache/dblp-refresh-2026-09-17-132635/safari/captures/a7161115f38eeb7cad1ad093a85f31d2d674132a7a7acc2de05f915d4ca5d249-1789688205598353000.html,None; read-only assessment
acm_fellows.csv,"Stonebraker, Michael",1994,https://dblp.org/pid/s/MichaelStonebraker,Y,2026-09-17,supported,d26a52d48a52a6c1aa20fc89e0e1cfe356952552ad3a541fe2eb3cd4958a2fbf,../bigcows-crawler/.cache/dblp-refresh-2026-09-17-132635/safari/captures/8679b6a4bb1131313b323beef2f2ccb7498748ea3957dd9259c8211d08c1a239-1789688513161629000.html,None; read-only assessment
acm_fellows.csv,"Strecker, William",1994,https://dblp.org/pid/83/793,Y,2026-09-17,supported,03c62018ca28de62f470d2217085c9db28554479463a223018864f40a2148ad1,../bigcows-crawler/.cache/dblp-refresh-2026-09-17-132635/safari/captures/5e50c6f9531f5fd57503e28e4238795ba20aa303b093d75da848acfab0404232-1789688967994166000.html,None; read-only assessment
acm_fellows.csv,"Stroustrup, Bjarne",1994,https://dblp.org/pid/s/BjarneStroustrup,Y,2026-09-17,supported,8022268031c807743eebaec1f270eb05b17869f3fde0c2cfca206d45e42891c4,../bigcows-crawler/.cache/dblp-refresh-2026-09-17-132635/safari/captures/ef4fea9661a20bb0b2935d72983a4b3037ec9df885a5be991544bdc4e94fe1b7-1789687760467369000.html,None; read-only assessment
acm_fellows.csv,"Suppes, Patrick",1994,https://dblp.org/pid/63/4886,Y,2026-09-17,supported,63f8bca8e144579a5bb8e4e7a32f6c39f321bba3eef7462b3d8beff713e68f8b,../bigcows-crawler/.cache/dblp-refresh-2026-09-17-132635/safari/captures/a936eeb5ab321c0fa1ccdee8e3bcf67e74c717eb7e387e1e62846c453db5e2b6-1789688544736057000.html,None; read-only assessment
acm_fellows.csv,"Sussman, Gerald",1994,https://dblp.org/pid/s/GeraldJSussman,Y,2026-09-17,supported,6b245d6e16480f8ba63538c3b94d6d0855feda996c446d30756df5a52b75ac10,../bigcows-crawler/.cache/dblp-refresh-2026-09-17-132635/safari/captures/bbeb3213595f0cd39fb74e82d4e9e9ecc86dda98e8e2e8e373d9a0658c0946f9-1789688189845231000.html,None; read-only assessment
acm_fellows.csv,"Sutherland, Ivan",1994,https://dblp.org/pid/35/5713,Y,2026-09-17,supported,73f1960e29a05225405cb563c6cce6e5129943c80a8b7dec957624b3ebab293e,../bigcows-crawler/.cache/dblp-refresh-2026-09-17-132635/safari/captures/5518a0473a7e698c908f42f0071d894119bae0d076258fd2abf9c5ec729a7daa-1789688248132589000.html,None; read-only assessment
acm_fellows.csv,"Taft, Edward A",1994,https://dblp.org/pid/52/147,Y,2026-09-17,supported,4e8853fd0cfa3c4fa189576accde65cbe30dae5b0a750f5ecda13ab0f7c4ade0,../bigcows-crawler/.cache/dblp-refresh-2026-09-17-132635/safari/captures/7fbcf28d3eda488a6a1d83ddd349bbeb0c4f0ec118752d0226f32c0954a5c315-1789688058047267000.html,None; read-only assessment
acm_fellows.csv,"Tarjan, Robert E",1994,https://dblp.org/pid/t/RobertEndreTarjan,Y,2026-09-17,supported,d93190a42c146f8802b14782f525d154ec6376d7d94ca4d784f0ca47ce56380b,../bigcows-crawler/.cache/dblp-refresh-2026-09-17-132635/safari/captures/879bd79b20acaa17ee6b146a37d4ca6cfd55a5a7d8f7ae02e20dd62b1630ee28-1789688710146878000.html,None; read-only assessment
acm_fellows.csv,"Taylor, Robert W",1994,https://dblp.org/pid/31/1172,N,2026-09-17,existing_N,4a7945553fce41d4192fcddd4368efa4a6740b556bf34778a06c8cc87655602d,../bigcows-crawler/.cache/dblp-refresh-2026-09-17-132635/safari/captures/39bede6f3bddc69c74e5c7104e4e7f5259d821b18574dbdb6036d29a348a9967-1789688724351452000.html,None; read-only assessment
acm_fellows.csv,"Thacker, Charles P",1994,https://dblp.org/pid/58/4470,N,2026-09-17,existing_N,3da167f8e3ddb080854a6f186bd10d5b0f2f4ba4509f7178e39dd660f316dc15,../bigcows-crawler/.cache/dblp-refresh-2026-09-17-132635/safari/captures/303d9637f4d260e56a1693146ceb11b1b1b16903c0edf5f53dffcedd2b027ad2-1789687836639213000.html,None; read-only assessment
acm_fellows.csv,"Traiger, Irv",1994,https://dblp.org/pid/17/2969,Y,2026-09-17,supported,55ddbfcec88fae977ca3e98578f70b0ba05e969d81b1d97165e96cb78f7665e0,../bigcows-crawler/.cache/dblp-refresh-2026-09-17-132635/safari/captures/3a95864987da5a0702f4351b9fc36395ae357b2ef6a1ba7bc55285f6df851542-1789688240482404000.html,None; read-only assessment
acm_fellows.csv,"Traub, Joseph",1994,https://dblp.org/pid/t/JFTraub,Y,2026-09-17,supported,fa9b5beba9dff04f250e1c4d0bd0413200f9cb8562fcbd4b31e1876c7d90e7ea,../bigcows-crawler/.cache/dblp-refresh-2026-09-17-132635/safari/captures/3bc88209eb5094d8a22260b9fe5cf12f4be85e54e89c27bb644c26bf96e04658-1789688414032926000.html,None; read-only assessment
acm_fellows.csv,"Tucker, Allen",1994,https://dblp.org/pid/t/AllenBTucker,Y,2026-09-19,resolved_user_approved_replacement,d08066cfa0da9e138f534003fa5dab27570d35b6d5fb3c52cbd4746b88b950ad,../bigcows-crawler/.cache/dblp-replacement-gap-fill-2026-09-19-163416/safari/captures/8315e58057c0c0b1c38be4c16408498e8888522b1e327334700b8842dd47ee2b-1789850203537549000.html,User approved replacement https://dblp.org/pid/t/AllenBTucker with quality Y on 2026-09-19 15:50 EDT; old capture date cleared; no accepted capture for new URL. Stored-profile findings retained as historical evidence.
acm_fellows.csv,"van Dam, Andries",1994,https://dblp.org/pid/d/AvDam,Y,2026-09-17,supported,257024143a80b3f431eef9034f44f469603689f1576cb988f976bf5a9973a8db,../bigcows-crawler/.cache/dblp-refresh-2026-09-17-132635/safari/captures/e55facb7f8200630d6624264a2c82328e2e78a2216e838bdbd6fefbeb6c69d61-1789687715618911000.html,None; read-only assessment
acm_fellows.csv,"Ware, Willis H",1994,https://dblp.org/pid/62/6167,Y,2026-09-17,supported,2119ae61862d78993332c361ffe2c52d5fbb8dda3a71c79b126aa78279312af2,../bigcows-crawler/.cache/dblp-refresh-2026-09-17-132635/safari/captures/d006d77f34609eb57414432c2b0155ced935a3612c100e00bcb61915fe6f5648-1789688976290205000.html,None; read-only assessment
acm_fellows.csv,"Wecker, Stuart",1994,https://dblp.org/pid/37/3490,Y,2026-09-17,supported,086c805d1c761b36e845a0fe49cde74cc8e23bf51b8af64b31d8a9bfc1be4207,../bigcows-crawler/.cache/dblp-refresh-2026-09-17-132635/safari/captures/0d6054795dee8f49904d1a06fc0c7ceaa9431fe3a6a429e2e185e21cbfa4561c-1789688793624350000.html,None; read-only assessment
acm_fellows.csv,"Wegbreit, Ben",1994,https://dblp.org/pid/31/5520,Y,2026-09-17,supported,26c215bd87ada4d482fd16e4f78b49d6294a1c7e7f9eaa7243d2c9536c7b568f,../bigcows-crawler/.cache/dblp-refresh-2026-09-17-132635/safari/captures/8d5d2f9023b01ff498ebcda51f911549b35f4f6938f3d71f0258c519f753875d-1789687745388675000.html,None; read-only assessment
acm_fellows.csv,"Weiss, Eric A",1994,https://dblp.org/pid/37/4603,Y,2026-09-17,supported,bbb4b76b304f5f9851100ff516c225a998f9fc35c453c4c95a94abfc51d98b96,../bigcows-crawler/.cache/dblp-refresh-2026-09-17-132635/safari/captures/394ab26e70e0d6be0c32cb2e3fedce5131c60904a647638e61a9e05a937550ac-1789688072885080000.html,None; read-only assessment
acm_fellows.csv,"Wilkes, Maurice V.",1994,https://dblp.org/pid/w/MauriceVWilkes,Y,2026-09-17,supported,e57e3b6d8001cd8e921303682ce75dce40d17021b801a60c2287681918818a6f,../bigcows-crawler/.cache/dblp-refresh-2026-09-17-132635/safari/captures/31784d1483bb4ba01f705b25482715de4d9a11d29f0090a627b26ebb4add0564-1789688490355420000.html,None; read-only assessment
acm_fellows.csv,"Winograd, Shmuel",1994,https://dblp.org/pid/w/ShmuelWinograd,Y,2026-09-17,supported,b4c385d1239af658e97403cb0bbc9d1c90d0e4eb0758fadec077938770fce2ff,../bigcows-crawler/.cache/dblp-refresh-2026-09-17-132635/safari/captures/33343716c66fb1787d29f1fad73f2b9276ce54c6f03ce937d643dfef1913c48a-1789688769663870000.html,None; read-only assessment
acm_fellows.csv,"Wirth, Niklaus E",1994,https://dblp.org/pid/w/NiklausWirth,Y,2026-09-17,supported,4f43083109099e0973deebcd64146e0313ea586fbe1d08f18f3624ae057666ee,../bigcows-crawler/.cache/dblp-refresh-2026-09-17-132635/safari/captures/f6420adbebc66e8a9a0df37d2593d3200090c0357bda294feb9304804f164776-1789688537110203000.html,None; read-only assessment
acm_fellows.csv,"Wolfson, Seymour J",1994,,N,,missing_known,,,None; read-only assessment
acm_fellows.csv,"Wulf, William A",1994,https://dblp.org/pid/w/WilliamAWulf,Y,2026-09-17,supported,13f2e45065f1634969d46e4e547c5802f12787eefa5dc78037c3eecceef126a3,../bigcows-crawler/.cache/dblp-refresh-2026-09-17-132635/safari/captures/0705be28a28986c13aa4160455b6176bc267eac50e256acb0518681abcdce35d-1789688930875599000.html,None; read-only assessment
acm_fellows.csv,"Zadeh, L A",1994,https://dblp.org/pid/z/LAZadeh,Y,2026-09-17,supported,6687f65483b6b1c3a2fdf525e0bb67e42b246411ff7459855164a01692422262,../bigcows-crawler/.cache/dblp-refresh-2026-09-17-132635/safari/captures/a9253d131765a57adbf374e5775a4c6332a050d4830e9fe4482c620ffb26d0a8-1789688451540057000.html,None; read-only assessment
turing_award_winners.csv,"Bennett, Charles Henry",2025,https://dblp.org/pid/71/210,Y,2026-09-18,supported,0b758cc87e1dd23bc3d6c565d637d33dccaa22b3bbe407bb85b63e34f0951541,../bigcows-crawler/.cache/dblp-missing-web-2026-09-17-203211/safari/captures/de91b122806b8b1de63bd5216275e4462f528314207988f982843f7c48cc271b-1789691726907703000.html,None; read-only assessment
turing_award_winners.csv,"Brassard, Gilles",2025,https://dblp.org/pid/b/GBrassard,Y,2026-09-18,supported,8d7dfe1f75ca2ce0f969413fc6590b55c76306717e449432aa50210aa0ddc890,../bigcows-crawler/.cache/dblp-missing-web-2026-09-17-203211/safari/captures/9111cf99d765b2bd88696fb07ee2107f7625c2f7b26c2569b010b6866eaefd60-1789691733814053000.html,None; read-only assessment
turing_award_winners.csv,"Barto, Andrew",2024,https://dblp.org/pid/a/AndrewGBarto,Y,2026-09-18,supported,5dcddc7b236691c996e00240366e38ff47472e4ac9d59f983109c7d6402a51e6,../bigcows-crawler/.cache/dblp-missing-web-2026-09-17-203211/safari/captures/cc0a6e39d62fb72b9a8b4e719717235314b8ba2d10fc3e28091f9d0e7a724423-1789691741909955000.html,None; read-only assessment
turing_award_winners.csv,"Sutton, Richard",2024,https://dblp.org/pid/48/6070,Y,2026-09-18,supported,e681d5e447e1a60bf4a90780daa461a6f5e5aafd153d7c78551eb0d36600cf9f,../bigcows-crawler/.cache/dblp-missing-web-2026-09-17-203211/safari/captures/dfebeb97b5a5cc8a999580998611a61cd30b677e2ffa29c50571f5e60bec0dda-1789691749735183000.html,None; read-only assessment
turing_award_winners.csv,"Wigderson, Avi",2023,https://dblp.org/pid/w/AviWigderson,Y,2026-09-17,supported,936fb8f6beeeb55b8e22a2d82d7614f0c22b459b7795179eb4d9be3af6510165,../bigcows-crawler/.cache/dblp-refresh-2026-09-17-132635/safari/captures/970ff190a9da7b414439339fad794f5ced0bfd5c07b213d00df6c9a41c42e117-1789675887411777000.html,None; read-only assessment
turing_award_winners.csv,"Metcalfe, Robert Melancton",2022,https://dblp.org/pid/69/829,Y,2026-09-17,supported,1abe5c374f0d0998d07162815dc17aaafde54dd324a8db5d512b04bf0dd5822e,../bigcows-crawler/.cache/dblp-refresh-2026-09-17-132635/safari/captures/e6e6716d8324893893a4548c9a2f8f44504e4a043206721a8605bfa45ed3946d-1789688990433360000.html,None; read-only assessment
turing_award_winners.csv,"Dongarra, Jack",2021,https://dblp.org/pid/d/JackDongarra,Y,2026-09-17,supported,f5315980487b02126bf3913e9f2cd7075bfa7721cb5db4fbac9f70697da22e52,../bigcows-crawler/.cache/dblp-refresh-2026-09-17-132635/safari/captures/364f0a25bd0d28cfd5b103f39cb827b4d5ba2fa535cfa175aebdf12bb20d9a72-1789684374027058000.html,None; read-only assessment
turing_award_winners.csv,"Aho, Alfred V",2020,https://dblp.org/pid/a/AVAho,Y,2026-09-17,supported,2172c5da7b5c426c5dd6f621ab187c8e2ef3f383717dc8f311e6cc6b2d26a47d,../bigcows-crawler/.cache/dblp-refresh-2026-09-17-132635/safari/captures/be5f3274bbf68d45bc88d964ffc4fa4bd00d432b0de60906f52c4fe4990dbb7e-1789686560636611000.html,None; read-only assessment
turing_award_winners.csv,"Ullman, Jeffrey D",2020,https://dblp.org/pid/u/JeffreyDUllman,Y,2026-09-17,supported,31a2f1edb844eb306bcf7caf2afc0cbbcca2183013d083a447df2ac43d7b7fac,../bigcows-crawler/.cache/dblp-refresh-2026-09-17-132635/safari/captures/3cd701aef943dcb308e95c49bbbc9de6c2feecd8b84c8f00e30c455e8ebf1823-1789687423426706000.html,None; read-only assessment
turing_award_winners.csv,"Catmull, Edwin",2019,https://dblp.org/pid/c/EdwinECatmull,N,2026-09-17,existing_N,faccb801f5a1443c52e3b65e9bcf17bbd8406adc689a5b41bb136b52600e68c6,../bigcows-crawler/.cache/dblp-refresh-2026-09-17-132635/safari/captures/be4967889d15c3d395e8978517b5f1c8873ab44d9ee0afff81f3f1603ebd20a9-1789687273351632000.html,None; read-only assessment
turing_award_winners.csv,"Hanrahan, Pat",2019,https://dblp.org/pid/h/PatHanrahan,Y,2026-09-17,supported,30efb89b54efed658481045642d5c04bcb48713f97b3f6e6dc30038227ff8675,../bigcows-crawler/.cache/dblp-refresh-2026-09-17-132635/safari/captures/193c2130533e3ca075738a88bdfc4326c297d75d7611b057826ab4ea04ced286-1789681441737322000.html,None; read-only assessment
turing_award_winners.csv,"Bengio, Yoshua",2018,https://dblp.org/pid/56/953,Y,2026-09-17,supported,e49ddecf095e43d89b532b36b5eca3e58d05c6052f6a4025cf72d1668dca59cc,../bigcows-crawler/.cache/dblp-refresh-2026-09-17-132635/safari/captures/1ae65041370c0cd70b31441e75fba12a80639efbefea55c8ccdc8e37d706af5f-1789669399278493000.html,None; read-only assessment
turing_award_winners.csv,"Hinton, Geoffrey E",2018,https://dblp.org/pid/10/3248,Y,2026-09-17,supported,9d21a066408446127de5a0b8fffa88aafcef1b430ba50c26e99928be2a28d6d9,../bigcows-crawler/.cache/dblp-refresh-2026-09-17-132635/safari/captures/f0e26e35c18decbb9d83cb151c6af57c24ce023440de913c6859be62ffc910bd-1789668880410641000.html,None; read-only assessment
turing_award_winners.csv,"LeCun, Yann",2018,https://dblp.org/pid/l/YannLeCun,Y,2026-09-17,supported,efc664e2343e16af2249236f40a33ea68445d1bb40df6e21aac3f43ea456ff46,../bigcows-crawler/.cache/dblp-refresh-2026-09-17-132635/safari/captures/bd2fe565a831023c932adfb5b66b628b84b164b1c88c8ebddcaccf15d26b9066-1789669381564126000.html,None; read-only assessment
turing_award_winners.csv,"Hennessy, John L",2017,https://dblp.org/pid/h/JohnLHennessy,Y,2026-09-17,supported,76db6e58e7149d0ec4b98ed6ae43b31ddccea7fa83415923e5061df305878ef4,../bigcows-crawler/.cache/dblp-refresh-2026-09-17-132635/safari/captures/c53b5bde354cc3afdc72fcda206ecf61cbfaddf07cff29c7c6c8b53f8dc8987f-1789686383994650000.html,None; read-only assessment
turing_award_winners.csv,"Patterson, David",2017,https://dblp.org/pid/p/DAPatterson.html,Y,2026-09-19,supported,6c542e5effbf185c8cad1f2ffc4756349f135fff0f9b1b02ca91f6d03315779e,../bigcows-crawler/.cache/dblp-gap-fill-2026-09-19-145403/safari/captures/c57f602712a7b334ac90f4bc27cf9faf4ad12157f0e5b7242040df2bc1df841a-1789844749956312000.html,None; read-only assessment
turing_award_winners.csv,"Berners-Lee, Tim",2016,https://dblp.org/pid/b/TimBernersLee,Y,2026-09-17,supported,6b26af0a66cf0319b21f9151bdd095e666611f23adc66036ef16fbd6ee48d9ef,../bigcows-crawler/.cache/dblp-refresh-2026-09-17-132635/safari/captures/c08f78f91f4c2a622cd652e041f4a807ceb46561ebabcd75a0b799689d364252-1789669297689432000.html,None; read-only assessment
turing_award_winners.csv,"Diffie, Whitfield",2015,https://dblp.org/pid/93/2898,Y,2026-09-17,supported,97fcadd611f96966470cda2184965cf570c4cec09c6d0c0a31405e526d44af6a,../bigcows-crawler/.cache/dblp-refresh-2026-09-17-132635/safari/captures/da43be7cb2b182afbd5ef72ea345471c8d97f80bc684660a94acb36722ba5851-1789671749343400000.html,None; read-only assessment
turing_award_winners.csv,"Hellman, Martin",2015,https://dblp.org/pid/h/MartinEHellman,Y,2026-09-17,supported,8e01c48e45c80b4c9117df2538b8574611229ac81eff7ef2b1bc8b879bdf93d6,../bigcows-crawler/.cache/dblp-refresh-2026-09-17-132635/safari/captures/5b3727d09d0a6817a3bc78d6fcc5891dbf823436b718186c7eb83097575c06ca-1789671282075640000.html,None; read-only assessment
turing_award_winners.csv,"Stonebraker, Michael",2014,https://dblp.org/pid/s/MichaelStonebraker,Y,2026-09-17,supported,d26a52d48a52a6c1aa20fc89e0e1cfe356952552ad3a541fe2eb3cd4958a2fbf,../bigcows-crawler/.cache/dblp-refresh-2026-09-17-132635/safari/captures/8679b6a4bb1131313b323beef2f2ccb7498748ea3957dd9259c8211d08c1a239-1789688513161629000.html,None; read-only assessment
turing_award_winners.csv,"Lamport, Leslie Barry",2013,https://dblp.org/pid/l/LeslieLamport,Y,2026-09-17,supported,5210f774dda9480d870ddebfc219d04bc89ef4a947db8e17e38c0f26fa29b1ed,../bigcows-crawler/.cache/dblp-refresh-2026-09-17-132635/safari/captures/c3f2b267ed3fa0eaf4c990ba265c27c139e4e58bb680dde190697747a31fde36-1789678103275238000.html,None; read-only assessment
turing_award_winners.csv,"Goldwasser, Shafi",2012,https://dblp.org/pid/g/ShafiGoldwasser,Y,2026-09-17,supported,25cde13f8b80df657d291ac22299b1d2df53250334324d5a3082a0a3d222bca7,../bigcows-crawler/.cache/dblp-refresh-2026-09-17-132635/safari/captures/9d2570ce20a004f22cc7d3408e726bfb2719af7957b1eef6ecbe71027518e808-1789676785283250000.html,None; read-only assessment
turing_award_winners.csv,"Micali, Silvio",2012,https://dblp.org/pid/49/5661,Y,2026-09-17,supported,de8b63af3b5f2f7cbe71642a53974c059104400dbf206e8c58ce420f7b77e8a0,../bigcows-crawler/.cache/dblp-refresh-2026-09-17-132635/safari/captures/9471eb91550563d80247cc894ff7747a03714bd9cc1101261b3e8144553be88d-1789676877338487000.html,None; read-only assessment
turing_award_winners.csv,"Pearl, Judea",2011,https://dblp.org/pid/p/JudeaPearl,Y,2026-09-17,supported,64a22d462d72a1816fbfee389686baeba4833b3765b0e0eec3c458fd63b2b484,../bigcows-crawler/.cache/dblp-refresh-2026-09-17-132635/safari/captures/b2e5022e88b15ee023ea82db9d49d35f1a565dd18b6df0a114a66ab3313be7c3-1789677669007056000.html,None; read-only assessment
turing_award_winners.csv,"Valiant, Leslie G",2010,https://dblp.org/pid/v/LeslieGValiant,Y,2026-09-17,supported,df8b62a560346810a058448ca6822b0f11df0ad68075c99008e57b486aed3536,../bigcows-crawler/.cache/dblp-refresh-2026-09-17-132635/safari/captures/dc6fe9b0e9af095fc238f38cbade2ca1e494aaccf336011f6f97cb7eafce3236-1789679255357245000.html,None; read-only assessment
turing_award_winners.csv,"Thacker, Charles P",2009,https://dblp.org/pid/58/4470,N,2026-09-17,existing_N,3da167f8e3ddb080854a6f186bd10d5b0f2f4ba4509f7178e39dd660f316dc15,../bigcows-crawler/.cache/dblp-refresh-2026-09-17-132635/safari/captures/303d9637f4d260e56a1693146ceb11b1b1b16903c0edf5f53dffcedd2b027ad2-1789687836639213000.html,None; read-only assessment
turing_award_winners.csv,"Liskov, Barbara",2008,https://dblp.org/pid/l/BarbaraLiskov,Y,2026-09-17,supported,42e51951031091c5ce6b5e269947cef748565ea5a14749d75e71b901a631e3a3,../bigcows-crawler/.cache/dblp-refresh-2026-09-17-132635/safari/captures/5e6f553fe554777587312531ab5600c1bcadf6068b90bbf4dcc3ec32fcdfef16-1789686671599445000.html,None; read-only assessment
turing_award_winners.csv,"Clarke, Edmund",2007,https://dblp.org/pid/c/EdmundMClarke,Y,2026-09-17,supported,87bbbc90c19e85c1567b3dab8dd5c18fcd654b1f01276f653bf24fefd8ebf3cf,../bigcows-crawler/.cache/dblp-refresh-2026-09-17-132635/safari/captures/240b1983ddbe996fd1c3885f398ac6e4dec75c12841addc9db521cedfbb9c5d9-1789685878939925000.html,None; read-only assessment
turing_award_winners.csv,"Emerson, E. Allen",2007,https://dblp.org/pid/e/EAllenEmerson,Y,2026-09-17,supported,587e37f64628b4a15b52082d6f65ed24d609db08c16946cfebce369eca8e38c5,../bigcows-crawler/.cache/dblp-refresh-2026-09-17-132635/safari/captures/36879787242e3a69cb1460ea47f640bf558739ab0dd1d3a2be24ee5982fcde03-1789688997005666000.html,None; read-only assessment
turing_award_winners.csv,"Sifakis, Joseph",2007,https://dblp.org/pid/s/JosephSifakis,Y,2026-09-17,supported,91ec0026d8a206974739ab88be546a4ffa20a97e556b22e00397d7de6e27e410,../bigcows-crawler/.cache/dblp-refresh-2026-09-17-132635/safari/captures/5be65dae2fa0f53ecc91a0d10523ed2159e228308f171d48cc8acd990014881f-1789679109244633000.html,None; read-only assessment
turing_award_winners.csv,"Allen, Frances",2006,https://dblp.org/pid/a/FEAllen,Y,2026-09-17,supported,182e249afdcc3f95745de0d65f76ab3fd6805a3521cfabc0f761428f5fa60f07,../bigcows-crawler/.cache/dblp-refresh-2026-09-17-132635/safari/captures/3531cabdb267dce45ca26e2187ae0040b92be1babe1f34b043f83eab8eca31ae-1789688144420800000.html,None; read-only assessment
turing_award_winners.csv,"Naur, Peter",2005,https://dblp.org/pid/n/PeterNaur,Y,2026-09-17,supported,10ce6588b4e94c84b2fb1532a284814d6dff3d3d9c54b911d6255cd2f57d5cf2,../bigcows-crawler/.cache/dblp-refresh-2026-09-17-132635/safari/captures/7e00ee2848a89116e79d135f3a702a05944b35fd6d7ce28026a219aea29d7225-1789689004753912000.html,None; read-only assessment
turing_award_winners.csv,"Cerf, Vinton",2004,https://dblp.org/pid/c/VintonGCerf,Y,2026-09-17,supported,460d3c3e352480ced277efce0f4a5bb14c5228f239304fe3cd7a7587a735251c,../bigcows-crawler/.cache/dblp-refresh-2026-09-17-132635/safari/captures/a88e19217aaeda6b61a1b3d597d49e437d86acb39ae944f187036f9185a6ac3d-1789688915602713000.html,None; read-only assessment
turing_award_winners.csv,"Kahn, Robert E",2004,https://dblp.org/pid/85/2295,Y,2026-09-17,supported,bf871b1fd48b43dfa5ff124b52d82fbf7735729bfd52a6dd5d14a82deb0d8ee1,../bigcows-crawler/.cache/dblp-refresh-2026-09-17-132635/safari/captures/b1a5e9cb917d0b882f871fc8e3ea099edef4365df3613a42b204c64a52a4d402-1789684982114155000.html,None; read-only assessment
turing_award_winners.csv,"Kay, Alan",2003,https://dblp.org/pid/k/AlanCKay,Y,2026-09-17,supported,e7bbcc083b296438761f7e1a2739d7112f42eb98f3e53c25c2583b900d66cd68,../bigcows-crawler/.cache/dblp-refresh-2026-09-17-132635/safari/captures/952d508c7cff9d4b0febed70f35c4f267a32884decb1cd75e7a3f19d31c9e5cc-1789681145931049000.html,None; read-only assessment
turing_award_winners.csv,"Adleman, Leonard M.",2002,https://dblp.org/pid/a/LeonardMAdleman,Y,2026-09-17,supported,3b4cc1005a7d3cc36c66ebac0a6cdd3f78c74bdac67a564b72522d22e4fc6774,../bigcows-crawler/.cache/dblp-refresh-2026-09-17-132635/safari/captures/09561209ccd5bb28a35c2aecdb9bc81f829420d8db1b3dac34fcd4587a1d53ae-1789670348414609000.html,None; read-only assessment
turing_award_winners.csv,"Rivest, Ronald L",2002,https://dblp.org/pid/r/RonaldLRivest,Y,2026-09-17,supported,76da141dbabad89562741e1b4987e38c92bc4d0b1a21d29ac69e05be37140544,../bigcows-crawler/.cache/dblp-refresh-2026-09-17-132635/safari/captures/dde2d2aa85104a403b089863ce9bb27380640f4ed9ab5a38d8bf554bbc97a539-1789688746795453000.html,None; read-only assessment
turing_award_winners.csv,"Shamir, Adi",2002,https://dblp.org/pid/s/AdiShamir,Y,2026-09-17,supported,5aa2744966e9d556e2cf9dd10cbe01a67caa6ee8c8bbdc8742f6b5822f3092c1,../bigcows-crawler/.cache/dblp-refresh-2026-09-17-132635/safari/captures/53ce1295b289b161496d9ae314fcc50b52fd1df2ba81acf0282c3d32f22cfc96-1789670780950983000.html,None; read-only assessment
turing_award_winners.csv,"Dahl, Ole-Johan",2001,https://dblp.org/pid/d/OleJohanDahl,Y,2026-09-17,supported,3992fb4975a75bdb9f036de84068d6c14031c80c67dee5c24c7e5c75c93b93c7,../bigcows-crawler/.cache/dblp-refresh-2026-09-17-132635/safari/captures/d6994e7678c74c71091467bf964b665436e8f2bd913c69de94f5e08b781da261-1789689020455120000.html,None; read-only assessment
turing_award_winners.csv,"Nygaard, Kristen",2001,https://dblp.org/pid/98/892,Y,2026-09-18,supported,350e7982992027770cd64a73f976c4cacb2e86da22fb1cccbb56c9f4757b2d83,../bigcows-crawler/.cache/dblp-missing-web-2026-09-17-203211/safari/captures/232aede99635a5ca6955eec0bf384a8521cbec56bdbae8d86b074a1df1074778-1789691756425304000.html,None; read-only assessment
turing_award_winners.csv,"Yao, Andrew C",2000,https://dblp.org/pid/y/AndrewChiChihYao,Y,2026-09-17,supported,173faff111f1922ef9437f8eeccedc9475a71f46bd62bf47bbb4deddbaa68977,../bigcows-crawler/.cache/dblp-refresh-2026-09-17-132635/safari/captures/d71305f48a5b58232a2925c4732bc1a32ce330924016bf348e52145e23053d50-1789687175633813000.html,None; read-only assessment
turing_award_winners.csv,"Brooks, Frederick",1999,https://dblp.org/pid/b/FrederickPBrooksJr,Y,2026-09-17,supported,93d8fcdb0814fbe47d9fc539e404794d30e42d46b77298b907a05c6793e32126,../bigcows-crawler/.cache/dblp-refresh-2026-09-17-132635/safari/captures/7cb865c548499da6b35939068db01083198cc773a139b7730bd9ce1976ad62c4-1789688174443637000.html,None; read-only assessment
turing_award_winners.csv,"Gray, Jim",1998,https://dblp.org/pid/g/JimGray.html,Y,2026-09-19,supported,92389656bc602f44ff2fc7c50ea69bf37b4f8a4fe8ea040cf680cb1e68248600,../bigcows-crawler/.cache/dblp-gap-fill-2026-09-19-145403/safari/captures/c597db1ffeb73a4d889d4bd19d9eeec8432f9e5817f280739cd38205274346ff-1789844535267682000.html,None; read-only assessment
turing_award_winners.csv,"Engelbart, Douglas",1997,https://dblp.org/pid/e/DouglasCEngelbart,Y,2026-09-17,supported,ae5bc7b560e1a54cc1440e26333ecb77de679237de5d631658d9db38547d0745,../bigcows-crawler/.cache/dblp-refresh-2026-09-17-132635/safari/captures/18b9bf42a2438b8cb0718a4e2cdeca49b4311bf3b4998d3a10e608ceca1bb66a-1789689027931280000.html,None; read-only assessment
turing_award_winners.csv,"Pnueli, Amir",1996,https://dblp.org/pid/p/AmirPnueli,Y,2026-09-17,supported,8bcbe9e2c1f5dc6c5646ce69eea3148c9c9c577e72b303ef8e696be614f91d43,../bigcows-crawler/.cache/dblp-refresh-2026-09-17-132635/safari/captures/5ff4f4cab975918088a41a669fe69b2882cd45162a2ef5564237220479a371e1-1789681615349110000.html,None; read-only assessment
turing_award_winners.csv,"Blum, Manuel",1995,https://dblp.org/pid/b/ManuelBlum,Y,2026-09-17,supported,d0928c3d5f506cfce0680075db33422e9fb91fb6e5a2bdd2e10ea8d5df16d51c,../bigcows-crawler/.cache/dblp-refresh-2026-09-17-132635/safari/captures/7fa0405632c040afb243b7197492f9c612229e695dae283f447d9b6e19451f98-1789671275546837000.html,None; read-only assessment
turing_award_winners.csv,"Feigenbaum, Edward A",1994,https://dblp.org/pid/f/EdwardAFeigenbaum,Y,2026-09-17,supported,62647da81daf08afe6c91e4db3bdf495103d53464730949a98097089f4a9d015,../bigcows-crawler/.cache/dblp-refresh-2026-09-17-132635/safari/captures/1243bb137d25738f6e5638443fc13b11fab48df854f545d1197a97303eff30ce-1789681707587196000.html,None; read-only assessment
turing_award_winners.csv,"Reddy, Raj",1994,https://dblp.org/pid/r/RajReddy,Y,2026-09-17,supported,c76aec792d02906fb602153e13640f88c306ef9be001856a769c62009825af73,../bigcows-crawler/.cache/dblp-refresh-2026-09-17-132635/safari/captures/5c706a035d63b0f12b9cc193a807be3d4d3b9c0c0bb4461fca7779cd391127ba-1789679319083027000.html,None; read-only assessment
turing_award_winners.csv,"Hartmanis, Juris",1993,https://dblp.org/pid/84/5656,Y,2026-09-17,supported,ea1249d0f446130f7b2374f7faafa8513f87343a3d346cd3fbd03d23062dff77,../bigcows-crawler/.cache/dblp-refresh-2026-09-17-132635/safari/captures/b5f2f18d845272cfc3ef86a35f208a63464f7c1f2fe77544118a0f6f0cb3ff1e-1789688437176403000.html,None; read-only assessment
turing_award_winners.csv,"Stearns, Richard E",1993,https://dblp.org/pid/s/RichardEdwinStearns,Y,2026-09-17,supported,1fa7c9aa4a10db1d927db415864d17d362f557d61dcd98d83aad4a7805fee788,../bigcows-crawler/.cache/dblp-refresh-2026-09-17-132635/safari/captures/3f0aa1a48f0416055ebb52d78bfad475db2c6514bb6ee923d08d506880245203-1789688662839865000.html,None; read-only assessment
turing_award_winners.csv,"Lampson, Butler W",1992,https://dblp.org/pid/l/ButlerWLampson,Y,2026-09-17,supported,94069b30d4afa837319ac06ca87b571be1ac01eabf3116b6d2a5da714e085856,../bigcows-crawler/.cache/dblp-refresh-2026-09-17-132635/safari/captures/a1ca0fc152717658a1e3b754a086316d3369781027da83de924bd25a0eb8d866-1789687789239534000.html,None; read-only assessment
turing_award_winners.csv,"Milner, A J",1991,https://dblp.org/pid/m/RobinMilner,Y,2026-09-17,supported,d13844928fb70fb42aa72f5ee97f8db29130cc435e4bff7b0a3e750f4d7d36a1,../bigcows-crawler/.cache/dblp-refresh-2026-09-17-132635/safari/captures/078b2700f30a7a4b112781ba20c4ebbcdcc65be83a6c6b25a28ad07ad5f76c7b-1789687684534507000.html,None; read-only assessment
turing_award_winners.csv,"Corbato, Fernando J",1990,https://dblp.org/pid/c/FernandoJCorbato,Y,2026-09-17,supported,dcf28a7c3f0d2607c6e84a7cc1009d2e68b8fd0c5e00008e1c9191fb1db25404,../bigcows-crawler/.cache/dblp-refresh-2026-09-17-132635/safari/captures/5eb008569a877abf7571c9624959d50698b7cbd404eededc0dfb1085f27ff861-1789688080172331000.html,None; read-only assessment
turing_award_winners.csv,"Kahan, William",1989,https://dblp.org/pid/k/WilliamKahan,Y,2026-09-17,supported,c27a1de4869c1e5f1aff5831bfabd2122004c30290325c3ba13de917daeff9d0,../bigcows-crawler/.cache/dblp-refresh-2026-09-17-132635/safari/captures/809252ef255765c0b1d1353367d2842e8626f4074a2650d227be6cfeaa97859f-1789688959700208000.html,None; read-only assessment
turing_award_winners.csv,"Sutherland, Ivan",1988,https://dblp.org/pid/35/5713,Y,2026-09-17,supported,73f1960e29a05225405cb563c6cce6e5129943c80a8b7dec957624b3ebab293e,../bigcows-crawler/.cache/dblp-refresh-2026-09-17-132635/safari/captures/5518a0473a7e698c908f42f0071d894119bae0d076258fd2abf9c5ec729a7daa-1789688248132589000.html,None; read-only assessment
turing_award_winners.csv,"Cocke, John",1987,https://dblp.org/pid/c/JohnCocke,Y,2026-09-17,supported,0b478b4429e62a9e6135b1edab9f7d3f9be12110769f1cb67435d0290b19486f,../bigcows-crawler/.cache/dblp-refresh-2026-09-17-132635/safari/captures/f06b3f665d8d51c4b8947691eb9a699c91fe763715c8b51d32e45cdab0a63415-1789689035874734000.html,None; read-only assessment
turing_award_winners.csv,"Hopcroft, John E",1986,https://dblp.org/pid/h/JohnEHopcroft,Y,2026-09-17,supported,315c5f15462492c40314c1c9d96902e54573bb7e078c9e5fccdbc9f85250c19c,../bigcows-crawler/.cache/dblp-refresh-2026-09-17-132635/safari/captures/974e3733e21b2fd50f42f3a46bbd1c4df9679165e9df7aa6dbcd64e594964a7e-1789688317387704000.html,None; read-only assessment
turing_award_winners.csv,"Tarjan, Robert E",1986,https://dblp.org/pid/t/RobertEndreTarjan,Y,2026-09-17,supported,d93190a42c146f8802b14782f525d154ec6376d7d94ca4d784f0ca47ce56380b,../bigcows-crawler/.cache/dblp-refresh-2026-09-17-132635/safari/captures/879bd79b20acaa17ee6b146a37d4ca6cfd55a5a7d8f7ae02e20dd62b1630ee28-1789688710146878000.html,None; read-only assessment
turing_award_winners.csv,"Karp, Richard",1985,https://dblp.org/pid/k/RichardMKarp,Y,2026-09-19,supported,5ba42a9aa0ee17025c8445f6becdfafb966c2b66b6c98b647076698de2a7b62a,../bigcows-crawler/.cache/dblp-gap-fill-2026-09-19-145403/safari/captures/89bf23ccbe3cacc215e87ab8f333b32e35fad49c345f248ff63da3197495c9dd-1789844604569556000.html,None; read-only assessment
turing_award_winners.csv,"Wirth, Niklaus E",1984,https://dblp.org/pid/w/NiklausWirth,Y,2026-09-17,supported,4f43083109099e0973deebcd64146e0313ea586fbe1d08f18f3624ae057666ee,../bigcows-crawler/.cache/dblp-refresh-2026-09-17-132635/safari/captures/f6420adbebc66e8a9a0df37d2593d3200090c0357bda294feb9304804f164776-1789688537110203000.html,None; read-only assessment
turing_award_winners.csv,"Ritchie, Dennis M.",1983,https://dblp.org/pid/r/DennisRitchie,Y,2026-09-17,supported,2f919f8070f5ed3c39006d470cbb7c579d4b2b611032ef464c48aa011c8b03bd,../bigcows-crawler/.cache/dblp-refresh-2026-09-17-132635/safari/captures/6b327698d5174cafed96fdf08aa22226150233a87b4af6f94020c3a224bea2aa-1789689042706420000.html,None; read-only assessment
turing_award_winners.csv,"Thompson, Kenneth Lane",1983,https://dblp.org/pid/t/KenThompson,Y,2026-09-17,supported,8a2728252e48877796376e1fdd9970ac19648daff7ebe5df35db253c6040faa7,../bigcows-crawler/.cache/dblp-refresh-2026-09-17-132635/safari/captures/c620780b78444b29fd0d5d89cdbaa6e0aa28e14398ce547c457e4bb1eb2db1ad-1789671187723441000.html,None; read-only assessment
turing_award_winners.csv,"Cook, Stephen A",1982,https://dblp.org/pid/c/StephenACook,Y,2026-09-17,supported,049ea471add82fb3a00a79967cecfdddee50ead5f60efe0c2c5356a90a3053e5,../bigcows-crawler/.cache/dblp-refresh-2026-09-17-132635/safari/captures/5d76548d14481479f39ac3f83baeef6a9f8ff40815fc51a96a58ef0b0da67b4f-1789681559313748000.html,None; read-only assessment
turing_award_winners.csv,"Codd, Edgar F",1981,https://dblp.org/pid/c/EFCodd,Y,2026-09-17,supported,4e5e966e65def4af655c97df3497a80cba54b3f74d2196bb1ba684d73371124b,../bigcows-crawler/.cache/dblp-refresh-2026-09-17-132635/safari/captures/f90d59f507938ad890a786c345fe19c497d7b01e4be211ce4963723e16e0b71b-1789688043184508000.html,None; read-only assessment
turing_award_winners.csv,"Hoare, C. Antony R.",1980,https://dblp.org/pid/h/CARHoare,Y,2026-09-17,supported,ddcb80852abcbfe35c0f9752bab3f35cbd982314ac33385e1ec4c67326650ea0,../bigcows-crawler/.cache/dblp-refresh-2026-09-17-132635/safari/captures/c52a4229f81fd614f781255c0b8ee2deabf8656503646776e5fdddf5547ae7d3-1789670945324769000.html,None; read-only assessment
turing_award_winners.csv,"Iverson, Kenneth E.",1979,https://dblp.org/pid/75/296,Y,2026-09-17,supported,7083551fea0a4e85cbf94a49bdb2be623533fc1f0fc61ea22a498c0a3662714d,../bigcows-crawler/.cache/dblp-refresh-2026-09-17-132635/safari/captures/860b85f81a94e40504459e5cd33a27c0f252a6c0414565cfd5fc5ad009ca89d2-1789689050762175000.html,None; read-only assessment
turing_award_winners.csv,"Floyd, Robert W.",1978,https://dblp.org/pid/f/RobertFFloyd,Y,2026-09-17,supported,1fe3ac0cdc2fce86e44889199e398fd3f78cebe3fc0c628301c3c8d18ede7f36,../bigcows-crawler/.cache/dblp-refresh-2026-09-17-132635/safari/captures/7599e82fc8bbfd32f8919e1018246df1056b80e4a4f571f05d991daf3988f05e-1789688731004256000.html,None; read-only assessment
turing_award_winners.csv,"Backus, John",1977,https://dblp.org/pid/21/6475,Y,2026-09-17,supported,3186d8831810acc0259f8da13c80957d0242199b3fde26d67cf2ea6908c4fc47,../bigcows-crawler/.cache/dblp-refresh-2026-09-17-132635/safari/captures/ae500e1429ddc5f77ba76228a04eda005d3a7da6f1939b4b432221fb692cb656-1789689058596278000.html,None; read-only assessment
turing_award_winners.csv,"Rabin, Michael O.",1976,https://dblp.org/pid/r/MORabin,Y,2026-09-17,supported,e46582ebef062f503279b2f394cf7b34847d29338399834fbc535766007ef111,../bigcows-crawler/.cache/dblp-refresh-2026-09-17-132635/safari/captures/ae6cd584b7b3c0c84ac023ecc9ed9495b6e6d02c246d83a55d4ccbfc46ba2d25-1789671406920506000.html,None; read-only assessment
turing_award_winners.csv,"Scott, Dana S",1976,https://dblp.org/pid/s/DanaSScott,Y,2026-09-17,supported,6c6c30408d54e970e2372c22710c3ff9b20ae334a694f593ce1c3dd1342c4a68,../bigcows-crawler/.cache/dblp-refresh-2026-09-17-132635/safari/captures/de48944148562fd40691d9f77a7151839d87d57e3e48562857da731873693416-1789687919312570000.html,None; read-only assessment
turing_award_winners.csv,"Newell, Allen",1975,https://dblp.org/pid/01/4946,Y,2026-09-17,supported,15410a15822b23dea0287b11f609eefd920367ad531d55049ad78e35f44fa389,../bigcows-crawler/.cache/dblp-refresh-2026-09-17-132635/safari/captures/5ee1faabc26e9d81d64fe4bf66b73bc4691b7d6f6b97e8be976c74b9b064ff26-1789689066765836000.html,None; read-only assessment
turing_award_winners.csv,"Simon, Herbert A",1975,https://dblp.org/pid/16/6065,Y,2026-09-17,supported,7863570c902e4f8781d0b054a960c5d455ec6c08ec1ddf516d25c45ce5c021ed,../bigcows-crawler/.cache/dblp-refresh-2026-09-17-132635/safari/captures/410f39579afc25c671281e8428dd8ea3019cc959d510da8f2deb9c9f0bdc9c96-1789688226600422000.html,None; read-only assessment
turing_award_winners.csv,"Knuth, Donald E",1974,https://dblp.org/pid/k/DonaldEKnuth,Y,2026-09-17,supported,97050e10da64ec28e97ed6a6f8d77daf699d14928349d9707e144984b7643c7b,../bigcows-crawler/.cache/dblp-refresh-2026-09-17-132635/safari/captures/cacb8195a05820b2e421023c0eb17ac0c8b77f55ecf012039724ede91cf30e33-1789688014287151000.html,None; read-only assessment
turing_award_winners.csv,"Bachman, Charles W",1973,https://dblp.org/pid/91/5139,Y,2026-09-17,supported,2ab6e616e8fa9e524fa517123893cb36d883e4d5fe0bdc7340371e49f0c7abb3,../bigcows-crawler/.cache/dblp-refresh-2026-09-17-132635/safari/captures/54777356742da2eccca78585618a16cb3f82d72cbfa4f305910f1da8588f9579-1789678004765893000.html,None; read-only assessment
turing_award_winners.csv,"Dijkstra, Edsger W",1972,https://dblp.org/pid/d/WEDijkstra,Y,2026-09-17,supported,448c7dff7fb2bebece9dc95ad2559f067e971c4153d30a873e14cd14bb48d3bc,../bigcows-crawler/.cache/dblp-refresh-2026-09-17-132635/safari/captures/b1047222c4e0c0cdbd7836f443b0529a10e98b4934d9a99f0382899296ab57f2-1789688051297737000.html,None; read-only assessment
turing_award_winners.csv,"McCarthy, John",1971,https://dblp.org/pid/m/JohnMcCarthy,Y,2026-09-18,supported,048fa3e416818dbe934079d973e8e72efda754243937a974e87e34473d08f141,../bigcows-crawler/.cache/dblp-missing-web-2026-09-17-203211/safari/captures/61638dd27e74f1c6543c4e16a8d2a89179ec1d80ebf54a317d54bd795f61ff01-1789691846673711000.html,None; read-only assessment
turing_award_winners.csv,"Wilkinson, J. H.",1970,https://dblp.org/pid/15/4740.html,N,2026-09-19,existing_N,6cb134574ee62f7831a11acc9530daf22a7552e64c1dc67a7756445acc81657a,../bigcows-crawler/.cache/dblp-gap-fill-2026-09-19-145403/safari/captures/de91f29943e19f92048f2fe9c8d37abcb134bd6f780e0c95bb1978aa6959ba0b-1789844150028595000.html,None; read-only assessment
turing_award_winners.csv,"Minsky, Marvin",1969,https://dblp.org/pid/m/MarvinMinsky,Y,2026-09-17,supported,1e782e25b173db09d3bc227f13e574571d9cb8750d144c7160fd9ec9543a676a,../bigcows-crawler/.cache/dblp-refresh-2026-09-17-132635/safari/captures/52cb816a8d6c2729e868e727b376a3aa990cdc59861f9304a716ba29c93b5aa4-1789689082479830000.html,None; read-only assessment
turing_award_winners.csv,"Hamming, Richard W",1968,https://dblp.org/pid/h/RWHamming,N,2026-09-17,existing_N,8ded0c9743446941ad18ce1bbe4bec42761dfdd0e3039ce9d13384b31bb2ef07,../bigcows-crawler/.cache/dblp-refresh-2026-09-17-132635/safari/captures/95e746b277170275b6d1bf732494fa80698e57efd3336f4decbec54b0cc8fb2c-1789688701951380000.html,None; read-only assessment
turing_award_winners.csv,"Wilkes, Maurice V.",1967,https://dblp.org/pid/w/MauriceVWilkes,Y,2026-09-17,supported,e57e3b6d8001cd8e921303682ce75dce40d17021b801a60c2287681918818a6f,../bigcows-crawler/.cache/dblp-refresh-2026-09-17-132635/safari/captures/31784d1483bb4ba01f705b25482715de4d9a11d29f0090a627b26ebb4add0564-1789688490355420000.html,None; read-only assessment
turing_award_winners.csv,"Perlis, A. J.",1966,https://dblp.org/pid/91/2329,Y,2026-09-17,supported,c83a0e2e4ed111fa59a3ee45d243ddb711d16e34ea0e8a6287ae8c3b97677ba1,../bigcows-crawler/.cache/dblp-refresh-2026-09-17-132635/safari/captures/88cd494e8c0129e608f1b9b5c2485e3c1756c7eb6295d1c4e0005f081b9c71d4-1789689144829859000.html,None; read-only assessment
