roster,roster_row,name,award_year,acm_profile,acm_award_location,stored_dblp_url,stored_quality,stored_capture_date,reviewed_at,action_taken,profile_index,dblp_heading,name_finding,assessment,proposed_quality,category,identity_finding,coverage_finding,contamination_finding,reason,review_requested,review_status,candidate_url,external_evidence,publication_count,years,dblp_person_information,inspection_scope,evidence_mode,availability,fetched_at,capture_sha256,capture_path,representative_publications,matching_scholar_titles,prior_review_reused
acm_fellows.csv,9,"Cao, Pei",2025,https://awards.acm.org/award-recipients/cao_8112438,USA,https://dblp.org/pid/87/3674,N,2026-09-17,2026-09-19T15:34:45.636850-04:00,None; read-only assessment,9,Pei Cao,Compatible name; content considered separately,N,N,mixed_identity,recipient_present_with_namesakes,recipient_core_present,material,"Systems/web-caching core is mixed with recurring unrelated biomedical, catalysis and vision work; preserve the explicit N decision.",N,existing_N,,,65,"[""1993"", ""1994"", ""1995"", ""1996"", ""1997"", ""1998"", ""1999"", ""2000"", ""2001"", ""2002"", ""2003"", ""2004"", ""2005"", ""2006"", ""2007"", ""2008"", ""2014"", ""2015"", ""2016"", ""2017"", ""2018"", ""2019"", ""2020"", ""2021"", ""2022"", ""2023"", ""2025""]","id=""profile""> Person information ","Fresh manual chronological samples, ACM context and name/alias review; expanded suspicious and small bibliographies.","latest retained accepted HTML, reparsed; supplemental web discovery",Successful capture as of fetched_at; live availability not revalidated,2026-09-17T17:57:24Z,cffe87c09076cf017d30064152ca07e97eef50d5677aa522ecee6aac814f4ced,bigcows-crawler/.cache/dblp-refresh-2026-09-17-132635/safari/captures/8bc375d2d17f6b77bc7ba001101065274d76ede25de3422e1ae4f612b21f4de3-1789667844837449000.html,2025: Cross-language few-shot intent recognition via prompt-based tuning. | 2006: Cookies Along Trust-Boundaries (CAT): Accurate and Deployable Flood Protection. | 1993: The TickerTAIP Parallel RAID Architecture.,17,Historical decisions consulted; fresh manual sample
acm_fellows.csv,68,"Yang, Junfeng",2025,https://awards.acm.org/award-recipients/yang_3897197,USA,https://dblp.org/pid/71/3724,N,2026-09-17,2026-09-19T15:34:45.636850-04:00,None; read-only assessment,68,Junfeng Yang,Compatible name; content considered separately,N,N,mixed_identity,recipient_present_with_namesakes,recipient_core_present,material,Columbia systems core is mixed with sustained optimization and other namesake work; preserve the explicit N decision.,N,existing_N,,,282,"[""2001"", ""2003"", ""2004"", ""2006"", ""2008"", ""2009"", ""2010"", ""2011"", ""2012"", ""2013"", ""2014"", ""2015"", ""2016"", ""2017"", ""2018"", ""2019"", ""2020"", ""2021"", ""2022"", ""2023"", ""2024"", ""2025"", ""2026""]","id=""profile""> Person information ","Fresh manual chronological samples, ACM context and name/alias review; expanded suspicious and small bibliographies.","latest retained accepted HTML, reparsed; supplemental web discovery",Successful capture as of fetched_at; live availability not revalidated,2026-09-17T17:51:26Z,e80bbf2db2a71264a7dceefc566956cc54ab2bc630555428fa2d929dcdddb537,bigcows-crawler/.cache/dblp-refresh-2026-09-17-132635/safari/captures/21826f5806238392ba487000d784483db70be545487bf85827b529deb36b6989-1789667486391469000.html,2026: MDJA-Trans: a multivariate data joint analysis transformer architecture with dynamic gating for load-aware low-voltage AC Arc fault detection. | 2021: BPF for storage: an exokernel-inspired approach. | 2001: An Empirical Study of Operating System Errors.,19,Historical decisions consulted; fresh manual sample
acm_fellows.csv,146,"Dubey, Pradeep",2023,https://awards.acm.org/award-recipients/dubey_7622525,USA,https://dblp.org/pid/47/4438,N,2026-09-17,2026-09-19T15:34:45.636850-04:00,None; read-only assessment,146,Pradeep Dubey,Compatible name; content considered separately,N,N,mixed_identity,recipient_present_with_namesakes,recipient_core_present,material,Intel parallel-computing work is mixed with a persistent economics/game-theory bibliography belonging to the Stony Brook economist.,N,existing_N,,,129,"[""1979"", ""1980"", ""1981"", ""1984"", ""1986"", ""1997"", ""2000"", ""2003"", ""2004"", ""2005"", ""2006"", ""2007"", ""2008"", ""2009"", ""2010"", ""2011"", ""2012"", ""2013"", ""2014"", ""2015"", ""2016"", ""2017"", ""2018"", ""2019"", ""2020"", ""2022"", ""2023"", ""2024"", ""2025"", ""2026""]","id=""profile""> Person information ","Fresh manual chronological samples, ACM context and name/alias review; expanded suspicious and small bibliographies.","latest retained accepted HTML, reparsed; supplemental web discovery",Successful capture as of fetched_at; live availability not revalidated,2026-09-17T18:18:48Z,6115ee387c5e97cbb8cc783f25467864003b368b432169a1aba7b6a7b87fad20,bigcows-crawler/.cache/dblp-refresh-2026-09-17-132635/safari/captures/0ecfe6c736877977a9b92310df1e61e710c7bd70d95eeee3338e8331d62957cc-1789669128823170000.html,2026: Space Filling Curves is All You Need: Communication-Avoiding Matrix Multiplication Made Simple. | 2013: Tera-scale 1D FFT with low-communication algorithm and Intel® Xeon Phi™ coprocessors. | 1979: Mathematical Properties of the Banzhaf Power Index.,17,Historical decisions consulted; fresh manual sample
acm_fellows.csv,254,"Balakrishnan, Meenakshi",2021,https://awards.acm.org/award-recipients/balakrishnan_4440475,India,https://dblp.org/pid/24/4827,N,2026-09-19,2026-09-19T15:34:45.636850-04:00,None; read-only assessment,254,M. Balakrishnan,Compatible name; content considered separately,N,N,mixed_identity,recipient_present_with_namesakes,recipient_core_present,material,IIT Delhi embedded-systems core is mixed with the previously documented namesake cluster; explicit user-retained N.,N,existing_N,,,128,"[""1982"", ""1986"", ""1987"", ""1988"", ""1989"", ""1992"", ""1993"", ""1994"", ""1995"", ""1997"", ""1998"", ""1999"", ""2000"", ""2001"", ""2002"", ""2003"", ""2004"", ""2005"", ""2006"", ""2007"", ""2008"", ""2009"", ""2010"", ""2011"", ""2012"", ""2013"", ""2014"", ""2015"", ""2016"", ""2017"", ""2018"", ""2019"", ""2020"", ""2021"", ""2022"", ""2025"", ""2026""]","id=""profile""> Person information <div style=""clear:","Fresh manual chronological samples, ACM context and name/alias review; expanded suspicious and small bibliographies.","latest retained accepted HTML, reparsed; supplemental web discovery",Successful capture as of fetched_at; live availability not revalidated,2026-09-19T18:56:28Z,b50b6933fa678ba53a5f5df0606eeac999786a225df92a96554234683e9da82c,bigcows-crawler/.cache/dblp-gap-fill-2026-09-19-145403/safari/captures/043064702c4f041bdb213a6a868bd36ec65604763a53270bcc3d9bd3eb473501-1789844188899106000.html,2026: Secure and efficient sixth-generation spectrum allocation via holographic interpretable graph convolutional neural network and blockchain-enabled resource management. | 2006: New approach to architectural synthesis: incorporating QoS constraint. | 1982: A multi-channel microprogrammed FFT processor.,13,Historical decisions consulted; fresh manual sample
acm_fellows.csv,457,"Pop, Mihai",2019,https://awards.acm.org/award-recipients/pop_4359402,USA,https://dblp.org/pid/p/MihaiPop,N,2026-09-19,2026-09-19T15:34:45.636850-04:00,None; read-only assessment,457,Mihai Pop,Compatible name; content considered separately,N,N,mixed_identity,recipient_present_with_namesakes,recipient_core_present,material,"UMD genomics core is present, but the user retained this mixed-identity bibliography as N; the new capture does not resolve that concern.",N,existing_N,,,72,"[""1998"", ""1999"", ""2001"", ""2002"", ""2004"", ""2007"", ""2008"", ""2009"", ""2010"", ""2011"", ""2012"", ""2013"", ""2014"", ""2015"", ""2016"", ""2017"", ""2018"", ""2019"", ""2020"", ""2021"", ""2022"", ""2023"", ""2024"", ""2025""]","id=""profile""> Person information affiliation: University of Maryland, College Park, USA ","Fresh manual chronological samples, ACM context and name/alias review; expanded suspicious and small bibliographies.","latest retained accepted HTML, reparsed; supplemental web discovery",Successful capture as of fetched_at; live availability not revalidated,2026-09-19T19:06:18Z,877b62d659a52a61f0efd815927b514e60a18a5bb623be3af5533e022da80957,bigcows-crawler/.cache/dblp-gap-fill-2026-09-19-145403/safari/captures/340ffb182eace8ed09f3ab9f1b2f5290cebc15af9fa9ee2c03d4e948709248ff-1789844778933808000.html,2025: TIPP3 and TIPP3-fast: Improved abundance profiling in metagenomics. | 2012: Exploiting sparseness in de novo genome assembly. | 1998: Drawing of Two-Dimensional Irregular Meshes.,3,Historical decisions consulted; fresh manual sample
acm_fellows.csv,551,"Kass, Michael",2017,https://awards.acm.org/award-recipients/kass_C103297,USA,https://dblp.org/pid/46/6511,N,2026-09-17,2026-09-19T15:34:45.636850-04:00,None; read-only assessment,551,Michael Kass,Compatible name; content considered separately,N,N,mixed_identity,recipient_present_with_namesakes,recipient_core_present,material,"Graphics/vision core is mixed with recurring neutron/imaging and clinical namesake records, beyond an isolated outlier.",N,existing_N,,,35,"[""1981"", ""1983"", ""1985"", ""1986"", ""1987"", ""1988"", ""1990"", ""1991"", ""1992"", ""1993"", ""1994"", ""1997"", ""1998"", ""1999"", ""2003"", ""2005"", ""2008"", ""2010"", ""2011"", ""2013"", ""2014"", ""2016"", ""2019"", ""2022""]","id=""profile""> Person information ","Fresh manual chronological samples, ACM context and name/alias review; expanded suspicious and small bibliographies. Small-profile count is not an automatic quality threshold.","latest retained accepted HTML, reparsed; supplemental web discovery",Successful capture as of fetched_at; live availability not revalidated,2026-09-17T20:25:22Z,c74324a23dbe1fb7a53a6a98b9519f1d4f4b9d3d58c814751e9fcf1911e68a87,bigcows-crawler/.cache/dblp-refresh-2026-09-17-132635/safari/captures/031410dfac3670e6f13d2bc0d684fb83cc72294758a35dd0ba56ff253e5b1d50-1789676722814690000.html,2022: Fabrication of Black Body Grids by Thick Film Printing for Quantitative Neutron Imaging. | 1991: Reaction-diffusion textures. | 1981: A surprising consequence of the Tractatus.,15,Historical decisions consulted; fresh manual sample
acm_fellows.csv,650,"Franz, Michael",2015,https://awards.acm.org/award-recipients/franz_3053576,USA,https://dblp.org/pid/f/MichaelFranz,N,2026-09-17,2026-09-19T15:34:45.636850-04:00,None; read-only assessment,650,Michael Franz,Compatible name; content considered separately,N,N,mixed_identity,recipient_present_with_namesakes,recipient_core_present,material,UCI compilers/security core is mixed with a persistent clinical/histopathology cluster; the prior primary-source distinction still applies.,N,existing_N,,,174,"[""1991"", ""1993"", ""1994"", ""1995"", ""1996"", ""1997"", ""1998"", ""1999"", ""2000"", ""2001"", ""2002"", ""2003"", ""2004"", ""2005"", ""2006"", ""2007"", ""2008"", ""2009"", ""2010"", ""2011"", ""2012"", ""2013"", ""2014"", ""2015"", ""2016"", ""2017"", ""2018"", ""2019"", ""2020"", ""2021"", ""2022"", ""2023"", ""2024"", ""2025"", ""2026""]","id=""profile""> Person information affiliation: University of California, Irvine, USA award (2019): Humboldt Prize ","Fresh manual chronological samples, ACM context and name/alias review; expanded suspicious and small bibliographies.","latest retained accepted HTML, reparsed; supplemental web discovery",Successful capture as of fetched_at; live availability not revalidated,2026-09-17T20:41:47Z,7292f5420801adc767fe25dccc452380a758b1071f7dcb8836009f2c914bd683,bigcows-crawler/.cache/dblp-refresh-2026-09-17-132635/safari/captures/39534d6b07fde5145ba09758c7bac07258ad1b1876eaf96c5b880f33797c5983-1789677707395309000.html,2026: Deterministic Fully-Static Whole-Binary Translation without Heuristics. | 2010: Multi-variant program execution for vulnerability detection and analysis. | 1991: The rewards of generating true 32-bit code.,0,Historical decisions consulted; fresh manual sample
acm_fellows.csv,658,"Lin, Chih-Jen",2015,https://awards.acm.org/award-recipients/lin_CL37276,Taiwan,https://dblp.org/pid/61/1218,N,2026-09-17,2026-09-19T15:34:45.636850-04:00,None; read-only assessment,658,Chih-Jen Lin,Compatible name; content considered separately,N,N,mixed_identity,recipient_present_with_namesakes,recipient_core_present,material,"Machine-learning core is mixed with seven VLSI/BIST records from 1991–1998 by a distinct Intel researcher, inconsistent with the recipient career chronology.",N,existing_N,,,151,"[""1991"", ""1993"", ""1995"", ""1997"", ""1998"", ""1999"", ""2000"", ""2001"", ""2002"", ""2003"", ""2004"", ""2005"", ""2006"", ""2007"", ""2008"", ""2009"", ""2010"", ""2011"", ""2012"", ""2013"", ""2014"", ""2015"", ""2016"", ""2017"", ""2018"", ""2019"", ""2020"", ""2021"", ""2022"", ""2023"", ""2024"", ""2025"", ""2026""]","id=""profile""> Person information affiliation: National Taiwan University, Taipei, Taiwan ","Fresh manual chronological samples, ACM context and name/alias review; expanded suspicious and small bibliographies.","latest retained accepted HTML, reparsed; supplemental web discovery",Successful capture as of fetched_at; live availability not revalidated,2026-09-17T20:38:36Z,0c3dcb156b6f3bf68bcf4bdbd91923d114e386c3b9576b5392adaeaaa0fad872,bigcows-crawler/.cache/dblp-refresh-2026-09-17-132635/safari/captures/60a586bb60f80b7851a2e38e3d8246f8ab87a48a9d5ccd0ea954e61c5b375e97-1789677516478618000.html,2026: A Geometry-Aware Efficient Algorithm for Compositional Entropic Risk Minimization. | 2011: Parallel Spectral Clustering in Distributed Systems. | 1991: Enhanced Controllability for I DDQ Test Sets Using Partial Scan.,15,Historical decisions consulted; fresh manual sample
acm_fellows.csv,665,"Miller, Victor",2015,https://awards.acm.org/award-recipients/miller_2751441,USA,,N,,2026-09-19T15:34:45.636850-04:00,None; read-only assessment,,,No stored association,missing,N,missing_link,not_assessed,not_assessed,not_assessed,No stored DBLP URL. General web discovery did not establish a newly verified good replacement; preserve documented rejections. This does not mean no public profile exists.,N,missing_known,,,,,,"Missing-link inventory, retained user decisions and general web discovery; no profile-quality claim.",retained decisions and web discovery,No stored link; no disappearance claim,,,,,,
acm_fellows.csv,686,"Bundy, Alan",2014,https://awards.acm.org/award-recipients/bundy_2915504,United Kingdom,https://dblp.org/pid/b/AlanBundy,N,2026-09-17,2026-09-19T15:34:45.636850-04:00,None; read-only assessment,685,Alan Bundy,Compatible name; content considered separately,N,N,mixed_identity,recipient_present_with_namesakes,recipient_core_present,material,"Edinburgh automated reasoning is mixed with a persistent Australian library-science bibliography, including 2008–2016 book reviews.",N,existing_N,,,229,"[""1971"", ""1973"", ""1975"", ""1976"", ""1977"", ""1978"", ""1980"", ""1981"", ""1982"", ""1983"", ""1984"", ""1985"", ""1986"", ""1987"", ""1988"", ""1989"", ""1990"", ""1991"", ""1992"", ""1993"", ""1994"", ""1995"", ""1996"", ""1997"", ""1998"", ""1999"", ""2000"", ""2001"", ""2002"", ""2004"", ""2005"", ""2006"", ""2007"", ""2008"", ""2009"", ""2010"", ""2011"", ""2012"", ""2013"", ""2014"", ""2015"", ""2016"", ""2017"", ""2018"", ""2019"", ""2020"", ""2021"", ""2022"", ""2023"", ""2024"", ""2025"", ""2026""]","id=""profile""> Person information affiliation: University of Edinburgh, School of Informatics, UK award (2007): Herbrand Award ","Fresh manual chronological samples, ACM context and name/alias review; expanded suspicious and small bibliographies.","latest retained accepted HTML, reparsed; supplemental web discovery",Successful capture as of fetched_at; live availability not revalidated,2026-09-17T20:46:14Z,704a0751ad6f5957e1e7fc96d160e15bae0e6bf4dfb8d685f8263bfe77b1cf9d,bigcows-crawler/.cache/dblp-refresh-2026-09-17-132635/safari/captures/6120ea700f4d52a51639a1da985d24cb204b2489b5010d1be795fa7184f869ec-1789677974573600000.html,2026: Exploring the Meta-level Reasoning of Large Language Models via a Tool-based Multi-hop Tabular Question Answering Task. | 1999: System Description: CyNTHIA. | 1971: There is no best proof procedure.,13,Historical decisions consulted; fresh manual sample
acm_fellows.csv,723,"Srinivasan, Aravind",2014,https://awards.acm.org/award-recipients/srinivasan_5108279,USA,https://dblp.org/pid/s/AravindSrinivasan,N,2026-09-17,2026-09-19T15:34:45.636850-04:00,None; read-only assessment,722,Aravind Srinivasan,Compatible name; content considered separately,N,N,mixed_identity,recipient_present_with_namesakes,recipient_core_present,material,Algorithms core is mixed with repeated eye-care and other documented namesake clusters; an accepted Scholar Y does not reverse DBLP N.,N,existing_N,,,314,"[""1991"", ""1992"", ""1993"", ""1994"", ""1995"", ""1996"", ""1997"", ""1998"", ""1999"", ""2000"", ""2001"", ""2002"", ""2003"", ""2004"", ""2005"", ""2006"", ""2007"", ""2008"", ""2009"", ""2010"", ""2011"", ""2012"", ""2013"", ""2014"", ""2015"", ""2016"", ""2017"", ""2018"", ""2019"", ""2020"", ""2021"", ""2022"", ""2023"", ""2024"", ""2025"", ""2026""]","id=""profile""> Person information affiliation: University of Maryland, College Park, USA ","Fresh manual chronological samples, ACM context and name/alias review; expanded suspicious and small bibliographies.","latest retained accepted HTML, reparsed; supplemental web discovery",Successful capture as of fetched_at; live availability not revalidated,2026-09-17T20:46:37Z,a1ac9c253d6ca7a803e1503b0919e729d6f11ff4bc352715eb7c638d0e1759a5,bigcows-crawler/.cache/dblp-refresh-2026-09-17-132635/safari/captures/9d6a33957032279f391193b803665891880236081c042acfb6714a4fc707f1cf-1789677997671311000.html,2026: Concentration of Submodular Functions and Read-k Families Under Negative Dependence. | 2010: Fault-Tolerant Facility Location: A Randomized Dependent LP-Rounding Algorithm. | 1991: Efficient Algorithms for the Minimum Weighted Dominating Clique Problem on Permutation Graphs.,15,Historical decisions consulted; fresh manual sample
acm_fellows.csv,730,"Anderson, James H",2013,https://awards.acm.org/award-recipients/anderson_2160703,USA,https://dblp.org/pid/a/JamesHAnderson,N,2026-09-17,2026-09-19T15:34:45.636850-04:00,None; read-only assessment,729,James H. Anderson,Compatible name; content considered separately,N,N,mixed_identity,recipient_present_with_namesakes,recipient_core_present,material,UNC real-time/synchronization work is mixed with surgical/vascular imaging records and an incompatible 1967 boiler thesis.,N,existing_N,,,305,"[""1967"", ""1987"", ""1988"", ""1990"", ""1991"", ""1992"", ""1993"", ""1994"", ""1995"", ""1996"", ""1997"", ""1998"", ""1999"", ""2000"", ""2001"", ""2002"", ""2003"", ""2004"", ""2005"", ""2006"", ""2007"", ""2008"", ""2009"", ""2010"", ""2011"", ""2012"", ""2013"", ""2014"", ""2015"", ""2016"", ""2017"", ""2018"", ""2019"", ""2020"", ""2021"", ""2022"", ""2023"", ""2024"", ""2025""]","id=""profile""> Person information affiliation: University of North Carolina at Chapel Hill, USA ","Fresh manual chronological samples, ACM context and name/alias review; expanded suspicious and small bibliographies.","latest retained accepted HTML, reparsed; supplemental web discovery",Successful capture as of fetched_at; live availability not revalidated,2026-09-17T20:56:45Z,d6e06994f6474b6bdc6e9ca79c031fe9d2aee9f869b81b8111848eea5a05a4e2,bigcows-crawler/.cache/dblp-refresh-2026-09-17-132635/safari/captures/5691b212e2119b06c77f4804e7e017dd1e249695c62ec6d5cca0c3868f2db495-1789678605862896000.html,2025: The advantage of the GPU as a real-time AI accelerator. | 2008: Task reweighting under global scheduling on multiprocessors. | 1967: The simulation and control of a power boiler.,15,Historical decisions consulted; fresh manual sample
acm_fellows.csv,743,"Gosling, James",2013,https://awards.acm.org/award-recipients/gosling_9843418,USA,,N,,2026-09-19T15:34:45.636850-04:00,None; read-only assessment,,,No stored association,missing,N,missing_link,not_assessed,not_assessed,not_assessed,No stored DBLP URL. General web discovery did not establish a newly verified good replacement; preserve documented rejections. This does not mean no public profile exists.,N,missing_known,,,,,,"Missing-link inventory, retained user decisions and general web discovery; no profile-quality claim.",retained decisions and web discovery,No stored link; no disappearance claim,,,,,,
acm_fellows.csv,815,"Scott, Steven",2012,https://awards.acm.org/award-recipients/scott_3157930,USA,,N,,2026-09-19T15:34:45.636850-04:00,None; read-only assessment,,,No stored association,missing,N,missing_link,not_assessed,not_assessed,not_assessed,No stored DBLP URL. General web discovery did not establish a newly verified good replacement; preserve documented rejections. This does not mean no public profile exists.,N,missing_known,,,,,,"Missing-link inventory, retained user decisions and general web discovery; no profile-quality claim.",retained decisions and web discovery,No stored link; no disappearance claim,,,,,,
acm_fellows.csv,868,"Singhal, Amit",2011,https://awards.acm.org/award-recipients/singhal_3910767,USA,https://dblp.org/pid/s/AmitSinghal,N,2026-09-17,2026-09-19T15:34:45.636850-04:00,None; read-only assessment,865,Amit Singhal 0001,Compatible name; content considered separately,N,N,mixed_identity,recipient_present_with_namesakes,recipient_core_present,material,Information-retrieval publications are mixed with a recurring Kodak/Rochester computer-vision namesake bibliography.,N,existing_N,,,54,"[""1994"", ""1995"", ""1996"", ""1997"", ""1998"", ""1999"", ""2000"", ""2001"", ""2002"", ""2003"", ""2004"", ""2005"", ""2008"", ""2010"", ""2017""]","id=""profile""> Person information affiliation: Cornell University, Ithaca, USA ","Fresh manual chronological samples, ACM context and name/alias review; expanded suspicious and small bibliographies.","latest retained accepted HTML, reparsed; supplemental web discovery",Successful capture as of fetched_at; live availability not revalidated,2026-09-17T21:12:16Z,dffe4f8fd67b336b1780a1a2cefb926f53a772bcf01ed186fe8797fbc414111d,bigcows-crawler/.cache/dblp-refresh-2026-09-17-132635/safari/captures/b47b4bdd15e20b8e8bfaeda5240dfb97dfadcd6a15033812859fb95bfc222b30-1789679536323421000.html,2017: Pivoted Document Length Normalization. | 2000: On Measuring Low-Level Saliency in Photographic Images. | 1994: Automatic Query Expansion Using SMART: TREC 3.,0,Historical decisions consulted; fresh manual sample
acm_fellows.csv,878,"Alvisi, Lorenzo",2010,https://awards.acm.org/award-recipients/alvisi_CR82226,Italy,https://dblp.org/pid/a/LAlvisi,N,2026-09-17,2026-09-19T15:34:45.636850-04:00,None; read-only assessment,875,Lorenzo Alvisi,Compatible name; content considered separately,N,N,mixed_identity,recipient_present_with_namesakes,recipient_core_present,material,Cornell/UT distributed systems is mixed with eleven recent disinformation/Telegram records attributed in the prior primary-source review to an IMT Lucca namesake.,N,existing_N,,,144,"[""1989"", ""1992"", ""1993"", ""1994"", ""1995"", ""1996"", ""1997"", ""1998"", ""1999"", ""2000"", ""2001"", ""2002"", ""2003"", ""2004"", ""2005"", ""2006"", ""2007"", ""2008"", ""2009"", ""2010"", ""2011"", ""2012"", ""2013"", ""2014"", ""2015"", ""2016"", ""2017"", ""2018"", ""2019"", ""2020"", ""2021"", ""2022"", ""2023"", ""2024"", ""2025"", ""2026""]","id=""profile""> Person information affiliation: University of Texas at Austin, USA <div style=""clear:","Fresh manual chronological samples, ACM context and name/alias review; expanded suspicious and small bibliographies.","latest retained accepted HTML, reparsed; supplemental web discovery",Successful capture as of fetched_at; live availability not revalidated,2026-09-17T21:26:50Z,5850b752bfaf46b91c302edcdcadfde74796c5f7ea9d76ca91d9c6c21b4d2575,bigcows-crawler/.cache/dblp-refresh-2026-09-17-132635/safari/captures/83199b7a2be21a1a5c3a29ec5c39c586ddca9d3866202882dca1146171421652-1789680410398636000.html,"2026: Mapping the Italian Telegram ecosystem: communities, toxicity, and hate speech. | 2008: BFT: the time is now. | 1989: On the two array mask hidden-line algorithm.",20,Historical decisions consulted; fresh manual sample
acm_fellows.csv,921,"Bhatkar, Vijay P",2009,https://awards.acm.org/award-recipients/bhatkar_1843762,India,https://dblp.org/pid/18/4677,N,2026-09-17,2026-09-19T15:34:45.636850-04:00,None; read-only assessment,918,Vijay P. Bhatkar,Compatible name; content considered separately,N,N,inadequate_coverage,supported,inadequate,no_material_cluster_established_in_sample,"Only five records, 1989–1999, versus the recipient biography documenting 80 research papers and 12 books; PARAM identity fits but coverage is inadequate.",N,existing_N,,,5,"[""1989"", ""1990"", ""1994"", ""1999""]","id=""profile""> Person information ","Fresh manual chronological samples, ACM context and name/alias review; expanded suspicious and small bibliographies. Small-profile count is not an automatic quality threshold.","latest retained accepted HTML, reparsed; supplemental web discovery",Successful capture as of fetched_at; live availability not revalidated,2026-09-17T21:38:43Z,44378cb3d6e3b733bf5e12d251e0bde00eda1aa6ac5b52f0fc8c3913b19592b9,bigcows-crawler/.cache/dblp-refresh-2026-09-17-132635/safari/captures/b5e76392b915159fb2f658ab48682e835f648ed5f7dcea0ea02a27a23c1b8b23-1789681123857161000.html,"1999: Automatic Data Partitioning by Hierarchical Genetic Search. | 1994: Centre for Development of Advanced Computing PARAM Parallel Supercomputer: Architecture, Programming Environment, and Applications. | 1989: KBCS Activities at C-DAC.",0,Historical decisions consulted; fresh manual sample
acm_fellows.csv,927,"Dean, Jeffrey A",2009,https://awards.acm.org/award-recipients/dean_2879385,USA,https://dblp.org/pid/d/JeffreyDean,N,2026-09-17,2026-09-19T15:34:45.636850-04:00,None; read-only assessment,924,Jeffrey Dean,Compatible name; content considered separately,N,N,mixed_identity,recipient_present_with_namesakes,recipient_core_present,material,Google systems/AI core is mixed with eight 1992–1999 insect-locomotion papers by a Cleveland State biologist; this is a sustained cluster.,N,existing_N,,,127,"[""1992"", ""1994"", ""1995"", ""1996"", ""1997"", ""1998"", ""1999"", ""2000"", ""2001"", ""2003"", ""2004"", ""2006"", ""2007"", ""2008"", ""2009"", ""2010"", ""2011"", ""2012"", ""2013"", ""2014"", ""2015"", ""2016"", ""2017"", ""2018"", ""2019"", ""2020"", ""2021"", ""2022"", ""2023"", ""2024"", ""2025"", ""2026""]","id=""profile""> Person information affiliation: Google, Inc. award: ACM Prize in Computing, 2012 ","Fresh manual chronological samples, ACM context and name/alias review; expanded suspicious and small bibliographies.","latest retained accepted HTML, reparsed; supplemental web discovery",Successful capture as of fetched_at; live availability not revalidated,2026-09-17T21:34:12Z,ac4989ad1eeea898a9d87e709ca1562bce522aa3a64c717b0d4a07acf1c6154d,bigcows-crawler/.cache/dblp-refresh-2026-09-17-132635/safari/captures/52120e08ac6efe543213da3579a25f6ac2e49183c5ba288a2dd94285022c8396-1789680852682581000.html,"2026: Shaping AI's Impact on Billions of Lives. | 2016: TensorFlow: A system for large-scale machine learning. | 1992: A model of leg coordination in the stick insect, Carausim morosus .",0,Historical decisions consulted; fresh manual sample
acm_fellows.csv,980,"House, Charles H",2008,https://awards.acm.org/award-recipients/house_4788345,USA,,N,,2026-09-19T15:34:45.636850-04:00,None; read-only assessment,,,No stored association,missing,N,missing_link,not_assessed,not_assessed,not_assessed,No stored DBLP URL. General web discovery did not establish a newly verified good replacement; preserve documented rejections. This does not mean no public profile exists.,N,missing_known,,,,,,"Missing-link inventory, retained user decisions and general web discovery; no profile-quality claim.",retained decisions and web discovery,No stored link; no disappearance claim,,,,,,
acm_fellows.csv,984,"Levin, Roy",2008,https://awards.acm.org/award-recipients/levin_1310671,USA,https://dblp.org/pid/83/749,N,2026-09-17,2026-09-19T15:34:45.636850-04:00,None; read-only assessment,980,Roy Levin,Compatible name; content considered separately,N,N,mixed_identity,recipient_present_with_namesakes,recipient_core_present,material,HYDRA/Grapevine/Vesta identity is present alongside the previously documented IBM Israel route-search namesake cluster; retain N.,N,existing_N,,,32,"[""1974"", ""1975"", ""1977"", ""1981"", ""1982"", ""1983"", ""1984"", ""1987"", ""2000"", ""2004"", ""2006"", ""2007"", ""2008"", ""2009"", ""2010"", ""2011"", ""2012"", ""2013"", ""2014"", ""2015"", ""2016"", ""2017"", ""2019""]","id=""profile""> Person information affiliation: Microsoft, Herzliya, Israel affiliation: IBM Research, Haifa, Israel affiliation (PhD 1977): Carnegie Mellon University, Pittsburgh, PA, USA <div style=""clear:","Fresh manual chronological samples, ACM context and name/alias review; expanded suspicious and small bibliographies. Small-profile count is not an automatic quality threshold.","latest retained accepted HTML, reparsed; supplemental web discovery",Successful capture as of fetched_at; live availability not revalidated,2026-09-17T21:44:45Z,c591cc7535b69ccac658ab4c5ce86e84c6bb71cc30a4cb9da44822cfdc28eb99,bigcows-crawler/.cache/dblp-refresh-2026-09-17-132635/safari/captures/a253c76c9e8fc5b5d4072a87a2d4fcf845b292096d66a876133bb9f8ae90efae-1789681485622751000.html,2019: Biography. | 2007: A perspective on computing research management. | 1974: HYDRA: The Kernel of a Multiprocessor Operating System.,0,Historical decisions consulted; fresh manual sample
acm_fellows.csv,1008,"Agarwal, Anant",2007,https://awards.acm.org/award-recipients/agarwal_3320751,USA,https://dblp.org/pid/a/AAgarwal,N,2026-09-17,2026-09-19T15:34:45.636850-04:00,None; read-only assessment,1004,Anant Agarwal,Compatible name; content considered separately,N,N,mixed_identity,recipient_present_with_namesakes,recipient_core_present,material,MIT parallel-computing core is mixed with seven SiC power-electronics papers and two recent traffic papers independently attributed to namesakes.,N,existing_N,,,123,"[""1982"", ""1986"", ""1988"", ""1989"", ""1990"", ""1991"", ""1992"", ""1993"", ""1994"", ""1995"", ""1996"", ""1997"", ""1998"", ""1999"", ""2000"", ""2001"", ""2002"", ""2003"", ""2004"", ""2005"", ""2006"", ""2007"", ""2008"", ""2009"", ""2010"", ""2011"", ""2012"", ""2013"", ""2014"", ""2016"", ""2019"", ""2020"", ""2021"", ""2022"", ""2024"", ""2025""]","id=""profile""> Person information affiliation: MIT, Cambridge, USA ","Fresh manual chronological samples, ACM context and name/alias review; expanded suspicious and small bibliographies.","latest retained accepted HTML, reparsed; supplemental web discovery",Successful capture as of fetched_at; live availability not revalidated,2026-09-17T21:47:03Z,553875bd33ffaf6ab98ce9ef214ebb0d9b4063622cc4fb7c78fef4da92d5766f,bigcows-crawler/.cache/dblp-refresh-2026-09-17-132635/safari/captures/b54c355f92c553d62f86d6ffadd7a4cb0cda9a10de76c8b68aafe57e7e18ca24-1789681623839313000.html,2025: DRL-based Adaptive Traffic Signal Cycle for Enhanced Green Urban Mobility. | 1998: Exploring Optimal Cost-Performance Designs for Raw Microprocessors. | 1982: A modification over Sakoe and Chiba's dynamic time warping algorithm for isolated word recognition.,17,Historical decisions consulted; fresh manual sample
acm_fellows.csv,1084,"York, Bryant W",2006,https://awards.acm.org/award-recipients/york_1471234,USA,,N,,2026-09-19T15:34:45.636850-04:00,None; read-only assessment,,,No stored association,missing,N,missing_link,not_assessed,not_assessed,not_assessed,No stored DBLP URL. General web discovery did not establish a newly verified good replacement; preserve documented rejections. This does not mean no public profile exists.,N,missing_known,,,,,,"Missing-link inventory, retained user decisions and general web discovery; no profile-quality claim.",retained decisions and web discovery,No stored link; no disappearance claim,,,,,,
acm_fellows.csv,1089,"Bourne, Stephen",2005,https://awards.acm.org/award-recipients/bourne_4808457,USA,,N,,2026-09-19T15:34:45.636850-04:00,None; read-only assessment,,,No stored association,missing,N,missing_link,not_assessed,not_assessed,not_assessed,No stored DBLP URL. General web discovery did not establish a newly verified good replacement; preserve documented rejections. This does not mean no public profile exists.,N,missing_known,,,,,,"Missing-link inventory, retained user decisions and general web discovery; no profile-quality claim.",retained decisions and web discovery,No stored link; no disappearance claim,,,,,,
acm_fellows.csv,1185,"Karin, Sidney",2002,https://awards.acm.org/award-recipients/karin_1343664,USA,,N,,2026-09-19T15:34:45.636850-04:00,None; read-only assessment,,,No stored association,missing,N,missing_link,not_assessed,not_assessed,not_assessed,No stored DBLP URL. General web discovery did not establish a newly verified good replacement; preserve documented rejections. This does not mean no public profile exists.,N,missing_known,,,,,,"Missing-link inventory, retained user decisions and general web discovery; no profile-quality claim.",retained decisions and web discovery,No stored link; no disappearance claim,,,,,,
acm_fellows.csv,1201,"Birnbaum, Joel S",2001,https://awards.acm.org/award-recipients/birnbaum_4128302,USA,,N,,2026-09-19T15:34:45.636850-04:00,None; read-only assessment,,,No stored association,missing,N,missing_link,not_assessed,not_assessed,not_assessed,No stored DBLP URL. General web discovery did not establish a newly verified good replacement; preserve documented rejections. This does not mean no public profile exists.,N,missing_known,,,,,,"Missing-link inventory, retained user decisions and general web discovery; no profile-quality claim.",retained decisions and web discovery,No stored link; no disappearance claim,,,,,,
acm_fellows.csv,1265,"Duncan, Karen",2000,https://awards.acm.org/award-recipients/duncan_1117605,USA,,N,,2026-09-19T15:34:45.636850-04:00,None; read-only assessment,,,No stored association,missing,N,missing_link,not_assessed,not_assessed,not_assessed,No stored DBLP URL. General web discovery did not establish a newly verified good replacement; preserve documented rejections. This does not mean no public profile exists.,N,missing_known,,,,,,"Missing-link inventory, retained user decisions and general web discovery; no profile-quality claim.",retained decisions and web discovery,No stored link; no disappearance claim,,,,,,
acm_fellows.csv,1283,"Williams, Robin",2000,https://awards.acm.org/award-recipients/williams_1076371,USA,,N,,2026-09-19T15:34:45.636850-04:00,None; read-only assessment,,,No stored association,missing,N,missing_link,not_assessed,not_assessed,not_assessed,No stored DBLP URL. General web discovery did not establish a newly verified good replacement; preserve documented rejections. This does not mean no public profile exists.,N,missing_known,,,,,,"Missing-link inventory, retained user decisions and general web discovery; no profile-quality claim.",retained decisions and web discovery,No stored link; no disappearance claim,,,,,,
acm_fellows.csv,1289,"Cook, Rob",1999,https://awards.acm.org/award-recipients/cook_4147260,USA,https://dblp.org/pid/84/2471,N,2026-09-17,2026-09-19T15:34:45.636850-04:00,User approved replacement https://dblp.org/pid/c/RobertLCook with quality Y on 2026-09-19 16:27 EDT; old capture date cleared; no accepted capture for new URL. Original findings retained as historical evidence.,1279,Rob Cook,Conflicting identity despite lexical similarity,N,N,wrong_person,conflicting,unresolved,wrong_or_unresolved_identity,"The two stored records concern Australian bioinformatics/spectral data, not the ACM-recognized RenderMan/graphics contribution.",N,resolved_user_approved_replacement,https://dblp.org/pid/c/RobertLCook,,2,"[""1994"", ""2019""]","id=""profile""> Person information ","Fresh manual chronological samples, ACM context and name/alias review; expanded suspicious and small bibliographies. Small-profile count is not an automatic quality threshold.","latest retained accepted HTML, reparsed; supplemental web discovery",Successful capture as of fetched_at; live availability not revalidated,2026-09-17T22:54:42Z,1b8b48a18113cb380d5ab4d28eed3c00be9eadecbfadcda6a0febd36f3bfbfca,bigcows-crawler/.cache/dblp-refresh-2026-09-17-132635/safari/captures/ca9c9f5054f9ef0bb598889b7801c2794f31379f7867f63a2227944ee0cbf7f3-1789685682610092000.html,2019: Establishing a distributed national research infrastructure providing bioinformatics support to life science researchers in Australia. | 1994: The Power of Spectral Data.,0,Historical decisions consulted; fresh manual sample
acm_fellows.csv,1290,"DeBlasi, Joseph S",1999,https://awards.acm.org/award-recipients/deblasi_3515723,USA,,N,,2026-09-19T15:34:45.636850-04:00,None; read-only assessment,,,No stored association,missing,N,missing_link,not_assessed,not_assessed,not_assessed,No stored DBLP URL. General web discovery did not establish a newly verified good replacement; preserve documented rejections. This does not mean no public profile exists.,N,missing_known,,,,,,"Missing-link inventory, retained user decisions and general web discovery; no profile-quality claim.",retained decisions and web discovery,No stored link; no disappearance claim,,,,,,
acm_fellows.csv,1294,"Geschke, Charles M",1999,https://awards.acm.org/award-recipients/geschke_1240134,USA,,N,,2026-09-19T15:34:45.636850-04:00,None; read-only assessment,,,No stored association,missing,N,missing_link,not_assessed,not_assessed,not_assessed,No stored DBLP URL. General web discovery did not establish a newly verified good replacement; preserve documented rejections. This does not mean no public profile exists.,N,missing_known,,,,,,"Missing-link inventory, retained user decisions and general web discovery; no profile-quality claim.",retained decisions and web discovery,No stored link; no disappearance claim,,,,,,
acm_fellows.csv,1303,"MacQueen, David",1999,https://awards.acm.org/award-recipients/macqueen_1475888,USA,https://dblp.org/pid/54/6101,N,2026-09-17,2026-09-19T15:34:45.636850-04:00,"User explicitly approved replacement https://dblp.org/pid/84/3383 on 2026-09-19 16:28 EDT, retaining quality N for incomplete coverage; old capture date cleared pending accepted capture. Supersedes the prior hold; original profile findings retained as historical evidence.",1291,David MacQueen,Compatible name; content considered separately,N,N,inadequate_coverage,supported,inadequate,no_material_cluster_established_in_sample,Five records mix a small late ML fragment with opioid-monitoring work and omit the established Standard ML/type-system bibliography.,N,resolved_user_approved_replacement,https://dblp.org/pid/84/3383,,5,"[""2007"", ""2009"", ""2020"", ""2026""]","id=""profile""> Person information ","Fresh manual chronological samples, ACM context and name/alias review; expanded suspicious and small bibliographies. Small-profile count is not an automatic quality threshold.","latest retained accepted HTML, reparsed; supplemental web discovery",Successful capture as of fetched_at; live availability not revalidated,2026-09-17T22:51:27Z,b723171c1531f35ce1d797dd89104674dc3c848a5e019212e89354cf42f252b9,bigcows-crawler/.cache/dblp-refresh-2026-09-17-132635/safari/captures/f9d0a53c004694d87f7f98573d46b5da171f211a7d616c2be0e0dcbde2b30407-1789685487343745000.html,2026: Feasibility of a Wearable Remote Monitoring Device for Patients Treated for Opioid Use Disorder in a Telehealth Program. | 2009: Engineering Higher-Order Modules in SML/NJ. | 2007: Efficient type inference using ranked type variables.,0,Historical decisions consulted; fresh manual sample
acm_fellows.csv,1308,"Pradhan, Dhiraj",1999,https://awards.acm.org/award-recipients/pradhan_1390087,United Kingdom,https://dblp.org/pid/236/7010,N,2026-09-17,2026-09-19T15:34:45.636850-04:00,User approved replacement https://dblp.org/pid/p/DhirajKPradhan with quality Y on 2026-09-19 16:04 EDT; old capture date cleared; no accepted capture for new URL. Original findings retained as historical evidence.,1296,Dhiraj Pradhan,Compatible name; content considered separately,N,N,inadequate_coverage,supported,inadequate,no_material_cluster_established_in_sample,A single guest editorial cannot represent the established fault-tolerant systems and VLSI testing career.,N,resolved_user_approved_replacement,https://dblp.org/pid/p/DhirajKPradhan,,1,"[""2008""]","id=""profile""> Person information ","Fresh manual chronological samples, ACM context and name/alias review; expanded suspicious and small bibliographies. Small-profile count is not an automatic quality threshold.","latest retained accepted HTML, reparsed; supplemental web discovery",Successful capture as of fetched_at; live availability not revalidated,2026-09-17T22:51:33Z,ddf3dea900febdd1346d7884f9b5889e97962e1fb17f815defa322c0f9951df9,bigcows-crawler/.cache/dblp-refresh-2026-09-17-132635/safari/captures/9fb7b94ebfdd1a9d79319c70a33c6817541e8165e197863a77909980ac3f3240-1789685493749014000.html,2008: Guest Editorial Special Section on Design Verification and Validation.,0,Historical decisions consulted; fresh manual sample
acm_fellows.csv,1309,"Sameh, Ahmed",1999,https://awards.acm.org/award-recipients/sameh_1184720,USA,https://dblp.org/pid/s/AhmedSameh,N,2026-09-17,2026-09-19T15:34:45.636850-04:00,User approved replacement https://dblp.org/pid/46/2473 with quality Y on 2026-09-19 16:04 EDT; old capture date cleared; no accepted capture for new URL. Original findings retained as historical evidence.,1297,Ahmed Sameh,Conflicting identity despite lexical similarity,N,N,wrong_person,conflicting,unresolved,wrong_or_unresolved_identity,The Prince Sultan/Cairo medical/network bibliography does not represent the Purdue numerical analyst; preserve the explicitly retained N link pending a separate replacement decision.,N,resolved_user_approved_replacement,https://dblp.org/pid/46/2473,,55,"[""2000"", ""2001"", ""2002"", ""2004"", ""2005"", ""2006"", ""2007"", ""2008"", ""2009"", ""2011"", ""2018"", ""2019"", ""2020"", ""2021"", ""2023"", ""2025"", ""2026""]","id=""profile""> Person information affiliation: Prince Sultan University, Saudi Arabia affiliation: The American University in Cairo, Cairo, Egypt affiliation: The George Washington University, Washington, D.C., USA ","Fresh manual chronological samples, ACM context and name/alias review; expanded suspicious and small bibliographies.","latest retained accepted HTML, reparsed; supplemental web discovery",Successful capture as of fetched_at; live availability not revalidated,2026-09-17T22:50:28Z,40b0cb97f6d0e8c8fed821ee5df282ee701cfe71a3faff7d2c543542b85a5cbc,bigcows-crawler/.cache/dblp-refresh-2026-09-17-132635/safari/captures/08696eb36ad21bda059b1faa8021f99fe72ef80f6b985af5c5b49e5b1bdfeaa8-1789685428831886000.html,2026: The Impact of Temporal Context Length and Encoding Strategies on Self-Supervised ECG Representation Learning. | 2007: Bayesian Learning of Neural Networks for Mobile User Position Prediction. | 2000: Visual constraint programming environment for configuration problems.,0,Historical decisions consulted; fresh manual sample
acm_fellows.csv,1314,"Tan, Chung Jen",1999,https://awards.acm.org/award-recipients/tan_4326757,China,https://dblp.org/pid/54/1393,Y,2026-09-17,2026-09-19T15:34:45.636850-04:00,Applied explicit user decision 2026-09-19T15:40:09.250177-04:00: dblp_profile_quality Y to N; URL and capture date preserved.,1302,Chung-Jen Tan,Compatible name; content considered separately,N,N,coverage_review,supported,inadequate_by_explicit_user_decision,no_material_cluster_established_in_sample,"User resolved this case as N. Initial review rationale and then-pending disposition (historical): The 14-record list supports Chung-Jen Tan through early circuit work and later e-commerce, but omits his IBM-confirmed 1995 Deep Blue publication, indexed under C. J. Tan on a separate page. Assess whether the split still leaves meaningful career coverage; preserve Y pending that decision.",N,resolved_user_N,https://dblp.org/pid/14/2685,https://research.ibm.com/publications/deep-blue-computer-chess-and-massively-parallel-systems | https://dblp.org/pid/14/2685,14,"[""1968"", ""1969"", ""1970"", ""1971"", ""1986"", ""2000"", ""2001"", ""2002"", ""2011""]","id=""profile""> Person information <div style=""clear:","Fresh manual chronological samples, ACM context and name/alias review; expanded suspicious and small bibliographies. Small-profile count is not an automatic quality threshold.","latest retained accepted HTML, reparsed; supplemental web discovery",Successful capture as of fetched_at; live availability not revalidated,2026-09-17T22:51:04Z,f6641ea29afcc575a0f0073821e4582e54f38e9e47608a7edb4aa758e01f18e9,bigcows-crawler/.cache/dblp-refresh-2026-09-17-132635/safari/captures/a45060e1d0422299467bb5404699175fea9034ef2e9564ca610d1cd091838149-1789685464774182000.html,2011: Auto-ID enabled tracking and tracing data sharing over dynamic B2B and B2G relationships. | 1971: State Assignments for Asynchronous Sequential Machines. | 1968: Iteratively Realized Sequential Circuits.,0,Historical decisions consulted; fresh manual sample
acm_fellows.csv,1330,"Gabriel, Richard P.",1998,https://awards.acm.org/award-recipients/gabriel_3666336,USA,https://dblp.org/pid/170/8185,N,2026-09-17,2026-09-19T15:34:45.636850-04:00,User approved replacement https://dblp.org/pid/g/RichardPGabriel with quality Y on 2026-09-19 15:50 EDT; old capture date cleared; no accepted capture for new URL. Stored-profile findings retained as historical evidence.,1318,Richard Gabriel,Conflicting identity despite lexical similarity,N,N,wrong_person,conflicting,unresolved,wrong_or_unresolved_identity,Four records on biomedical/mood/cryptographic topics do not represent the Lisp and object-oriented programming recipient.,N,resolved_user_approved_replacement,https://dblp.org/pid/g/RichardPGabriel,,4,"[""1982"", ""2015"", ""2017"", ""2019""]","id=""profile""> Person information ","Fresh manual chronological samples, ACM context and name/alias review; expanded suspicious and small bibliographies. Small-profile count is not an automatic quality threshold.","latest retained accepted HTML, reparsed; supplemental web discovery",Successful capture as of fetched_at; live availability not revalidated,2026-09-17T23:00:21Z,90fc4c7339d82cd42f885b506bbfdc7acf50949938dedded811ccab1034020db,bigcows-crawler/.cache/dblp-refresh-2026-09-17-132635/safari/captures/a8021cf3f4208bc15038bd05b54d7fe44becd54f58e58ee4aab3a2ea452f7044-1789686021585225000.html,"2019: Systematic comparative study of computational methods for T-cell receptor sequencing data analysis. | 2015: Artificial sentiment: using machines to manage public sentiment on social media at OpenSym 2015. | 1982: Cryptographic mappings with pseudo-inverses, random-number generators and tessellations.",0,Historical decisions consulted; fresh manual sample
acm_fellows.csv,1331,"Gupta, Gopal Krishna",1998,https://awards.acm.org/award-recipients/gupta_1257229,Australia,https://dblp.org/pid/g/GopalGupta,N,2026-09-17,2026-09-19T15:34:45.636850-04:00,"User approved hold on 2026-09-19 16:27 EDT; preserve existing URL, N and capture date pending better identity or coverage evidence; third recommendation batch records candidate assessment.",1319,Gopal Gupta 0001,Conflicting identity despite lexical similarity,N,N,wrong_person,conflicting,unresolved,wrong_or_unresolved_identity,The linked Gopal Gupta 0001 is the UT Dallas logic-programming researcher; the ACM recipient is the Monash database researcher Gopal Krishna Gupta.,N,on_hold_by_user,https://dblp.org/pid/60/5294,,304,"[""1986"", ""1988"", ""1989"", ""1990"", ""1991"", ""1992"", ""1993"", ""1994"", ""1995"", ""1996"", ""1997"", ""1998"", ""1999"", ""2000"", ""2001"", ""2002"", ""2003"", ""2004"", ""2005"", ""2006"", ""2007"", ""2008"", ""2009"", ""2010"", ""2011"", ""2012"", ""2013"", ""2014"", ""2015"", ""2016"", ""2017"", ""2018"", ""2019"", ""2020"", ""2021"", ""2022"", ""2023"", ""2024"", ""2025"", ""2026""]","id=""profile""> Person information affiliation: University of Texas at Dallas, USA affiliation (former): New Mexico State University, Las Cruces, NM, USA affiliation (PhD 1991): University of North Carolina at Chapel Hill, NC, USA ","Fresh manual chronological samples, ACM context and name/alias review; expanded suspicious and small bibliographies.","latest retained accepted HTML, reparsed; supplemental web discovery",Successful capture as of fetched_at; live availability not revalidated,2026-09-17T22:58:29Z,dd61cf809d03b2cffee896ca4bd5174378b4a1408e35a15617493949115d00b1,bigcows-crawler/.cache/dblp-refresh-2026-09-17-132635/safari/captures/c96e9f1197bce9460d59c3e2936d51f3acbb9caf3f20a2e8a793b793bbcd17a0-1789685909941792000.html,2026: Computing Supported Models via Transformation to Stable Models: A System Description. | 2009: USDL: A Service-Semantics Description Language for Automatic Service Discovery and Composition. | 1986: Parallel execution of an equational language.,0,Historical decisions consulted; fresh manual sample
acm_fellows.csv,1338,"Li, Kai",1998,https://awards.acm.org/award-recipients/li_2321214,USA,https://dblp.org/pid/65/8684,N,2026-09-17,2026-09-19T15:34:45.636850-04:00,User approved replacement https://dblp.org/pid/l/KaiLi1 with quality Y on 2026-09-19 15:50 EDT; old capture date cleared; no accepted capture for new URL. Stored-profile findings retained as historical evidence.,1326,Kai-Ming Li,Conflicting identity despite lexical similarity,N,N,wrong_person,conflicting,unresolved,wrong_or_unresolved_identity,"The heading is Kai-Ming Li and the publications concern radar, rather than Princeton systems researcher Kai Li.",N,resolved_user_approved_replacement,https://dblp.org/pid/l/KaiLi1,,32,"[""2008"", ""2010"", ""2011"", ""2012"", ""2017"", ""2018"", ""2019"", ""2020"", ""2021"", ""2022"", ""2023"", ""2024"", ""2025"", ""2026""]","id=""profile""> Person information ","Fresh manual chronological samples, ACM context and name/alias review; expanded suspicious and small bibliographies. Small-profile count is not an automatic quality threshold.","latest retained accepted HTML, reparsed; supplemental web discovery",Successful capture as of fetched_at; live availability not revalidated,2026-09-17T22:59:30Z,cc8754454c671659e48e3cf3fa7c1ba812ed52433df933a1d9d0cf415b156bf4,bigcows-crawler/.cache/dblp-refresh-2026-09-17-132635/safari/captures/966e081aeff647bfeac970340c5d9cd1f8f6ef174b309318b7143ecc393a8b4d-1789685970814173000.html,2026: Complex-Valued RCS Sequence Imputation and Recognition Integrated Network for Space Micromotion Targets Based on Networked Radar Systems. | 2022: Multiscenario Open-Set Gait Recognition Based on Radar Micro-Doppler Signatures. | 2008: Exp-function method for solving the generalized-Zakharov equations.,0,Historical decisions consulted; fresh manual sample
acm_fellows.csv,1361,"Bate, Roger R",1997,https://awards.acm.org/award-recipients/bate_1033521,USA,,N,,2026-09-19T15:34:45.636850-04:00,None; read-only assessment,,,No stored association,missing,N,missing_link,not_assessed,not_assessed,not_assessed,No stored DBLP URL. General web discovery did not establish a newly verified good replacement; preserve documented rejections. This does not mean no public profile exists.,N,missing_known,,,,,,"Missing-link inventory, retained user decisions and general web discovery; no profile-quality claim.",retained decisions and web discovery,No stored link; no disappearance claim,,,,,,
acm_fellows.csv,1380,"Miller, Raymond",1997,https://awards.acm.org/award-recipients/miller_1010750,USA,https://dblp.org/pid/141/1845,N,2026-09-17,2026-09-19T15:34:45.636850-04:00,User approved replacement https://dblp.org/pid/m/RaymondEMiller with quality Y on 2026-09-19 16:27 EDT; old capture date cleared; no accepted capture for new URL. Original findings retained as historical evidence.,1367,Raymond Miller,Compatible name; content considered separately,N,N,inadequate_coverage,supported,inadequate,no_material_cluster_established_in_sample,One game-learning record does not cover the recipient’s parallel-computation theory career; identity is not established by the common name.,N,resolved_user_approved_replacement,https://dblp.org/pid/m/RaymondEMiller,,1,"[""2014""]","id=""profile""> Person information ","Fresh manual chronological samples, ACM context and name/alias review; expanded suspicious and small bibliographies. Small-profile count is not an automatic quality threshold.","latest retained accepted HTML, reparsed; supplemental web discovery",Successful capture as of fetched_at; live availability not revalidated,2026-09-17T23:07:45Z,53da87084e119422749d37610732f2144b8475e3e9494d79c7fa2281ac1330f9,bigcows-crawler/.cache/dblp-refresh-2026-09-17-132635/safari/captures/7f49febec7762476e55829201caa99e6ab604c53c0554e736caa4dcbdead3e4a-1789686465252060000.html,"2014: An Investigation of the Interrelationships between Motivation, Engagement, and Complex Problem Solving in Game-based Learning.",0,Historical decisions consulted; fresh manual sample
acm_fellows.csv,1398,"Zanella, Paolo",1997,https://awards.acm.org/award-recipients/zanella_1025881,Switzerland,https://dblp.org/pid/52/1184,N,2026-09-17,2026-09-19T15:34:45.636850-04:00,None; read-only assessment,1385,Paolo Zanella,Compatible name; content considered separately,N,N,inadequate_coverage,supported,inadequate,no_material_cluster_established_in_sample,The one high-energy-computing record is plausible for the CERN recipient but does not establish meaningful career coverage.,N,existing_N,,,1,"[""1983""]","id=""profile""> Person information <div style=""clear:","Fresh manual chronological samples, ACM context and name/alias review; expanded suspicious and small bibliographies. Small-profile count is not an automatic quality threshold.","latest retained accepted HTML, reparsed; supplemental web discovery",Successful capture as of fetched_at; live availability not revalidated,2026-09-17T23:07:08Z,8ff9c2f093f2af6efa499e7aff067a168a9932a46e8e8ae57eb5f0d9e3a663c0,bigcows-crawler/.cache/dblp-refresh-2026-09-17-132635/safari/captures/19f9a5dda7e50c5bbfd5d036cb5e6cbd517556e248309b91399651509f94aa05-1789686428708929000.html,1983: Computing in High-Energy Physics: Facing a New Generation of Experiments.,0,Historical decisions consulted; fresh manual sample
acm_fellows.csv,1434,"Rice, John",1996,https://awards.acm.org/award-recipients/rice_1062546,USA,https://dblp.org/pid/06/3409,N,2026-09-17,2026-09-19T15:34:45.636850-04:00,User approved replacement https://dblp.org/pid/r/JohnRRice with quality Y on 2026-09-19 16:04 EDT; old capture date cleared; no accepted capture for new URL. Original findings retained as historical evidence.,1421,John Rice,Conflicting identity despite lexical similarity,N,N,wrong_person,conflicting,unresolved,wrong_or_unresolved_identity,The four-record clinical/traffic/measurement bibliography does not represent mathematical-software researcher John R. Rice.,N,resolved_user_approved_replacement,https://dblp.org/pid/r/JohnRRice,,4,"[""1999"", ""2004"", ""2006"", ""2016""]","id=""profile""> Person information ","Fresh manual chronological samples, ACM context and name/alias review; expanded suspicious and small bibliographies. Small-profile count is not an automatic quality threshold.","latest retained accepted HTML, reparsed; supplemental web discovery",Successful capture as of fetched_at; live availability not revalidated,2026-09-17T23:13:09Z,ef041808116bbb5051f703e7cbd02ceb8cb1f389338750458b536d07cb8c42c1,bigcows-crawler/.cache/dblp-refresh-2026-09-17-132635/safari/captures/61708506359fc859fe4d6f3f54a8ccda77074bf48d00518d7f3ede382760070e-1789686789465013000.html,"2016: Leveraging Health Care Simulation Technology for Human Factors Research: Closing the Gap Between Lab and Bedside. | 2004: A simple and effective method for predicting travel times on freeways. | 1999: International comparison of thermal noise-temperature measurements at 2, 4, and 12 GHz.",0,Historical decisions consulted; fresh manual sample
acm_fellows.csv,1460,"Catmull, Edwin",1995,https://awards.acm.org/award-recipients/catmull_1244219,USA,https://dblp.org/pid/c/EdwinECatmull,N,2026-09-17,2026-09-19T15:34:45.636850-04:00,None; read-only assessment,1447,Edwin E. Catmull,Compatible name; content considered separately,N,N,inadequate_coverage,supported,inadequate,no_material_cluster_established_in_sample,Graphics identity is supported but the 12-record bibliography remains the explicitly accepted N coverage case.,N,existing_N,,,12,"[""1972"", ""1977"", ""1978"", ""1979"", ""1980"", ""1982"", ""1984"", ""1987"", ""1992"", ""1997"", ""2021""]","id=""profile""> Person information award (2019): Turing Award award (2006): IEEE John von Neumann Medal <div style=""clear:","Fresh manual chronological samples, ACM context and name/alias review; expanded suspicious and small bibliographies. Small-profile count is not an automatic quality threshold.","latest retained accepted HTML, reparsed; supplemental web discovery",Successful capture as of fetched_at; live availability not revalidated,2026-09-17T23:21:13Z,faccb801f5a1443c52e3b65e9bcf17bbd8406adc689a5b41bb136b52600e68c6,bigcows-crawler/.cache/dblp-refresh-2026-09-17-132635/safari/captures/be4967889d15c3d395e8978517b5f1c8873ab44d9ee0afff81f3f1603ebd20a9-1789687273351632000.html,2021: The Design of RenderMan. | 1980: 3-D transformations of images in scanline order. | 1972: A system for computer generated movies.,1,Historical decisions consulted; fresh manual sample
acm_fellows.csv,1462,"Constable, Robert",1995,https://awards.acm.org/award-recipients/constable_1117506,USA,https://dblp.org/pid/63/6962,N,2026-09-17,2026-09-19T15:34:45.636850-04:00,User approved replacement https://dblp.org/pid/c/RobertLConstable with quality Y on 2026-09-19 15:50 EDT; old capture date cleared; no accepted capture for new URL. Stored-profile findings retained as historical evidence.,1449,R. Todd Constable,Conflicting identity despite lexical similarity,N,N,wrong_person,conflicting,unresolved,wrong_or_unresolved_identity,R. Todd Constable is an MRI/fMRI researcher; the recipient is Cornell logic and Nuprl researcher Robert L. Constable.,N,resolved_user_approved_replacement,https://dblp.org/pid/c/RobertLConstable,,96,"[""1995"", ""1996"", ""1999"", ""2000"", ""2001"", ""2002"", ""2003"", ""2004"", ""2005"", ""2006"", ""2007"", ""2008"", ""2009"", ""2010"", ""2011"", ""2012"", ""2013"", ""2014"", ""2015"", ""2016"", ""2017"", ""2018"", ""2019"", ""2020"", ""2021"", ""2022"", ""2023"", ""2025"", ""2026""]","id=""profile""> Person information ","Fresh manual chronological samples, ACM context and name/alias review; expanded suspicious and small bibliographies.","latest retained accepted HTML, reparsed; supplemental web discovery",Successful capture as of fetched_at; live availability not revalidated,2026-09-17T23:26:12Z,a44a6b3641f7fbc8f664106313edb1acce6e5b85dd19ebdd5b6564d32b8e814f,bigcows-crawler/.cache/dblp-refresh-2026-09-17-132635/safari/captures/991f5d037fea4beb0205766a10d6881503b219386e4d234f917291dd67dee3c5-1789687572855575000.html,2026: SAR-Efficient Sub-Volume Imaging Using Nonlinear Gradient Magnetic Fields. | 2011: Biofeedback of Real-Time Functional Magnetic Resonance Imaging Data from the Supplementary Motor Area Reduces Functional Connectivity to Subcortical Regions. | 1995: A Model-Based Integrated Approach to Track Myocardial Deformation Using Displacement and Velocity Constraints.,0,Historical decisions consulted; fresh manual sample
acm_fellows.csv,1472,"Goodenough, John B",1995,https://awards.acm.org/award-recipients/goodenough_1028323,USA,https://dblp.org/pid/84/1640,N,2026-09-17,2026-09-19T15:34:45.636850-04:00,User approved replacement https://dblp.org/pid/181/2396-2 with quality Y on 2026-09-19 16:27 EDT; old capture date cleared; no accepted capture for new URL. Original findings retained as historical evidence.,1459,John B. Goodenough 0001,Conflicting identity despite lexical similarity,N,N,wrong_person,conflicting,unresolved,wrong_or_unresolved_identity,"The stored chemistry bibliography belongs to the solid-state/battery scientist, not the ACM-recognized software-engineering researcher.",N,resolved_user_approved_replacement,https://dblp.org/pid/181/2396-2,,1,"[""2008""]","id=""profile""> Person information affiliation: The University of Texas at Austin, Cockrell School of Engineering, TX, USA affiliation (former): University of Oxford, Inorganic Chemistry Laboratory, UK affiliation (former): MIT Lincoln Laboratory, Lexington, MA, USA affiliation (former): Westinghouse Research Corporation, Pittsburgh, PA, USA award (2019): Nobel Prize in Chemistry award (2018): Benjamin Franklin Medal award (2011): National Medal of Science ","Fresh manual chronological samples, ACM context and name/alias review; expanded suspicious and small bibliographies. Small-profile count is not an automatic quality threshold.","latest retained accepted HTML, reparsed; supplemental web discovery",Successful capture as of fetched_at; live availability not revalidated,2026-09-17T23:23:51Z,384c48f2cffa380e630a3a9c1c057a8a471f0e92363c78c1604798c2fe139d18,bigcows-crawler/.cache/dblp-refresh-2026-09-17-132635/safari/captures/0852558c1351e0383cbea5426dd37799f46e6a0de3d4715466aad587f0f76953-1789687431452671000.html,2008: Goodenough-Kanamori rule.,0,Historical decisions consulted; fresh manual sample
acm_fellows.csv,1474,"Grosch, Herbert R J",1995,https://awards.acm.org/award-recipients/grosch_1000512,Canada,https://dblp.org/pid/62/2002,Y,2026-09-17,2026-09-19T15:34:45.636850-04:00,Applied explicit user decision 2026-09-19T15:40:09.250177-04:00: dblp_profile_quality Y to N; URL and capture date preserved.,1461,Herbert R. J. Grosch,Compatible name; content considered separately,N,N,coverage_review,supported,inadequate_by_explicit_user_decision,no_material_cluster_established_in_sample,"User resolved this case as N. Initial review rationale and then-pending disposition (historical): The eight-record list fits Grosch, but omits all three bibliography items in the IEEE biography, including his computing memoir and two history articles; that source also describes regular writing absent here. Review the coverage exception; preserve Y pending review.",N,resolved_user_N,,https://history.computer.org/pioneers/pdfs/G/Grosch.pdf,8,"[""1953"", ""1955"", ""1974"", ""1975"", ""1976"", ""1978"", ""1983"", ""1994""]","id=""profile""> Person information <div style=""clear:","Fresh manual chronological samples, ACM context and name/alias review; expanded suspicious and small bibliographies. Small-profile count is not an automatic quality threshold.","latest retained accepted HTML, reparsed; supplemental web discovery",Successful capture as of fetched_at; live availability not revalidated,2026-09-17T23:22:19Z,59d2c84cb60ad8b4043e8fec6764ac632ddffb8124ec5f755ca3823b87b1f404,bigcows-crawler/.cache/dblp-refresh-2026-09-17-132635/safari/captures/1893e8e7684a87ab584874513dd1881ba56d1c62e85b7e4ab1f436d2a66bc47b-1789687339247956000.html,1994: Dehumanizing the Workplace. | 1975: Sigmini the challenge of mini-computer software(Panel Discussion). | 1953: After-luncheon remarks.,0,Historical decisions consulted; fresh manual sample
acm_fellows.csv,1479,"Johnson, David S",1995,https://awards.acm.org/award-recipients/johnson_1325893,USA,https://dblp.org/pid/198/1125,N,2026-09-17,2026-09-19T15:34:45.636850-04:00,User approved replacement https://dblp.org/pid/j/DavidSJohnson with quality Y on 2026-09-19 15:50 EDT; old capture date cleared; no accepted capture for new URL. Stored-profile findings retained as historical evidence.,1466,David M. S. Johnson,Conflicting identity despite lexical similarity,N,N,wrong_person,conflicting,unresolved,wrong_or_unresolved_identity,David M. S. Johnson’s robotics bibliography does not represent algorithms and complexity researcher David S. Johnson.,N,resolved_user_approved_replacement,https://dblp.org/pid/j/DavidSJohnson,,5,"[""2017"", ""2018""]","id=""profile""> Person information affiliation: Dexai Robotics, Boston, MA, USA affiliation: Draper Laboratory, Cambridge, MA, USA ","Fresh manual chronological samples, ACM context and name/alias review; expanded suspicious and small bibliographies. Small-profile count is not an automatic quality threshold.","latest retained accepted HTML, reparsed; supplemental web discovery",Successful capture as of fetched_at; live availability not revalidated,2026-09-17T23:20:43Z,b999aa338fe03c6871c19fbddc8e9456f9581b0d6a44a9c1a402b76a65c7319b,bigcows-crawler/.cache/dblp-refresh-2026-09-17-132635/safari/captures/1df8885dae8fcfcb508d7fc250c2c3dcd95945ad75d2ae62dba8cc1ec6a7886d-1789687243682061000.html,2018: Real-Time Object Pose Estimation with Pose Interpreter Networks. | 2017: SegICP: Integrated deep semantic segmentation and pose estimation. | 2017: SegICP-DSR: Dense Semantic Scene Reconstruction and Registration.,0,Historical decisions consulted; fresh manual sample
acm_fellows.csv,1481,"Kennedy, Kenneth W",1995,https://awards.acm.org/award-recipients/kennedy_1099712,USA,https://dblp.org/pid/05/9528,N,2026-09-17,2026-09-19T15:34:45.636850-04:00,None; read-only assessment,1468,Kenneth W. Kennedy,Compatible name; content considered separately,N,N,inadequate_coverage,supported,inadequate,no_material_cluster_established_in_sample,Two historical records are only a fragment of Ken Kennedy’s compiler and high-performance-computing career.,N,existing_N,,,2,"[""1971"", ""1989""]","id=""profile""> Person information ","Fresh manual chronological samples, ACM context and name/alias review; expanded suspicious and small bibliographies. Small-profile count is not an automatic quality threshold.","latest retained accepted HTML, reparsed; supplemental web discovery",Successful capture as of fetched_at; live availability not revalidated,2026-09-17T23:24:05Z,ede930d08dfb158fe1ce07294c0198a0d5488f6e1f81ac0659c1676f397e0e29,bigcows-crawler/.cache/dblp-refresh-2026-09-17-132635/safari/captures/8d5651305ea36659cfbc755b7961d1c31e26bc5e772bff9e6f5b80f9a7834ca0-1789687445866559000.html,1989: Computer science - achievements and opportunities. | 1971: Global Flow Analysis and Register Allocation for Simple Code Structures.,0,Historical decisions consulted; fresh manual sample
acm_fellows.csv,1482,"Kim, Won",1995,https://awards.acm.org/award-recipients/kim_3331865,USA,https://dblp.org/pid/244/5227,N,2026-09-17,2026-09-19T15:34:45.636850-04:00,User approved replacement https://dblp.org/pid/86/2627-1 with quality Y on 2026-09-19 16:27 EDT; old capture date cleared; no accepted capture for new URL. Original findings retained as historical evidence.,1469,Won-Bin Kim,Conflicting identity despite lexical similarity,N,N,wrong_person,conflicting,unresolved,wrong_or_unresolved_identity,Won-Bin Kim’s IoT/cloud-security work does not represent the database researcher Won Kim.,N,resolved_user_approved_replacement,https://dblp.org/pid/86/2627-1,,16,"[""2018"", ""2019"", ""2020"", ""2021"", ""2023"", ""2024"", ""2025"", ""2026""]","id=""profile""> Person information affiliation: Soonchunhyang University, Department of Software Convergence, Korea <div style=""clear:","Fresh manual chronological samples, ACM context and name/alias review; expanded suspicious and small bibliographies. Small-profile count is not an automatic quality threshold.","latest retained accepted HTML, reparsed; supplemental web discovery",Successful capture as of fetched_at; live availability not revalidated,2026-09-17T23:27:50Z,ba6fb5a1bafee1f766273d631796fa847d6488426d64ec3cb7a610cd9c991c05,bigcows-crawler/.cache/dblp-refresh-2026-09-17-132635/safari/captures/b0f5960edcdcc689f5091730ac95085f3cf1ae33241a1c4a0e0db9f893e15a0b-1789687670156562000.html,2026: FedVaccine: Robust Federated Learning in Noisy and Non-IID Wireless Network Environments. | 2021: Survey on Data Deduplication in Cloud StorageEnvironments. | 2018: Secure Data Deduplication Scheme Using Linkage of Data Blocks in Cloud Storage Environment.,0,Historical decisions consulted; fresh manual sample
acm_fellows.csv,1489,"Nievergelt, J",1995,https://awards.acm.org/award-recipients/nievergelt_1043728,Switzerland,https://dblp.org/pid/294/3258,N,2026-09-17,2026-09-19T15:34:45.636850-04:00,User approved replacement https://dblp.org/pid/n/JurgNievergelt with quality Y on 2026-09-19 16:04 EDT; old capture date cleared; no accepted capture for new URL. Original findings retained as historical evidence.,1476,Jay Nievergelt,Conflicting identity despite lexical similarity,N,N,wrong_person,conflicting,unresolved,wrong_or_unresolved_identity,Jay Nievergelt’s single shared-workspace record does not represent Jürg Nievergelt’s algorithms and education bibliography.,N,resolved_user_approved_replacement,https://dblp.org/pid/n/JurgNievergelt,,1,"[""1988""]","id=""profile""> Person information <div style=""clear:","Fresh manual chronological samples, ACM context and name/alias review; expanded suspicious and small bibliographies. Small-profile count is not an automatic quality threshold.","latest retained accepted HTML, reparsed; supplemental web discovery",Successful capture as of fetched_at; live availability not revalidated,2026-09-17T23:22:27Z,14c8c2fcac16f11b69ec33b5c4db3003f700006e18efaf3c1f409eb6b5d98fe1,bigcows-crawler/.cache/dblp-refresh-2026-09-17-132635/safari/captures/c4bb0509eb6f485be62d4faedcfc1483fc1065f429c174c6212e59cd2570dd08-1789687347251713000.html,1988: Shared workspaces for group collaboration: an experiment using Internet and UNIX interprocess communications.,0,Historical decisions consulted; fresh manual sample
acm_fellows.csv,1505,"Young, Paul",1995,https://awards.acm.org/award-recipients/young_1473552,USA,,N,,2026-09-19T15:34:45.636850-04:00,None; read-only assessment,,,No stored association,missing,N,missing_link,not_assessed,not_assessed,not_assessed,No stored DBLP URL. General web discovery did not establish a newly verified good replacement; preserve documented rejections. This does not mean no public profile exists.,N,missing_known,,,,,,"Missing-link inventory, retained user decisions and general web discovery; no profile-quality claim.",retained decisions and web discovery,No stored link; no disappearance claim,,,,,,
acm_fellows.csv,1506,"Adams, James M",1994,https://awards.acm.org/award-recipients/adams_1021609,USA,https://dblp.org/pid/144/4286,N,2026-09-17,2026-09-19T15:34:45.636850-04:00,"User approved hold on 2026-09-19 16:27 EDT; preserve existing URL, N and capture date pending better identity or coverage evidence; third recommendation batch records candidate assessment.",1492,James M. Adams,Compatible name; content considered separately,N,N,identity_unresolved,unresolved,unresolved,wrong_or_unresolved_identity,The five-record recent RL/fuzzy-control bibliography is unsupported for the historical ACM service recipient; the name alone is insufficient.,N,on_hold_by_user,,,5,"[""2001"", ""2003"", ""2024"", ""2025""]","id=""profile""> Person information ","Fresh manual chronological samples, ACM context and name/alias review; expanded suspicious and small bibliographies. Small-profile count is not an automatic quality threshold.","latest retained accepted HTML, reparsed; supplemental web discovery",Successful capture as of fetched_at; live availability not revalidated,2026-09-17T23:38:02Z,d270ad16db24756aa6b922e2f4379a14bb1f51f19a4502ab20d67e1b1434963c,bigcows-crawler/.cache/dblp-refresh-2026-09-17-132635/safari/captures/cac4e3068c56c7a66fe214ea3ca8cbe5e8097bfcb8462e294f8533c12efe05f9-1789688282932962000.html,2025: Individualised Counterfactual Examples Using Conformal Prediction Intervals. | 2024: Multi-Objective Reinforcement Learning for Automated Resilient Cyber Defence. | 2001: Genetic multi-stage fuzzy PID controller with a fuzzy switch.,0,Historical decisions consulted; fresh manual sample
acm_fellows.csv,1513,"Blasgen, Michael W",1994,https://awards.acm.org/award-recipients/blasgen_1420736,USA,https://dblp.org/pid/172/8567,N,2026-09-17,2026-09-19T15:34:45.636850-04:00,None; read-only assessment,1499,Michael W. Blasgen,Compatible name; content considered separately,N,N,inadequate_coverage,supported,inadequate,no_material_cluster_established_in_sample,A single RISC System/6000 record omits the System R recovery/database body recognized by ACM.,N,existing_N,,,1,"[""1991""]","id=""profile""> Person information <div style=""clear:","Fresh manual chronological samples, ACM context and name/alias review; expanded suspicious and small bibliographies. Small-profile count is not an automatic quality threshold.","latest retained accepted HTML, reparsed; supplemental web discovery",Successful capture as of fetched_at; live availability not revalidated,2026-09-17T23:42:00Z,ac5bdf5f1e7b4084f3597020cd1115eff659e3e5c4e041315e6a48479dd07cb1,bigcows-crawler/.cache/dblp-refresh-2026-09-17-132635/safari/captures/3f8f2b5b492444a7d4d08158fe4678c0b2f617f36ad29de78eb0d85d73b27fbe-1789688520826061000.html,1991: IBM RISC System/6000: architecture and performance.,0,Historical decisions consulted; fresh manual sample
acm_fellows.csv,1514,Bob O Evans,1994,,USA,https://dblp.org/pid/174/0100,N,2026-09-17,2026-09-19T15:34:45.636850-04:00,None; read-only assessment,1500,Bob O. Evans,Compatible name; content considered separately,N,N,inadequate_coverage,supported,inadequate,no_material_cluster_established_in_sample,Two System/360/SPREAD records fit the recipient but remain a sparse fragment of the established systems career.,N,existing_N,,,2,"[""1983"", ""1986""]","id=""profile""> Person information award (1991): Computer Pioneer Award award (1985): National Medal of Technology and Innovation ","Fresh manual chronological samples, ACM context and name/alias review; expanded suspicious and small bibliographies. Small-profile count is not an automatic quality threshold.","latest retained accepted HTML, reparsed; supplemental web discovery",Successful capture as of fetched_at; live availability not revalidated,2026-09-17T23:29:28Z,c478bb08af11f462c6dffb23f5c6cae49f61fe911c98c6331afa64541c81f514,bigcows-crawler/.cache/dblp-refresh-2026-09-17-132635/safari/captures/009aae254a4d1674428928023796471a70e1e97f2d518b1c8f5a6677737e92fa-1789687768317110000.html,"1986: System/360: A Retrospective View. | 1983: Processor Products-Final Report of the SPREAD Task Group, December 28, 1961.",0,Historical decisions consulted; fresh manual sample
acm_fellows.csv,1518,"Bradshaw, Charles L",1994,https://awards.acm.org/award-recipients/bradshaw_1002732,USA,https://dblp.org/pid/199/7422,N,2026-09-17,2026-09-19T15:34:45.636850-04:00,None; read-only assessment,1504,Charles L. Bradshaw,Compatible name; content considered separately,N,N,inadequate_coverage,supported,inadequate,no_material_cluster_established_in_sample,One proceedings record establishes neither substantial coverage nor a justified coverage exception.,N,existing_N,,,1,"[""1980""]","id=""profile""> Person information ","Fresh manual chronological samples, ACM context and name/alias review; expanded suspicious and small bibliographies. Small-profile count is not an automatic quality threshold.","latest retained accepted HTML, reparsed; supplemental web discovery",Successful capture as of fetched_at; live availability not revalidated,2026-09-17T23:30:28Z,ca1ef18994934f804e68dc059e21ef4afe0bfcc1b4d1a77dd6f4040993daa850,bigcows-crawler/.cache/dblp-refresh-2026-09-17-132635/safari/captures/bc7f480ff2c6da5df57e803820fba8e31c816d6992cc99e26057ae1884d50da8-1789687828949489000.html,"1980: Proceedings of the ACM 1980 Annual Conference, Nashville, Tennessee, USA, October, 27-29, 1980.",0,Historical decisions consulted; fresh manual sample
acm_fellows.csv,1519,"Bricklin, Daniel S",1994,https://awards.acm.org/award-recipients/bricklin_2836799,USA,https://dblp.org/pid/91/4250,N,2026-09-17,2026-09-19T15:34:45.636850-04:00,None; read-only assessment,1505,Dan Bricklin,Compatible name; content considered separately,N,N,inadequate_coverage,supported,inadequate,no_material_cluster_established_in_sample,Four records include duplicate TYPESET material and do not cover the VisiCalc contribution; identity alone is insufficient.,N,existing_N,,,4,"[""1974"", ""1975"", ""2000"", ""2001""]","id=""profile""> Person information affiliation: Software Garden, Inc., USA affiliation (former): Trellix affiliation (former): DEC award (1985): ACM Software System Award award (1981): Grace Murray Hopper Award <div style=""clear:","Fresh manual chronological samples, ACM context and name/alias review; expanded suspicious and small bibliographies. Small-profile count is not an automatic quality threshold.","latest retained accepted HTML, reparsed; supplemental web discovery",Successful capture as of fetched_at; live availability not revalidated,2026-09-17T23:32:21Z,f58a07e9cd567255b7dbd1e0734ad4c4abed1826701fcf0d65f3b291e7790ac7,bigcows-crawler/.cache/dblp-refresh-2026-09-17-132635/safari/captures/8cb8d178aca536eeabcd261a02f7712471483cb8cd00d5958b920f3c092d3b69-1789687941428166000.html,2001: Look to the past to envision the future. | 1975: The TYPESET-10 Message Exchange Facility: a case study in systemic design. | 1974: The Typeset-10 Message Exchange Facility - A Case Study in Systematic Design.,0,Historical decisions consulted; fresh manual sample
acm_fellows.csv,1521,"Brotz, Douglas K",1994,https://awards.acm.org/award-recipients/brotz_2046019,USA,https://dblp.org/pid/58/3707,N,2026-09-17,2026-09-19T15:34:45.636850-04:00,None; read-only assessment,1507,Douglas K. Brotz,Compatible name; content considered separately,N,N,inadequate_coverage,supported,inadequate,no_material_cluster_established_in_sample,Three printing/messaging/geometry records fit the recipient but do not establish substantial coverage of the PostScript career.,N,existing_N,,,3,"[""1976"", ""1983"", ""1984""]","id=""profile""> Person information <div style=""clear:","Fresh manual chronological samples, ACM context and name/alias review; expanded suspicious and small bibliographies. Small-profile count is not an automatic quality threshold.","latest retained accepted HTML, reparsed; supplemental web discovery",Successful capture as of fetched_at; live availability not revalidated,2026-09-17T23:33:48Z,1cdc867b9ac50a7dac3320b52380403163f07ae70e762ecd0f102d3394fc3212,bigcows-crawler/.cache/dblp-refresh-2026-09-17-132635/safari/captures/ce014033c0ccbe1abefdc4ccc30b286b8a2f8fc4741d61a90ee00e20fcb98db3-1789688028206223000.html,1984: The Design of a Device-Independent Print File Format. | 1983: Message System Mores: Etiquette in Laurel. | 1976: Intersecting polyhedra with successive planes.,0,Historical decisions consulted; fresh manual sample
acm_fellows.csv,1531,"D'Auria, Thomas A",1994,https://awards.acm.org/award-recipients/dauria_1042845,USA,https://dblp.org/pid/49/1062,N,2026-09-17,2026-09-19T15:34:45.636850-04:00,None; read-only assessment,1517,Thomas A. D'Auria,Compatible name; content considered separately,N,N,inadequate_coverage,supported,inadequate,no_material_cluster_established_in_sample,Three service/panel/proceedings records remain a sparse bibliography without evidence supporting a coverage exception.,N,existing_N,,,3,"[""1983"", ""1984"", ""1985""]","id=""profile""> Person information <div style=""clear:","Fresh manual chronological samples, ACM context and name/alias review; expanded suspicious and small bibliographies. Small-profile count is not an automatic quality threshold.","latest retained accepted HTML, reparsed; supplemental web discovery",Successful capture as of fetched_at; live availability not revalidated,2026-09-17T23:46:54Z,748ac338df6e6c48b1d691604d574fe67dcbb976fbe9be9a399f76023004a16c,bigcows-crawler/.cache/dblp-refresh-2026-09-17-132635/safari/captures/935ea84ab39f3c331f1895c439c0add4b5b2a7ab3e62708672eaae40b4f795f7-1789688814486222000.html,"1985: Managing computing resources (Panel): the personal computer revolution. | 1984: ACM's Visit to The People's Republic of China. | 1983: Proceedings of the 1983 Annual Conference on Computers: extending the human resource, ACM '83, Sheraton Centre Hotel, New York City, USA, October 24-26, 1983.",0,Historical decisions consulted; fresh manual sample
acm_fellows.csv,1538,"Dunwell, Stephen",1994,https://awards.acm.org/award-recipients/dunwell_5032361,USA,https://dblp.org/pid/87/6954,N,2026-09-17,2026-09-19T15:34:45.636850-04:00,None; read-only assessment,1524,Stephen W. Dunwell,Compatible name; content considered separately,N,N,inadequate_coverage,supported,inadequate,no_material_cluster_established_in_sample,Two APL/Stretch records are only a historical fragment; no broader coverage is established.,N,existing_N,,,2,"[""1956"", ""1990""]","id=""profile""> Person information affiliation (former): IBM, Poughkeepsie, NY, USA <div style=""clear:","Fresh manual chronological samples, ACM context and name/alias review; expanded suspicious and small bibliographies. Small-profile count is not an automatic quality threshold.","latest retained accepted HTML, reparsed; supplemental web discovery",Successful capture as of fetched_at; live availability not revalidated,2026-09-17T23:46:17Z,e276cc026000aa26c39551d34d94b8bafeb0fd7d752fb09c47bba2a676e88318,bigcows-crawler/.cache/dblp-refresh-2026-09-17-132635/safari/captures/129907a87d07ac7f0232207286109391e533c4bc69e56d60c861c6e2ce90cc88-1789688777812834000.html,1990: APL as the Doundation for a Universal Computer Language. | 1956: Design objectives for the IBM stretch computer.,0,Historical decisions consulted; fresh manual sample
acm_fellows.csv,1542,"Finerman, Aaron",1994,https://awards.acm.org/award-recipients/finerman_1598512,USA,https://dblp.org/pid/11/4555,Y,2026-09-17,2026-09-19T15:34:45.636850-04:00,Applied explicit user decision 2026-09-19T15:40:09.250177-04:00: dblp_profile_quality Y to N; URL and capture date preserved.,1528,Aaron Finerman,Compatible name; content considered separately,N,N,coverage_review,supported,inadequate_by_explicit_user_decision,no_material_cluster_established_in_sample,"User resolved this case as N. Initial review rationale and then-pending disposition (historical): The seven-record list supports the computing-education/service identity, but contains only two of the seven significant publications listed in the IEEE biography. The omitted books, management and education work make substantial coverage uncertain; preserve Y pending review.",N,resolved_user_N,,https://history.computer.org/pioneers/finerman.html,7,"[""1966"", ""1968"", ""1969"", ""1972"", ""1974"", ""1975"", ""1982""]","id=""profile""> Person information award: ACM Distinguished Service Award, 1981 <div style=""clear:","Fresh manual chronological samples, ACM context and name/alias review; expanded suspicious and small bibliographies. Small-profile count is not an automatic quality threshold.","latest retained accepted HTML, reparsed; supplemental web discovery",Successful capture as of fetched_at; live availability not revalidated,2026-09-17T23:28:12Z,b3810ca47e8ff2f5a4fb913599ebcbd4d744e3bad2755c459f93b9d0ef65fdb1,bigcows-crawler/.cache/dblp-refresh-2026-09-17-132635/safari/captures/78c3ce82451926443a8c02ad7a35e2647b27fd4bd583bec45b063e7e0b83e9e2-1789687692633876000.html,"1982: Executive Committee Position on VLDB Conferences. | 1972: Panel on ""computer science graduates-industry/university gap?"" (Panel Session). | 1966: Computer capabilities at western european universities.",0,Historical decisions consulted; fresh manual sample
acm_fellows.csv,1546,"Friedman, Frank L",1994,https://awards.acm.org/award-recipients/friedman_1251891,USA,https://dblp.org/pid/287/8232,N,2026-09-17,2026-09-19T15:34:45.636850-04:00,"User approved hold on 2026-09-19 16:27 EDT; preserve existing URL, N and capture date pending better identity or coverage evidence; third recommendation batch records candidate assessment.",1532,Frank F. Friedman,Compatible name; content considered separately,N,N,identity_unresolved,unresolved,unresolved,wrong_or_unresolved_identity,The one-record Frank F. Friedman classroom page is not enough to establish the Frank L. Friedman identity or career coverage.,N,on_hold_by_user,https://dblp.org/pid/57/2969.html,,1,"[""1988""]","id=""profile""> Person information ","Fresh manual chronological samples, ACM context and name/alias review; expanded suspicious and small bibliographies. Small-profile count is not an automatic quality threshold.","latest retained accepted HTML, reparsed; supplemental web discovery",Successful capture as of fetched_at; live availability not revalidated,2026-09-17T23:35:51Z,fac2d75eb90d140691ddc45f39def187920995d3b598130265a2ac45874c8649,bigcows-crawler/.cache/dblp-refresh-2026-09-17-132635/safari/captures/4a646e20e28916559c8365dfe05c2742a4f1f0e1aeef11b6cbb2efced8a9d884-1789688151430088000.html,1988: Should commercial software packages be used in the classroom?,0,Historical decisions consulted; fresh manual sample
acm_fellows.csv,1556,"Hamming, Richard W",1994,https://awards.acm.org/award-recipients/hamming_1000652,USA,https://dblp.org/pid/h/RWHamming,N,2026-09-17,2026-09-19T15:34:45.636850-04:00,None; read-only assessment,1542,Richard Wesley Hamming,Compatible name; content considered separately,N,N,inadequate_coverage,supported,inadequate,no_material_cluster_established_in_sample,"Correct numerical-computing identity, but the 16-record bibliography remains explicitly accepted as N for coverage.",N,existing_N,,,16,"[""1952"", ""1954"", ""1959"", ""1961"", ""1963"", ""1965"", ""1966"", ""1969"", ""1970"", ""1975"", ""1986"", ""1991"", ""1994""]","id=""profile""> Person information award: Turing Award, 1968 award (1988): IEEE Richard W. Hamming Medal award (1979): IEEE Emanuel R. Piore Award President of the ACM, 1958 to 1960 <div style=""clear:","Fresh manual chronological samples, ACM context and name/alias review; expanded suspicious and small bibliographies. Small-profile count is not an automatic quality threshold.","latest retained accepted HTML, reparsed; supplemental web discovery",Successful capture as of fetched_at; live availability not revalidated,2026-09-17T23:45:01Z,8ded0c9743446941ad18ce1bbe4bec42761dfdd0e3039ce9d13384b31bb2ef07,bigcows-crawler/.cache/dblp-refresh-2026-09-17-132635/safari/captures/95e746b277170275b6d1bf732494fa80698e57efd3336f4decbec54b0cc8fb2c-1789688701951380000.html,"1994: Science Is in the Eye of the Beholder. | 1966: Review of 'Random-Process Simulation and Measurements' (Korn, G. A.; 1966). | 1952: Proceedings of the 1952 ACM national meeting (Toronto), ACM 1952, Toronto, Ontario, Canada.",0,Historical decisions consulted; fresh manual sample
acm_fellows.csv,1558,"Harris, Fred H",1994,https://awards.acm.org/award-recipients/harris_1087477,USA,https://dblp.org/pid/06/421-1,N,2026-09-17,2026-09-19T15:34:45.636850-04:00,"User approved hold on 2026-09-19 16:27 EDT; preserve existing URL, N and capture date pending better identity or coverage evidence; third recommendation batch records candidate assessment.",1544,Fredric J. Harris,Conflicting identity despite lexical similarity,N,N,wrong_person,conflicting,unresolved,wrong_or_unresolved_identity,Fredric J. Harris’s signal-processing bibliography does not establish the ACM professional-certification/service recipient Fred H. Harris.,N,on_hold_by_user,,,115,"[""1982"", ""1984"", ""1988"", ""1996"", ""1998"", ""1999"", ""2000"", ""2001"", ""2002"", ""2004"", ""2005"", ""2006"", ""2007"", ""2008"", ""2009"", ""2010"", ""2011"", ""2012"", ""2013"", ""2014"", ""2015"", ""2016"", ""2017"", ""2018"", ""2019"", ""2020"", ""2021"", ""2022"", ""2023"", ""2024""]","id=""profile""> Person information affiliation: San Diego State University, Department of Electrical and Computer Engineering ","Fresh manual chronological samples, ACM context and name/alias review; expanded suspicious and small bibliographies.","latest retained accepted HTML, reparsed; supplemental web discovery",Successful capture as of fetched_at; live availability not revalidated,2026-09-17T23:36:06Z,cf6238cb0ff4c77d2cc7def5bcef9386d3eedcced4ae9c77277eb1af02b3b985,bigcows-crawler/.cache/dblp-refresh-2026-09-17-132635/safari/captures/bdc2b15669081347bc6f1917a3d0fc4717bda929c59e7d26952ada3895c96cea-1789688166997612000.html,2024: Nomad: Providing Insights into the Spectrum Environment. | 2010: Software defined radio: Part 22 in a series of tutorials on instrumentation and measurement. | 1982: The discrete fourier transform applied to time domain signal processing.,0,Historical decisions consulted; fresh manual sample
acm_fellows.csv,1560,"Hillis, William Daniel",1994,https://awards.acm.org/award-recipients/hillis_4558874,USA,https://dblp.org/pid/40/8885,N,2026-09-17,2026-09-19T15:34:45.636850-04:00,User approved replacement https://dblp.org/pid/19/28 with quality Y on 2026-09-19 16:27 EDT; old capture date cleared; no accepted capture for new URL. Original findings retained as historical evidence.,1546,Danny Hillis,Benign alias/name-form difference,N,N,inadequate_coverage,supported,inadequate,no_material_cluster_established_in_sample,"Danny Hillis is a valid name variant, but the lone Minsky tribute omits the Connection Machine and parallel-algorithm body.",N,resolved_user_approved_replacement,https://dblp.org/pid/19/28,,1,"[""2007""]","id=""profile""> Person information <div style=""clear:","Fresh manual chronological samples, ACM context and name/alias review; expanded suspicious and small bibliographies. Small-profile count is not an automatic quality threshold.","latest retained accepted HTML, reparsed; supplemental web discovery",Successful capture as of fetched_at; live availability not revalidated,2026-09-17T23:49:05Z,28fcc82de4e53a7fc29579f6474ab78b72a25d5ec16860e12fee9693382361f5,bigcows-crawler/.cache/dblp-refresh-2026-09-17-132635/safari/captures/7138173da24272b510a0a130eb9e882a8893913ee3e808b0c5480a41c46d9f29-1789688945667811000.html,2007: In Honor of Marvin Minsky's Contributions on his 80th Birthday.,0,Historical decisions consulted; fresh manual sample
acm_fellows.csv,1578,"Lindsay, Bruce",1994,https://awards.acm.org/award-recipients/lindsay_1238732,USA,https://dblp.org/pid/288/0534,N,2026-09-17,2026-09-19T15:34:45.636850-04:00,User approved replacement https://dblp.org/pid/l/BruceGLindsay1.html with quality Y on 2026-09-19 16:27 EDT; old capture date cleared; no accepted capture for new URL. Original findings retained as historical evidence.,1564,Bruce D. Lindsay,Conflicting identity despite lexical similarity,N,N,wrong_person,conflicting,unresolved,wrong_or_unresolved_identity,"Bruce D. Lindsay’s atrial-fibrillation record is a cardiologist’s work, not the System R database researcher.",N,resolved_user_approved_replacement,https://dblp.org/pid/l/BruceGLindsay1.html,,1,"[""2021""]","id=""profile""> Person information ","Fresh manual chronological samples, ACM context and name/alias review; expanded suspicious and small bibliographies. Small-profile count is not an automatic quality threshold.","latest retained accepted HTML, reparsed; supplemental web discovery",Successful capture as of fetched_at; live availability not revalidated,2026-09-17T23:29:36Z,6ffb7f5f188695483f2f40d93d691514ffffbc31b3b003711c6879ea9aa65982,bigcows-crawler/.cache/dblp-refresh-2026-09-17-132635/safari/captures/5216b3adeb376cbf26f56afd630024fca7413077da455926559ccaadf9aec080-1789687776340435000.html,2021: A new machine learning approach for predicting likelihood of recurrence following ablation for atrial fibrillation from CT.,0,Historical decisions consulted; fresh manual sample
acm_fellows.csv,1580,"Liu, C.L.",1994,https://awards.acm.org/award-recipients/liu_1746825,Taiwan,https://dblp.org/pid/30/5444,N,2026-09-17,2026-09-19T15:34:45.636850-04:00,User approved replacement https://dblp.org/pid/l/CLLiu with quality Y on 2026-09-19 16:27 EDT; old capture date cleared; no accepted capture for new URL. Original findings retained as historical evidence.,1566,Chengliang Liu,Conflicting identity despite lexical similarity,N,N,wrong_person,conflicting,unresolved,wrong_or_unresolved_identity,Chengliang Liu’s hydraulics/vision bibliography does not represent Chung Laung Liu’s algorithms/design/education career.,N,resolved_user_approved_replacement,https://dblp.org/pid/l/CLLiu,,39,"[""2004"", ""2005"", ""2006"", ""2007"", ""2009"", ""2010"", ""2011"", ""2012"", ""2019"", ""2020"", ""2021"", ""2022"", ""2023"", ""2024"", ""2025"", ""2026""]","id=""profile""> Person information ","Fresh manual chronological samples, ACM context and name/alias review; expanded suspicious and small bibliographies. Small-profile count is not an automatic quality threshold.","latest retained accepted HTML, reparsed; supplemental web discovery",Successful capture as of fetched_at; live availability not revalidated,2026-09-17T23:30:04Z,b21d9c2fc02253aa49c7ae07819562b83ccc8854cf9061d724c18f93427ac347,bigcows-crawler/.cache/dblp-refresh-2026-09-17-132635/safari/captures/aa7cc5d4b209bc0ad6c0ad8ff027179ee08eeed731e934b628b5222d1d1eee9f-1789687804600827000.html,2026: Transformation-Equivariant Network Fused With Multi-Stage Cascade Attention for Point Cloud Object Detection. | 2019: An Analytic Calibration Method for Turntable-Based 3D Scanning System. | 2004: Communication Method for Chaotic Encryption in Remote Monitoring Systems for Product e-Manufacturing and e-Maintenance.,0,Historical decisions consulted; fresh manual sample
acm_fellows.csv,1582,"Maisel, Herbert",1994,https://awards.acm.org/award-recipients/maisel_1705730,USA,https://dblp.org/pid/27/474,N,2026-09-17,2026-09-19T15:34:45.636850-04:00,None; read-only assessment,1568,Herbert Maisel,Compatible name; content considered separately,N,N,inadequate_coverage,supported,inadequate,no_material_cluster_established_in_sample,Four service/education records remain a sparse bibliography without a demonstrated coverage exception.,N,existing_N,,,4,"[""1976"", ""1978"", ""1997"", ""1998""]","id=""profile""> Person information <div style=""clear:","Fresh manual chronological samples, ACM context and name/alias review; expanded suspicious and small bibliographies. Small-profile count is not an automatic quality threshold.","latest retained accepted HTML, reparsed; supplemental web discovery",Successful capture as of fetched_at; live availability not revalidated,2026-09-17T23:37:13Z,e64dd967ae940d86f27d7fb5e838b39692a18edea70eaadaac53958c0d265067,bigcows-crawler/.cache/dblp-refresh-2026-09-17-132635/safari/captures/102dd13f310584e0d607d2aced7bdabd1b3a30734cad36fb4a38f2783ab52bc8-1789688233236417000.html,"1998: Employment and Salaries of Recent CS Doctorates. | 1978: A perspective on data base systems in the Federal Government. | 1976: Proceedings of the 76 Bicentennial conference on Winter simulation, WSC 1976, Gaithersburg, MD, USA, December 6-8, 1976.",0,Historical decisions consulted; fresh manual sample
acm_fellows.csv,1586,"McCracken, Daniel D",1994,https://awards.acm.org/award-recipients/mccracken_1003201,USA,https://dblp.org/pid/199/9066,N,2026-09-17,2026-09-19T15:34:45.636850-04:00,None; read-only assessment,1572,Daniel McCracken,Compatible name; content considered separately,N,N,inadequate_coverage,supported,inadequate,no_material_cluster_established_in_sample,A single public-policy panel does not represent the programming-textbook author’s established body of work.,N,existing_N,,,1,"[""1975""]","id=""profile""> Person information ","Fresh manual chronological samples, ACM context and name/alias review; expanded suspicious and small bibliographies. Small-profile count is not an automatic quality threshold.","latest retained accepted HTML, reparsed; supplemental web discovery",Successful capture as of fetched_at; live availability not revalidated,2026-09-17T23:32:13Z,2184c27e13ae564d7f5167fe5e57d0c67038d01029df33870750bcb44e3dca84,bigcows-crawler/.cache/dblp-refresh-2026-09-17-132635/safari/captures/b19f6a4dad91c1f77c4d0af36f431a575bf40b010a14bf2b28fa0b897661755e-1789687933936209000.html,1975: Panel on information and public policy.,0,Historical decisions consulted; fresh manual sample
acm_fellows.csv,1597,"Poucher, William B",1994,https://awards.acm.org/award-recipients/poucher_1761550,USA,https://dblp.org/pid/20/10566,N,2026-09-17,2026-09-19T15:34:45.636850-04:00,None; read-only assessment,1583,William B. Poucher,Compatible name; content considered separately,N,N,inadequate_coverage,supported,inadequate,no_material_cluster_established_in_sample,Three ICPC/education/combinatorics records support identity but do not establish substantial career coverage.,N,existing_N,,,3,"[""1977"", ""1980"", ""2005""]","id=""profile""> Person information ","Fresh manual chronological samples, ACM context and name/alias review; expanded suspicious and small bibliographies. Small-profile count is not an automatic quality threshold.","latest retained accepted HTML, reparsed; supplemental web discovery",Successful capture as of fetched_at; live availability not revalidated,2026-09-17T23:48:57Z,0817bf7d6574aad90b5dac6b6862e734a5108f83fee2f011cec9ed58cf5b2cf3,bigcows-crawler/.cache/dblp-refresh-2026-09-17-132635/safari/captures/e5020219fa43272fe657561d1f94718647a9445b590f53f1d258fe498ee27a88-1789688937909105000.html,2005: How to Make Program Assessment Work for You. | 1980: Embedding Incomplete Latin Squares in Latin Squares Whose Diagonal is Almost Completely Prescribed. | 1977: Finite embedding theorems for partial pairwise balanced designs.,0,Historical decisions consulted; fresh manual sample
acm_fellows.csv,1610,"Smith, Burton",1994,https://awards.acm.org/award-recipients/smith_1148832,USA,https://dblp.org/pid/64/4805,Y,2026-09-17,2026-09-19T15:34:45.636850-04:00,Applied explicit user decision 2026-09-19T15:40:09.250177-04:00: dblp_profile_quality Y to N; URL and capture date preserved.,1596,Burton Smith,Compatible name; content considered separately,N,N,split_coverage,supported,inadequate_by_explicit_user_decision,no_material_cluster_established_in_sample,"User resolved this case as N. Initial review rationale and then-pending disposition (historical): The complete stored list has 11 records, mainly later systems work and retrospective HEP/Tera chapters. A separate Burton J. Smith bibliography contains earlier Horizon/Tera, hardware-description and scheduling work missing here. This is a split bibliography, not just a spelling difference; recommend N for the stored fragment and review the combined identity before selecting any replacement.",N,resolved_user_N,https://dblp.org/pid/36/6104,https://dblp.org/pid/36/6104 | https://www.microsoft.com/en-us/research/people/burtons/,11,"[""1984"", ""1990"", ""2007"", ""2008"", ""2010"", ""2011"", ""2017""]","id=""profile""> Person information ","Fresh manual chronological samples, ACM context and name/alias review; expanded suspicious and small bibliographies. Small-profile count is not an automatic quality threshold.","latest retained accepted HTML, reparsed; supplemental web discovery",Successful capture as of fetched_at; live availability not revalidated,2026-09-17T23:29:42Z,908b0cfedc4c2c3cc7cd5f700fb698371512795092dfcc002721f131db4a8863,bigcows-crawler/.cache/dblp-refresh-2026-09-17-132635/safari/captures/d34e8fc8845757f6c4ba639b0cec91552e140a3b32011e3fb7b3f9ec3190a4e4-1789687782720079000.html,2017: Selecting the best VM across multiple public clouds: a data-driven performance modeling approach. | 2007: Transactional Memory: An Overview. | 1984: Pseudo-random trees in Monte Carlo.,0,Historical decisions consulted; fresh manual sample
acm_fellows.csv,1623,"Taylor, Robert W",1994,https://awards.acm.org/award-recipients/taylor_1076264,USA,https://dblp.org/pid/31/1172,N,2026-09-17,2026-09-19T15:34:45.636850-04:00,None; read-only assessment,1609,Robert W. Taylor,Compatible name; content considered separately,N,N,mixed_identity,recipient_present_with_namesakes,recipient_core_present,material,Alto-related person metadata is combined with a mainly database-conversion/environment bibliography; the header does not establish authorship of the list.,N,existing_N,,,19,"[""1968"", ""1970"", ""1972"", ""1973"", ""1974"", ""1975"", ""1976"", ""1977"", ""1978"", ""1979"", ""2005"", ""2019""]","id=""profile""> Person information award (2013): Internet Hall of Fame award (1999): National Medal of Technology and Innovation award (1984): ACM Software System Award ","Fresh manual chronological samples, ACM context and name/alias review; expanded suspicious and small bibliographies. Small-profile count is not an automatic quality threshold.","latest retained accepted HTML, reparsed; supplemental web discovery",Successful capture as of fetched_at; live availability not revalidated,2026-09-17T23:45:24Z,4a7945553fce41d4192fcddd4368efa4a6740b556bf34778a06c8cc87655602d,bigcows-crawler/.cache/dblp-refresh-2026-09-17-132635/safari/captures/39bede6f3bddc69c74e5c7104e4e7f5259d821b18574dbdb6036d29a348a9967-1789688724351452000.html,2019: Public opinion matters: mining social media text for environmental management. | 1975: Observations on the Attributes of Database Sets. | 1968: Graphical systems communication: an associative memory approach.,0,Historical decisions consulted; fresh manual sample
acm_fellows.csv,1624,"Thacker, Charles P",1994,https://awards.acm.org/award-recipients/thacker_1336106,USA,https://dblp.org/pid/58/4470,N,2026-09-17,2026-09-19T15:34:45.636850-04:00,None; read-only assessment,1610,Charles P. Thacker,Compatible name; content considered separately,N,N,inadequate_coverage,supported,inadequate,no_material_cluster_established_in_sample,Correct computer-systems identity; the 12-record profile remains explicitly retained as N for coverage.,N,existing_N,,,12,"[""1987"", ""1988"", ""1991"", ""1992"", ""1993"", ""2007"", ""2010"", ""2012"", ""2013""]","id=""profile""> Person information award (2009): Turing Award award (2017): Eckert-Mauchly Award award (2007): IEEE John von Neumann Medal award (1984): ACM Software System Award ","Fresh manual chronological samples, ACM context and name/alias review; expanded suspicious and small bibliographies. Small-profile count is not an automatic quality threshold.","latest retained accepted HTML, reparsed; supplemental web discovery",Successful capture as of fetched_at; live availability not revalidated,2026-09-17T23:30:36Z,3da167f8e3ddb080854a6f186bd10d5b0f2f4ba4509f7178e39dd660f316dc15,bigcows-crawler/.cache/dblp-refresh-2026-09-17-132635/safari/captures/303d9637f4d260e56a1693146ceb11b1b1b16903c0edf5f53dffcedd2b027ad2-1789687836639213000.html,2013: Reconfigurable computing in the era of post-silicon scaling [panel discussion]. | 1992: The Alpha Demonstration Unit: A High-performance Multiprocessor for Software and Chip Development. | 1987: Firefly: A Multiprocessor Workstation.,0,Historical decisions consulted; fresh manual sample
acm_fellows.csv,1627,"Tucker, Allen",1994,https://awards.acm.org/award-recipients/tucker_1098797,USA,https://dblp.org/pid/146/9346,N,2026-09-17,2026-09-19T15:34:45.636850-04:00,User approved replacement https://dblp.org/pid/t/AllenBTucker with quality Y on 2026-09-19 15:50 EDT; old capture date cleared; no accepted capture for new URL. Stored-profile findings retained as historical evidence.,1613,Allen Tucker,Compatible name; content considered separately,N,N,inadequate_coverage,supported,inadequate,no_material_cluster_established_in_sample,Two handbook records are a split fragment of the programming-language/computing-education career.,N,resolved_user_approved_replacement,https://dblp.org/pid/t/AllenBTucker,,2,"[""2014""]","id=""profile""> Person information ","Fresh manual chronological samples, ACM context and name/alias review; expanded suspicious and small bibliographies. Small-profile count is not an automatic quality threshold.","latest retained accepted HTML, reparsed; supplemental web discovery",Successful capture as of fetched_at; live availability not revalidated,2026-09-17T23:28:27Z,20b56d569affd1cb6e779556d7a683c5281d29731b0397c93b7c7f1595cb941e,bigcows-crawler/.cache/dblp-refresh-2026-09-17-132635/safari/captures/bf592e23f75b5dce53c83a374d0a689dcf397df1e9b6d6365028a62a1c61f30d-1789687707524809000.html,"2014: Computing Handbook, Third Edition: Computer Science and Software Engineering. | 2014: Computing Handbook, Third Edition: Information Systems and Information Technology.",0,Historical decisions consulted; fresh manual sample
acm_fellows.csv,1636,"Wolfson, Seymour J",1994,https://awards.acm.org/award-recipients/wolfson_1111640,USA,,N,,2026-09-19T15:34:45.636850-04:00,None; read-only assessment,,,No stored association,missing,N,missing_link,not_assessed,not_assessed,not_assessed,No stored DBLP URL. General web discovery did not establish a newly verified good replacement; preserve documented rejections. This does not mean no public profile exists.,N,missing_known,,,,,,"Missing-link inventory, retained user decisions and general web discovery; no profile-quality claim.",retained decisions and web discovery,No stored link; no disappearance claim,,,,,,
turing_award_winners.csv,77,"Wilkinson, J. H.",1970,https://awards.acm.org/award-recipients/wilkinson_0671216,United Kingdom,https://dblp.org/pid/15/4740.html,N,2026-09-19,2026-09-19T15:34:45.636850-04:00,None; read-only assessment,1639,James Hardy Wilkinson,Compatible name; content considered separately,N,N,inadequate_coverage,supported,inadequate,no_material_cluster_established_in_sample,"The accepted replacement identifies Wilkinson, but its 25-record numerical-analysis coverage remains explicitly rated N.",N,existing_N,,,25,"[""1958"", ""1959"", ""1960"", ""1961"", ""1962"", ""1963"", ""1965"", ""1967"", ""1968"", ""1969"", ""1970"", ""1971"", ""1975"", ""1992"", ""2007""]","id=""profile""> Person information award: Turing Award, 1970 affiliation: National Physical Laboratory, Teddington, UK <div style=""clear:","Fresh manual chronological samples, ACM context and name/alias review; expanded suspicious and small bibliographies. Small-profile count is not an automatic quality threshold.","latest retained accepted HTML, reparsed; supplemental web discovery",Successful capture as of fetched_at; live availability not revalidated,2026-09-19T18:55:49Z,6cb134574ee62f7831a11acc9530daf22a7552e64c1dc67a7756445acc81657a,bigcows-crawler/.cache/dblp-gap-fill-2026-09-19-145403/safari/captures/de91f29943e19f92048f2fe9c8d37abcb134bd6f780e0c95bb1978aa6959ba0b-1789844150028595000.html,2007: Ill-conditioned eigensystems and the computation of the Jordan canonical form. | 1962: Correspondence. | 1958: The Calculation of Eigenvectors by the Method of Lanczos.,5,Historical decisions consulted; fresh manual sample
