roster,row,name,field,old,new,reason
acm_fellows.csv,1,"Adar, Eytan",csrankings_name_alignment_date,2026-09-18,2026-09-29,Explicit retained-evidence revalidation of supported name association; not a source-capture date.
acm_fellows.csv,2,"Ahn, Gail-Joon",csrankings_name_alignment_date,2026-09-18,2026-09-29,Explicit retained-evidence revalidation of supported name association; not a source-capture date.
acm_fellows.csv,4,"Apel, Sven",csrankings_name_alignment_date,2026-09-18,2026-09-29,Explicit retained-evidence revalidation of supported name association; not a source-capture date.
acm_fellows.csv,5,"Bauer, Lujo",csrankings_name_alignment_date,2026-09-18,2026-09-29,Explicit retained-evidence revalidation of supported name association; not a source-capture date.
acm_fellows.csv,7,"Buyya, Rajkumar",csrankings_name_alignment_date,2026-09-18,2026-09-29,Explicit retained-evidence revalidation of supported name association; not a source-capture date.
acm_fellows.csv,8,"Candea, George",csrankings_name_alignment_date,2026-09-18,2026-09-29,Explicit retained-evidence revalidation of supported name association; not a source-capture date.
acm_fellows.csv,11,"Carloni, Luca P",csrankings_name_alignment_date,2026-09-18,2026-09-29,Explicit retained-evidence revalidation of supported name association; not a source-capture date.
acm_fellows.csv,12,"Carpendale, Sheelagh",csrankings_name_alignment_date,2026-09-18,2026-09-29,Explicit retained-evidence revalidation of supported name association; not a source-capture date.
acm_fellows.csv,13,"Chaudhuri, Swarat",csrankings_name_alignment_date,2026-09-18,2026-09-29,Explicit retained-evidence revalidation of supported name association; not a source-capture date.
acm_fellows.csv,14,"Chen, Baoquan",csrankings_name_alignment_date,2026-09-18,2026-09-29,Explicit retained-evidence revalidation of supported name association; not a source-capture date.
acm_fellows.csv,15,"Chen, Deming",csrankings_name_alignment_date,2026-09-18,2026-09-29,Explicit retained-evidence revalidation of supported name association; not a source-capture date.
acm_fellows.csv,16,"Cheng, Kwang-Ting",csrankings_name_alignment_date,2026-09-18,2026-09-29,Explicit retained-evidence revalidation of supported name association; not a source-capture date.
acm_fellows.csv,17,"Conati, Cristina",csrankings_name_alignment_date,2026-09-18,2026-09-29,Explicit retained-evidence revalidation of supported name association; not a source-capture date.
acm_fellows.csv,18,"Dorigo, Marco",csrankings_name_alignment_date,2026-09-18,2026-09-29,Explicit retained-evidence revalidation of supported name association; not a source-capture date.
acm_fellows.csv,21,"Esparza, Javier",csrankings_name_alignment_date,2026-09-18,2026-09-29,Explicit retained-evidence revalidation of supported name association; not a source-capture date.
acm_fellows.csv,22,"Ferragina, Paolo",csrankings_name_alignment_date,2026-09-18,2026-09-29,Explicit retained-evidence revalidation of supported name association; not a source-capture date.
acm_fellows.csv,23,"Fu, Yun Raymond",csrankings_name_alignment_date,2026-09-18,2026-09-29,Explicit retained-evidence revalidation of supported name association; not a source-capture date.
acm_fellows.csv,24,"Gleicher, Michael L",csrankings_name_alignment_date,2026-09-18,2026-09-29,Explicit retained-evidence revalidation of supported name association; not a source-capture date.
acm_fellows.csv,25,"Heidrich, Wolfgang",csrankings_name_alignment_date,2026-09-18,2026-09-29,Explicit retained-evidence revalidation of supported name association; not a source-capture date.
acm_fellows.csv,27,"Huang, Zi Helen",csrankings_name_alignment_date,2026-09-18,2026-09-29,Explicit retained-evidence revalidation of supported name association; not a source-capture date.
acm_fellows.csv,28,"Jenkins, Odest Chadwicke",csrankings_name_alignment_date,2026-09-18,2026-09-29,Explicit retained-evidence revalidation of supported name association; not a source-capture date.
acm_fellows.csv,29,"Jia, Jiaya",csrankings_name_alignment_date,2026-09-18,2026-09-29,Explicit retained-evidence revalidation of supported name association; not a source-capture date.
acm_fellows.csv,30,"Jia, Xiaohua",csrankings_name_alignment_date,2026-09-18,2026-09-29,Explicit retained-evidence revalidation of supported name association; not a source-capture date.
acm_fellows.csv,31,"Jin, Hai",csrankings_name_alignment_date,2026-09-18,2026-09-29,Explicit retained-evidence revalidation of supported name association; not a source-capture date.
acm_fellows.csv,32,"Kawarabayashi, Ken-Ichi",csrankings_name_alignment_date,2026-09-18,2026-09-29,Explicit retained-evidence revalidation of supported name association; not a source-capture date.
acm_fellows.csv,33,"Kiayias, Aggelos",csrankings_name_alignment_date,2026-09-18,2026-09-29,Explicit retained-evidence revalidation of supported name association; not a source-capture date.
acm_fellows.csv,34,"Kohno, Tadayoshi",csrankings_name_alignment_date,2026-09-18,2026-09-29,Explicit retained-evidence revalidation of supported name association; not a source-capture date.
acm_fellows.csv,35,"Lehner, Wolfgang",csrankings_name_alignment_date,2026-09-18,2026-09-29,Explicit retained-evidence revalidation of supported name association; not a source-capture date.
acm_fellows.csv,36,"Ma, Jian",csrankings_name_alignment_date,2026-09-18,2026-09-29,Explicit retained-evidence revalidation of supported name association; not a source-capture date.
acm_fellows.csv,37,"Mahajan, Ratul",csrankings_name_alignment_date,2026-09-18,2026-09-29,Explicit retained-evidence revalidation of supported name association; not a source-capture date.
acm_fellows.csv,39,"Medvidovic, Nenad",csrankings_name_alignment_date,2026-09-18,2026-09-29,Explicit retained-evidence revalidation of supported name association; not a source-capture date.
acm_fellows.csv,43,"Moffat, Alistair M",csrankings_name_alignment_date,2026-09-18,2026-09-29,Explicit retained-evidence revalidation of supported name association; not a source-capture date.
acm_fellows.csv,44,"Mokbel, Mohamed F",csrankings_name_alignment_date,2026-09-18,2026-09-29,Explicit retained-evidence revalidation of supported name association; not a source-capture date.
acm_fellows.csv,46,"Müller, Peter",csrankings_name_alignment_date,2026-09-18,2026-09-29,Explicit retained-evidence revalidation of supported name association; not a source-capture date.
acm_fellows.csv,47,"Nisan, Noam",csrankings_name_alignment_date,2026-09-18,2026-09-29,Explicit retained-evidence revalidation of supported name association; not a source-capture date.
acm_fellows.csv,48,"Orso, Alessandro",csrankings_name_alignment_date,2026-09-18,2026-09-29,Explicit retained-evidence revalidation of supported name association; not a source-capture date.
acm_fellows.csv,50,"Poshyvanyk, Denys",csrankings_name_alignment_date,2026-09-18,2026-09-29,Explicit retained-evidence revalidation of supported name association; not a source-capture date.
acm_fellows.csv,51,"Procaccia, Ariel",csrankings_name_alignment_date,2026-09-18,2026-09-29,Explicit retained-evidence revalidation of supported name association; not a source-capture date.
acm_fellows.csv,52,"Rappaport, Theodore",csrankings_name_alignment_date,2026-09-18,2026-09-29,Explicit retained-evidence revalidation of supported name association; not a source-capture date.
acm_fellows.csv,53,"Ratnasamy, Sylvia",csrankings_name_alignment_date,2026-09-18,2026-09-29,Explicit retained-evidence revalidation of supported name association; not a source-capture date.
acm_fellows.csv,54,"Regev, Oded",csrankings_name_alignment_date,2026-09-18,2026-09-29,Explicit retained-evidence revalidation of supported name association; not a source-capture date.
acm_fellows.csv,55,"Rudin, Cynthia",csrankings_name_alignment_date,2026-09-18,2026-09-29,Explicit retained-evidence revalidation of supported name association; not a source-capture date.
acm_fellows.csv,57,"Solihin, Yan",csrankings_name_alignment_date,2026-09-18,2026-09-29,Explicit retained-evidence revalidation of supported name association; not a source-capture date.
acm_fellows.csv,60,"Tan, Kian-Lee",csrankings_name_alignment_date,2026-09-18,2026-09-29,Explicit retained-evidence revalidation of supported name association; not a source-capture date.
acm_fellows.csv,61,"Tong, Hanghang",csrankings_name_alignment_date,2026-09-18,2026-09-29,Explicit retained-evidence revalidation of supported name association; not a source-capture date.
acm_fellows.csv,62,"Torralba, Antonio",csrankings_name_alignment_date,2026-09-18,2026-09-29,Explicit retained-evidence revalidation of supported name association; not a source-capture date.
acm_fellows.csv,63,"Weirich, Stephanie",csrankings_name_alignment_date,2026-09-18,2026-09-29,Explicit retained-evidence revalidation of supported name association; not a source-capture date.
acm_fellows.csv,64,"Wierman, Adam",csrankings_name_alignment_date,2026-09-18,2026-09-29,Explicit retained-evidence revalidation of supported name association; not a source-capture date.
acm_fellows.csv,66,"Xiong, Hui",csrankings_name_alignment_date,2026-09-18,2026-09-29,Explicit retained-evidence revalidation of supported name association; not a source-capture date.
acm_fellows.csv,67,"Xiong, Li",csrankings_name_alignment_date,2026-09-18,2026-09-29,Explicit retained-evidence revalidation of supported name association; not a source-capture date.
acm_fellows.csv,68,"Yang, Junfeng",csrankings_name_alignment_date,2026-09-18,2026-09-29,Explicit retained-evidence revalidation of supported name association; not a source-capture date.
acm_fellows.csv,69,"Yi, Ke",csrankings_name_alignment_date,2026-09-18,2026-09-29,Explicit retained-evidence revalidation of supported name association; not a source-capture date.
acm_fellows.csv,71,"Zhu, Jun",csrankings_name_alignment_date,2026-09-18,2026-09-29,Explicit retained-evidence revalidation of supported name association; not a source-capture date.
acm_fellows.csv,72,"Alexa, Marc",csrankings_name_alignment_date,2026-09-18,2026-09-29,Explicit retained-evidence revalidation of supported name association; not a source-capture date.
acm_fellows.csv,73,"Arenas, Marcelo",csrankings_name_alignment_date,2026-09-18,2026-09-29,Explicit retained-evidence revalidation of supported name association; not a source-capture date.
acm_fellows.csv,74,"Bailey, Michael",csrankings_name_alignment_date,2026-09-18,2026-09-29,Explicit retained-evidence revalidation of supported name association; not a source-capture date.
acm_fellows.csv,75,"Banerjee, Arindam",csrankings_name_alignment_date,2026-09-18,2026-09-29,Explicit retained-evidence revalidation of supported name association; not a source-capture date.
acm_fellows.csv,76,"Barrett, Clark",csrankings_name_alignment_date,2026-09-18,2026-09-29,Explicit retained-evidence revalidation of supported name association; not a source-capture date.
acm_fellows.csv,77,"Bodker, Susanne",csrankings_name_alignment_date,2026-09-18,2026-09-29,Explicit retained-evidence revalidation of supported name association; not a source-capture date.
acm_fellows.csv,79,"Chechik, Marsha",csrankings_name_alignment_date,2026-09-18,2026-09-29,Explicit retained-evidence revalidation of supported name association; not a source-capture date.
acm_fellows.csv,80,"Chen, Lei",csrankings_name_alignment_date,2026-09-18,2026-09-29,Explicit retained-evidence revalidation of supported name association; not a source-capture date.
acm_fellows.csv,83,"Chong, Fred",csrankings_name_alignment_date,2026-09-18,2026-09-29,Explicit retained-evidence revalidation of supported name association; not a source-capture date.
acm_fellows.csv,84,"Cook, Diane Joyce",csrankings_name_alignment_date,2026-09-18,2026-09-29,Explicit retained-evidence revalidation of supported name association; not a source-capture date.
acm_fellows.csv,86,"Curless, Brian",csrankings_name_alignment_date,2026-09-18,2026-09-29,Explicit retained-evidence revalidation of supported name association; not a source-capture date.
acm_fellows.csv,87,"de Alfaro, Luca",csrankings_name_alignment_date,2026-09-18,2026-09-29,Explicit retained-evidence revalidation of supported name association; not a source-capture date.
acm_fellows.csv,88,"de Rijke, Maarten",csrankings_name_alignment_date,2026-09-18,2026-09-29,Explicit retained-evidence revalidation of supported name association; not a source-capture date.
acm_fellows.csv,90,"Dressler, Falko",csrankings_name_alignment_date,2026-09-18,2026-09-29,Explicit retained-evidence revalidation of supported name association; not a source-capture date.
acm_fellows.csv,91,"Dreyer, Derek",csrankings_name_alignment_date,2026-09-18,2026-09-29,Explicit retained-evidence revalidation of supported name association; not a source-capture date.
acm_fellows.csv,92,"Elmqvist, Niklas",csrankings_name_alignment_date,2026-09-18,2026-09-29,Explicit retained-evidence revalidation of supported name association; not a source-capture date.
acm_fellows.csv,93,"Feldman, Michal",csrankings_name_alignment_date,2026-09-18,2026-09-29,Explicit retained-evidence revalidation of supported name association; not a source-capture date.
acm_fellows.csv,94,"Foster, Nate",csrankings_name_alignment_date,2026-09-18,2026-09-29,Explicit retained-evidence revalidation of supported name association; not a source-capture date.
acm_fellows.csv,95,"Goel, Ashish",csrankings_name_alignment_date,2026-09-18,2026-09-29,Explicit retained-evidence revalidation of supported name association; not a source-capture date.
acm_fellows.csv,97,"Heer, Jeffrey Michael",csrankings_name_alignment_date,2026-09-18,2026-09-29,Explicit retained-evidence revalidation of supported name association; not a source-capture date.
acm_fellows.csv,99,"Hudson, Scott",csrankings_name_alignment_date,2026-09-18,2026-09-29,Explicit retained-evidence revalidation of supported name association; not a source-capture date.
acm_fellows.csv,100,"Kankanhalli, Mohan",csrankings_name_alignment_date,2026-09-18,2026-09-29,Explicit retained-evidence revalidation of supported name association; not a source-capture date.
acm_fellows.csv,101,"King, Irwin",csrankings_name_alignment_date,2026-09-18,2026-09-29,Explicit retained-evidence revalidation of supported name association; not a source-capture date.
acm_fellows.csv,103,"Leonardi, Stefano",csrankings_name_alignment_date,2026-09-18,2026-09-29,Explicit retained-evidence revalidation of supported name association; not a source-capture date.
acm_fellows.csv,104,"li, guoliang",csrankings_name_alignment_date,2026-09-18,2026-09-29,Explicit retained-evidence revalidation of supported name association; not a source-capture date.
acm_fellows.csv,106,"Menzies, Tim J.",csrankings_name_alignment_date,2026-09-18,2026-09-29,Explicit retained-evidence revalidation of supported name association; not a source-capture date.
acm_fellows.csv,107,"Mezini, Mira",csrankings_name_alignment_date,2026-09-18,2026-09-29,Explicit retained-evidence revalidation of supported name association; not a source-capture date.
acm_fellows.csv,108,"Misra, Sudip",csrankings_name_alignment_date,2026-09-18,2026-09-29,Explicit retained-evidence revalidation of supported name association; not a source-capture date.
acm_fellows.csv,109,"Nuseibeh, Bashar A",csrankings_name_alignment_date,2026-09-18,2026-09-29,Explicit retained-evidence revalidation of supported name association; not a source-capture date.
acm_fellows.csv,112,"Pagh, Rasmus",csrankings_name_alignment_date,2026-09-18,2026-09-29,Explicit retained-evidence revalidation of supported name association; not a source-capture date.
acm_fellows.csv,113,"Panda, Dhabaleswar K",csrankings_name_alignment_date,2026-09-18,2026-09-29,Explicit retained-evidence revalidation of supported name association; not a source-capture date.
acm_fellows.csv,114,"Ramakrishnan, Naren",csrankings_name_alignment_date,2026-09-18,2026-09-29,Explicit retained-evidence revalidation of supported name association; not a source-capture date.
acm_fellows.csv,115,"Randall, Dana",csrankings_name_alignment_date,2026-09-18,2026-09-29,Explicit retained-evidence revalidation of supported name association; not a source-capture date.
acm_fellows.csv,116,"Roychoudhury, Abhik",csrankings_name_alignment_date,2026-09-18,2026-09-29,Explicit retained-evidence revalidation of supported name association; not a source-capture date.
acm_fellows.csv,117,"Silva, Claudio T.",csrankings_name_alignment_date,2026-09-18,2026-09-29,Explicit retained-evidence revalidation of supported name association; not a source-capture date.
acm_fellows.csv,118,"Starner, Thad",csrankings_name_alignment_date,2026-09-18,2026-09-29,Explicit retained-evidence revalidation of supported name association; not a source-capture date.
acm_fellows.csv,122,"Xing, Guoliang",csrankings_name_alignment_date,2026-09-18,2026-09-29,Explicit retained-evidence revalidation of supported name association; not a source-capture date.
acm_fellows.csv,125,"Zobel, Justin",csrankings_name_alignment_date,2026-09-18,2026-09-29,Explicit retained-evidence revalidation of supported name association; not a source-capture date.
acm_fellows.csv,127,"Akella, Aditya",csrankings_name_alignment_date,2026-09-18,2026-09-29,Explicit retained-evidence revalidation of supported name association; not a source-capture date.
acm_fellows.csv,128,"Backes, Michael",csrankings_name_alignment_date,2026-09-18,2026-09-29,Explicit retained-evidence revalidation of supported name association; not a source-capture date.
acm_fellows.csv,129,"Bafna, Vineet",csrankings_name_alignment_date,2026-09-18,2026-09-29,Explicit retained-evidence revalidation of supported name association; not a source-capture date.
acm_fellows.csv,130,"Balcan, Maria-Florina",csrankings_name_alignment_date,2026-09-18,2026-09-29,Explicit retained-evidence revalidation of supported name association; not a source-capture date.
acm_fellows.csv,131,"Bansal, Nikhil",csrankings_name_alignment_date,2026-09-18,2026-09-29,Explicit retained-evidence revalidation of supported name association; not a source-capture date.
acm_fellows.csv,132,"Belkin, Mikhail",csrankings_name_alignment_date,2026-09-18,2026-09-29,Explicit retained-evidence revalidation of supported name association; not a source-capture date.
acm_fellows.csv,133,"Ben-David, Shai",csrankings_name_alignment_date,2026-09-18,2026-09-29,Explicit retained-evidence revalidation of supported name association; not a source-capture date.
acm_fellows.csv,134,"Bengio, Yoshua",csrankings_name_alignment_date,2026-09-18,2026-09-29,Explicit retained-evidence revalidation of supported name association; not a source-capture date.
acm_fellows.csv,138,"Chekuri, Chandra",csrankings_name_alignment_date,2026-09-18,2026-09-29,Explicit retained-evidence revalidation of supported name association; not a source-capture date.
acm_fellows.csv,139,"Chen, Haibo",csrankings_name_alignment_date,2026-09-18,2026-09-29,Explicit retained-evidence revalidation of supported name association; not a source-capture date.
acm_fellows.csv,144,"Drechsler, Rolf",csrankings_name_alignment_date,2026-09-18,2026-09-29,Explicit retained-evidence revalidation of supported name association; not a source-capture date.
acm_fellows.csv,145,"Du, Wenliang",csrankings_name_alignment_date,2026-09-18,2026-09-29,Explicit retained-evidence revalidation of supported name association; not a source-capture date.
acm_fellows.csv,147,"Feldmann, Anja",csrankings_name_alignment_date,2026-09-18,2026-09-29,Explicit retained-evidence revalidation of supported name association; not a source-capture date.
acm_fellows.csv,149,"Fomin, Fedor",csrankings_name_alignment_date,2026-09-18,2026-09-29,Explicit retained-evidence revalidation of supported name association; not a source-capture date.
acm_fellows.csv,150,"Foster, Jeffrey S",csrankings_name_alignment_date,2026-09-18,2026-09-29,Explicit retained-evidence revalidation of supported name association; not a source-capture date.
acm_fellows.csv,152,"Goldberg, Ian",csrankings_name_alignment_date,2026-09-18,2026-09-29,Explicit retained-evidence revalidation of supported name association; not a source-capture date.
acm_fellows.csv,154,"Han, Zhu",csrankings_name_alignment_date,2026-09-18,2026-09-29,Explicit retained-evidence revalidation of supported name association; not a source-capture date.
acm_fellows.csv,156,"Immorlica, Nicole",csrankings_name_alignment_date,2026-09-18,2026-09-29,Explicit retained-evidence revalidation of supported name association; not a source-capture date.
acm_fellows.csv,157,"Jaeger, Trent",csrankings_name_alignment_date,2026-09-18,2026-09-29,Explicit retained-evidence revalidation of supported name association; not a source-capture date.
acm_fellows.csv,158,"Koedinger, Kenneth Richard",csrankings_name_alignment_date,2026-09-18,2026-09-29,Explicit retained-evidence revalidation of supported name association; not a source-capture date.
acm_fellows.csv,159,"Krause, Andreas",csrankings_name_alignment_date,2026-09-18,2026-09-29,Explicit retained-evidence revalidation of supported name association; not a source-capture date.
acm_fellows.csv,160,"Kruegel, Christopher Ian",csrankings_name_alignment_date,2026-09-18,2026-09-29,Explicit retained-evidence revalidation of supported name association; not a source-capture date.
acm_fellows.csv,161,"Kung, Ht",csrankings_name_alignment_date,2026-09-18,2026-09-29,Explicit retained-evidence revalidation of supported name association; not a source-capture date.
acm_fellows.csv,163,"Lo, David",csrankings_name_alignment_date,2026-09-18,2026-09-29,Explicit retained-evidence revalidation of supported name association; not a source-capture date.
acm_fellows.csv,164,"Lou, Wenjing",csrankings_name_alignment_date,2026-09-18,2026-09-29,Explicit retained-evidence revalidation of supported name association; not a source-capture date.
acm_fellows.csv,165,"Ma, Kwan-Liu",csrankings_name_alignment_date,2026-09-18,2026-09-29,Explicit retained-evidence revalidation of supported name association; not a source-capture date.
acm_fellows.csv,166,"Ma, Wei-Ying",csrankings_name_alignment_date,2026-09-18,2026-09-29,Explicit retained-evidence revalidation of supported name association; not a source-capture date.
acm_fellows.csv,167,"Mao, Morley",csrankings_name_alignment_date,2026-09-18,2026-09-29,Explicit retained-evidence revalidation of supported name association; not a source-capture date.
acm_fellows.csv,170,"Mehrotra, Sharad",csrankings_name_alignment_date,2026-09-18,2026-09-29,Explicit retained-evidence revalidation of supported name association; not a source-capture date.
acm_fellows.csv,171,"Naor, Seffi",csrankings_name_alignment_date,2026-09-18,2026-09-29,Explicit retained-evidence revalidation of supported name association; not a source-capture date.
acm_fellows.csv,172,"Narayanan, Shrikanth",csrankings_name_alignment_date,2026-09-18,2026-09-29,Explicit retained-evidence revalidation of supported name association; not a source-capture date.
acm_fellows.csv,177,"Raphael, Benjamin",csrankings_name_alignment_date,2026-09-18,2026-09-29,Explicit retained-evidence revalidation of supported name association; not a source-capture date.
acm_fellows.csv,179,"Roughgarden, Tim",csrankings_name_alignment_date,2026-09-18,2026-09-29,Explicit retained-evidence revalidation of supported name association; not a source-capture date.
acm_fellows.csv,182,"Schmidt, Albrecht",csrankings_name_alignment_date,2026-09-18,2026-09-29,Explicit retained-evidence revalidation of supported name association; not a source-capture date.
acm_fellows.csv,183,"Schuller, Björn W.",csrankings_name_alignment_date,2026-09-18,2026-09-29,Explicit retained-evidence revalidation of supported name association; not a source-capture date.
acm_fellows.csv,184,"Sengers, Phoebe",csrankings_name_alignment_date,2026-09-18,2026-09-29,Explicit retained-evidence revalidation of supported name association; not a source-capture date.
acm_fellows.csv,185,"Shi, Elaine",csrankings_name_alignment_date,2026-09-18,2026-09-29,Explicit retained-evidence revalidation of supported name association; not a source-capture date.
acm_fellows.csv,186,"Snavely, Keith Noah",csrankings_name_alignment_date,2026-09-18,2026-09-29,Explicit retained-evidence revalidation of supported name association; not a source-capture date.
acm_fellows.csv,188,"Staab, Steffen",csrankings_name_alignment_date,2026-09-18,2026-09-29,Explicit retained-evidence revalidation of supported name association; not a source-capture date.
acm_fellows.csv,189,"Szalay, Alexander",csrankings_name_alignment_date,2026-09-18,2026-09-29,Explicit retained-evidence revalidation of supported name association; not a source-capture date.
acm_fellows.csv,191,"Wang, XiaoFeng",csrankings_name_alignment_date,2026-09-18,2026-09-29,Explicit retained-evidence revalidation of supported name association; not a source-capture date.
acm_fellows.csv,192,"Weinberger, Kilian",csrankings_name_alignment_date,2026-09-18,2026-09-29,Explicit retained-evidence revalidation of supported name association; not a source-capture date.
acm_fellows.csv,193,"Witchel, Emmett",csrankings_name_alignment_date,2026-09-18,2026-09-29,Explicit retained-evidence revalidation of supported name association; not a source-capture date.
acm_fellows.csv,195,"Agrawala, Maneesh",csrankings_name_alignment_date,2026-09-18,2026-09-29,Explicit retained-evidence revalidation of supported name association; not a source-capture date.
acm_fellows.csv,196,"Anandkumar, Anima",csrankings_name_alignment_date,2026-09-18,2026-09-29,Explicit retained-evidence revalidation of supported name association; not a source-capture date.
acm_fellows.csv,198,"Barak, Boaz",csrankings_name_alignment_date,2026-09-18,2026-09-29,Explicit retained-evidence revalidation of supported name association; not a source-capture date.
acm_fellows.csv,200,"Boncz, Peter",csrankings_name_alignment_date,2026-09-18,2026-09-29,Explicit retained-evidence revalidation of supported name association; not a source-capture date.
acm_fellows.csv,201,"Ceze, Luis H",csrankings_name_alignment_date,2026-09-18,2026-09-29,Explicit retained-evidence revalidation of supported name association; not a source-capture date.
acm_fellows.csv,203,"Chawla, Nitesh",csrankings_name_alignment_date,2026-09-18,2026-09-29,Explicit retained-evidence revalidation of supported name association; not a source-capture date.
acm_fellows.csv,207,"Daskalakis, Constantinos",csrankings_name_alignment_date,2026-09-18,2026-09-29,Explicit retained-evidence revalidation of supported name association; not a source-capture date.
acm_fellows.csv,210,"Elbaum, Sebastian",csrankings_name_alignment_date,2026-09-18,2026-09-29,Explicit retained-evidence revalidation of supported name association; not a source-capture date.
acm_fellows.csv,211,"Fang, Yuguang",csrankings_name_alignment_date,2026-09-18,2026-09-29,Explicit retained-evidence revalidation of supported name association; not a source-capture date.
acm_fellows.csv,212,"Fu, Kevin",csrankings_name_alignment_date,2026-09-18,2026-09-29,Explicit retained-evidence revalidation of supported name association; not a source-capture date.
acm_fellows.csv,213,"Gotsman, Craig",csrankings_name_alignment_date,2026-09-18,2026-09-29,Explicit retained-evidence revalidation of supported name association; not a source-capture date.
acm_fellows.csv,214,"Hassan, Ahmed E.",csrankings_name_alignment_date,2026-09-18,2026-09-29,Explicit retained-evidence revalidation of supported name association; not a source-capture date.
acm_fellows.csv,215,"Helal, Sumi",csrankings_name_alignment_date,2026-09-18,2026-09-29,Explicit retained-evidence revalidation of supported name association; not a source-capture date.
acm_fellows.csv,216,"Henkel, Joerg",csrankings_name_alignment_date,2026-09-18,2026-09-29,Explicit retained-evidence revalidation of supported name association; not a source-capture date.
acm_fellows.csv,217,"Hermenegildo, Manuel V",csrankings_name_alignment_date,2026-09-18,2026-09-29,Explicit retained-evidence revalidation of supported name association; not a source-capture date.
acm_fellows.csv,218,"Hicks, Michael W",csrankings_name_alignment_date,2026-09-18,2026-09-29,Explicit retained-evidence revalidation of supported name association; not a source-capture date.
acm_fellows.csv,219,"Hoefler, Torsten",csrankings_name_alignment_date,2026-09-18,2026-09-29,Explicit retained-evidence revalidation of supported name association; not a source-capture date.
acm_fellows.csv,220,"Hong, Jason",csrankings_name_alignment_date,2026-09-18,2026-09-29,Explicit retained-evidence revalidation of supported name association; not a source-capture date.
acm_fellows.csv,221,"Irani, Sandy",csrankings_name_alignment_date,2026-09-18,2026-09-29,Explicit retained-evidence revalidation of supported name association; not a source-capture date.
acm_fellows.csv,223,"Kemper, Alfons",csrankings_name_alignment_date,2026-09-18,2026-09-29,Explicit retained-evidence revalidation of supported name association; not a source-capture date.
acm_fellows.csv,224,"Khuller, Samir",csrankings_name_alignment_date,2026-09-18,2026-09-29,Explicit retained-evidence revalidation of supported name association; not a source-capture date.
acm_fellows.csv,225,"Koushanfar, Farinaz",csrankings_name_alignment_date,2026-09-18,2026-09-29,Explicit retained-evidence revalidation of supported name association; not a source-capture date.
acm_fellows.csv,226,"Kuo, Chung C",csrankings_name_alignment_date,2026-09-18,2026-09-29,Explicit retained-evidence revalidation of supported name association; not a source-capture date.
acm_fellows.csv,228,"Lin, Jimmy",csrankings_name_alignment_date,2026-09-18,2026-09-29,Explicit retained-evidence revalidation of supported name association; not a source-capture date.
acm_fellows.csv,229,"Marculescu, Radu",csrankings_name_alignment_date,2026-09-18,2026-09-29,Explicit retained-evidence revalidation of supported name association; not a source-capture date.
acm_fellows.csv,230,"Mei, Hong",csrankings_name_alignment_date,2026-09-18,2026-09-29,Explicit retained-evidence revalidation of supported name association; not a source-capture date.
acm_fellows.csv,231,"Mount, David M",csrankings_name_alignment_date,2026-09-18,2026-09-29,Explicit retained-evidence revalidation of supported name association; not a source-capture date.
acm_fellows.csv,233,"Pass, Rafael",csrankings_name_alignment_date,2026-09-18,2026-09-29,Explicit retained-evidence revalidation of supported name association; not a source-capture date.
acm_fellows.csv,235,"Pothen, Alex",csrankings_name_alignment_date,2026-09-18,2026-09-29,Explicit retained-evidence revalidation of supported name association; not a source-capture date.
acm_fellows.csv,236,"Qureshi, Moinuddin",csrankings_name_alignment_date,2026-09-18,2026-09-29,Explicit retained-evidence revalidation of supported name association; not a source-capture date.
acm_fellows.csv,237,"Sabharwal, Ashutosh",csrankings_name_alignment_date,2026-09-18,2026-09-29,Explicit retained-evidence revalidation of supported name association; not a source-capture date.
acm_fellows.csv,238,"Sherwood, Tim",csrankings_name_alignment_date,2026-09-18,2026-09-29,Explicit retained-evidence revalidation of supported name association; not a source-capture date.
acm_fellows.csv,241,"Su, Zhendong",csrankings_name_alignment_date,2026-09-18,2026-09-29,Explicit retained-evidence revalidation of supported name association; not a source-capture date.
acm_fellows.csv,245,"Vidal, Rene",csrankings_name_alignment_date,2026-09-18,2026-09-29,Explicit retained-evidence revalidation of supported name association; not a source-capture date.
acm_fellows.csv,246,"Xing, Eric",csrankings_name_alignment_date,2026-09-18,2026-09-29,Explicit retained-evidence revalidation of supported name association; not a source-capture date.
acm_fellows.csv,248,"Yu, Yizhou",csrankings_name_alignment_date,2026-09-18,2026-09-29,Explicit retained-evidence revalidation of supported name association; not a source-capture date.
acm_fellows.csv,249,"Zheng, Haitao",csrankings_name_alignment_date,2026-09-18,2026-09-29,Explicit retained-evidence revalidation of supported name association; not a source-capture date.
acm_fellows.csv,250,"Zhu, Wenwu",csrankings_name_alignment_date,2026-09-18,2026-09-29,Explicit retained-evidence revalidation of supported name association; not a source-capture date.
acm_fellows.csv,251,"Zorin, Denis",csrankings_name_alignment_date,2026-09-18,2026-09-29,Explicit retained-evidence revalidation of supported name association; not a source-capture date.
acm_fellows.csv,252,"Adleman, Leonard M.",csrankings_name_alignment_date,2026-09-18,2026-09-29,Explicit retained-evidence revalidation of supported name association; not a source-capture date.
acm_fellows.csv,253,"Bader, David A",csrankings_name_alignment_date,2026-09-18,2026-09-29,Explicit retained-evidence revalidation of supported name association; not a source-capture date.
acm_fellows.csv,256,"Braverman, Mark",csrankings_name_alignment_date,2026-09-18,2026-09-29,Explicit retained-evidence revalidation of supported name association; not a source-capture date.
acm_fellows.csv,257,"Camp, Linda Jean",csrankings_name_alignment_date,2026-09-18,2026-09-29,Explicit retained-evidence revalidation of supported name association; not a source-capture date.
acm_fellows.csv,260,"Cohen-Or, Daniel",csrankings_name_alignment_date,2026-09-18,2026-09-29,Explicit retained-evidence revalidation of supported name association; not a source-capture date.
acm_fellows.csv,261,"Das, Gautam",csrankings_name_alignment_date,2026-09-18,2026-09-29,Explicit retained-evidence revalidation of supported name association; not a source-capture date.
acm_fellows.csv,262,"Dey, Anind K.",csrankings_name_alignment_date,2026-09-18,2026-09-29,Explicit retained-evidence revalidation of supported name association; not a source-capture date.
acm_fellows.csv,264,"Farach-Colton, Martin",csrankings_name_alignment_date,2026-09-18,2026-09-29,Explicit retained-evidence revalidation of supported name association; not a source-capture date.
acm_fellows.csv,270,"Ganesan, Deepak",csrankings_name_alignment_date,2026-09-18,2026-09-29,Explicit retained-evidence revalidation of supported name association; not a source-capture date.
acm_fellows.csv,271,"Gupta, Anupam",csrankings_name_alignment_date,2026-09-18,2026-09-29,Explicit retained-evidence revalidation of supported name association; not a source-capture date.
acm_fellows.csv,272,"Haas, Zygmunt",csrankings_name_alignment_date,2026-09-18,2026-09-29,Explicit retained-evidence revalidation of supported name association; not a source-capture date.
acm_fellows.csv,273,"Hazan, Elad",csrankings_name_alignment_date,2026-09-18,2026-09-29,Explicit retained-evidence revalidation of supported name association; not a source-capture date.
acm_fellows.csv,274,"Hu, Xiaobo Sharon",csrankings_name_alignment_date,2026-09-18,2026-09-29,Explicit retained-evidence revalidation of supported name association; not a source-capture date.
acm_fellows.csv,275,"Inverardi, Paola",csrankings_name_alignment_date,2026-09-18,2026-09-29,Explicit retained-evidence revalidation of supported name association; not a source-capture date.
acm_fellows.csv,276,"Ives, Zachary",csrankings_name_alignment_date,2026-09-18,2026-09-29,Explicit retained-evidence revalidation of supported name association; not a source-capture date.
acm_fellows.csv,278,"Jhala, Ranjit",csrankings_name_alignment_date,2026-09-18,2026-09-29,Explicit retained-evidence revalidation of supported name association; not a source-capture date.
acm_fellows.csv,279,"Kaeli, David R",csrankings_name_alignment_date,2026-09-18,2026-09-29,Explicit retained-evidence revalidation of supported name association; not a source-capture date.
acm_fellows.csv,281,"Kleinberg, Robert",csrankings_name_alignment_date,2026-09-18,2026-09-29,Explicit retained-evidence revalidation of supported name association; not a source-capture date.
acm_fellows.csv,284,"Li, Hai",csrankings_name_alignment_date,2026-09-18,2026-09-29,Explicit retained-evidence revalidation of supported name association; not a source-capture date.
acm_fellows.csv,285,"Li, Ninghui",csrankings_name_alignment_date,2026-09-18,2026-09-29,Explicit retained-evidence revalidation of supported name association; not a source-capture date.
acm_fellows.csv,287,"Marschner, Steve",csrankings_name_alignment_date,2026-09-18,2026-09-29,Explicit retained-evidence revalidation of supported name association; not a source-capture date.
acm_fellows.csv,288,"Mason, Matthew T",csrankings_name_alignment_date,2026-09-18,2026-09-29,Explicit retained-evidence revalidation of supported name association; not a source-capture date.
acm_fellows.csv,291,"Nebel, Bernhard",csrankings_name_alignment_date,2026-09-18,2026-09-29,Explicit retained-evidence revalidation of supported name association; not a source-capture date.
acm_fellows.csv,292,"Ostrovsky, Rafail",csrankings_name_alignment_date,2026-09-18,2026-09-29,Explicit retained-evidence revalidation of supported name association; not a source-capture date.
acm_fellows.csv,293,"Ouaknine, Joel",csrankings_name_alignment_date,2026-09-18,2026-09-29,Explicit retained-evidence revalidation of supported name association; not a source-capture date.
acm_fellows.csv,294,"Pan, David Z.",csrankings_name_alignment_date,2026-09-18,2026-09-29,Explicit retained-evidence revalidation of supported name association; not a source-capture date.
acm_fellows.csv,298,"Rosing, Tajana",csrankings_name_alignment_date,2026-09-18,2026-09-29,Explicit retained-evidence revalidation of supported name association; not a source-capture date.
acm_fellows.csv,300,"Rusinkiewicz, Szymon",csrankings_name_alignment_date,2026-09-18,2026-09-29,Explicit retained-evidence revalidation of supported name association; not a source-capture date.
acm_fellows.csv,302,"Sarawagi, Sunita",csrankings_name_alignment_date,2026-09-18,2026-09-29,Explicit retained-evidence revalidation of supported name association; not a source-capture date.
acm_fellows.csv,303,"Schiele, Bernt",csrankings_name_alignment_date,2026-09-18,2026-09-29,Explicit retained-evidence revalidation of supported name association; not a source-capture date.
acm_fellows.csv,304,"Shah, Mubarak Ali",csrankings_name_alignment_date,2026-09-18,2026-09-29,Explicit retained-evidence revalidation of supported name association; not a source-capture date.
acm_fellows.csv,305,"Sheffer, Alla",csrankings_name_alignment_date,2026-09-18,2026-09-29,Explicit retained-evidence revalidation of supported name association; not a source-capture date.
acm_fellows.csv,306,"Singh, Munindar P.",csrankings_name_alignment_date,2026-09-18,2026-09-29,Explicit retained-evidence revalidation of supported name association; not a source-capture date.
acm_fellows.csv,307,"Sistla, Aravinda P",csrankings_name_alignment_date,2026-09-18,2026-09-29,Explicit retained-evidence revalidation of supported name association; not a source-capture date.
acm_fellows.csv,308,"Smolka, Scott",csrankings_name_alignment_date,2026-09-18,2026-09-29,Explicit retained-evidence revalidation of supported name association; not a source-capture date.
acm_fellows.csv,309,"Tang, Jie",csrankings_name_alignment_date,2026-09-18,2026-09-29,Explicit retained-evidence revalidation of supported name association; not a source-capture date.
acm_fellows.csv,311,"Trevisan, Luca",csrankings_name_alignment_date,2026-09-18,2026-09-29,Explicit retained-evidence revalidation of supported name association; not a source-capture date.
acm_fellows.csv,312,"Wang, Wenping",csrankings_name_alignment_date,2026-09-18,2026-09-29,Explicit retained-evidence revalidation of supported name association; not a source-capture date.
acm_fellows.csv,313,"Waters, Brent",csrankings_name_alignment_date,2026-09-18,2026-09-29,Explicit retained-evidence revalidation of supported name association; not a source-capture date.
acm_fellows.csv,315,"Wobbrock, Jacob Otto",csrankings_name_alignment_date,2026-09-18,2026-09-29,Explicit retained-evidence revalidation of supported name association; not a source-capture date.
acm_fellows.csv,316,"Xie, Tao",csrankings_name_alignment_date,2026-09-18,2026-09-29,Explicit retained-evidence revalidation of supported name association; not a source-capture date.
acm_fellows.csv,317,"Yang, Ming-Hsuan",csrankings_name_alignment_date,2026-09-18,2026-09-29,Explicit retained-evidence revalidation of supported name association; not a source-capture date.
acm_fellows.csv,318,"Zaki, Mohammed",csrankings_name_alignment_date,2026-09-18,2026-09-29,Explicit retained-evidence revalidation of supported name association; not a source-capture date.
acm_fellows.csv,319,"Zhao, Ben",csrankings_name_alignment_date,2026-09-18,2026-09-29,Explicit retained-evidence revalidation of supported name association; not a source-capture date.
acm_fellows.csv,320,"Zhong, Lin",csrankings_name_alignment_date,2026-09-18,2026-09-29,Explicit retained-evidence revalidation of supported name association; not a source-capture date.
acm_fellows.csv,321,"Zilberstein, Shlomo",csrankings_name_alignment_date,2026-09-18,2026-09-29,Explicit retained-evidence revalidation of supported name association; not a source-capture date.
acm_fellows.csv,322,"Zimmermann, Thomas",csrankings_name_alignment_date,2026-09-18,2026-09-29,Explicit retained-evidence revalidation of supported name association; not a source-capture date.
acm_fellows.csv,323,"Abadi, Daniel J",csrankings_name_alignment_date,2026-09-18,2026-09-29,Explicit retained-evidence revalidation of supported name association; not a source-capture date.
acm_fellows.csv,324,"Allan, James",csrankings_name_alignment_date,2026-09-18,2026-09-29,Explicit retained-evidence revalidation of supported name association; not a source-capture date.
acm_fellows.csv,325,"Aluru, Srinivas",csrankings_name_alignment_date,2026-09-18,2026-09-29,Explicit retained-evidence revalidation of supported name association; not a source-capture date.
acm_fellows.csv,326,"Arpaci-Dusseau, Andrea",csrankings_name_alignment_date,2026-09-18,2026-09-29,Explicit retained-evidence revalidation of supported name association; not a source-capture date.
acm_fellows.csv,327,"Arpaci-Dusseau, Remzi",csrankings_name_alignment_date,2026-09-18,2026-09-29,Explicit retained-evidence revalidation of supported name association; not a source-capture date.
acm_fellows.csv,328,"Banerjee, Suman",csrankings_name_alignment_date,2026-09-18,2026-09-29,Explicit retained-evidence revalidation of supported name association; not a source-capture date.
acm_fellows.csv,329,"Blum, Manuel",csrankings_name_alignment_date,2026-09-18,2026-09-29,Explicit retained-evidence revalidation of supported name association; not a source-capture date.
acm_fellows.csv,331,"Brooks, David",csrankings_name_alignment_date,2026-09-18,2026-09-29,Explicit retained-evidence revalidation of supported name association; not a source-capture date.
acm_fellows.csv,332,"Canetti, Ran",csrankings_name_alignment_date,2026-09-18,2026-09-29,Explicit retained-evidence revalidation of supported name association; not a source-capture date.
acm_fellows.csv,333,"Canny, John",csrankings_name_alignment_date,2026-09-18,2026-09-29,Explicit retained-evidence revalidation of supported name association; not a source-capture date.
acm_fellows.csv,336,"Charikar, Moses",csrankings_name_alignment_date,2026-09-18,2026-09-29,Explicit retained-evidence revalidation of supported name association; not a source-capture date.
acm_fellows.csv,337,"Chen, Yiran",csrankings_name_alignment_date,2026-09-18,2026-09-29,Explicit retained-evidence revalidation of supported name association; not a source-capture date.
acm_fellows.csv,338,"Cormode, Graham R.",csrankings_name_alignment_date,2026-09-18,2026-09-29,Explicit retained-evidence revalidation of supported name association; not a source-capture date.
acm_fellows.csv,339,"Cousot, Patrick",csrankings_name_alignment_date,2026-09-18,2026-09-29,Explicit retained-evidence revalidation of supported name association; not a source-capture date.
acm_fellows.csv,342,"Dorr, Bonnie J",csrankings_name_alignment_date,2026-09-18,2026-09-29,Explicit retained-evidence revalidation of supported name association; not a source-capture date.
acm_fellows.csv,343,"Duffield, Nicholas",csrankings_name_alignment_date,2026-09-18,2026-09-29,Explicit retained-evidence revalidation of supported name association; not a source-capture date.
acm_fellows.csv,345,"Eiter, Thomas",csrankings_name_alignment_date,2026-09-18,2026-09-29,Explicit retained-evidence revalidation of supported name association; not a source-capture date.
acm_fellows.csv,346,"Flanagan, Cormac",csrankings_name_alignment_date,2026-09-18,2026-09-29,Explicit retained-evidence revalidation of supported name association; not a source-capture date.
acm_fellows.csv,347,"Forlizzi, Jodi",csrankings_name_alignment_date,2026-09-18,2026-09-29,Explicit retained-evidence revalidation of supported name association; not a source-capture date.
acm_fellows.csv,350,"Gonzalez, Antonio",csrankings_name_alignment_date,2026-09-18,2026-09-29,Explicit retained-evidence revalidation of supported name association; not a source-capture date.
acm_fellows.csv,357,"Hoos, Holger H.",csrankings_name_alignment_date,2026-09-18,2026-09-29,Explicit retained-evidence revalidation of supported name association; not a source-capture date.
acm_fellows.csv,358,"Ilyas, Ihab F.",csrankings_name_alignment_date,2026-09-18,2026-09-29,Explicit retained-evidence revalidation of supported name association; not a source-capture date.
acm_fellows.csv,360,"Katoen, Joost-Pieter",csrankings_name_alignment_date,2026-09-18,2026-09-29,Explicit retained-evidence revalidation of supported name association; not a source-capture date.
acm_fellows.csv,361,"Kim, Nam Sung",csrankings_name_alignment_date,2026-09-18,2026-09-29,Explicit retained-evidence revalidation of supported name association; not a source-capture date.
acm_fellows.csv,362,"Koenig, Sven",csrankings_name_alignment_date,2026-09-18,2026-09-29,Explicit retained-evidence revalidation of supported name association; not a source-capture date.
acm_fellows.csv,363,"Kotz, David",csrankings_name_alignment_date,2026-09-18,2026-09-29,Explicit retained-evidence revalidation of supported name association; not a source-capture date.
acm_fellows.csv,364,"Krishnamurthy, Arvind",csrankings_name_alignment_date,2026-09-18,2026-09-29,Explicit retained-evidence revalidation of supported name association; not a source-capture date.
acm_fellows.csv,366,"Levine, Brian",csrankings_name_alignment_date,2026-09-18,2026-09-29,Explicit retained-evidence revalidation of supported name association; not a source-capture date.
acm_fellows.csv,367,"Leyton-Brown, Kevin",csrankings_name_alignment_date,2026-09-18,2026-09-29,Explicit retained-evidence revalidation of supported name association; not a source-capture date.
acm_fellows.csv,369,"Low, Steven H.",csrankings_name_alignment_date,2026-09-18,2026-09-29,Explicit retained-evidence revalidation of supported name association; not a source-capture date.
acm_fellows.csv,370,"Lu, Chenyang",csrankings_name_alignment_date,2026-09-18,2026-09-29,Explicit retained-evidence revalidation of supported name association; not a source-capture date.
acm_fellows.csv,371,"Madden, Samuel",csrankings_name_alignment_date,2026-09-18,2026-09-29,Explicit retained-evidence revalidation of supported name association; not a source-capture date.
acm_fellows.csv,372,"Mahlke, Scott",csrankings_name_alignment_date,2026-09-18,2026-09-29,Explicit retained-evidence revalidation of supported name association; not a source-capture date.
acm_fellows.csv,374,"Markl, Volker",csrankings_name_alignment_date,2026-09-18,2026-09-29,Explicit retained-evidence revalidation of supported name association; not a source-capture date.
acm_fellows.csv,375,"Mataric, Maja",csrankings_name_alignment_date,2026-09-18,2026-09-29,Explicit retained-evidence revalidation of supported name association; not a source-capture date.
acm_fellows.csv,376,"Menczer, Filippo",csrankings_name_alignment_date,2026-09-18,2026-09-29,Explicit retained-evidence revalidation of supported name association; not a source-capture date.
acm_fellows.csv,377,"Meseguer, Jose",csrankings_name_alignment_date,2026-09-18,2026-09-29,Explicit retained-evidence revalidation of supported name association; not a source-capture date.
acm_fellows.csv,380,"Nagpal, Radhika",csrankings_name_alignment_date,2026-09-18,2026-09-29,Explicit retained-evidence revalidation of supported name association; not a source-capture date.
acm_fellows.csv,381,"Naor, Moni",csrankings_name_alignment_date,2026-09-18,2026-09-29,Explicit retained-evidence revalidation of supported name association; not a source-capture date.
acm_fellows.csv,383,"Noh, Sam H.",csrankings_name_alignment_date,2026-09-18,2026-09-29,Explicit retained-evidence revalidation of supported name association; not a source-capture date.
acm_fellows.csv,384,"Panangaden, Prakash",csrankings_name_alignment_date,2026-09-18,2026-09-29,Explicit retained-evidence revalidation of supported name association; not a source-capture date.
acm_fellows.csv,385,"Panchanathan, Sethuraman",csrankings_name_alignment_date,2026-09-18,2026-09-29,Explicit retained-evidence revalidation of supported name association; not a source-capture date.
acm_fellows.csv,386,"Parashar, Manish",csrankings_name_alignment_date,2026-09-18,2026-09-29,Explicit retained-evidence revalidation of supported name association; not a source-capture date.
acm_fellows.csv,388,"Park, Haesun",csrankings_name_alignment_date,2026-09-18,2026-09-29,Explicit retained-evidence revalidation of supported name association; not a source-capture date.
acm_fellows.csv,389,"Plotkin, Gordon",csrankings_name_alignment_date,2026-09-18,2026-09-29,Explicit retained-evidence revalidation of supported name association; not a source-capture date.
acm_fellows.csv,390,"Rabin, Michael O.",csrankings_name_alignment_date,2026-09-18,2026-09-29,Explicit retained-evidence revalidation of supported name association; not a source-capture date.
acm_fellows.csv,391,"Ren, Kui",csrankings_name_alignment_date,2026-09-18,2026-09-29,Explicit retained-evidence revalidation of supported name association; not a source-capture date.
acm_fellows.csv,394,"Salzberg, Steven",csrankings_name_alignment_date,2026-09-18,2026-09-29,Explicit retained-evidence revalidation of supported name association; not a source-capture date.
acm_fellows.csv,395,"Seshia, Sanjit Arunkumar",csrankings_name_alignment_date,2026-09-18,2026-09-29,Explicit retained-evidence revalidation of supported name association; not a source-capture date.
acm_fellows.csv,396,"Shamir, Adi",csrankings_name_alignment_date,2026-09-18,2026-09-29,Explicit retained-evidence revalidation of supported name association; not a source-capture date.
acm_fellows.csv,397,"Shen, Heng Tao",csrankings_name_alignment_date,2026-09-18,2026-09-29,Explicit retained-evidence revalidation of supported name association; not a source-capture date.
acm_fellows.csv,398,"Sheth, Amit",csrankings_name_alignment_date,2026-09-18,2026-09-29,Explicit retained-evidence revalidation of supported name association; not a source-capture date.
acm_fellows.csv,399,"Smith, Adam",csrankings_name_alignment_date,2026-09-18,2026-09-29,Explicit retained-evidence revalidation of supported name association; not a source-capture date.
acm_fellows.csv,400,"Sorkine-Hornung, Olga",csrankings_name_alignment_date,2026-09-18,2026-09-29,Explicit retained-evidence revalidation of supported name association; not a source-capture date.
acm_fellows.csv,401,"Stevens, Rick",csrankings_name_alignment_date,2026-09-18,2026-09-29,Explicit retained-evidence revalidation of supported name association; not a source-capture date.
acm_fellows.csv,402,"Stone, Peter",csrankings_name_alignment_date,2026-09-18,2026-09-29,Explicit retained-evidence revalidation of supported name association; not a source-capture date.
acm_fellows.csv,403,"Tao, Yufei",csrankings_name_alignment_date,2026-09-18,2026-09-29,Explicit retained-evidence revalidation of supported name association; not a source-capture date.
acm_fellows.csv,404,"Tassiulas, Leandros",csrankings_name_alignment_date,2026-09-18,2026-09-29,Explicit retained-evidence revalidation of supported name association; not a source-capture date.
acm_fellows.csv,407,"Troyanskaya, Olga",csrankings_name_alignment_date,2026-09-18,2026-09-29,Explicit retained-evidence revalidation of supported name association; not a source-capture date.
acm_fellows.csv,408,"Turk, Matthew A",csrankings_name_alignment_date,2026-09-18,2026-09-29,Explicit retained-evidence revalidation of supported name association; not a source-capture date.
acm_fellows.csv,409,"Van Der Aalst, Wil",csrankings_name_alignment_date,2026-09-18,2026-09-29,Explicit retained-evidence revalidation of supported name association; not a source-capture date.
acm_fellows.csv,410,"Walsh, Toby",csrankings_name_alignment_date,2026-09-18,2026-09-29,Explicit retained-evidence revalidation of supported name association; not a source-capture date.
acm_fellows.csv,411,"Wang, Wei",csrankings_name_alignment_date,2026-09-18,2026-09-29,Explicit retained-evidence revalidation of supported name association; not a source-capture date.
acm_fellows.csv,412,"Williams, Laurie Ann",csrankings_name_alignment_date,2026-09-18,2026-09-29,Explicit retained-evidence revalidation of supported name association; not a source-capture date.
acm_fellows.csv,413,"Wu, Cathy H",csrankings_name_alignment_date,2026-09-18,2026-09-29,Explicit retained-evidence revalidation of supported name association; not a source-capture date.
acm_fellows.csv,414,"Yan, Shuicheng",csrankings_name_alignment_date,2026-09-18,2026-09-29,Explicit retained-evidence revalidation of supported name association; not a source-capture date.
acm_fellows.csv,415,"Yi, Wang",csrankings_name_alignment_date,2026-09-18,2026-09-29,Explicit retained-evidence revalidation of supported name association; not a source-capture date.
acm_fellows.csv,416,"Zhou, Kun",csrankings_name_alignment_date,2026-09-18,2026-09-29,Explicit retained-evidence revalidation of supported name association; not a source-capture date.
acm_fellows.csv,418,"Aaronson, Scott J",csrankings_name_alignment_date,2026-09-18,2026-09-29,Explicit retained-evidence revalidation of supported name association; not a source-capture date.
acm_fellows.csv,419,"Abdelzaher, Tarek",csrankings_name_alignment_date,2026-09-18,2026-09-29,Explicit retained-evidence revalidation of supported name association; not a source-capture date.
acm_fellows.csv,420,"Amarasinghe, Saman",csrankings_name_alignment_date,2026-09-18,2026-09-29,Explicit retained-evidence revalidation of supported name association; not a source-capture date.
acm_fellows.csv,421,"Bala, Kavita",csrankings_name_alignment_date,2026-09-18,2026-09-29,Explicit retained-evidence revalidation of supported name association; not a source-capture date.
acm_fellows.csv,422,"Balazinska, Magdalena",csrankings_name_alignment_date,2026-09-18,2026-09-29,Explicit retained-evidence revalidation of supported name association; not a source-capture date.
acm_fellows.csv,423,"Beame, Paul",csrankings_name_alignment_date,2026-09-18,2026-09-29,Explicit retained-evidence revalidation of supported name association; not a source-capture date.
acm_fellows.csv,429,"Capkun, Srdjan",csrankings_name_alignment_date,2026-09-18,2026-09-29,Explicit retained-evidence revalidation of supported name association; not a source-capture date.
acm_fellows.csv,430,"Cardie, Claire",csrankings_name_alignment_date,2026-09-18,2026-09-29,Explicit retained-evidence revalidation of supported name association; not a source-capture date.
acm_fellows.csv,431,"Chan, Timothy",csrankings_name_alignment_date,2026-09-18,2026-09-29,Explicit retained-evidence revalidation of supported name association; not a source-capture date.
acm_fellows.csv,433,"Chen, Xilin",csrankings_name_alignment_date,2026-09-18,2026-09-29,Explicit retained-evidence revalidation of supported name association; not a source-capture date.
acm_fellows.csv,434,"Churchill, Elizabeth Frances",csrankings_name_alignment_date,2026-09-18,2026-09-29,Explicit retained-evidence revalidation of supported name association; not a source-capture date.
acm_fellows.csv,436,"Conitzer, Vincent",csrankings_name_alignment_date,2026-09-18,2026-09-29,Explicit retained-evidence revalidation of supported name association; not a source-capture date.
acm_fellows.csv,437,"Contractor, Noshir",csrankings_name_alignment_date,2026-09-18,2026-09-29,Explicit retained-evidence revalidation of supported name association; not a source-capture date.
acm_fellows.csv,438,"Dwyer, Matthew B",csrankings_name_alignment_date,2026-09-18,2026-09-29,Explicit retained-evidence revalidation of supported name association; not a source-capture date.
acm_fellows.csv,440,"Freedman, Michael J.",csrankings_name_alignment_date,2026-09-18,2026-09-29,Explicit retained-evidence revalidation of supported name association; not a source-capture date.
acm_fellows.csv,442,"Getoor, Lise",csrankings_name_alignment_date,2026-09-18,2026-09-29,Explicit retained-evidence revalidation of supported name association; not a source-capture date.
acm_fellows.csv,443,"Gini, Maria L",csrankings_name_alignment_date,2026-09-18,2026-09-29,Explicit retained-evidence revalidation of supported name association; not a source-capture date.
acm_fellows.csv,444,"Kambhampati, Subbarao",csrankings_name_alignment_date,2026-09-18,2026-09-29,Explicit retained-evidence revalidation of supported name association; not a source-capture date.
acm_fellows.csv,446,"Li, Xiangyang",csrankings_name_alignment_date,2026-09-18,2026-09-29,Explicit retained-evidence revalidation of supported name association; not a source-capture date.
acm_fellows.csv,447,"Lu, Songwu",csrankings_name_alignment_date,2026-09-18,2026-09-29,Explicit retained-evidence revalidation of supported name association; not a source-capture date.
acm_fellows.csv,449,"Marculescu, Diana",csrankings_name_alignment_date,2026-09-18,2026-09-29,Explicit retained-evidence revalidation of supported name association; not a source-capture date.
acm_fellows.csv,450,"McIlraith, Sheila",csrankings_name_alignment_date,2026-09-18,2026-09-29,Explicit retained-evidence revalidation of supported name association; not a source-capture date.
acm_fellows.csv,451,"Mihalcea, Rada",csrankings_name_alignment_date,2026-09-18,2026-09-29,Explicit retained-evidence revalidation of supported name association; not a source-capture date.
acm_fellows.csv,452,"Murphy, Robin R",csrankings_name_alignment_date,2026-09-18,2026-09-29,Explicit retained-evidence revalidation of supported name association; not a source-capture date.
acm_fellows.csv,454,"Nieh, Jason",csrankings_name_alignment_date,2026-09-18,2026-09-29,Explicit retained-evidence revalidation of supported name association; not a source-capture date.
acm_fellows.csv,455,"Pfister, Hanspeter",csrankings_name_alignment_date,2026-09-18,2026-09-29,Explicit retained-evidence revalidation of supported name association; not a source-capture date.
acm_fellows.csv,457,"Pop, Mihai",csrankings_name_alignment_date,2026-09-18,2026-09-29,Explicit retained-evidence revalidation of supported name association; not a source-capture date.
acm_fellows.csv,459,"Rosenschein, Jeffrey S",csrankings_name_alignment_date,2026-09-18,2026-09-29,Explicit retained-evidence revalidation of supported name association; not a source-capture date.
acm_fellows.csv,460,"Seshan, Srinivasan",csrankings_name_alignment_date,2026-09-18,2026-09-29,Explicit retained-evidence revalidation of supported name association; not a source-capture date.
acm_fellows.csv,461,"Shenoy, Prashant J",csrankings_name_alignment_date,2026-09-18,2026-09-29,Explicit retained-evidence revalidation of supported name association; not a source-capture date.
acm_fellows.csv,463,"Singh, Mona",csrankings_name_alignment_date,2026-09-18,2026-09-29,Explicit retained-evidence revalidation of supported name association; not a source-capture date.
acm_fellows.csv,464,"Sitaraman, Ramesh Kumar",csrankings_name_alignment_date,2026-09-18,2026-09-29,Explicit retained-evidence revalidation of supported name association; not a source-capture date.
acm_fellows.csv,465,"Song, Dawn",csrankings_name_alignment_date,2026-09-18,2026-09-29,Explicit retained-evidence revalidation of supported name association; not a source-capture date.
acm_fellows.csv,466,"Stolfo, Salvatore J",csrankings_name_alignment_date,2026-09-18,2026-09-29,Explicit retained-evidence revalidation of supported name association; not a source-capture date.
acm_fellows.csv,467,"Tao, Dacheng",csrankings_name_alignment_date,2026-09-18,2026-09-29,Explicit retained-evidence revalidation of supported name association; not a source-capture date.
acm_fellows.csv,468,"Tennenholtz, Moshe",csrankings_name_alignment_date,2026-09-18,2026-09-29,Explicit retained-evidence revalidation of supported name association; not a source-capture date.
acm_fellows.csv,469,"Vigna, Giovanni",csrankings_name_alignment_date,2026-09-18,2026-09-29,Explicit retained-evidence revalidation of supported name association; not a source-capture date.
acm_fellows.csv,470,"Vishnoi, Nisheeth Kumar",csrankings_name_alignment_date,2026-09-18,2026-09-29,Explicit retained-evidence revalidation of supported name association; not a source-capture date.
acm_fellows.csv,471,"Whitley, Darrell",csrankings_name_alignment_date,2026-09-18,2026-09-29,Explicit retained-evidence revalidation of supported name association; not a source-capture date.
acm_fellows.csv,472,"Xie, Yuan",csrankings_name_alignment_date,2026-09-18,2026-09-29,Explicit retained-evidence revalidation of supported name association; not a source-capture date.
acm_fellows.csv,478,"Asokan, N",csrankings_name_alignment_date,2026-09-18,2026-09-29,Explicit retained-evidence revalidation of supported name association; not a source-capture date.
acm_fellows.csv,480,"Bartlett, Peter L",csrankings_name_alignment_date,2026-09-18,2026-09-29,Explicit retained-evidence revalidation of supported name association; not a source-capture date.
acm_fellows.csv,481,"Basin, David",csrankings_name_alignment_date,2026-09-18,2026-09-29,Explicit retained-evidence revalidation of supported name association; not a source-capture date.
acm_fellows.csv,482,"Belding, Elizabeth",csrankings_name_alignment_date,2026-09-18,2026-09-29,Explicit retained-evidence revalidation of supported name association; not a source-capture date.
acm_fellows.csv,484,"Borner, Katy",csrankings_name_alignment_date,2026-09-18,2026-09-29,Explicit retained-evidence revalidation of supported name association; not a source-capture date.
acm_fellows.csv,485,"Bruckman, Amy S",csrankings_name_alignment_date,2026-09-18,2026-09-29,Explicit retained-evidence revalidation of supported name association; not a source-capture date.
acm_fellows.csv,487,"Darwiche, Adnan",csrankings_name_alignment_date,2026-09-18,2026-09-29,Explicit retained-evidence revalidation of supported name association; not a source-capture date.
acm_fellows.csv,488,"Dehon, Andre M",csrankings_name_alignment_date,2026-09-18,2026-09-29,Explicit retained-evidence revalidation of supported name association; not a source-capture date.
acm_fellows.csv,490,"Dey, Tamal Krishna",csrankings_name_alignment_date,2026-09-18,2026-09-29,Explicit retained-evidence revalidation of supported name association; not a source-capture date.
acm_fellows.csv,491,"Dwarkadas, Sandhya",csrankings_name_alignment_date,2026-09-18,2026-09-29,Explicit retained-evidence revalidation of supported name association; not a source-capture date.
acm_fellows.csv,492,"Feiner, Steven",csrankings_name_alignment_date,2026-09-18,2026-09-29,Explicit retained-evidence revalidation of supported name association; not a source-capture date.
acm_fellows.csv,493,"Finin, Tim",csrankings_name_alignment_date,2026-09-18,2026-09-29,Explicit retained-evidence revalidation of supported name association; not a source-capture date.
acm_fellows.csv,497,"Gilbert, Juan E",csrankings_name_alignment_date,2026-09-18,2026-09-29,Explicit retained-evidence revalidation of supported name association; not a source-capture date.
acm_fellows.csv,498,"Hajiaghayi, Mohammad T.",csrankings_name_alignment_date,2026-09-18,2026-09-29,Explicit retained-evidence revalidation of supported name association; not a source-capture date.
acm_fellows.csv,499,"Halperin, Dan",csrankings_name_alignment_date,2026-09-18,2026-09-29,Explicit retained-evidence revalidation of supported name association; not a source-capture date.
acm_fellows.csv,500,"He, Tian",csrankings_name_alignment_date,2026-09-18,2026-09-29,Explicit retained-evidence revalidation of supported name association; not a source-capture date.
acm_fellows.csv,501,"Heinzelman, Wendi Beth",csrankings_name_alignment_date,2026-09-18,2026-09-29,Explicit retained-evidence revalidation of supported name association; not a source-capture date.
acm_fellows.csv,503,"Hodgins, Jessica K",csrankings_name_alignment_date,2026-09-18,2026-09-29,Explicit retained-evidence revalidation of supported name association; not a source-capture date.
acm_fellows.csv,504,"Hughes, John",csrankings_name_alignment_date,2026-09-18,2026-09-29,Explicit retained-evidence revalidation of supported name association; not a source-capture date.
acm_fellows.csv,505,"Håstad, Johan",csrankings_name_alignment_date,2026-09-18,2026-09-29,Explicit retained-evidence revalidation of supported name association; not a source-capture date.
acm_fellows.csv,506,"Isbell, Charles Lee",csrankings_name_alignment_date,2026-09-18,2026-09-29,Explicit retained-evidence revalidation of supported name association; not a source-capture date.
acm_fellows.csv,508,"Khanna, Sanjeev",csrankings_name_alignment_date,2026-09-18,2026-09-29,Explicit retained-evidence revalidation of supported name association; not a source-capture date.
acm_fellows.csv,509,"Lee, Lillian",csrankings_name_alignment_date,2026-09-18,2026-09-29,Explicit retained-evidence revalidation of supported name association; not a source-capture date.
acm_fellows.csv,511,"Li, Fei-Fei",csrankings_name_alignment_date,2026-09-18,2026-09-29,Explicit retained-evidence revalidation of supported name association; not a source-capture date.
acm_fellows.csv,512,"Littman, Michael",csrankings_name_alignment_date,2026-09-18,2026-09-29,Explicit retained-evidence revalidation of supported name association; not a source-capture date.
acm_fellows.csv,513,"Liu, Huan",csrankings_name_alignment_date,2026-09-18,2026-09-29,Explicit retained-evidence revalidation of supported name association; not a source-capture date.
acm_fellows.csv,514,"Luo, Jiebo",csrankings_name_alignment_date,2026-09-18,2026-09-29,Explicit retained-evidence revalidation of supported name association; not a source-capture date.
acm_fellows.csv,515,"Maggs, Bruce M",csrankings_name_alignment_date,2026-09-18,2026-09-29,Explicit retained-evidence revalidation of supported name association; not a source-capture date.
acm_fellows.csv,516,"Manjunath, Bangalore S",csrankings_name_alignment_date,2026-09-18,2026-09-29,Explicit retained-evidence revalidation of supported name association; not a source-capture date.
acm_fellows.csv,517,"Misra, Vishal",csrankings_name_alignment_date,2026-09-18,2026-09-29,Explicit retained-evidence revalidation of supported name association; not a source-capture date.
acm_fellows.csv,518,"Mueller, Frank",csrankings_name_alignment_date,2026-09-18,2026-09-29,Explicit retained-evidence revalidation of supported name association; not a source-capture date.
acm_fellows.csv,519,"Parkes, David",csrankings_name_alignment_date,2026-09-18,2026-09-29,Explicit retained-evidence revalidation of supported name association; not a source-capture date.
acm_fellows.csv,521,"Pitassi, Toniann",csrankings_name_alignment_date,2026-09-18,2026-09-29,Explicit retained-evidence revalidation of supported name association; not a source-capture date.
acm_fellows.csv,522,"Qiu, Lili",csrankings_name_alignment_date,2026-09-18,2026-09-29,Explicit retained-evidence revalidation of supported name association; not a source-capture date.
acm_fellows.csv,524,"Sahai, Amit",csrankings_name_alignment_date,2026-09-18,2026-09-29,Explicit retained-evidence revalidation of supported name association; not a source-capture date.
acm_fellows.csv,525,"Snoeren, Alex C.",csrankings_name_alignment_date,2026-09-18,2026-09-29,Explicit retained-evidence revalidation of supported name association; not a source-capture date.
acm_fellows.csv,527,"Thuraisingham, Bhavani",csrankings_name_alignment_date,2026-09-18,2026-09-29,Explicit retained-evidence revalidation of supported name association; not a source-capture date.
acm_fellows.csv,528,"Vadhan, Salil",csrankings_name_alignment_date,2026-09-18,2026-09-29,Explicit retained-evidence revalidation of supported name association; not a source-capture date.
acm_fellows.csv,532,"Birkedal, Lars",csrankings_name_alignment_date,2026-09-18,2026-09-29,Explicit retained-evidence revalidation of supported name association; not a source-capture date.
acm_fellows.csv,533,"Bugnion, Edouard",csrankings_name_alignment_date,2026-09-18,2026-09-29,Explicit retained-evidence revalidation of supported name association; not a source-capture date.
acm_fellows.csv,534,"Burnett, Margaret",csrankings_name_alignment_date,2026-09-18,2026-09-29,Explicit retained-evidence revalidation of supported name association; not a source-capture date.
acm_fellows.csv,535,"Chang, Shih Fu",csrankings_name_alignment_date,2026-09-18,2026-09-29,Explicit retained-evidence revalidation of supported name association; not a source-capture date.
acm_fellows.csv,541,"Goldwasser, Shafi",csrankings_name_alignment_date,2026-09-18,2026-09-29,Explicit retained-evidence revalidation of supported name association; not a source-capture date.
acm_fellows.csv,542,"Gomes, Carla",csrankings_name_alignment_date,2026-09-18,2026-09-29,Explicit retained-evidence revalidation of supported name association; not a source-capture date.
acm_fellows.csv,543,"Grohe, Martin",csrankings_name_alignment_date,2026-09-18,2026-09-29,Explicit retained-evidence revalidation of supported name association; not a source-capture date.
acm_fellows.csv,544,"Gupta, Aarti",csrankings_name_alignment_date,2026-09-18,2026-09-29,Explicit retained-evidence revalidation of supported name association; not a source-capture date.
acm_fellows.csv,545,"guruswami, venkatesan",csrankings_name_alignment_date,2026-09-18,2026-09-29,Explicit retained-evidence revalidation of supported name association; not a source-capture date.
acm_fellows.csv,547,"Hager, Gregory",csrankings_name_alignment_date,2026-09-18,2026-09-29,Explicit retained-evidence revalidation of supported name association; not a source-capture date.
acm_fellows.csv,549,"Harchol-Balter, Mor",csrankings_name_alignment_date,2026-09-18,2026-09-29,Explicit retained-evidence revalidation of supported name association; not a source-capture date.
acm_fellows.csv,552,"Keromytis, Angelos Dennis",csrankings_name_alignment_date,2026-09-18,2026-09-29,Explicit retained-evidence revalidation of supported name association; not a source-capture date.
acm_fellows.csv,554,"Knightly, Edward",csrankings_name_alignment_date,2026-09-18,2026-09-29,Explicit retained-evidence revalidation of supported name association; not a source-capture date.
acm_fellows.csv,556,"Lee, Insup",csrankings_name_alignment_date,2026-09-18,2026-09-29,Explicit retained-evidence revalidation of supported name association; not a source-capture date.
acm_fellows.csv,557,"Lee, Wenke",csrankings_name_alignment_date,2026-09-18,2026-09-29,Explicit retained-evidence revalidation of supported name association; not a source-capture date.
acm_fellows.csv,560,"Lozano-Perez, Tomas",csrankings_name_alignment_date,2026-09-18,2026-09-29,Explicit retained-evidence revalidation of supported name association; not a source-capture date.
acm_fellows.csv,562,"Ma, Yi",csrankings_name_alignment_date,2026-09-18,2026-09-29,Explicit retained-evidence revalidation of supported name association; not a source-capture date.
acm_fellows.csv,563,"Mccallum, Andrew K.",csrankings_name_alignment_date,2026-09-18,2026-09-29,Explicit retained-evidence revalidation of supported name association; not a source-capture date.
acm_fellows.csv,564,"Micali, Silvio",csrankings_name_alignment_date,2026-09-18,2026-09-29,Explicit retained-evidence revalidation of supported name association; not a source-capture date.
acm_fellows.csv,565,"Moshovos, Andreas",csrankings_name_alignment_date,2026-09-18,2026-09-29,Explicit retained-evidence revalidation of supported name association; not a source-capture date.
acm_fellows.csv,566,"Murphy, Gail C",csrankings_name_alignment_date,2026-09-18,2026-09-29,Explicit retained-evidence revalidation of supported name association; not a source-capture date.
acm_fellows.csv,567,"Mutlu, Onur",csrankings_name_alignment_date,2026-09-18,2026-09-29,Explicit retained-evidence revalidation of supported name association; not a source-capture date.
acm_fellows.csv,569,"Prabhakar, Balaji",csrankings_name_alignment_date,2026-09-18,2026-09-29,Explicit retained-evidence revalidation of supported name association; not a source-capture date.
acm_fellows.csv,571,"Ramakrishnan, K. K.",csrankings_name_alignment_date,2026-09-18,2026-09-29,Explicit retained-evidence revalidation of supported name association; not a source-capture date.
acm_fellows.csv,572,"Ramamoorthi, Ravi",csrankings_name_alignment_date,2026-09-18,2026-09-29,Explicit retained-evidence revalidation of supported name association; not a source-capture date.
acm_fellows.csv,573,"Rogers, Yvonne",csrankings_name_alignment_date,2026-09-18,2026-09-29,Explicit retained-evidence revalidation of supported name association; not a source-capture date.
acm_fellows.csv,575,"Schoelkopf, Bernhard",csrankings_name_alignment_date,2026-09-18,2026-09-29,Explicit retained-evidence revalidation of supported name association; not a source-capture date.
acm_fellows.csv,576,"Seitz, Steve",csrankings_name_alignment_date,2026-09-18,2026-09-29,Explicit retained-evidence revalidation of supported name association; not a source-capture date.
acm_fellows.csv,578,"Sivasubramaniam, Anand",csrankings_name_alignment_date,2026-09-18,2026-09-29,Explicit retained-evidence revalidation of supported name association; not a source-capture date.
acm_fellows.csv,579,"Srivastava, Mani B.",csrankings_name_alignment_date,2026-09-18,2026-09-29,Explicit retained-evidence revalidation of supported name association; not a source-capture date.
acm_fellows.csv,581,"Voelker, Geoffrey",csrankings_name_alignment_date,2026-09-18,2026-09-29,Explicit retained-evidence revalidation of supported name association; not a source-capture date.
acm_fellows.csv,582,"Wong, Martin",csrankings_name_alignment_date,2026-09-18,2026-09-29,Explicit retained-evidence revalidation of supported name association; not a source-capture date.
acm_fellows.csv,583,"Yang, Qiang",csrankings_name_alignment_date,2026-09-18,2026-09-29,Explicit retained-evidence revalidation of supported name association; not a source-capture date.
acm_fellows.csv,584,"Zhai, Chengxiang",csrankings_name_alignment_date,2026-09-18,2026-09-29,Explicit retained-evidence revalidation of supported name association; not a source-capture date.
acm_fellows.csv,585,"Zhang, Aidong",csrankings_name_alignment_date,2026-09-18,2026-09-29,Explicit retained-evidence revalidation of supported name association; not a source-capture date.
acm_fellows.csv,587,"Barford, Paul",csrankings_name_alignment_date,2026-09-18,2026-09-29,Explicit retained-evidence revalidation of supported name association; not a source-capture date.
acm_fellows.csv,588,"Benini, Luca",csrankings_name_alignment_date,2026-09-18,2026-09-29,Explicit retained-evidence revalidation of supported name association; not a source-capture date.
acm_fellows.csv,591,"Boneh, Dan",csrankings_name_alignment_date,2026-09-18,2026-09-29,Explicit retained-evidence revalidation of supported name association; not a source-capture date.
acm_fellows.csv,592,"Brodley, Carla",csrankings_name_alignment_date,2026-09-18,2026-09-29,Explicit retained-evidence revalidation of supported name association; not a source-capture date.
acm_fellows.csv,593,"Cassell, Justine",csrankings_name_alignment_date,2026-09-18,2026-09-29,Explicit retained-evidence revalidation of supported name association; not a source-capture date.
acm_fellows.csv,594,"Demaine, Erik",csrankings_name_alignment_date,2026-09-18,2026-09-29,Explicit retained-evidence revalidation of supported name association; not a source-capture date.
acm_fellows.csv,596,"Durand, Fredo",csrankings_name_alignment_date,2026-09-18,2026-09-29,Explicit retained-evidence revalidation of supported name association; not a source-capture date.
acm_fellows.csv,597,"Feamster, Nick",csrankings_name_alignment_date,2026-09-18,2026-09-29,Explicit retained-evidence revalidation of supported name association; not a source-capture date.
acm_fellows.csv,599,"Freeman, William",csrankings_name_alignment_date,2026-09-18,2026-09-29,Explicit retained-evidence revalidation of supported name association; not a source-capture date.
acm_fellows.csv,602,"Gupta, Rajesh",csrankings_name_alignment_date,2026-09-18,2026-09-29,Explicit retained-evidence revalidation of supported name association; not a source-capture date.
acm_fellows.csv,603,"Hendler, James",csrankings_name_alignment_date,2026-09-18,2026-09-29,Explicit retained-evidence revalidation of supported name association; not a source-capture date.
acm_fellows.csv,604,"Henzinger, Monika",csrankings_name_alignment_date,2026-09-18,2026-09-29,Explicit retained-evidence revalidation of supported name association; not a source-capture date.
acm_fellows.csv,607,"Jackson, Daniel",csrankings_name_alignment_date,2026-09-18,2026-09-29,Explicit retained-evidence revalidation of supported name association; not a source-capture date.
acm_fellows.csv,608,"Jacob, Robert J.K.",csrankings_name_alignment_date,2026-09-18,2026-09-29,Explicit retained-evidence revalidation of supported name association; not a source-capture date.
acm_fellows.csv,609,"Jha, Somesh",csrankings_name_alignment_date,2026-09-18,2026-09-29,Explicit retained-evidence revalidation of supported name association; not a source-capture date.
acm_fellows.csv,611,"Kermarrec, Anne-Marie",csrankings_name_alignment_date,2026-09-18,2026-09-29,Explicit retained-evidence revalidation of supported name association; not a source-capture date.
acm_fellows.csv,612,"Kersten, Martin",csrankings_name_alignment_date,2026-09-18,2026-09-29,Explicit retained-evidence revalidation of supported name association; not a source-capture date.
acm_fellows.csv,613,"Kozyrakis, Christos",csrankings_name_alignment_date,2026-09-18,2026-09-29,Explicit retained-evidence revalidation of supported name association; not a source-capture date.
acm_fellows.csv,614,"Kwiatkowska, Marta",csrankings_name_alignment_date,2026-09-18,2026-09-29,Explicit retained-evidence revalidation of supported name association; not a source-capture date.
acm_fellows.csv,615,"Landay, James",csrankings_name_alignment_date,2026-09-18,2026-09-29,Explicit retained-evidence revalidation of supported name association; not a source-capture date.
acm_fellows.csv,618,"Mowry, Todd C",csrankings_name_alignment_date,2026-09-18,2026-09-29,Explicit retained-evidence revalidation of supported name association; not a source-capture date.
acm_fellows.csv,622,"Patel, Shwetak N",csrankings_name_alignment_date,2026-09-18,2026-09-29,Explicit retained-evidence revalidation of supported name association; not a source-capture date.
acm_fellows.csv,623,"Peleg, David",csrankings_name_alignment_date,2026-09-18,2026-09-29,Explicit retained-evidence revalidation of supported name association; not a source-capture date.
acm_fellows.csv,625,"Perrig, Adrian",csrankings_name_alignment_date,2026-09-18,2026-09-29,Explicit retained-evidence revalidation of supported name association; not a source-capture date.
acm_fellows.csv,627,"Raschid, Louiqa",csrankings_name_alignment_date,2026-09-18,2026-09-29,Explicit retained-evidence revalidation of supported name association; not a source-capture date.
acm_fellows.csv,628,"Rushmeier, Holly E",csrankings_name_alignment_date,2026-09-18,2026-09-29,Explicit retained-evidence revalidation of supported name association; not a source-capture date.
acm_fellows.csv,629,"Saks, Michael E",csrankings_name_alignment_date,2026-09-18,2026-09-29,Explicit retained-evidence revalidation of supported name association; not a source-capture date.
acm_fellows.csv,634,"Taylor, Valerie",csrankings_name_alignment_date,2026-09-18,2026-09-29,Explicit retained-evidence revalidation of supported name association; not a source-capture date.
acm_fellows.csv,635,"Tomasi, Carlo",csrankings_name_alignment_date,2026-09-18,2026-09-29,Explicit retained-evidence revalidation of supported name association; not a source-capture date.
acm_fellows.csv,636,"Van Oorschot, Paul",csrankings_name_alignment_date,2026-09-18,2026-09-29,Explicit retained-evidence revalidation of supported name association; not a source-capture date.
acm_fellows.csv,638,"Zhou, Zhi-Hua",csrankings_name_alignment_date,2026-09-18,2026-09-29,Explicit retained-evidence revalidation of supported name association; not a source-capture date.
acm_fellows.csv,639,"Ailamaki, Anastasia",csrankings_name_alignment_date,2026-09-18,2026-09-29,Explicit retained-evidence revalidation of supported name association; not a source-capture date.
acm_fellows.csv,640,"Amato, Nancy M",csrankings_name_alignment_date,2026-09-18,2026-09-29,Explicit retained-evidence revalidation of supported name association; not a source-capture date.
acm_fellows.csv,641,"Blei, David M.",csrankings_name_alignment_date,2026-09-18,2026-09-29,Explicit retained-evidence revalidation of supported name association; not a source-capture date.
acm_fellows.csv,642,"Chang, Naehyuck",csrankings_name_alignment_date,2026-09-18,2026-09-29,Explicit retained-evidence revalidation of supported name association; not a source-capture date.
acm_fellows.csv,645,"De Giacomo, Giuseppe",csrankings_name_alignment_date,2026-09-18,2026-09-29,Explicit retained-evidence revalidation of supported name association; not a source-capture date.
acm_fellows.csv,646,"Dourish, Paul",csrankings_name_alignment_date,2026-09-18,2026-09-29,Explicit retained-evidence revalidation of supported name association; not a source-capture date.
acm_fellows.csv,647,"Dwork, Cynthia",csrankings_name_alignment_date,2026-09-18,2026-09-29,Explicit retained-evidence revalidation of supported name association; not a source-capture date.
acm_fellows.csv,649,"Falsafi, Babak",csrankings_name_alignment_date,2026-09-18,2026-09-29,Explicit retained-evidence revalidation of supported name association; not a source-capture date.
acm_fellows.csv,650,"Franz, Michael",csrankings_name_alignment_date,2026-09-18,2026-09-29,Explicit retained-evidence revalidation of supported name association; not a source-capture date.
acm_fellows.csv,653,"Haritsa, Jayant R",csrankings_name_alignment_date,2026-09-18,2026-09-29,Explicit retained-evidence revalidation of supported name association; not a source-capture date.
acm_fellows.csv,654,"Hirschberg, Julia",csrankings_name_alignment_date,2026-09-18,2026-09-29,Explicit retained-evidence revalidation of supported name association; not a source-capture date.
acm_fellows.csv,655,"Indyk, Piotr",csrankings_name_alignment_date,2026-09-18,2026-09-29,Explicit retained-evidence revalidation of supported name association; not a source-capture date.
acm_fellows.csv,656,"Kuo, Tei-Wei",csrankings_name_alignment_date,2026-09-18,2026-09-29,Explicit retained-evidence revalidation of supported name association; not a source-capture date.
acm_fellows.csv,657,"Leroy, Xavier",csrankings_name_alignment_date,2026-09-18,2026-09-29,Explicit retained-evidence revalidation of supported name association; not a source-capture date.
acm_fellows.csv,658,"Lin, Chih-Jen",csrankings_name_alignment_date,2026-09-18,2026-09-29,Explicit retained-evidence revalidation of supported name association; not a source-capture date.
acm_fellows.csv,659,"Liu, Bing",csrankings_name_alignment_date,2026-09-18,2026-09-29,Explicit retained-evidence revalidation of supported name association; not a source-capture date.
acm_fellows.csv,660,"Liu, Yunhao",csrankings_name_alignment_date,2026-09-18,2026-09-29,Explicit retained-evidence revalidation of supported name association; not a source-capture date.
acm_fellows.csv,662,"Lyu, Michael Rung-Tsong",csrankings_name_alignment_date,2026-09-18,2026-09-29,Explicit retained-evidence revalidation of supported name association; not a source-capture date.
acm_fellows.csv,663,"Maurer, Ueli M",csrankings_name_alignment_date,2026-09-18,2026-09-29,Explicit retained-evidence revalidation of supported name association; not a source-capture date.
acm_fellows.csv,664,"McDaniel, Patrick",csrankings_name_alignment_date,2026-09-18,2026-09-29,Explicit retained-evidence revalidation of supported name association; not a source-capture date.
acm_fellows.csv,666,"Mynatt, Elizabeth D.",csrankings_name_alignment_date,2026-09-18,2026-09-29,Explicit retained-evidence revalidation of supported name association; not a source-capture date.
acm_fellows.csv,668,"Pei, Jian",csrankings_name_alignment_date,2026-09-18,2026-09-29,Explicit retained-evidence revalidation of supported name association; not a source-capture date.
acm_fellows.csv,669,"Pfenning, Frank",csrankings_name_alignment_date,2026-09-18,2026-09-29,Explicit retained-evidence revalidation of supported name association; not a source-capture date.
acm_fellows.csv,673,"Sagiv, Shmuel",csrankings_name_alignment_date,2026-09-18,2026-09-29,Explicit retained-evidence revalidation of supported name association; not a source-capture date.
acm_fellows.csv,674,"Schroeder, Peter",csrankings_name_alignment_date,2026-09-18,2026-09-29,Explicit retained-evidence revalidation of supported name association; not a source-capture date.
acm_fellows.csv,675,"Schuster, Assaf",csrankings_name_alignment_date,2026-09-18,2026-09-29,Explicit retained-evidence revalidation of supported name association; not a source-capture date.
acm_fellows.csv,676,"Skadron, Kevin",csrankings_name_alignment_date,2026-09-18,2026-09-29,Explicit retained-evidence revalidation of supported name association; not a source-capture date.
acm_fellows.csv,678,"Vempala, Santosh",csrankings_name_alignment_date,2026-09-18,2026-09-29,Explicit retained-evidence revalidation of supported name association; not a source-capture date.
acm_fellows.csv,679,"Warnow, Tandy",csrankings_name_alignment_date,2026-09-18,2026-09-29,Explicit retained-evidence revalidation of supported name association; not a source-capture date.
acm_fellows.csv,680,"Wooldridge, Michael",csrankings_name_alignment_date,2026-09-18,2026-09-29,Explicit retained-evidence revalidation of supported name association; not a source-capture date.
acm_fellows.csv,681,"Abramsky, Samson",csrankings_name_alignment_date,2026-09-18,2026-09-29,Explicit retained-evidence revalidation of supported name association; not a source-capture date.
acm_fellows.csv,682,"Adve, Vikram",csrankings_name_alignment_date,2026-09-18,2026-09-29,Explicit retained-evidence revalidation of supported name association; not a source-capture date.
acm_fellows.csv,685,"Borodin, Allan",csrankings_name_alignment_date,2026-09-18,2026-09-29,Explicit retained-evidence revalidation of supported name association; not a source-capture date.
acm_fellows.csv,686,"Bundy, Alan",csrankings_name_alignment_date,2026-09-18,2026-09-29,Explicit retained-evidence revalidation of supported name association; not a source-capture date.
acm_fellows.csv,687,"Cranor, Lorrie Faith",csrankings_name_alignment_date,2026-09-18,2026-09-29,Explicit retained-evidence revalidation of supported name association; not a source-capture date.
acm_fellows.csv,688,"Davis, Timothy Alden",csrankings_name_alignment_date,2026-09-18,2026-09-29,Explicit retained-evidence revalidation of supported name association; not a source-capture date.
acm_fellows.csv,689,"Devadas, Srinivas",csrankings_name_alignment_date,2026-09-18,2026-09-29,Explicit retained-evidence revalidation of supported name association; not a source-capture date.
acm_fellows.csv,691,"Dutt, Nikil D.",csrankings_name_alignment_date,2026-09-18,2026-09-29,Explicit retained-evidence revalidation of supported name association; not a source-capture date.
acm_fellows.csv,692,"Ellen, Faith",csrankings_name_alignment_date,2026-09-18,2026-09-29,Explicit retained-evidence revalidation of supported name association; not a source-capture date.
acm_fellows.csv,693,"Ernst, Michael D",csrankings_name_alignment_date,2026-09-18,2026-09-29,Explicit retained-evidence revalidation of supported name association; not a source-capture date.
acm_fellows.csv,694,"Finkelstein, Adam",csrankings_name_alignment_date,2026-09-18,2026-09-29,Explicit retained-evidence revalidation of supported name association; not a source-capture date.
acm_fellows.csv,695,"Freire, Juliana",csrankings_name_alignment_date,2026-09-18,2026-09-29,Explicit retained-evidence revalidation of supported name association; not a source-capture date.
acm_fellows.csv,698,"Guzdial, Mark",csrankings_name_alignment_date,2026-09-18,2026-09-29,Explicit retained-evidence revalidation of supported name association; not a source-capture date.
acm_fellows.csv,699,"Heiser, Gernot",csrankings_name_alignment_date,2026-09-18,2026-09-29,Explicit retained-evidence revalidation of supported name association; not a source-capture date.
acm_fellows.csv,701,"Joachims, Thorsten",csrankings_name_alignment_date,2026-09-18,2026-09-29,Explicit retained-evidence revalidation of supported name association; not a source-capture date.
acm_fellows.csv,702,"Kearns, Michael",csrankings_name_alignment_date,2026-09-18,2026-09-29,Explicit retained-evidence revalidation of supported name association; not a source-capture date.
acm_fellows.csv,703,"King, Valerie",csrankings_name_alignment_date,2026-09-18,2026-09-29,Explicit retained-evidence revalidation of supported name association; not a source-capture date.
acm_fellows.csv,704,"Kraus, Sarit",csrankings_name_alignment_date,2026-09-18,2026-09-29,Explicit retained-evidence revalidation of supported name association; not a source-capture date.
acm_fellows.csv,707,"Mansour, Yishay",csrankings_name_alignment_date,2026-09-18,2026-09-29,Explicit retained-evidence revalidation of supported name association; not a source-capture date.
acm_fellows.csv,708,"Mitra, Subhasish",csrankings_name_alignment_date,2026-09-18,2026-09-29,Explicit retained-evidence revalidation of supported name association; not a source-capture date.
acm_fellows.csv,709,"Mitzenmacher, Michael",csrankings_name_alignment_date,2026-09-18,2026-09-29,Explicit retained-evidence revalidation of supported name association; not a source-capture date.
acm_fellows.csv,710,"Morris, Robert",csrankings_name_alignment_date,2026-09-18,2026-09-29,Explicit retained-evidence revalidation of supported name association; not a source-capture date.
acm_fellows.csv,711,"Narayanan, Vijaykrishnan",csrankings_name_alignment_date,2026-09-18,2026-09-29,Explicit retained-evidence revalidation of supported name association; not a source-capture date.
acm_fellows.csv,712,"Navathe, Shamkant",csrankings_name_alignment_date,2026-09-18,2026-09-29,Explicit retained-evidence revalidation of supported name association; not a source-capture date.
acm_fellows.csv,713,"Patel, Jignesh M",csrankings_name_alignment_date,2026-09-18,2026-09-29,Explicit retained-evidence revalidation of supported name association; not a source-capture date.
acm_fellows.csv,715,"Reingold, Omer",csrankings_name_alignment_date,2026-09-18,2026-09-29,Explicit retained-evidence revalidation of supported name association; not a source-capture date.
acm_fellows.csv,716,"Rodden, Tom",csrankings_name_alignment_date,2026-09-18,2026-09-29,Explicit retained-evidence revalidation of supported name association; not a source-capture date.
acm_fellows.csv,717,"Rubinfeld, Ronitt",csrankings_name_alignment_date,2026-09-18,2026-09-29,Explicit retained-evidence revalidation of supported name association; not a source-capture date.
acm_fellows.csv,718,"Rus, Daniela",csrankings_name_alignment_date,2026-09-18,2026-09-29,Explicit retained-evidence revalidation of supported name association; not a source-capture date.
acm_fellows.csv,719,"Sangiovanni Vincentelli, Alberto Luigi",csrankings_name_alignment_date,2026-09-18,2026-09-29,Explicit retained-evidence revalidation of supported name association; not a source-capture date.
acm_fellows.csv,720,"Schulzrinne, Henning",csrankings_name_alignment_date,2026-09-18,2026-09-29,Explicit retained-evidence revalidation of supported name association; not a source-capture date.
acm_fellows.csv,721,"Shieber, Stuart",csrankings_name_alignment_date,2026-09-18,2026-09-29,Explicit retained-evidence revalidation of supported name association; not a source-capture date.
acm_fellows.csv,723,"Srinivasan, Aravind",csrankings_name_alignment_date,2026-09-18,2026-09-29,Explicit retained-evidence revalidation of supported name association; not a source-capture date.
acm_fellows.csv,724,"Sudarshan, S.",csrankings_name_alignment_date,2026-09-18,2026-09-29,Explicit retained-evidence revalidation of supported name association; not a source-capture date.
acm_fellows.csv,726,"Tsudik, Gene",csrankings_name_alignment_date,2026-09-18,2026-09-29,Explicit retained-evidence revalidation of supported name association; not a source-capture date.
acm_fellows.csv,727,"Whittaker, Stephen J",csrankings_name_alignment_date,2026-09-18,2026-09-29,Explicit retained-evidence revalidation of supported name association; not a source-capture date.
acm_fellows.csv,730,"Anderson, James H",csrankings_name_alignment_date,2026-09-18,2026-09-29,Explicit retained-evidence revalidation of supported name association; not a source-capture date.
acm_fellows.csv,731,"Bellare, Mihir",csrankings_name_alignment_date,2026-09-18,2026-09-29,Explicit retained-evidence revalidation of supported name association; not a source-capture date.
acm_fellows.csv,733,"Ceri, Stefano",csrankings_name_alignment_date,2026-09-18,2026-09-29,Explicit retained-evidence revalidation of supported name association; not a source-capture date.
acm_fellows.csv,734,"Chakrabarty, Krishnendu",csrankings_name_alignment_date,2026-09-18,2026-09-29,Explicit retained-evidence revalidation of supported name association; not a source-capture date.
acm_fellows.csv,735,"Chellappa, Ramalingam",csrankings_name_alignment_date,2026-09-18,2026-09-29,Explicit retained-evidence revalidation of supported name association; not a source-capture date.
acm_fellows.csv,736,"Cox, Ingemar J.",csrankings_name_alignment_date,2026-09-18,2026-09-29,Explicit retained-evidence revalidation of supported name association; not a source-capture date.
acm_fellows.csv,737,"De Lucena, Carlos J P",csrankings_name_alignment_date,2026-09-18,2026-09-29,Explicit retained-evidence revalidation of supported name association; not a source-capture date.
acm_fellows.csv,738,"Dechter, Rina",csrankings_name_alignment_date,2026-09-18,2026-09-29,Explicit retained-evidence revalidation of supported name association; not a source-capture date.
acm_fellows.csv,740,"Forsyth, David",csrankings_name_alignment_date,2026-09-18,2026-09-29,Explicit retained-evidence revalidation of supported name association; not a source-capture date.
acm_fellows.csv,741,"Gao, Wen",csrankings_name_alignment_date,2026-09-18,2026-09-29,Explicit retained-evidence revalidation of supported name association; not a source-capture date.
acm_fellows.csv,742,"Garlan, David",csrankings_name_alignment_date,2026-09-18,2026-09-29,Explicit retained-evidence revalidation of supported name association; not a source-capture date.
acm_fellows.csv,744,"Haas, Peter",csrankings_name_alignment_date,2026-09-18,2026-09-29,Explicit retained-evidence revalidation of supported name association; not a source-capture date.
acm_fellows.csv,745,"Hearst, Marti",csrankings_name_alignment_date,2026-09-18,2026-09-29,Explicit retained-evidence revalidation of supported name association; not a source-capture date.
acm_fellows.csv,746,"Jarke, Matthias",csrankings_name_alignment_date,2026-09-18,2026-09-29,Explicit retained-evidence revalidation of supported name association; not a source-capture date.
acm_fellows.csv,747,"Kannan, Sampath Kumar",csrankings_name_alignment_date,2026-09-18,2026-09-29,Explicit retained-evidence revalidation of supported name association; not a source-capture date.
acm_fellows.csv,749,"Katabi, Dina",csrankings_name_alignment_date,2026-09-18,2026-09-29,Explicit retained-evidence revalidation of supported name association; not a source-capture date.
acm_fellows.csv,750,"Kautz, Henry A",csrankings_name_alignment_date,2026-09-18,2026-09-29,Explicit retained-evidence revalidation of supported name association; not a source-capture date.
acm_fellows.csv,751,"Kleinberg, Jon",csrankings_name_alignment_date,2026-09-18,2026-09-29,Explicit retained-evidence revalidation of supported name association; not a source-capture date.
acm_fellows.csv,755,"Manning, Christopher",csrankings_name_alignment_date,2026-09-18,2026-09-29,Explicit retained-evidence revalidation of supported name association; not a source-capture date.
acm_fellows.csv,756,"Marathe, Madhav",csrankings_name_alignment_date,2026-09-18,2026-09-29,Explicit retained-evidence revalidation of supported name association; not a source-capture date.
acm_fellows.csv,757,"Mellor-Crummey, John",csrankings_name_alignment_date,2026-09-18,2026-09-29,Explicit retained-evidence revalidation of supported name association; not a source-capture date.
acm_fellows.csv,758,"Morrisett, Greg",csrankings_name_alignment_date,2026-09-18,2026-09-29,Explicit retained-evidence revalidation of supported name association; not a source-capture date.
acm_fellows.csv,759,"Myers, Andrew",csrankings_name_alignment_date,2026-09-18,2026-09-29,Explicit retained-evidence revalidation of supported name association; not a source-capture date.
acm_fellows.csv,761,"Rao, Satish",csrankings_name_alignment_date,2026-09-18,2026-09-29,Explicit retained-evidence revalidation of supported name association; not a source-capture date.
acm_fellows.csv,763,"Roscoe, Timothy",csrankings_name_alignment_date,2026-09-18,2026-09-29,Explicit retained-evidence revalidation of supported name association; not a source-capture date.
acm_fellows.csv,765,"Shasha, Dennis E",csrankings_name_alignment_date,2026-09-18,2026-09-29,Explicit retained-evidence revalidation of supported name association; not a source-capture date.
acm_fellows.csv,766,"Shavit, Nir N",csrankings_name_alignment_date,2026-09-18,2026-09-29,Explicit retained-evidence revalidation of supported name association; not a source-capture date.
acm_fellows.csv,767,"Shim, Kyuseok",csrankings_name_alignment_date,2026-09-18,2026-09-29,Explicit retained-evidence revalidation of supported name association; not a source-capture date.
acm_fellows.csv,768,"Smyth, Padhraic",csrankings_name_alignment_date,2026-09-18,2026-09-29,Explicit retained-evidence revalidation of supported name association; not a source-capture date.
acm_fellows.csv,769,"Tambe, Milind",csrankings_name_alignment_date,2026-09-18,2026-09-29,Explicit retained-evidence revalidation of supported name association; not a source-capture date.
acm_fellows.csv,770,"Tannen, Val",csrankings_name_alignment_date,2026-09-18,2026-09-29,Explicit retained-evidence revalidation of supported name association; not a source-capture date.
acm_fellows.csv,771,"Williamson, David",csrankings_name_alignment_date,2026-09-18,2026-09-29,Explicit retained-evidence revalidation of supported name association; not a source-capture date.
acm_fellows.csv,772,"Wong, Limsoon",csrankings_name_alignment_date,2026-09-18,2026-09-29,Explicit retained-evidence revalidation of supported name association; not a source-capture date.
acm_fellows.csv,774,"Zegura, Ellen",csrankings_name_alignment_date,2026-09-18,2026-09-29,Explicit retained-evidence revalidation of supported name association; not a source-capture date.
acm_fellows.csv,776,"Zhou, Yuanyuan",csrankings_name_alignment_date,2026-09-18,2026-09-29,Explicit retained-evidence revalidation of supported name association; not a source-capture date.
acm_fellows.csv,777,"Zuckerman, David",csrankings_name_alignment_date,2026-09-18,2026-09-29,Explicit retained-evidence revalidation of supported name association; not a source-capture date.
acm_fellows.csv,778,"Alonso, Gustavo",csrankings_name_alignment_date,2026-09-18,2026-09-29,Explicit retained-evidence revalidation of supported name association; not a source-capture date.
acm_fellows.csv,780,"Baldi, Pierre",csrankings_name_alignment_date,2026-09-18,2026-09-29,Explicit retained-evidence revalidation of supported name association; not a source-capture date.
acm_fellows.csv,783,"Camp, Tracy",csrankings_name_alignment_date,2026-09-18,2026-09-29,Explicit retained-evidence revalidation of supported name association; not a source-capture date.
acm_fellows.csv,785,"Davis, Larry S",csrankings_name_alignment_date,2026-09-18,2026-09-29,Explicit retained-evidence revalidation of supported name association; not a source-capture date.
acm_fellows.csv,786,"Elmagarmid, Ahmed",csrankings_name_alignment_date,2026-09-18,2026-09-29,Explicit retained-evidence revalidation of supported name association; not a source-capture date.
acm_fellows.csv,787,"Fan, Wenfei",csrankings_name_alignment_date,2026-09-18,2026-09-29,Explicit retained-evidence revalidation of supported name association; not a source-capture date.
acm_fellows.csv,788,"Gao, Lixin",csrankings_name_alignment_date,2026-09-18,2026-09-29,Explicit retained-evidence revalidation of supported name association; not a source-capture date.
acm_fellows.csv,791,"Greenberg, Saul",csrankings_name_alignment_date,2026-09-18,2026-09-29,Explicit retained-evidence revalidation of supported name association; not a source-capture date.
acm_fellows.csv,792,"Gross, Markus",csrankings_name_alignment_date,2026-09-18,2026-09-29,Explicit retained-evidence revalidation of supported name association; not a source-capture date.
acm_fellows.csv,795,"Guerraoui, Rachid",csrankings_name_alignment_date,2026-09-18,2026-09-29,Explicit retained-evidence revalidation of supported name association; not a source-capture date.
acm_fellows.csv,798,"Kahng, Andrew B.",csrankings_name_alignment_date,2026-09-18,2026-09-29,Explicit retained-evidence revalidation of supported name association; not a source-capture date.
acm_fellows.csv,799,"Karlin, Anna",csrankings_name_alignment_date,2026-09-18,2026-09-29,Explicit retained-evidence revalidation of supported name association; not a source-capture date.
acm_fellows.csv,800,"Keshav, Srinivasan",csrankings_name_alignment_date,2026-09-18,2026-09-29,Explicit retained-evidence revalidation of supported name association; not a source-capture date.
acm_fellows.csv,801,"Kiczales, Gregor",csrankings_name_alignment_date,2026-09-18,2026-09-29,Explicit retained-evidence revalidation of supported name association; not a source-capture date.
acm_fellows.csv,802,"Kitsuregawa, Masaru",csrankings_name_alignment_date,2026-09-18,2026-09-29,Explicit retained-evidence revalidation of supported name association; not a source-capture date.
acm_fellows.csv,803,"Libkin, Leonid",csrankings_name_alignment_date,2026-09-18,2026-09-29,Explicit retained-evidence revalidation of supported name association; not a source-capture date.
acm_fellows.csv,804,"Milo, Tova",csrankings_name_alignment_date,2026-09-18,2026-09-29,Explicit retained-evidence revalidation of supported name association; not a source-capture date.
acm_fellows.csv,805,"Nahrstedt, Klara",csrankings_name_alignment_date,2026-09-18,2026-09-29,Explicit retained-evidence revalidation of supported name association; not a source-capture date.
acm_fellows.csv,807,"Pierce, Benjamin C.",csrankings_name_alignment_date,2026-09-18,2026-09-29,Explicit retained-evidence revalidation of supported name association; not a source-capture date.
acm_fellows.csv,811,"Reddy, Raj",csrankings_name_alignment_date,2026-09-18,2026-09-29,Explicit retained-evidence revalidation of supported name association; not a source-capture date.
acm_fellows.csv,812,"Ross, Keith",csrankings_name_alignment_date,2026-09-18,2026-09-29,Explicit retained-evidence revalidation of supported name association; not a source-capture date.
acm_fellows.csv,813,"Sakallah, Karem",csrankings_name_alignment_date,2026-09-18,2026-09-29,Explicit retained-evidence revalidation of supported name association; not a source-capture date.
acm_fellows.csv,816,"Selman, Bart",csrankings_name_alignment_date,2026-09-18,2026-09-29,Explicit retained-evidence revalidation of supported name association; not a source-capture date.
acm_fellows.csv,817,"Shamir, Ron",csrankings_name_alignment_date,2026-09-18,2026-09-29,Explicit retained-evidence revalidation of supported name association; not a source-capture date.
acm_fellows.csv,820,"Sinclair, Alistair",csrankings_name_alignment_date,2026-09-18,2026-09-29,Explicit retained-evidence revalidation of supported name association; not a source-capture date.
acm_fellows.csv,821,"Stein, Clifford",csrankings_name_alignment_date,2026-09-18,2026-09-29,Explicit retained-evidence revalidation of supported name association; not a source-capture date.
acm_fellows.csv,822,"Stoica, Ion",csrankings_name_alignment_date,2026-09-18,2026-09-29,Explicit retained-evidence revalidation of supported name association; not a source-capture date.
acm_fellows.csv,823,"Tamassia, Roberto",csrankings_name_alignment_date,2026-09-18,2026-09-29,Explicit retained-evidence revalidation of supported name association; not a source-capture date.
acm_fellows.csv,824,"Tichy, Walter F.",csrankings_name_alignment_date,2026-09-18,2026-09-29,Explicit retained-evidence revalidation of supported name association; not a source-capture date.
acm_fellows.csv,826,"Valiant, Leslie G",csrankings_name_alignment_date,2026-09-18,2026-09-29,Explicit retained-evidence revalidation of supported name association; not a source-capture date.
acm_fellows.csv,827,"Yelick, Katherine",csrankings_name_alignment_date,2026-09-18,2026-09-29,Explicit retained-evidence revalidation of supported name association; not a source-capture date.
acm_fellows.csv,829,"Zhang, Xiaodong",csrankings_name_alignment_date,2026-09-18,2026-09-29,Explicit retained-evidence revalidation of supported name association; not a source-capture date.
acm_fellows.csv,830,"Abiteboul, Serge",csrankings_name_alignment_date,2026-09-18,2026-09-29,Explicit retained-evidence revalidation of supported name association; not a source-capture date.
acm_fellows.csv,831,"Agrawal, Divyakant",csrankings_name_alignment_date,2026-09-18,2026-09-29,Explicit retained-evidence revalidation of supported name association; not a source-capture date.
acm_fellows.csv,832,"Baecker, Ronald M",csrankings_name_alignment_date,2026-09-18,2026-09-29,Explicit retained-evidence revalidation of supported name association; not a source-capture date.
acm_fellows.csv,834,"Blelloch, Guy",csrankings_name_alignment_date,2026-09-18,2026-09-29,Explicit retained-evidence revalidation of supported name association; not a source-capture date.
acm_fellows.csv,836,"Eppstein, David",csrankings_name_alignment_date,2026-09-18,2026-09-29,Explicit retained-evidence revalidation of supported name association; not a source-capture date.
acm_fellows.csv,837,"Fox, Geoffrey",csrankings_name_alignment_date,2026-09-18,2026-09-29,Explicit retained-evidence revalidation of supported name association; not a source-capture date.
acm_fellows.csv,839,"Gifford, David K",csrankings_name_alignment_date,2026-09-18,2026-09-29,Explicit retained-evidence revalidation of supported name association; not a source-capture date.
acm_fellows.csv,840,"Govindan, Ramesh",csrankings_name_alignment_date,2026-09-18,2026-09-29,Explicit retained-evidence revalidation of supported name association; not a source-capture date.
acm_fellows.csv,845,"Jensen, Christian S.",csrankings_name_alignment_date,2026-09-18,2026-09-29,Explicit retained-evidence revalidation of supported name association; not a source-capture date.
acm_fellows.csv,851,"Landau, Susan",csrankings_name_alignment_date,2026-09-18,2026-09-29,Explicit retained-evidence revalidation of supported name association; not a source-capture date.
acm_fellows.csv,852,"Lin, Ming C",csrankings_name_alignment_date,2026-09-18,2026-09-29,Explicit retained-evidence revalidation of supported name association; not a source-capture date.
acm_fellows.csv,854,"Malkhi, Dahlia",csrankings_name_alignment_date,2026-09-18,2026-09-29,Explicit retained-evidence revalidation of supported name association; not a source-capture date.
acm_fellows.csv,855,"Marzullo, Keith",csrankings_name_alignment_date,2026-09-18,2026-09-29,Explicit retained-evidence revalidation of supported name association; not a source-capture date.
acm_fellows.csv,856,"MATSUOKA, SATOSHI",csrankings_name_alignment_date,2026-09-18,2026-09-29,Explicit retained-evidence revalidation of supported name association; not a source-capture date.
acm_fellows.csv,857,"Max, Nelson",csrankings_name_alignment_date,2026-09-18,2026-09-29,Explicit retained-evidence revalidation of supported name association; not a source-capture date.
acm_fellows.csv,858,"Mitchell, Joseph",csrankings_name_alignment_date,2026-09-18,2026-09-29,Explicit retained-evidence revalidation of supported name association; not a source-capture date.
acm_fellows.csv,860,"Ooi, Beng Chin",csrankings_name_alignment_date,2026-09-18,2026-09-29,Explicit retained-evidence revalidation of supported name association; not a source-capture date.
acm_fellows.csv,861,"Ozsoyoglu, Zehra",csrankings_name_alignment_date,2026-09-18,2026-09-29,Explicit retained-evidence revalidation of supported name association; not a source-capture date.
acm_fellows.csv,863,"Petzold, Linda",csrankings_name_alignment_date,2026-09-18,2026-09-29,Explicit retained-evidence revalidation of supported name association; not a source-capture date.
acm_fellows.csv,864,"Pollack, Martha",csrankings_name_alignment_date,2026-09-18,2026-09-29,Explicit retained-evidence revalidation of supported name association; not a source-capture date.
acm_fellows.csv,865,"Roth, Dan",csrankings_name_alignment_date,2026-09-18,2026-09-29,Explicit retained-evidence revalidation of supported name association; not a source-capture date.
acm_fellows.csv,867,"Seltzer, Margo",csrankings_name_alignment_date,2026-09-18,2026-09-29,Explicit retained-evidence revalidation of supported name association; not a source-capture date.
acm_fellows.csv,869,"Souvaine, Diane L",csrankings_name_alignment_date,2026-09-18,2026-09-29,Explicit retained-evidence revalidation of supported name association; not a source-capture date.
acm_fellows.csv,871,"Suciu, Dan",csrankings_name_alignment_date,2026-09-18,2026-09-29,Explicit retained-evidence revalidation of supported name association; not a source-capture date.
acm_fellows.csv,872,"Tullsen, Dean",csrankings_name_alignment_date,2026-09-18,2026-09-29,Explicit retained-evidence revalidation of supported name association; not a source-capture date.
acm_fellows.csv,877,"Adve, Sarita",csrankings_name_alignment_date,2026-09-18,2026-09-29,Explicit retained-evidence revalidation of supported name association; not a source-capture date.
acm_fellows.csv,878,"Alvisi, Lorenzo",csrankings_name_alignment_date,2026-09-18,2026-09-29,Explicit retained-evidence revalidation of supported name association; not a source-capture date.
acm_fellows.csv,881,"Chayes, Jennifer",csrankings_name_alignment_date,2026-09-18,2026-09-29,Explicit retained-evidence revalidation of supported name association; not a source-capture date.
acm_fellows.csv,882,"Chen, Peter",csrankings_name_alignment_date,2026-09-18,2026-09-29,Explicit retained-evidence revalidation of supported name association; not a source-capture date.
acm_fellows.csv,883,"Condon, Anne",csrankings_name_alignment_date,2026-09-18,2026-09-29,Explicit retained-evidence revalidation of supported name association; not a source-capture date.
acm_fellows.csv,884,"Crovella, Mark",csrankings_name_alignment_date,2026-09-18,2026-09-29,Explicit retained-evidence revalidation of supported name association; not a source-capture date.
acm_fellows.csv,885,"Cytron, Ron",csrankings_name_alignment_date,2026-09-18,2026-09-29,Explicit retained-evidence revalidation of supported name association; not a source-capture date.
acm_fellows.csv,887,"El Abbadi, Amr",csrankings_name_alignment_date,2026-09-18,2026-09-29,Explicit retained-evidence revalidation of supported name association; not a source-capture date.
acm_fellows.csv,889,"Faloutsos, Christos",csrankings_name_alignment_date,2026-09-18,2026-09-29,Explicit retained-evidence revalidation of supported name association; not a source-capture date.
acm_fellows.csv,892,"Hall, Wendy",csrankings_name_alignment_date,2026-09-18,2026-09-29,Explicit retained-evidence revalidation of supported name association; not a source-capture date.
acm_fellows.csv,893,"Hubaux, Jean-Pierre",csrankings_name_alignment_date,2026-09-18,2026-09-29,Explicit retained-evidence revalidation of supported name association; not a source-capture date.
acm_fellows.csv,894,"Jordan, Michael I.",csrankings_name_alignment_date,2026-09-18,2026-09-29,Explicit retained-evidence revalidation of supported name association; not a source-capture date.
acm_fellows.csv,895,"Kavraki, Lydia",csrankings_name_alignment_date,2026-09-18,2026-09-29,Explicit retained-evidence revalidation of supported name association; not a source-capture date.
acm_fellows.csv,897,"Klein, Philip N",csrankings_name_alignment_date,2026-09-18,2026-09-29,Explicit retained-evidence revalidation of supported name association; not a source-capture date.
acm_fellows.csv,901,"Mooney, Raymond",csrankings_name_alignment_date,2026-09-18,2026-09-29,Explicit retained-evidence revalidation of supported name association; not a source-capture date.
acm_fellows.csv,904,"Pevzner, Pavel",csrankings_name_alignment_date,2026-09-18,2026-09-29,Explicit retained-evidence revalidation of supported name association; not a source-capture date.
acm_fellows.csv,905,"Rombach, Dieter",csrankings_name_alignment_date,2026-09-18,2026-09-29,Explicit retained-evidence revalidation of supported name association; not a source-capture date.
acm_fellows.csv,907,"Savage, Stefan",csrankings_name_alignment_date,2026-09-18,2026-09-29,Explicit retained-evidence revalidation of supported name association; not a source-capture date.
acm_fellows.csv,908,"Schnabel, Robert B",csrankings_name_alignment_date,2026-09-18,2026-09-29,Explicit retained-evidence revalidation of supported name association; not a source-capture date.
acm_fellows.csv,909,"Spielman, Daniel A",csrankings_name_alignment_date,2026-09-18,2026-09-29,Explicit retained-evidence revalidation of supported name association; not a source-capture date.
acm_fellows.csv,910,"Suri, Subhash",csrankings_name_alignment_date,2026-09-18,2026-09-29,Explicit retained-evidence revalidation of supported name association; not a source-capture date.
acm_fellows.csv,912,"Torrellas, Josep",csrankings_name_alignment_date,2026-09-18,2026-09-29,Explicit retained-evidence revalidation of supported name association; not a source-capture date.
acm_fellows.csv,915,"zeller, andreas",csrankings_name_alignment_date,2026-09-18,2026-09-29,Explicit retained-evidence revalidation of supported name association; not a source-capture date.
acm_fellows.csv,917,"Attiya, Hagit",csrankings_name_alignment_date,2026-09-18,2026-09-29,Explicit retained-evidence revalidation of supported name association; not a source-capture date.
acm_fellows.csv,920,"Bajaj, Chandrajit L.",csrankings_name_alignment_date,2026-09-18,2026-09-29,Explicit retained-evidence revalidation of supported name association; not a source-capture date.
acm_fellows.csv,924,"Choudhary, Alok",csrankings_name_alignment_date,2026-09-18,2026-09-29,Explicit retained-evidence revalidation of supported name association; not a source-capture date.
acm_fellows.csv,929,"Donald, Bruce R.",csrankings_name_alignment_date,2026-09-18,2026-09-29,Explicit retained-evidence revalidation of supported name association; not a source-capture date.
acm_fellows.csv,931,"Esteves-Verissimo, Paulo",csrankings_name_alignment_date,2026-09-18,2026-09-29,Explicit retained-evidence revalidation of supported name association; not a source-capture date.
acm_fellows.csv,933,"Foster, Ian T",csrankings_name_alignment_date,2026-09-18,2026-09-29,Explicit retained-evidence revalidation of supported name association; not a source-capture date.
acm_fellows.csv,935,"Goodrich, Michael T",csrankings_name_alignment_date,2026-09-18,2026-09-29,Explicit retained-evidence revalidation of supported name association; not a source-capture date.
acm_fellows.csv,936,"Govindaraju, Venu",csrankings_name_alignment_date,2026-09-18,2026-09-29,Explicit retained-evidence revalidation of supported name association; not a source-capture date.
acm_fellows.csv,937,"Gupta, Rajiv",csrankings_name_alignment_date,2026-09-18,2026-09-29,Explicit retained-evidence revalidation of supported name association; not a source-capture date.
acm_fellows.csv,938,"Hellerstein, Joseph M",csrankings_name_alignment_date,2026-09-18,2026-09-29,Explicit retained-evidence revalidation of supported name association; not a source-capture date.
acm_fellows.csv,941,"Jahanian, Farnam",csrankings_name_alignment_date,2026-09-18,2026-09-29,Explicit retained-evidence revalidation of supported name association; not a source-capture date.
acm_fellows.csv,943,"Karger, David",csrankings_name_alignment_date,2026-09-18,2026-09-29,Explicit retained-evidence revalidation of supported name association; not a source-capture date.
acm_fellows.csv,944,"Kaufman, Arie E",csrankings_name_alignment_date,2026-09-18,2026-09-29,Explicit retained-evidence revalidation of supported name association; not a source-capture date.
acm_fellows.csv,945,"Kriegel, Hans-Peter",csrankings_name_alignment_date,2026-09-18,2026-09-29,Explicit retained-evidence revalidation of supported name association; not a source-capture date.
acm_fellows.csv,946,"Lenzerini, Maurizio",csrankings_name_alignment_date,2026-09-18,2026-09-29,Explicit retained-evidence revalidation of supported name association; not a source-capture date.
acm_fellows.csv,947,"Lui, John Chi-Shing",csrankings_name_alignment_date,2026-09-18,2026-09-29,Explicit retained-evidence revalidation of supported name association; not a source-capture date.
acm_fellows.csv,948,"Manocha, Dinesh",csrankings_name_alignment_date,2026-09-18,2026-09-29,Explicit retained-evidence revalidation of supported name association; not a source-capture date.
acm_fellows.csv,949,"Martonosi, Margaret",csrankings_name_alignment_date,2026-09-18,2026-09-29,Explicit retained-evidence revalidation of supported name association; not a source-capture date.
acm_fellows.csv,950,"Matias, Yossi",csrankings_name_alignment_date,2026-09-18,2026-09-29,Explicit retained-evidence revalidation of supported name association; not a source-capture date.
acm_fellows.csv,951,"Miller, Rj",csrankings_name_alignment_date,2026-09-18,2026-09-29,Explicit retained-evidence revalidation of supported name association; not a source-capture date.
acm_fellows.csv,953,"Rinard, Martin",csrankings_name_alignment_date,2026-09-18,2026-09-29,Explicit retained-evidence revalidation of supported name association; not a source-capture date.
acm_fellows.csv,956,"Teng, Shang-Hua",csrankings_name_alignment_date,2026-09-18,2026-09-29,Explicit retained-evidence revalidation of supported name association; not a source-capture date.
acm_fellows.csv,958,"Van Renesse, Robbert",csrankings_name_alignment_date,2026-09-18,2026-09-29,Explicit retained-evidence revalidation of supported name association; not a source-capture date.
acm_fellows.csv,959,"Vemuri, Baba C",csrankings_name_alignment_date,2026-09-18,2026-09-29,Explicit retained-evidence revalidation of supported name association; not a source-capture date.
acm_fellows.csv,960,"Vetterli, Martin",csrankings_name_alignment_date,2026-09-18,2026-09-29,Explicit retained-evidence revalidation of supported name association; not a source-capture date.
acm_fellows.csv,961,"Whang, Kyu-Young",csrankings_name_alignment_date,2026-09-18,2026-09-29,Explicit retained-evidence revalidation of supported name association; not a source-capture date.
acm_fellows.csv,965,"Abowd, Gregory D.",csrankings_name_alignment_date,2026-09-18,2026-09-29,Explicit retained-evidence revalidation of supported name association; not a source-capture date.
acm_fellows.csv,966,"Aiken, Alex",csrankings_name_alignment_date,2026-09-18,2026-09-29,Explicit retained-evidence revalidation of supported name association; not a source-capture date.
acm_fellows.csv,967,"Arora, Sanjeev",csrankings_name_alignment_date,2026-09-18,2026-09-29,Explicit retained-evidence revalidation of supported name association; not a source-capture date.
acm_fellows.csv,968,"Balakrishnan, Hari",csrankings_name_alignment_date,2026-09-18,2026-09-29,Explicit retained-evidence revalidation of supported name association; not a source-capture date.
acm_fellows.csv,971,"Cong, Jason",csrankings_name_alignment_date,2026-09-18,2026-09-29,Explicit retained-evidence revalidation of supported name association; not a source-capture date.
acm_fellows.csv,974,"Davidson, Jack",csrankings_name_alignment_date,2026-09-18,2026-09-29,Explicit retained-evidence revalidation of supported name association; not a source-capture date.
acm_fellows.csv,976,"Deng, Xiaotie",csrankings_name_alignment_date,2026-09-18,2026-09-29,Explicit retained-evidence revalidation of supported name association; not a source-capture date.
acm_fellows.csv,977,"Garcia-Luna-Aceves, J.J.",csrankings_name_alignment_date,2026-09-18,2026-09-29,Explicit retained-evidence revalidation of supported name association; not a source-capture date.
acm_fellows.csv,983,"Konstan, Joseph A",csrankings_name_alignment_date,2026-09-18,2026-09-29,Explicit retained-evidence revalidation of supported name association; not a source-capture date.
acm_fellows.csv,986,"Malik, Jitendra",csrankings_name_alignment_date,2026-09-18,2026-09-29,Explicit retained-evidence revalidation of supported name association; not a source-capture date.
acm_fellows.csv,989,"Mitchell, John C.",csrankings_name_alignment_date,2026-09-18,2026-09-29,Explicit retained-evidence revalidation of supported name association; not a source-capture date.
acm_fellows.csv,990,"Moses, Joel",csrankings_name_alignment_date,2026-09-18,2026-09-29,Explicit retained-evidence revalidation of supported name association; not a source-capture date.
acm_fellows.csv,991,"Munro, Ian",csrankings_name_alignment_date,2026-09-18,2026-09-29,Explicit retained-evidence revalidation of supported name association; not a source-capture date.
acm_fellows.csv,992,"Olson, Judith S",csrankings_name_alignment_date,2026-09-18,2026-09-29,Explicit retained-evidence revalidation of supported name association; not a source-capture date.
acm_fellows.csv,996,"Reiter, Michael",csrankings_name_alignment_date,2026-09-18,2026-09-29,Explicit retained-evidence revalidation of supported name association; not a source-capture date.
acm_fellows.csv,997,"Rexford, Jennifer",csrankings_name_alignment_date,2026-09-18,2026-09-29,Explicit retained-evidence revalidation of supported name association; not a source-capture date.
acm_fellows.csv,999,"Rosenblum, Mendel",csrankings_name_alignment_date,2026-09-18,2026-09-29,Explicit retained-evidence revalidation of supported name association; not a source-capture date.
acm_fellows.csv,1000,"Rutenbar, Rob A",csrankings_name_alignment_date,2026-09-18,2026-09-29,Explicit retained-evidence revalidation of supported name association; not a source-capture date.
acm_fellows.csv,1001,"Sandholm, Tuomas",csrankings_name_alignment_date,2026-09-18,2026-09-29,Explicit retained-evidence revalidation of supported name association; not a source-capture date.
acm_fellows.csv,1002,"Sarkar, Vivek",csrankings_name_alignment_date,2026-09-18,2026-09-29,Explicit retained-evidence revalidation of supported name association; not a source-capture date.
acm_fellows.csv,1004,"Stenstrom, Per O",csrankings_name_alignment_date,2026-09-18,2026-09-29,Explicit retained-evidence revalidation of supported name association; not a source-capture date.
acm_fellows.csv,1005,"Sudan, Madhu",csrankings_name_alignment_date,2026-09-18,2026-09-29,Explicit retained-evidence revalidation of supported name association; not a source-capture date.
acm_fellows.csv,1008,"Agarwal, Anant",csrankings_name_alignment_date,2026-09-18,2026-09-29,Explicit retained-evidence revalidation of supported name association; not a source-capture date.
acm_fellows.csv,1009,"Alur, Rajeev",csrankings_name_alignment_date,2026-09-18,2026-09-29,Explicit retained-evidence revalidation of supported name association; not a source-capture date.
acm_fellows.csv,1012,"Blum, Avrim",csrankings_name_alignment_date,2026-09-18,2026-09-29,Explicit retained-evidence revalidation of supported name association; not a source-capture date.
acm_fellows.csv,1017,"Dolev, Danny",csrankings_name_alignment_date,2026-09-18,2026-09-29,Explicit retained-evidence revalidation of supported name association; not a source-capture date.
acm_fellows.csv,1021,"Fortnow, Lance",csrankings_name_alignment_date,2026-09-18,2026-09-29,Explicit retained-evidence revalidation of supported name association; not a source-capture date.
acm_fellows.csv,1023,"Gottlob, Georg",csrankings_name_alignment_date,2026-09-18,2026-09-29,Explicit retained-evidence revalidation of supported name association; not a source-capture date.
acm_fellows.csv,1025,"Huttenlocher, Daniel",csrankings_name_alignment_date,2026-09-18,2026-09-29,Explicit retained-evidence revalidation of supported name association; not a source-capture date.
acm_fellows.csv,1026,"Jiang, Tao",csrankings_name_alignment_date,2026-09-18,2026-09-29,Explicit retained-evidence revalidation of supported name association; not a source-capture date.
acm_fellows.csv,1028,"Lam, Monica",csrankings_name_alignment_date,2026-09-18,2026-09-29,Explicit retained-evidence revalidation of supported name association; not a source-capture date.
acm_fellows.csv,1030,"Mishra, Bud",csrankings_name_alignment_date,2026-09-18,2026-09-29,Explicit retained-evidence revalidation of supported name association; not a source-capture date.
acm_fellows.csv,1033,"Odersky, Martin",csrankings_name_alignment_date,2026-09-18,2026-09-29,Explicit retained-evidence revalidation of supported name association; not a source-capture date.
acm_fellows.csv,1038,"Prasanna, Viktor",csrankings_name_alignment_date,2026-09-18,2026-09-29,Explicit retained-evidence revalidation of supported name association; not a source-capture date.
acm_fellows.csv,1041,"Terzopoulos, Demetri",csrankings_name_alignment_date,2026-09-18,2026-09-29,Explicit retained-evidence revalidation of supported name association; not a source-capture date.
acm_fellows.csv,1043,"Wadler, Philip",csrankings_name_alignment_date,2026-09-18,2026-09-29,Explicit retained-evidence revalidation of supported name association; not a source-capture date.
acm_fellows.csv,1046,"allender, eric",csrankings_name_alignment_date,2026-09-18,2026-09-29,Explicit retained-evidence revalidation of supported name association; not a source-capture date.
acm_fellows.csv,1048,"Atallah, Mikhail",csrankings_name_alignment_date,2026-09-18,2026-09-29,Explicit retained-evidence revalidation of supported name association; not a source-capture date.
acm_fellows.csv,1052,"Felleisen, Matthias",csrankings_name_alignment_date,2026-09-18,2026-09-29,Explicit retained-evidence revalidation of supported name association; not a source-capture date.
acm_fellows.csv,1053,"Forbus, Kenneth",csrankings_name_alignment_date,2026-09-18,2026-09-29,Explicit retained-evidence revalidation of supported name association; not a source-capture date.
acm_fellows.csv,1054,"Gibbons, Phillip B",csrankings_name_alignment_date,2026-09-18,2026-09-29,Explicit retained-evidence revalidation of supported name association; not a source-capture date.
acm_fellows.csv,1055,"Giles, Lee",csrankings_name_alignment_date,2026-09-18,2026-09-29,Explicit retained-evidence revalidation of supported name association; not a source-capture date.
acm_fellows.csv,1057,"Gropp, William D",csrankings_name_alignment_date,2026-09-18,2026-09-29,Explicit retained-evidence revalidation of supported name association; not a source-capture date.
acm_fellows.csv,1058,"Guerin, Roch",csrankings_name_alignment_date,2026-09-18,2026-09-29,Explicit retained-evidence revalidation of supported name association; not a source-capture date.
acm_fellows.csv,1059,"Guttag, John",csrankings_name_alignment_date,2026-09-18,2026-09-29,Explicit retained-evidence revalidation of supported name association; not a source-capture date.
acm_fellows.csv,1060,"Haas, Laura M",csrankings_name_alignment_date,2026-09-18,2026-09-29,Explicit retained-evidence revalidation of supported name association; not a source-capture date.
acm_fellows.csv,1063,"Henzinger, Thomas A",csrankings_name_alignment_date,2026-09-18,2026-09-29,Explicit retained-evidence revalidation of supported name association; not a source-capture date.
acm_fellows.csv,1067,"Leiserson, Charles E",csrankings_name_alignment_date,2026-09-18,2026-09-29,Explicit retained-evidence revalidation of supported name association; not a source-capture date.
acm_fellows.csv,1068,"Li, Ming",csrankings_name_alignment_date,2026-09-18,2026-09-29,Explicit retained-evidence revalidation of supported name association; not a source-capture date.
acm_fellows.csv,1075,"Olukotun, Oyekunle",csrankings_name_alignment_date,2026-09-18,2026-09-29,Explicit retained-evidence revalidation of supported name association; not a source-capture date.
acm_fellows.csv,1076,"Ozsu, M. Tamer",csrankings_name_alignment_date,2026-09-18,2026-09-29,Explicit retained-evidence revalidation of supported name association; not a source-capture date.
acm_fellows.csv,1077,"Paxson, Vern",csrankings_name_alignment_date,2026-09-18,2026-09-29,Explicit retained-evidence revalidation of supported name association; not a source-capture date.
acm_fellows.csv,1078,"Scott, Michael",csrankings_name_alignment_date,2026-09-18,2026-09-29,Explicit retained-evidence revalidation of supported name association; not a source-capture date.
acm_fellows.csv,1081,"Vianu, Victor",csrankings_name_alignment_date,2026-09-18,2026-09-29,Explicit retained-evidence revalidation of supported name association; not a source-capture date.
acm_fellows.csv,1083,"Wolf, Alexander L",csrankings_name_alignment_date,2026-09-18,2026-09-29,Explicit retained-evidence revalidation of supported name association; not a source-capture date.
acm_fellows.csv,1086,"Zhang, Lixia",csrankings_name_alignment_date,2026-09-18,2026-09-29,Explicit retained-evidence revalidation of supported name association; not a source-capture date.
acm_fellows.csv,1087,"Anderson, Thomas",csrankings_name_alignment_date,2026-09-18,2026-09-29,Explicit retained-evidence revalidation of supported name association; not a source-capture date.
acm_fellows.csv,1092,"Cooper, Keith",csrankings_name_alignment_date,2026-09-18,2026-09-29,Explicit retained-evidence revalidation of supported name association; not a source-capture date.
acm_fellows.csv,1096,"Franklin, Michael J",csrankings_name_alignment_date,2026-09-18,2026-09-29,Explicit retained-evidence revalidation of supported name association; not a source-capture date.
acm_fellows.csv,1097,"Frieder, Ophir",csrankings_name_alignment_date,2026-09-18,2026-09-29,Explicit retained-evidence revalidation of supported name association; not a source-capture date.
acm_fellows.csv,1098,"Harper, Robert",csrankings_name_alignment_date,2026-09-18,2026-09-29,Explicit retained-evidence revalidation of supported name association; not a source-capture date.
acm_fellows.csv,1099,"Herlihy, Maurice",csrankings_name_alignment_date,2026-09-18,2026-09-29,Explicit retained-evidence revalidation of supported name association; not a source-capture date.
acm_fellows.csv,1100,"Kolaitis, Phokion",csrankings_name_alignment_date,2026-09-18,2026-09-29,Explicit retained-evidence revalidation of supported name association; not a source-capture date.
acm_fellows.csv,1101,"kumar, vipin",csrankings_name_alignment_date,2026-09-18,2026-09-29,Explicit retained-evidence revalidation of supported name association; not a source-capture date.
acm_fellows.csv,1103,"Myers, Brad A",csrankings_name_alignment_date,2026-09-18,2026-09-29,Explicit retained-evidence revalidation of supported name association; not a source-capture date.
acm_fellows.csv,1105,"Palem, Krishna",csrankings_name_alignment_date,2026-09-18,2026-09-29,Explicit retained-evidence revalidation of supported name association; not a source-capture date.
acm_fellows.csv,1106,"Reps, Thomas",csrankings_name_alignment_date,2026-09-18,2026-09-29,Explicit retained-evidence revalidation of supported name association; not a source-capture date.
acm_fellows.csv,1107,"Sha, Lui",csrankings_name_alignment_date,2026-09-18,2026-09-29,Explicit retained-evidence revalidation of supported name association; not a source-capture date.
acm_fellows.csv,1108,"Thorup, Mikkel",csrankings_name_alignment_date,2026-09-18,2026-09-29,Explicit retained-evidence revalidation of supported name association; not a source-capture date.
acm_fellows.csv,1109,"Upfal, Eli",csrankings_name_alignment_date,2026-09-18,2026-09-29,Explicit retained-evidence revalidation of supported name association; not a source-capture date.
acm_fellows.csv,1110,"Vazirani, Umesh",csrankings_name_alignment_date,2026-09-18,2026-09-29,Explicit retained-evidence revalidation of supported name association; not a source-capture date.
acm_fellows.csv,1111,"Vazirani, Vijay V",csrankings_name_alignment_date,2026-09-18,2026-09-29,Explicit retained-evidence revalidation of supported name association; not a source-capture date.
acm_fellows.csv,1113,"Weikum, Gerhard",csrankings_name_alignment_date,2026-09-18,2026-09-29,Explicit retained-evidence revalidation of supported name association; not a source-capture date.
acm_fellows.csv,1114,"Weiser, Uri",csrankings_name_alignment_date,2026-09-18,2026-09-29,Explicit retained-evidence revalidation of supported name association; not a source-capture date.
acm_fellows.csv,1116,"Wellman, Michael",csrankings_name_alignment_date,2026-09-18,2026-09-29,Explicit retained-evidence revalidation of supported name association; not a source-capture date.
acm_fellows.csv,1117,"Widom, Jennifer",csrankings_name_alignment_date,2026-09-18,2026-09-29,Explicit retained-evidence revalidation of supported name association; not a source-capture date.
acm_fellows.csv,1121,"Bose, Bella",csrankings_name_alignment_date,2026-09-18,2026-09-29,Explicit retained-evidence revalidation of supported name association; not a source-capture date.
acm_fellows.csv,1123,"Cardelli, Luca",csrankings_name_alignment_date,2026-09-18,2026-09-29,Explicit retained-evidence revalidation of supported name association; not a source-capture date.
acm_fellows.csv,1124,"Chien, Andrew A",csrankings_name_alignment_date,2026-09-18,2026-09-29,Explicit retained-evidence revalidation of supported name association; not a source-capture date.
acm_fellows.csv,1127,"Gottlieb, Allan",csrankings_name_alignment_date,2026-09-18,2026-09-29,Explicit retained-evidence revalidation of supported name association; not a source-capture date.
acm_fellows.csv,1128,"Hanson, Vicki",csrankings_name_alignment_date,2026-09-18,2026-09-29,Explicit retained-evidence revalidation of supported name association; not a source-capture date.
acm_fellows.csv,1130,"Ioannidis, Yannis",csrankings_name_alignment_date,2026-09-18,2026-09-29,Explicit retained-evidence revalidation of supported name association; not a source-capture date.
acm_fellows.csv,1131,"Kaashoek, Frans",csrankings_name_alignment_date,2026-09-18,2026-09-29,Explicit retained-evidence revalidation of supported name association; not a source-capture date.
acm_fellows.csv,1139,"Wah, Benjamin W.",csrankings_name_alignment_date,2026-09-18,2026-09-29,Explicit retained-evidence revalidation of supported name association; not a source-capture date.
acm_fellows.csv,1142,"Ammar, Mostafa",csrankings_name_alignment_date,2026-09-18,2026-09-29,Explicit retained-evidence revalidation of supported name association; not a source-capture date.
acm_fellows.csv,1144,"Berger, Bonnie",csrankings_name_alignment_date,2026-09-18,2026-09-29,Explicit retained-evidence revalidation of supported name association; not a source-capture date.
acm_fellows.csv,1145,"Bertino, Elisa",csrankings_name_alignment_date,2026-09-18,2026-09-29,Explicit retained-evidence revalidation of supported name association; not a source-capture date.
acm_fellows.csv,1146,"Carroll, John Millar",csrankings_name_alignment_date,2026-09-18,2026-09-29,Explicit retained-evidence revalidation of supported name association; not a source-capture date.
acm_fellows.csv,1147,"DeMillo, Richard",csrankings_name_alignment_date,2026-09-18,2026-09-29,Explicit retained-evidence revalidation of supported name association; not a source-capture date.
acm_fellows.csv,1148,"Grosz, Barbara J",csrankings_name_alignment_date,2026-09-18,2026-09-29,Explicit retained-evidence revalidation of supported name association; not a source-capture date.
acm_fellows.csv,1150,"Han, Jiawei",csrankings_name_alignment_date,2026-09-18,2026-09-29,Explicit retained-evidence revalidation of supported name association; not a source-capture date.
acm_fellows.csv,1153,"Horowitz, Mark A",csrankings_name_alignment_date,2026-09-18,2026-09-29,Explicit retained-evidence revalidation of supported name association; not a source-capture date.
acm_fellows.csv,1155,"Jagadish, H V",csrankings_name_alignment_date,2026-09-18,2026-09-29,Explicit retained-evidence revalidation of supported name association; not a source-capture date.
acm_fellows.csv,1156,"Jain, Anil K",csrankings_name_alignment_date,2026-09-18,2026-09-29,Explicit retained-evidence revalidation of supported name association; not a source-capture date.
acm_fellows.csv,1160,"Lin, Yi-Bing",csrankings_name_alignment_date,2026-09-18,2026-09-29,Explicit retained-evidence revalidation of supported name association; not a source-capture date.
acm_fellows.csv,1161,"McKeown, Kathleen",csrankings_name_alignment_date,2026-09-18,2026-09-29,Explicit retained-evidence revalidation of supported name association; not a source-capture date.
acm_fellows.csv,1163,"Myers, Eugene",csrankings_name_alignment_date,2026-09-18,2026-09-29,Explicit retained-evidence revalidation of supported name association; not a source-capture date.
acm_fellows.csv,1164,"Partridge, Craig",csrankings_name_alignment_date,2026-09-18,2026-09-29,Explicit retained-evidence revalidation of supported name association; not a source-capture date.
acm_fellows.csv,1165,"Reed, Daniel A",csrankings_name_alignment_date,2026-09-18,2026-09-29,Explicit retained-evidence revalidation of supported name association; not a source-capture date.
acm_fellows.csv,1166,"Russell, Stuart",csrankings_name_alignment_date,2026-09-18,2026-09-29,Explicit retained-evidence revalidation of supported name association; not a source-capture date.
acm_fellows.csv,1167,"Sanders, William",csrankings_name_alignment_date,2026-09-18,2026-09-29,Explicit retained-evidence revalidation of supported name association; not a source-capture date.
acm_fellows.csv,1169,"Sohi, Gurindar S",csrankings_name_alignment_date,2026-09-18,2026-09-29,Explicit retained-evidence revalidation of supported name association; not a source-capture date.
acm_fellows.csv,1171,"Agarwal, Pankaj",csrankings_name_alignment_date,2026-09-18,2026-09-29,Explicit retained-evidence revalidation of supported name association; not a source-capture date.
acm_fellows.csv,1174,"Crowcroft, Jon",csrankings_name_alignment_date,2026-09-18,2026-09-29,Explicit retained-evidence revalidation of supported name association; not a source-capture date.
acm_fellows.csv,1182,"Halpern, Joseph",csrankings_name_alignment_date,2026-09-18,2026-09-29,Explicit retained-evidence revalidation of supported name association; not a source-capture date.
acm_fellows.csv,1193,"Satyanarayanan, Mahadev",csrankings_name_alignment_date,2026-09-18,2026-09-29,Explicit retained-evidence revalidation of supported name association; not a source-capture date.
acm_fellows.csv,1194,"Valero, Mateo",csrankings_name_alignment_date,2026-09-18,2026-09-29,Explicit retained-evidence revalidation of supported name association; not a source-capture date.
acm_fellows.csv,1195,"Varghese, George",csrankings_name_alignment_date,2026-09-18,2026-09-29,Explicit retained-evidence revalidation of supported name association; not a source-capture date.
acm_fellows.csv,1204,"Cai, Jin-Yi",csrankings_name_alignment_date,2026-09-18,2026-09-29,Explicit retained-evidence revalidation of supported name association; not a source-capture date.
acm_fellows.csv,1206,"Davidson, Susan B",csrankings_name_alignment_date,2026-09-18,2026-09-29,Explicit retained-evidence revalidation of supported name association; not a source-capture date.
acm_fellows.csv,1208,"De Micheli, Giovanni",csrankings_name_alignment_date,2026-09-18,2026-09-29,Explicit retained-evidence revalidation of supported name association; not a source-capture date.
acm_fellows.csv,1209,"Dongarra, Jack",csrankings_name_alignment_date,2026-09-18,2026-09-29,Explicit retained-evidence revalidation of supported name association; not a source-capture date.
acm_fellows.csv,1211,"Feigenbaum, Joan",csrankings_name_alignment_date,2026-09-18,2026-09-29,Explicit retained-evidence revalidation of supported name association; not a source-capture date.
acm_fellows.csv,1216,"Iyengar, Sitharama",csrankings_name_alignment_date,2026-09-18,2026-09-29,Explicit retained-evidence revalidation of supported name association; not a source-capture date.
acm_fellows.csv,1217,"Iyer, Ravishankar",csrankings_name_alignment_date,2026-09-18,2026-09-29,Explicit retained-evidence revalidation of supported name association; not a source-capture date.
acm_fellows.csv,1223,"Kramer, Jeffrey",csrankings_name_alignment_date,2026-09-18,2026-09-29,Explicit retained-evidence revalidation of supported name association; not a source-capture date.
acm_fellows.csv,1225,"Lee, Ruby B",csrankings_name_alignment_date,2026-09-18,2026-09-29,Explicit retained-evidence revalidation of supported name association; not a source-capture date.
acm_fellows.csv,1227,"Miller, Barton P",csrankings_name_alignment_date,2026-09-18,2026-09-29,Explicit retained-evidence revalidation of supported name association; not a source-capture date.
acm_fellows.csv,1230,"Pancake, Cherri M",csrankings_name_alignment_date,2026-09-18,2026-09-29,Explicit retained-evidence revalidation of supported name association; not a source-capture date.
acm_fellows.csv,1231,"Papadimitriou, Christos",csrankings_name_alignment_date,2026-09-18,2026-09-29,Explicit retained-evidence revalidation of supported name association; not a source-capture date.
acm_fellows.csv,1239,"ramamritham, krithivasan",csrankings_name_alignment_date,2026-09-18,2026-09-29,Explicit retained-evidence revalidation of supported name association; not a source-capture date.
acm_fellows.csv,1244,"Sandhu, Ravinderpal S",csrankings_name_alignment_date,2026-09-18,2026-09-29,Explicit retained-evidence revalidation of supported name association; not a source-capture date.
acm_fellows.csv,1248,"Shmoys, David Bernard",csrankings_name_alignment_date,2026-09-18,2026-09-29,Explicit retained-evidence revalidation of supported name association; not a source-capture date.
acm_fellows.csv,1253,"Wolfson, Ouri",csrankings_name_alignment_date,2026-09-18,2026-09-29,Explicit retained-evidence revalidation of supported name association; not a source-capture date.
acm_fellows.csv,1256,"Berman, Francine",csrankings_name_alignment_date,2026-09-18,2026-09-29,Explicit retained-evidence revalidation of supported name association; not a source-capture date.
acm_fellows.csv,1257,"Bhuyan, Laxmi Narayan",csrankings_name_alignment_date,2026-09-18,2026-09-29,Explicit retained-evidence revalidation of supported name association; not a source-capture date.
acm_fellows.csv,1261,"Buneman, Peter",csrankings_name_alignment_date,2026-09-18,2026-09-29,Explicit retained-evidence revalidation of supported name association; not a source-capture date.
acm_fellows.csv,1263,"Carey, Michael J.",csrankings_name_alignment_date,2026-09-18,2026-09-29,Explicit retained-evidence revalidation of supported name association; not a source-capture date.
acm_fellows.csv,1264,"Comer, Douglas E",csrankings_name_alignment_date,2026-09-18,2026-09-29,Explicit retained-evidence revalidation of supported name association; not a source-capture date.
acm_fellows.csv,1266,"Estrin, Deborah",csrankings_name_alignment_date,2026-09-18,2026-09-29,Explicit retained-evidence revalidation of supported name association; not a source-capture date.
acm_fellows.csv,1273,"Korth, Henry F",csrankings_name_alignment_date,2026-09-18,2026-09-29,Explicit retained-evidence revalidation of supported name association; not a source-capture date.
acm_fellows.csv,1278,"Morris, James H",csrankings_name_alignment_date,2026-09-18,2026-09-29,Explicit retained-evidence revalidation of supported name association; not a source-capture date.
acm_fellows.csv,1279,"Peterson, Larry L",csrankings_name_alignment_date,2026-09-18,2026-09-29,Explicit retained-evidence revalidation of supported name association; not a source-capture date.
acm_fellows.csv,1280,"Vardi, Moshe Yaakov",csrankings_name_alignment_date,2026-09-18,2026-09-29,Explicit retained-evidence revalidation of supported name association; not a source-capture date.
acm_fellows.csv,1282,"Wilhelm, Reinhard",csrankings_name_alignment_date,2026-09-18,2026-09-29,Explicit retained-evidence revalidation of supported name association; not a source-capture date.
acm_fellows.csv,1286,"Birman, Ken",csrankings_name_alignment_date,2026-09-18,2026-09-29,Explicit retained-evidence revalidation of supported name association; not a source-capture date.
acm_fellows.csv,1287,"Brachman, Ronald J.",csrankings_name_alignment_date,2026-09-18,2026-09-29,Explicit retained-evidence revalidation of supported name association; not a source-capture date.
acm_fellows.csv,1298,"Guibas, Leonidas",csrankings_name_alignment_date,2026-09-18,2026-09-29,Explicit retained-evidence revalidation of supported name association; not a source-capture date.
acm_fellows.csv,1301,"Kanade, Takeo",csrankings_name_alignment_date,2026-09-18,2026-09-29,Explicit retained-evidence revalidation of supported name association; not a source-capture date.
acm_fellows.csv,1306,"Mehlhorn, Kurt",csrankings_name_alignment_date,2026-09-18,2026-09-29,Explicit retained-evidence revalidation of supported name association; not a source-capture date.
acm_fellows.csv,1312,"Snodgrass, Richard",csrankings_name_alignment_date,2026-09-18,2026-09-29,Explicit retained-evidence revalidation of supported name association; not a source-capture date.
acm_fellows.csv,1313,"Soffa, Mary Lou",csrankings_name_alignment_date,2026-09-18,2026-09-29,Explicit retained-evidence revalidation of supported name association; not a source-capture date.
acm_fellows.csv,1319,"Agrawal, Dharma P",csrankings_name_alignment_date,2026-09-18,2026-09-29,Explicit retained-evidence revalidation of supported name association; not a source-capture date.
acm_fellows.csv,1320,"Andrews, Gregory R",csrankings_name_alignment_date,2026-09-18,2026-09-29,Explicit retained-evidence revalidation of supported name association; not a source-capture date.
acm_fellows.csv,1322,"Berghel, Hal",csrankings_name_alignment_date,2026-09-18,2026-09-29,Explicit retained-evidence revalidation of supported name association; not a source-capture date.
acm_fellows.csv,1324,"Cartwright, Robert Staley",csrankings_name_alignment_date,2026-09-18,2026-09-29,Explicit retained-evidence revalidation of supported name association; not a source-capture date.
acm_fellows.csv,1338,"Li, Kai",csrankings_name_alignment_date,2026-09-18,2026-09-29,Explicit retained-evidence revalidation of supported name association; not a source-capture date.
acm_fellows.csv,1339,"Maier, David",csrankings_name_alignment_date,2026-09-18,2026-09-29,Explicit retained-evidence revalidation of supported name association; not a source-capture date.
acm_fellows.csv,1350,"Spafford, Eugene H.",csrankings_name_alignment_date,2026-09-18,2026-09-29,Explicit retained-evidence revalidation of supported name association; not a source-capture date.
acm_fellows.csv,1351,"Tardos, Eva",csrankings_name_alignment_date,2026-09-18,2026-09-29,Explicit retained-evidence revalidation of supported name association; not a source-capture date.
acm_fellows.csv,1354,"Welzl, Emmerich",csrankings_name_alignment_date,2026-09-18,2026-09-29,Explicit retained-evidence revalidation of supported name association; not a source-capture date.
acm_fellows.csv,1356,"Yannakakis, Mihalis",csrankings_name_alignment_date,2026-09-18,2026-09-29,Explicit retained-evidence revalidation of supported name association; not a source-capture date.
acm_fellows.csv,1371,"Hennessy, John L",csrankings_name_alignment_date,2026-09-18,2026-09-29,Explicit retained-evidence revalidation of supported name association; not a source-capture date.
acm_fellows.csv,1374,"Kemmerer, Richard A.",csrankings_name_alignment_date,2026-09-18,2026-09-29,Explicit retained-evidence revalidation of supported name association; not a source-capture date.
acm_fellows.csv,1378,"Lynch, Nancy",csrankings_name_alignment_date,2026-09-18,2026-09-29,Explicit retained-evidence revalidation of supported name association; not a source-capture date.
acm_fellows.csv,1385,"Reif, John H",csrankings_name_alignment_date,2026-09-18,2026-09-29,Explicit retained-evidence revalidation of supported name association; not a source-capture date.
acm_fellows.csv,1393,"Towsley, Donald F",csrankings_name_alignment_date,2026-09-18,2026-09-29,Explicit retained-evidence revalidation of supported name association; not a source-capture date.
acm_fellows.csv,1394,"Weyuker, Elaine",csrankings_name_alignment_date,2026-09-18,2026-09-29,Explicit retained-evidence revalidation of supported name association; not a source-capture date.
acm_fellows.csv,1395,"Widmayer, Peter",csrankings_name_alignment_date,2026-09-18,2026-09-29,Explicit retained-evidence revalidation of supported name association; not a source-capture date.
acm_fellows.csv,1397,"Yu, Philip S",csrankings_name_alignment_date,2026-09-18,2026-09-29,Explicit retained-evidence revalidation of supported name association; not a source-capture date.
acm_fellows.csv,1404,"Bochmann, Gregor V",csrankings_name_alignment_date,2026-09-18,2026-09-29,Explicit retained-evidence revalidation of supported name association; not a source-capture date.
acm_fellows.csv,1407,"Chazelle, Bernard",csrankings_name_alignment_date,2026-09-18,2026-09-29,Explicit retained-evidence revalidation of supported name association; not a source-capture date.
acm_fellows.csv,1408,"Deo, Narsingh",csrankings_name_alignment_date,2026-09-18,2026-09-29,Explicit retained-evidence revalidation of supported name association; not a source-capture date.
acm_fellows.csv,1412,"Fischer, Michael J",csrankings_name_alignment_date,2026-09-18,2026-09-29,Explicit retained-evidence revalidation of supported name association; not a source-capture date.
acm_fellows.csv,1419,"Jain, Raj",csrankings_name_alignment_date,2026-09-18,2026-09-29,Explicit retained-evidence revalidation of supported name association; not a source-capture date.
acm_fellows.csv,1427,"Liskov, Barbara",csrankings_name_alignment_date,2026-09-18,2026-09-29,Explicit retained-evidence revalidation of supported name association; not a source-capture date.
acm_fellows.csv,1436,"Sahni, Sartaj K",csrankings_name_alignment_date,2026-09-18,2026-09-29,Explicit retained-evidence revalidation of supported name association; not a source-capture date.
acm_fellows.csv,1437,"Samet, Hanan",csrankings_name_alignment_date,2026-09-18,2026-09-29,Explicit retained-evidence revalidation of supported name association; not a source-capture date.
acm_fellows.csv,1439,"Sethi, Ravi",csrankings_name_alignment_date,2026-09-18,2026-09-29,Explicit retained-evidence revalidation of supported name association; not a source-capture date.
acm_fellows.csv,1440,"Shaw, Mary M",csrankings_name_alignment_date,2026-09-18,2026-09-29,Explicit retained-evidence revalidation of supported name association; not a source-capture date.
acm_fellows.csv,1441,"Silberschatz, Abraham",csrankings_name_alignment_date,2026-09-18,2026-09-29,Explicit retained-evidence revalidation of supported name association; not a source-capture date.
acm_fellows.csv,1442,"Stankovic, John A",csrankings_name_alignment_date,2026-09-18,2026-09-29,Explicit retained-evidence revalidation of supported name association; not a source-capture date.
acm_fellows.csv,1443,"Tanenbaum, Andrew S",csrankings_name_alignment_date,2026-09-18,2026-09-29,Explicit retained-evidence revalidation of supported name association; not a source-capture date.
acm_fellows.csv,1445,"Vishkin, Uzi",csrankings_name_alignment_date,2026-09-18,2026-09-29,Explicit retained-evidence revalidation of supported name association; not a source-capture date.
acm_fellows.csv,1450,"Witten, Ian",csrankings_name_alignment_date,2026-09-18,2026-09-29,Explicit retained-evidence revalidation of supported name association; not a source-capture date.
acm_fellows.csv,1454,"Barr, Alan H",csrankings_name_alignment_date,2026-09-18,2026-09-29,Explicit retained-evidence revalidation of supported name association; not a source-capture date.
acm_fellows.csv,1468,"Fuchs, Henry",csrankings_name_alignment_date,2026-09-18,2026-09-29,Explicit retained-evidence revalidation of supported name association; not a source-capture date.
acm_fellows.csv,1469,"Galil, Zvi",csrankings_name_alignment_date,2026-09-18,2026-09-29,Explicit retained-evidence revalidation of supported name association; not a source-capture date.
acm_fellows.csv,1473,"Greenberg, Donald",csrankings_name_alignment_date,2026-09-18,2026-09-29,Explicit retained-evidence revalidation of supported name association; not a source-capture date.
acm_fellows.csv,1478,"Ibarra, Oscar",csrankings_name_alignment_date,2026-09-18,2026-09-29,Explicit retained-evidence revalidation of supported name association; not a source-capture date.
acm_fellows.csv,1483,"Kosaraju, Sambasiva",csrankings_name_alignment_date,2026-09-18,2026-09-29,Explicit retained-evidence revalidation of supported name association; not a source-capture date.
acm_fellows.csv,1485,"Lakshmivarahan, S",csrankings_name_alignment_date,2026-09-18,2026-09-29,Explicit retained-evidence revalidation of supported name association; not a source-capture date.
acm_fellows.csv,1495,"Schneider, Fred B",csrankings_name_alignment_date,2026-09-18,2026-09-29,Explicit retained-evidence revalidation of supported name association; not a source-capture date.
acm_fellows.csv,1504,"Yao, Andrew C",csrankings_name_alignment_date,2026-09-18,2026-09-29,Explicit retained-evidence revalidation of supported name association; not a source-capture date.
acm_fellows.csv,1533,"DeFanti, Thomas",csrankings_name_alignment_date,2026-09-18,2026-09-29,Explicit retained-evidence revalidation of supported name association; not a source-capture date.
acm_fellows.csv,1534,"Denning, Peter J",csrankings_name_alignment_date,2026-09-18,2026-09-29,Explicit retained-evidence revalidation of supported name association; not a source-capture date.
acm_fellows.csv,1557,"Harel, David",csrankings_name_alignment_date,2026-09-18,2026-09-29,Explicit retained-evidence revalidation of supported name association; not a source-capture date.
acm_fellows.csv,1561,"Hopcroft, John E",csrankings_name_alignment_date,2026-09-18,2026-09-29,Explicit retained-evidence revalidation of supported name association; not a source-capture date.
acm_fellows.csv,1599,"Rivest, Ronald L",csrankings_name_alignment_date,2026-09-18,2026-09-29,Explicit retained-evidence revalidation of supported name association; not a source-capture date.
acm_fellows.csv,1605,"Siewiorek, Daniel",csrankings_name_alignment_date,2026-09-18,2026-09-29,Explicit retained-evidence revalidation of supported name association; not a source-capture date.
acm_fellows.csv,1619,"Sussman, Gerald",csrankings_name_alignment_date,2026-09-18,2026-09-29,Explicit retained-evidence revalidation of supported name association; not a source-capture date.
acm_fellows.csv,1622,"Tarjan, Robert E",csrankings_name_alignment_date,2026-09-18,2026-09-29,Explicit retained-evidence revalidation of supported name association; not a source-capture date.
acm_fellows.csv,1628,"van Dam, Andries",csrankings_name_alignment_date,2026-09-18,2026-09-29,Explicit retained-evidence revalidation of supported name association; not a source-capture date.
turing_award_winners.csv,2,"Brassard, Gilles",csrankings_name_alignment_date,2026-09-18,2026-09-29,Explicit retained-evidence revalidation of supported name association; not a source-capture date.
turing_award_winners.csv,4,"Sutton, Richard",csrankings_name_alignment_date,2026-09-18,2026-09-29,Explicit retained-evidence revalidation of supported name association; not a source-capture date.
turing_award_winners.csv,7,"Dongarra, Jack",csrankings_name_alignment_date,2026-09-18,2026-09-29,Explicit retained-evidence revalidation of supported name association; not a source-capture date.
turing_award_winners.csv,12,"Bengio, Yoshua",csrankings_name_alignment_date,2026-09-18,2026-09-29,Explicit retained-evidence revalidation of supported name association; not a source-capture date.
turing_award_winners.csv,15,"Hennessy, John L",csrankings_name_alignment_date,2026-09-18,2026-09-29,Explicit retained-evidence revalidation of supported name association; not a source-capture date.
turing_award_winners.csv,22,"Goldwasser, Shafi",csrankings_name_alignment_date,2026-09-18,2026-09-29,Explicit retained-evidence revalidation of supported name association; not a source-capture date.
turing_award_winners.csv,23,"Micali, Silvio",csrankings_name_alignment_date,2026-09-18,2026-09-29,Explicit retained-evidence revalidation of supported name association; not a source-capture date.
turing_award_winners.csv,25,"Valiant, Leslie G",csrankings_name_alignment_date,2026-09-18,2026-09-29,Explicit retained-evidence revalidation of supported name association; not a source-capture date.
turing_award_winners.csv,27,"Liskov, Barbara",csrankings_name_alignment_date,2026-09-18,2026-09-29,Explicit retained-evidence revalidation of supported name association; not a source-capture date.
turing_award_winners.csv,36,"Adleman, Leonard M.",csrankings_name_alignment_date,2026-09-18,2026-09-29,Explicit retained-evidence revalidation of supported name association; not a source-capture date.
turing_award_winners.csv,37,"Rivest, Ronald L",csrankings_name_alignment_date,2026-09-18,2026-09-29,Explicit retained-evidence revalidation of supported name association; not a source-capture date.
turing_award_winners.csv,38,"Shamir, Adi",csrankings_name_alignment_date,2026-09-18,2026-09-29,Explicit retained-evidence revalidation of supported name association; not a source-capture date.
turing_award_winners.csv,41,"Yao, Andrew C",csrankings_name_alignment_date,2026-09-18,2026-09-29,Explicit retained-evidence revalidation of supported name association; not a source-capture date.
turing_award_winners.csv,46,"Blum, Manuel",csrankings_name_alignment_date,2026-09-18,2026-09-29,Explicit retained-evidence revalidation of supported name association; not a source-capture date.
turing_award_winners.csv,48,"Reddy, Raj",csrankings_name_alignment_date,2026-09-18,2026-09-29,Explicit retained-evidence revalidation of supported name association; not a source-capture date.
turing_award_winners.csv,57,"Hopcroft, John E",csrankings_name_alignment_date,2026-09-18,2026-09-29,Explicit retained-evidence revalidation of supported name association; not a source-capture date.
turing_award_winners.csv,58,"Tarjan, Robert E",csrankings_name_alignment_date,2026-09-18,2026-09-29,Explicit retained-evidence revalidation of supported name association; not a source-capture date.
turing_award_winners.csv,69,"Rabin, Michael O.",csrankings_name_alignment_date,2026-09-18,2026-09-29,Explicit retained-evidence revalidation of supported name association; not a source-capture date.
